alpha,s
2.2053215560952184,0.0
0.850738027462179,0.004973365712891
0.8149282654434904,0.0612672158853544
0.814423407221381,0.1988582658905775
0.6245937664621293,0.5314409366380208
1.0,5.311017071716151
