alpha,s
0.9633508737892738,0.0
1.0310492495931192,0.1977507073028813
1.067613830516256,0.4336399278899669
1.0437891300495654,0.7533272242358353
1.0994478579685465,1.3128193044242649
1.0,4.961781789473562
