alpha,s
1.1167553720954337,0.0
1.0430427037898458,0.17219113716553378
2.1616235259754935,0.39976133116804136
1.0937662172097198,0.5514792200905116
1.173497969538779,1.1152122920552423
1.0,4.643169331847175
