alpha,s
0.9561483063044223,0.0
1.028392735251729,0.088970868421779
0.9120765590509607,0.21768977039934206
1.1039871934764507,0.44714577827588925
1.1197517181481345,0.8416728164917358
1.0,3.840342914398647
