alpha,s
0.879202060585597,0.0
1.0965075445365537,0.218075017072204
1.160714496060841,0.4433027290922092
1.0714749725474775,0.7335727208509834
1.120540773976896,1.266820172967831
1.0,3.217457807007649
