alpha,s
0.0010765607131348063,0.0
0.04203291526121946,1.958904109589042
0.0472358939283047,2.3249315068493184
0.1538474997249029,3.6219178082191803
0.3118954702327158,4.89753424657534
1.0,9.4986301369863
