alpha,s
5.2105028051189395,0.0
2.6155085861167833,0.040635776475474006
2.590908913570829,0.1420615743918099
1.3359105669171083,0.28240433132285214
1.8043758862872843,0.7268970770445313
1.0,1.9721595542862624
