alpha,s
4.210122471817719,0.0
2.241448358935475,0.04384010344838954
1.4677376964511204,0.14583535970200345
1.5019358889243526,0.37488188628075747
1.1263235352833343,0.7767840710959858
1.0,2.819874755923508
