alpha,s
1.3353425727827217,0.0
1.3939804505927742,0.08998636524548209
1.0617804086746796,0.21158425803811814
1.234027159256887,0.4434397443580263
1.2548210618300675,0.8380737931860732
1.0,4.061185704032995
