alpha,s
1.2641543505718071,0.0
1.2230043461891125,0.10201271725092244
1.0546419437898251,0.24496577171171155
1.3056024495293121,0.5080057312597271
1.2998875109363268,0.8941860042976718
1.0,4.364102499384303
