alpha,s
2.1867143366878095,0.0
1.1429026186019617,0.005488296658645001
1.0786492024738035,0.047393368953765
0.8978030995850901,0.15117778190590628
1.0664343654917376,0.5073753235407699
1.0,2.882773966889824
