alpha,s
0.8013026654111853,0.0
0.9911677400734065,0.1342945450655128
0.9414030276441141,0.2935617544924552
1.359548433539846,0.5406834187618842
0.9557638376186565,0.8767851940461565
1.0,3.532452750343045
