alpha,s
0.9300207426381516,0.0
1.2005765419579348,0.1183842262817611
0.9282600039910829,0.24564465596236287
1.1743729872379323,0.4939950601403598
1.1013830739432569,0.904852883675656
1.0,5.573011396035069
