alpha,s
0.01876662091652934,0.0
0.05328095515421571,2.01917808219178
0.1046289932650992,3.01095890410959
0.13606115093446275,3.9473972602739726
2.068955900523155,6.185205479452055
1.0,7.16986301369863
