alpha,s
0.0492785636920836,0.0
0.13831914090621478,2.01917808219178
0.22426887338649282,3.01095890410959
0.1725402066567948,3.818630136986305
0.5842375561513238,6.349041095890412
1.0,9.4986301369863
