alpha,s
1.0628369859323976,0.0
1.0784925064695092,0.1197336969717256
1.1223749141676898,0.2757568789926384
1.0515355067790015,0.5048596397959956
0.9979485490370302,0.9571577036461576
1.0,3.431154274978012
