alpha,s
0.9308730344572096,0.0
1.0529993838215779,0.13263911982888676
1.272891205483614,0.3005721093006554
1.4853680416310329,0.5154889999997512
1.3890476174116995,0.8662589187924871
1.0,3.797283100969428
