alpha,s
1.023559771873915,0.0
1.0080967265531904,0.0939337939668612
0.9143420060641705,0.2366398229384779
0.8988014372211364,0.49391470951823885
0.9872841582068662,1.0034487492587834
1.0,4.607652182021613
