alpha,s
6.770790518291739,0.0
2.0980090908719236,0.0067714609721023205
1.2637887632083795,0.04724878405080142
1.21279297231516,0.16850702842178383
0.9470551368085229,0.46052401561491724
1.0,3.6421986247990494
