alpha,s
1.245034421184644,0.0
1.3192046596118694,0.0541214405303695
0.9776208391670932,0.1452549214763537
0.9840599318104342,0.3566989587549391
1.1664154013659325,0.8370302135012683
1.0,2.8712617930621174
