alpha,s
27.477434010124004,0.0
5.184168388362261,0.004705321666195063
2.611597209976307,0.039554701407173806
1.811503969891789,0.14461828378214758
1.4606139597239287,0.42469698549567714
1.0,3.360715362884355
