alpha,s
3.185327209905893,0.0
1.847253514828662,0.05349368146966313
1.527585764579783,0.17391373578159042
1.4889087474711868,0.3869717091890458
1.0515656361505044,0.757557796569452
1.0,3.22773418147904
