alpha,s
1.0253572732545617,0.0
0.9128887679957913,0.18926281048755828
1.145043171493463,0.46092305075472684
0.8303367194430469,0.7657340838507315
1.3150345510275778,1.4722806995260698
1.0,4.394132436500758
