alpha,s
0.3976516214231927,0.0
0.849047874635907,0.17357220359461156
0.8649031535405217,0.31121657787460383
0.9572854083831217,0.5213177992847744
0.6259624291757423,0.8920239316982725
1.0,4.479412020852481
