alpha,s
3.6861300227724993,0.0
1.9394781965680208,0.045527571574010245
1.6217271421227453,0.16008643097264658
1.616794091594222,0.3515988873640102
1.1439462263208187,0.6965419920573089
1.0,3.5009440354892427
