alpha,s
1.9749266350175707,0.0
1.3526820394255719,0.04428785385967971
1.218412878969596,0.15110857993077337
1.51717497868463,0.35436224758278434
0.9777248678382364,0.6158281636433327
1.0,4.212611453393179
