alpha,s
1.172588586447128,0.0
1.1130092006430108,0.03984370226380536
0.7860703452759984,0.12193699708155448
0.6560992015075299,0.33097922838933885
1.011850686360174,0.8621297816697521
1.0,2.666004498167804
