alpha,s
1.0943574037372974,0.0
1.0257653089393448,0.11445140368965619
1.078392495581371,0.2760200316816425
0.9745875946014898,0.5081062473894199
0.9341204133114087,0.9693258788445644
1.0,4.841081282490228
