alpha,s
7.004058328242247,0.0
2.570942513144183,0.00872900040271686
1.5718357074706852,0.050165406423101744
1.2895201237200165,0.16845406880559785
1.2916500964769497,0.47701285594152154
1.0,3.228476436137834
