alpha,s
0.9712176013258195,0.0
0.7827618906352933,0.08125809682020363
0.9886529800833621,0.25321306007619776
1.45929983332695,0.48495715590814015
1.084709001329887,0.7892291121742722
1.0,4.804941148309088
