alpha,s
19.522732294758274,0.0
2.858431126067961,0.0041686939259852
1.6248688919754783,0.051444346250044584
1.3672731783650156,0.19245530816700604
1.2180907927946236,0.5293678066905743
1.0,3.363205768805829
