alpha,s
0.30226134578184344,0.0
0.5278636049584318,0.09461504691131051
0.5683434957857205,0.22928714597822
0.7726597503834893,0.4937256754005418
0.8975278646015751,0.9656853243719402
1.0,4.319297740070597
