alpha,s
3.17682347304297,0.0
2.4947145189226045,0.05555352030279258
1.5545631329926382,0.14675596815812747
1.520334434573005,0.34994973162142523
1.3714040237857588,0.7498772779578474
1.0,3.034540826800277
