alpha,s
3.8262069579034415,0.0
2.6572163646862443,0.0464559604826307
2.276720226062447,0.1320518654581352
1.3388540717577928,0.27978410627285133
1.4221384691250079,0.705472213753151
1.0,3.214587334539961
