alpha,s
1.0577426258854155,0.0
1.0386255847306365,0.1240569018407998
1.1123599277321465,0.2926171929891027
1.106396955120693,0.5306537679069813
1.2610013880608426,0.9719496871886104
1.0,4.13861317610108
