alpha,s
0.9079107223118101,0.0
0.8835122617255505,0.09661859640398339
0.9129811552417805,0.2504065148978287
0.7880162710121624,0.5021164436383337
0.9564183089027357,1.0657024251173128
1.0,3.760115038063735
