alpha,s
1.0848437969784317,0.0
1.0262312433190204,0.0843322307859387
1.0361080004813454,0.22837496483370476
0.9927123406112838,0.45739319282420954
1.0707825652220277,0.9138396589924678
1.0,3.665045892122549
