alpha,s
1.1360430269194224,0.0
0.7968800802274068,0.006233740005459882
0.8400901020590761,0.04893280081312148
0.7767665498597988,0.15508161229661982
0.552570689107159,0.44753894299631686
1.0,4.246241417723804
