alpha,s
0.8956030598720534,0.0
0.8956942072702188,0.13669974652035619
1.0525941958698692,0.3230642343678657
1.1861752499197082,0.5518565628713753
0.6870147107010585,0.9327629769262268
1.0,4.936892696819708
