alpha,s
0.7922997545021652,0.0
0.7948774721891848,0.1019062211093801
0.897146826486265,0.2755740240313801
1.3503662532034695,0.5549292952280404
1.5576406014009274,0.8892585700741915
1.0,2.437964371521379
