alpha,s
0.9998012614003634,0.0
1.195797364309685,0.19528362540984195
0.8673479645179143,0.4017986014569397
0.985823998579446,0.8098103576355008
1.3001139400447106,1.4011938087756266
1.0,5.093849436227877
