alpha,s
0.028517775831769458,0.0
0.12323353859362703,2.02575342465753
0.08399152608874108,2.766575342465757
0.15213544809498125,4.2613698630137025
0.23355072353858247,6.26301369863014
1.0,9.4986301369863
