alpha,s
0.00019059397909888034,0.0
0.0022548010732747073,2.00712328767123
0.021796245980156746,3.82739726027397
0.047563785917497194,4.407671232876712
1.028076037798194,6.10739726027397
1.0,8.03561643835616
