alpha,s
1.1146754212880252,0.0
1.581366454645777,0.11382716485929482
1.2325213152354069,0.2194905975159547
1.2924489646590713,0.42842984707942205
1.3743420832511914,0.8136953634293543
1.0,3.1951196971751674
