alpha,s
1.1047444247834777,0.0
1.2822380006077911,0.0508200827134161
1.1098651148953043,0.1275709043031611
1.164214574347775,0.28754928833898585
1.0902542354694316,0.615586051205193
1.0,2.9131388800315023
