alpha,s
1.0904740487227829,0.0
2.295547586880149,0.1392335520825728
1.1244048333444967,0.22663634951007924
1.0124599045284681,0.45802222517427127
1.0472717938359006,0.9456463547734547
1.0,3.021221613350692
