alpha,s
0.9721116139775987,0.0
0.9910063068043432,0.07412975881797737
0.7053458869719926,0.20043415210628687
0.8537756024227365,0.49696668707280084
0.9744818063179836,0.9932376128554893
1.0,4.473403703259175
