alpha,s
1.0705141723852365,0.0
1.0037464940412235,0.10196030375829443
0.821860280133484,0.25087812888314104
1.0076724445295056,0.5248197327329196
0.9261087039275413,0.9674133915432404
1.0,3.667799772457904
