alpha,s
1.1921628189393805,0.0
0.8562163534018516,0.092241046363536
1.042845228501773,0.27260323070003745
1.1592094349128852,0.5000524457407461
1.101708045143761,0.871792363205597
1.0,2.6567823034582747
