alpha,s
0.6394033921554264,0.0
0.6495632618170283,0.13332979325896455
0.8285082350088209,0.34656510071632435
1.0675809078403087,0.6157688054696135
1.0345108652475667,1.036374527481723
1.0,3.880546499904456
