alpha,s
1.218172833537793,0.0
1.3207709900781635,0.0716314679386602
1.1324529115240285,0.1712071352783551
1.089515326379899,0.35893656421601494
1.1142477950561887,0.7454905340994591
1.0,4.277931785876554
