alpha,s
15.718262799672814,0.0
4.450030843637614,0.00917663095262748
2.2002232414204053,0.05281108168824809
1.2944847431875004,0.185152671469717
1.386992221367342,0.6118190031021968
1.0,2.638628488274411
