alpha,s
1.02656345588715,0.0
1.3071772850917334,0.13155990009929358
0.95983296961364,0.2670084755885198
1.2460660287425256,0.5389643983954765
1.3917271830233653,0.9455510510202807
1.0,3.8687386552981895
