alpha,s
1.04244643589182,0.0
1.1144968340945254,0.10433677473085036
1.0684938004452265,0.2392289618865163
0.9681374730920729,0.4568201173104807
1.0831221071847605,0.9161734665678848
1.0,5.2477224484861775
