alpha,s
0.7336961197779528,0.0
0.9247513135278806,0.0499477228283653
0.604982064125491,0.1394437587802017
0.6061247620140777,0.384686385798624
0.40183827008174366,0.8591109693186969
1.0,3.8147962019462662
