alpha,s
12.699514538681653,0.0
3.6204186265203333,0.0046020414899228
1.8881366617683333,0.0326040159648756
1.3968957904946013,0.13577109665350975
1.260766901957547,0.4317200660653812
1.0,3.801836710239291
