alpha,s
0.011159457008182319,0.0
0.08175224044493828,2.022465753424656
0.4883017542597083,3.04109589041096
0.2207772969410819,3.254794520547942
0.3213348550201658,5.0958904109589
1.0,8.22739726027397
