alpha,s
1.3061604170839989,0.0
1.0370622074622458,0.0472475640635179
0.7428015178589394,0.1495278436118557
0.9790554885322028,0.4035161591363647
0.7570769990473342,0.8042237209740971
1.0,4.431227576044587
