alpha,s
1.0085602342105935,0.0
1.0512156032336422,0.13134672264125244
1.0245781614574723,0.30018041434494086
1.0012327481023071,0.5601932869009892
1.0943196318074335,1.044629647507253
1.0,4.273291030993948
