alpha,s
17.182660017317907,0.0
2.5671659512498604,0.0036242329125380215
2.015804863568566,0.042956761048548425
1.1164298621029534,0.1330538252103282
1.232585353398269,0.49581719497981347
1.0,4.437751881640626
