alpha,s
0.8077588302121896,0.0
0.9394733978587069,0.0974118101547458
0.7471289207172712,0.2376355883261246
0.8261667954963524,0.5555137704347357
1.1797665803861102,1.1103120843284862
1.0,2.853355821884916
