alpha,s
1.1890997167359663,0.0
1.1494233865051158,0.07264789284447716
1.3000447685683691,0.18371603410133897
1.0116322187339568,0.348790390507289
1.0881143307163628,0.7610655054196843
1.0,3.773040051071888
