alpha,s
0.10318657109476982,0.0
0.3529410458117452,1.974794520547942
0.38170624078394877,3.01095890410959
0.26288434652455717,3.7594520547945223
0.4800184522450786,6.066849315068491
1.0,9.4986301369863
