alpha,s
0.001096924707808741,0.0
0.00999216471711099,1.999452054794518
0.04155070908169008,3.035068493150686
0.09553402229632155,4.453150684931504
0.4268169040682538,6.14794520547945
1.0,9.4986301369863
