alpha,s
0.07803911791201457,0.0
0.09022416104440474,2.16712328767123
0.3008816676439176,3.74246575342466
0.21945190150457053,4.600000000000001
0.8562778768181415,6.73972602739726
1.0,8.17808219178082
