alpha,s
22.90568052396154,0.0
4.836342565471255,0.0054080004377888005
2.6331223875871266,0.04116422269985088
1.4396628474935884,0.13888109952766164
1.2669192791137593,0.4872379621642185
1.0,5.342098667138594
