alpha,s
5.155588160933131,0.0
1.9603058076192528,0.0327291693516059
2.008817646642643,0.1442345569474772
1.1619958115372406,0.3033209469660927
1.1195557876985263,0.7529271967530446
1.0,3.610859719316204
