alpha,s
1.2238982534679193,0.0
1.1388950184173527,0.09519144330963586
1.0402052408739737,0.23952483211561246
1.4000692326635442,0.4751162601874557
1.2937133953986202,0.825231938502213
1.0,3.409467626745069
