alpha,s
1.2498186291977194,0.0
1.0884791608804882,0.051181875782125616
0.7901302802214065,0.14628011409844263
0.7390116214747895,0.36867321319562296
0.6115910654919087,0.8370925327810993
1.0,4.219838000948748
