alpha,s
0.9885978761852716,0.0
0.9298719213875863,0.08017980765632114
1.1760796231963933,0.21531074189768906
1.0916841121224359,0.386717696485578
1.2667401698646554,0.7776303467167228
1.0,3.7716741678931567
