alpha,s
0.6528440988975462,0.0
0.6636083553980098,0.08883105894624024
0.7532945267263427,0.23067712894099107
0.7874520371542688,0.4555516035510378
1.0355356528691009,0.9224878061523518
1.0,3.875390641742073
