alpha,s
0.5201794431807388,0.0
0.5605485614808324,0.1184908092291215
0.5703601290597071,0.2785811811469107
0.8387979099338111,0.5625823628163485
0.8121441640814582,0.9829811531304108
1.0,4.426136478329235
