alpha,s
0.9783882273590998,0.0
1.0285981447479602,0.13428697554088248
1.2427497329868116,0.3081964230472808
1.098718021653082,0.5233674147882713
0.9070889575976495,0.9738751402540585
1.0,5.296908624482437
