alpha,s
1.0245681528073753,0.0
1.1164220684377686,0.13022771287390283
1.1585988176906057,0.29080776147421633
1.0997268836299665,0.5260504530303483
1.251483112553338,0.9742284487570835
1.0,4.92207537283666
