alpha,s
19.922375191980485,0.0
3.4568106817159454,0.003947501773509021
1.9437264728763497,0.040165122957839215
1.7075390993353583,0.14908882825110883
1.043890586945141,0.40086514257771927
1.0,3.662900955199559
