alpha,s
1.1600803756549543,0.0
1.2068548913591353,0.06803487657042007
0.9311155462800097,0.18017471630397067
0.9574126741330925,0.42284407680131597
1.0523571505578133,0.883091625398036
1.0,4.01252583612965
