alpha,s
0.6172443624202487,0.0
1.1025032915653707,0.13730745035865374
1.078142916534915,0.26612247069985934
0.9403117967269232,0.45652344355745555
1.0030566796655522,0.9352459540721274
1.0,3.808940805696269
