alpha,s
0.9493785813649132,0.0
0.8029786949656333,0.12955793115780198
1.1425454218747737,0.3405519760061269
1.1578961112993027,0.558885430946131
0.9563454994260008,0.9784658475225456
1.0,5.153914715312092
