alpha,s
1.0252389852491917,0.0
0.8619050746608546,0.190026719968934
1.0569997816440933,0.4776183213168099
1.1220125083996262,0.7944384847687204
1.0883149162315613,1.3136093634978037
1.0,4.367279521320017
