alpha,s
0.007988885432796914,0.0
0.04068249729381912,1.883287671232874
0.17319005118115485,3.74246575342466
0.15181350596887896,4.359452054794522
1.1049605221270091,6.549041095890413
1.0,8.22739726027397
