alpha,s
2.362962769605992,0.0
1.4801867507296413,0.05523483506092058
1.226598102347187,0.1762314966275943
1.19983176740315,0.3970345059648035
1.006711972739124,0.8014515866091383
1.0,3.3022112312387546
