alpha,s
0.934467637853115,0.0
0.9183569132710099,0.0859964692181001
1.2523610409754617,0.23275847810561237
1.1523453854409194,0.41268528801258053
0.9281271058208265,0.809361780732462
1.0,4.953094805090949
