alpha,s
1.258759739479314,0.0
1.2057817070354042,0.0687410299727543
1.061535783032989,0.17607014027621523
0.9877925125288916,0.373425786787846
1.1559786236456167,0.8145031639087377
1.0,4.139798473247075
