alpha,s
0.8695766764485314,0.0
0.9601295889257769,0.09819404369479112
0.9449458105695628,0.243320649502871
0.9446799784009753,0.4921530043947939
1.2112615107416365,1.0101261346514838
1.0,4.156381140152331
