alpha,s
0.8447237846659055,0.0
0.8978506208164148,0.07176684975534388
1.218624947331447,0.22183815066640647
0.8007563971103684,0.4063293200881801
0.946817287485322,0.9144148550947371
1.0,3.1310926995110524
