alpha,s
26.53479697639341,0.0
3.38022165267293,0.004780809597763662
2.0102283011327717,0.056015581651086076
1.7804623714355208,0.18982935045235164
1.2342154178218723,0.4750479263882583
1.0,3.318690560974832
