alpha,s
0.937834728476427,0.0
1.0135844583276359,0.12666976310257047
1.0634562115315052,0.2854229606271722
1.0033976747854692,0.5261436485720563
1.4475924060276486,0.99131036889696
1.0,3.391697317826838
