alpha,s
0.957560391425712,0.0
1.1088028625695436,0.11813062563241206
0.8748723443302903,0.25340116117369504
1.0759675649005165,0.5261672016633256
0.9271118628294581,0.936272664293163
1.0,5.213150347220227
