alpha,s
0.8053762735528277,0.0
0.8559926480653263,0.11346441439297683
0.8063174979421749,0.26284252204047037
0.7153933695661161,0.5275231788171463
0.6381924299551994,1.0633247113474977
1.0,3.647759725825862
