alpha,s
3.36065456770494,0.0
1.192061070842416,0.004780809597763662
1.0685654986166462,0.056015581651086076
1.242550536809954,0.18982935045235164
0.9880600222050878,0.4750479263882583
1.0,3.318690560974832
