alpha,s
0.6444272576159362,0.0
0.9063877531938405,0.090728821516771
0.6258825566418953,0.22108517203839978
1.0308390256878994,0.523047646926539
0.7789832508102142,0.9385766171487233
1.0,4.418889384440503
