alpha,s
1.050821159339117,0.0
1.0743618334602263,0.12481023786661663
1.0311279108154443,0.28930293694822223
1.0942277458646537,0.5453776307889199
1.0603025497200222,0.9960776304161635
1.0,5.413188352139315
