alpha,s
1.9952455891212795,0.0
1.0460863045569988,0.00446444800211788
0.7964652573845982,0.041526301993920725
0.7059260587336819,0.166876648969255
0.5802883467198938,0.5208788714058089
1.0,5.435497680442857
