alpha,s
1.0276676171832995,0.0
0.8938198027301253,0.053146533629009285
0.7523322999590268,0.16408263456278252
0.798033440881869,0.3951181969119958
0.6322314053328238,0.8322792586127995
1.0,5.532889805237689
