alpha,s
2.8853291686077083,0.0
1.2215836138563465,0.006218032729394041
1.0358660304619212,0.056278122491932946
1.5366428703330126,0.18231374181171803
1.132176709707017,0.38964805134804287
1.0,3.682316893791707
