alpha,s
2.070507051475161,0.0
1.672604122424449,0.029938504697640023
1.0759110512371706,0.10078698128026103
1.3884961321183513,0.30806324027282966
1.3417270870275109,0.6570849622484527
1.0,4.235219505134836
