alpha,s
0.5928048293779223,0.0
0.7576412774121924,0.13335515122506708
0.9265379475538775,0.2898100381825537
0.8757744259495962,0.5029067127181176
1.2029709255838883,0.9724981542871018
1.0,4.14150984750306
