alpha,s
3.3075140900426923,0.0
1.4691176962226717,0.003745321420665465
1.072617233078339,0.041162847479421026
1.0182141280367896,0.16809830779118168
1.0678807637033485,0.5011504346861987
1.0,4.954853945269169
