alpha,s
0.06913308163015595,0.0
0.24913085689569334,2.318904109589044
0.34729031513711256,3.20547945205479
0.5954346518649362,4.19178082191781
0.6245910083021958,5.15890410958904
1.0,8.22739726027397
