alpha,s
0.6781544533249904,0.0
0.7095568498485381,0.0905021454439282
0.7181051508775989,0.2389216682684944
0.8212225141245417,0.5088918795297557
0.775481396366205,0.9974026331164368
1.0,3.570032213964858
