alpha,s
4.174060485139211,0.0
1.6246395315525428,0.0425448856751411
1.181717340337853,0.18184673984526065
0.8924512708194865,0.4481352763994459
1.1978861232108498,1.0448706707718367
1.0,4.405685667261735
