alpha,s
0.6972016882271024,0.0
1.0754260108467046,0.12947783843668145
1.0946782095266467,0.27111101427539286
1.0033994065142346,0.4880301147519525
1.42133002414541,0.974236472208468
1.0,2.8792372629464933
