alpha,s
0.6243819444827536,0.0
0.41574026956614096,0.08560385828225199
1.0328500401244363,0.3700831583354234
1.1878895362472157,0.5655866791192202
0.951877056050599,0.9104329955971772
1.0,2.9646287065852484
