alpha,s
0.018629848687938814,0.0
0.03543461204489354,2.23013698630137
0.23968653857212893,3.9473972602739726
0.22808174211502985,4.407671232876712
0.5300829196080415,6.33424657534247
1.0,9.4986301369863
