alpha,s
4.485502275830139,0.0
1.8926054379907749,0.03340236230003242
1.2493648115064702,0.1413987090734628
1.2597363790067528,0.3701496023643951
1.175743335867511,0.7958175577661083
1.0,3.1770530933341345
