alpha,s
4.212555517553895,0.0
2.0007449560632216,0.041757876044681466
1.8131416372428522,0.1565752346503096
1.2032031271737487,0.3313246782588816
1.0774672367710334,0.813277421689994
1.0,4.760190859433259
