alpha,s
1.2595183770472378,0.0
1.3236653178513473,0.10869130904086423
1.5337487067661895,0.2404990586924302
1.086872724723061,0.41757827777391826
0.9117121795065048,0.841025677270033
1.0,4.533515416573609
