alpha,s
0.5149648068193075,0.0
0.706228798289948,0.12808860931601967
0.8682529601524844,0.2768652351483266
1.0460279781779689,0.48871275383914586
1.3689282928757913,0.8558407715821508
1.0,3.895024915038829
