alpha,s
0.601981163630489,0.0
0.6376699726557942,0.0986968269647446
0.6272438106439779,0.2461220311646562
0.8923112667579477,0.5119635740720142
0.8641007880464212,0.9153148478953964
1.0,4.639031586878207
