alpha,s
0.9487111565795965,0.0
0.9128008417958587,0.11777171101446701
0.9601316260450491,0.2918856747930136
1.111527242845419,0.558059245236092
1.0602881194842444,0.9987022801907842
1.0,4.081205399798684
