alpha,s
1.1876727712061095,0.0
1.221154961499991,0.06870558968561197
1.396307170239151,0.1806781366084244
1.2722902623552286,0.3485858885134936
1.1238304999002142,0.7308390153802531
1.0,3.52022114818654
