alpha,s
0.018732612467983006,0.0
0.03361963520684344,1.98630136986301
0.10328083941113927,3.74246575342466
0.14390721501009054,4.600000000000001
0.7825810463833659,6.73972602739726
1.0,9.4986301369863
