alpha,s
0.644499585414272,0.0
0.5366879823283938,0.05665375376754566
0.6147806561981576,0.21948574777874372
0.7964476783713599,0.4768843313783269
0.608715699201843,0.8751546633666643
1.0,2.936675640593463
