alpha,s
0.900843783592888,0.0
1.0479539182631679,0.10141205670719336
0.9156944911514021,0.22661398149256232
1.1315967098708273,0.4629483051706648
1.2328332197091518,0.8378375949088498
1.0,4.438945085951526
