alpha,s
0.23087598516053146,0.0
0.3180852691577362,0.0934304755196742
0.35994701514084476,0.247168986957949
0.51878933954719,0.5357047778282572
0.797817878098878,1.0240167506383528
1.0,3.956723617854938
