alpha,s
0.0016382140425557367,0.0
0.018716691001319417,1.999452054794518
0.08356775496915621,3.035068493150686
0.15552791949178701,4.453150684931504
0.4520268931603803,6.14794520547945
1.0,9.4986301369863
