alpha,s
0.0301607325685139,0.0
0.06629610994453966,1.2904109589041122
0.08541602884987402,2.3358904109589083
0.15802755519867887,4.19178082191781
0.5975617433338026,6.277260273972606
1.0,8.22739726027397
