alpha,s
1.2267546873584645,0.0
1.0639344516634064,0.08916663962665893
1.0548624526453685,0.2356402767888052
0.9484798032657378,0.4759125638595945
1.0865414230672086,0.9674463725672385
1.0,4.8808055071741885
