alpha,s
0.4579831495942196,0.0
0.4782718372923744,0.10131972695589922
0.5078675574224387,0.26548599794536587
0.43976228522261257,0.5175532731110417
0.23816572608211276,1.0281262369187723
1.0,5.120818463003866
