alpha,s
0.9470162227592246,0.0
0.9115308830674599,0.07898528806811186
1.0034085147703635,0.21963108980509904
1.1819195162888962,0.4334765579147631
1.1063190943564982,0.8067398888259822
1.0,3.421404513857299
