alpha,s
1.587959627417534,0.0
1.129574212526987,0.0050165912062429
1.0266423652725147,0.04083080728931818
0.8938960531673481,0.14957274691323327
0.9403648041108051,0.5057033796292172
1.0,4.588617863078468
