alpha,s
1.8121464953824524,0.0
1.5838891822717307,0.10899136476929062
1.1196970207626842,0.2683098355925693
1.3729261119888443,0.5911299759459478
1.1768495646958361,1.0353873684016996
1.0,4.277097010063101
