alpha,s
0.36401010854472227,0.0
0.5192219819755088,0.09305802675608905
0.6694040260063459,0.24721459548211142
0.9251450184766671,0.48020651679541926
0.8504076946245797,0.8633011682262045
1.0,4.640130843602332
