alpha,s
0.33909569162666275,0.0
0.5235179639019912,0.10589407173937729
0.917602602201787,0.2621797941363664
0.5784295941372738,0.43249238646837845
1.0274510668843153,1.07071818953442
1.0,3.806533688210988
