alpha,s
1.1259241583700423,0.0
1.0508277675408926,0.10921555031876955
1.1353103670805467,0.26694497450580146
1.1939391560911587,0.4889046779147531
0.9485911282055755,0.8892498370271287
1.0,5.038700520665326
