alpha,s
4.917966905055026,0.0
2.7717854265992066,0.029938504697640023
1.482855195403023,0.10078698128026103
1.687838763867492,0.30806324027282966
1.5123937239978205,0.6570849622484527
1.0,4.235219505134836
