alpha,s
0.9925258032593739,0.0
1.1434579412667945,0.1569546475695129
1.7631891022761192,0.3324491336225418
1.105840322778966,0.5091680011439581
0.881563260495869,0.9854135495228397
1.0,3.481215348081178
