alpha,s
0.9571669592467984,0.0
0.8778852913193428,0.07494253567034076
0.9809198062681537,0.20069985491943512
1.0571034814236897,0.39138188090400544
0.7939628833503116,0.7339811890805608
1.0,4.075798677837957
