alpha,s
0.29057505533060546,0.0
0.512492172188216,0.11270219824051958
0.679802254601913,0.25135286072141844
0.8226248319745874,0.458645127778692
0.913291135950473,0.8555820123294137
1.0,4.364277412942912
