alpha,s
2.1730212875447292,0.0
1.5360480169062938,0.00872900040271686
1.1630166617853466,0.050165406423101744
1.067453973285134,0.16845406880559785
1.1501673800776901,0.47701285594152154
1.0,3.228476436137834
