alpha,s
4.34698599956378,0.0
1.6387865609784125,0.0317335613849857
1.1842217390309757,0.1464695275807244
1.2809620685060994,0.3804748752265987
1.4181276446487738,0.8005050360875456
1.0,3.118133809121077
