alpha,s
1.0251323176206142,0.0
0.9461352006939597,0.0998674104225687
0.9541514961297085,0.2594724503407141
0.9396435158000563,0.5165846873476858
1.0485215671550154,0.9938543829245036
1.0,4.923346346406515
