alpha,s
0.8915694900666847,0.0
0.9440424234265449,0.04670092273738079
0.820056867015359,0.12613196229062013
0.788105053765595,0.31730269681017464
0.9369900270415775,0.7297207525216828
1.0,4.1043603425805095
