alpha,s
1.185161328777428,0.0
1.1440313666514565,0.10021499915287256
1.1074053257129124,0.246805191528937
1.2383948598349404,0.4810030918257433
1.0236478604348427,0.8606139344565966
1.0,5.216298321895075
