alpha,s
0.7326347515209097,0.0
0.7465111764815486,0.1071151547781473
0.5743167023339684,0.2749730502681997
0.8378868621125917,0.6409358261188471
1.1520452196560313,1.1663311287052138
1.0,2.895365818576291
