alpha,s
0.8975180789020883,0.0
1.1500696220499615,0.21489603627572518
0.853913115099618,0.4302121482552805
1.3993340681497737,0.8355001477150309
1.0746720888179688,1.2816695473536153
1.0,4.868767805920518
