alpha,s
0.04826110832076432,0.0
0.1126303610651924,2.01369863013699
0.1272008416400707,3.20547945205479
0.29468780596391536,5.15890410958904
0.597597756884369,6.35890410958904
1.0,8.22739726027397
