alpha,s
0.03983582841214677,0.0
0.225329309961524,2.014794520547948
0.09286541673742363,2.4482191780821925
0.1723200300364553,4.2027397260274
0.4820397834510427,6.14794520547945
1.0,8.16438356164384
