alpha,s
0.01708907279866243,0.0
0.11106810891616843,2.014794520547948
0.05637690525492182,2.4482191780821925
0.13525908327655017,4.2027397260274
0.5344363130191064,6.14794520547945
1.0,8.16438356164384
