alpha,s
3.632282495548471,0.0
1.1725623266927148,0.036650426491440735
1.2102855475224086,0.19147098530342888
1.0119659773368623,0.41344962210449493
1.2776021668923765,0.8731654180758113
1.0,3.0831336833154603
