alpha,s
0.045570213742913035,0.0
0.19194252075194795,1.978630136986298
0.22160430181795326,3.01095890410959
0.1793701377368749,3.82739726027397
0.4672270185208636,6.344109589041098
1.0,9.4986301369863
