alpha,s
1.4952193381436647,0.0
1.1403027777400931,0.00556841197196314
0.762006085061637,0.04103250940422339
0.9731049308405643,0.18463950832663284
0.8281704132999009,0.4927340769370261
1.0,4.642570182834739
