alpha,s
0.6551748293874241,0.0
1.1569960488584736,0.0793430535709828
0.943461389679164,0.166339708765137
1.0428605569209313,0.37458567218304833
0.7575904381038558,0.7525426873858552
1.0,3.238383934251039
