alpha,s
0.13177742219526137,0.0
0.13531634509395202,1.23561643835616
0.15478764158228586,2.4104109589041123
0.21790756498095404,4.23232876712329
0.5646949561387768,6.26301369863014
1.0,9.4986301369863
