alpha,s
0.01557446580390179,0.0
0.039878998530516206,1.23561643835616
0.06606037716862107,2.23013698630137
0.25438930600162285,4.17260273972603
0.49298585618044843,5.58904109589041
1.0,8.22739726027397
