alpha,s
1.0345561400399172,0.0
0.9326096341359744,0.08140737770670425
0.9154382468671205,0.21190624564466026
1.0130284284803492,0.43431868404835194
1.017821156274063,0.8343947581535093
1.0,4.364268270445517
