alpha,s
0.9616871411158585,0.0
1.0287319322928792,0.12622009994657907
1.1250198229701869,0.2866264071537288
0.9264646591562529,0.5129852868387138
1.0819373946365758,1.0050452094892035
1.0,4.348365464712716
