alpha,s
0.068300494338818,0.0
0.10319983517136766,1.98630136986301
0.2776595507742085,3.74246575342466
0.26695786271349975,4.600000000000001
0.9029949428175882,6.73972602739726
1.0,9.4986301369863
