alpha,s
31.139110879293977,0.0
5.130788543046893,0.0046996983338131
2.550087297480801,0.0428665011668144
1.5757261569290784,0.15659762039306613
1.2968030371616164,0.4892982378278096
1.0,3.374826243365679
