alpha,s
0.12263384621848619,0.0
0.26168638241922537,2.01917808219178
0.3754393787886523,3.01095890410959
0.28540273540751004,3.9473972602739726
2.7222563699017788,6.185205479452055
1.0,7.16986301369863
