alpha,s
0.7247866480476628,0.0
0.7611267714475296,0.1096988978064925
0.7049265044612384,0.2561366657121393
0.9157934374945592,0.519648894905579
1.075894279654928,0.945422189281296
1.0,4.244835529678992
