alpha,s
2.9495143810448807,0.0
1.3637569101239453,0.04924359075648902
1.186998406316611,0.1883540708355697
1.9983619177076986,0.4250349155227674
1.2084980220990351,0.6920720002704064
1.0,3.4763786039064035
