alpha,s
0.10792798216283478,0.0
0.9510137481945522,2.23013698630137
0.2023599405649967,2.48767123287671
0.429865651255997,4.35068493150685
0.841842629944494,5.85479452054795
1.0,8.22739726027397
