alpha,s
0.012330707548707812,0.0
0.028499138381584056,1.4246575342465762
0.0743539862779344,3.172602739726024
0.15563761159690356,5.0958904109589
0.40501475297839856,6.769863013698633
1.0,9.4986301369863
