alpha,s
1.171507654048905,0.0
1.01703390561099,0.09138599124521812
1.0862467597527747,0.24638383026740465
0.7914224365563627,0.4793216826694279
1.1095974742294485,1.0615657810029384
1.0,4.506718988011805
