alpha,s
1.0632576909868088,0.0
1.064233377190138,0.07078481687853622
1.2861628177837063,0.18473831560045387
1.028048880425071,0.33601081295358315
0.7988001146269393,0.7102067926495651
1.0,4.08437623880347
