alpha,s
1.1701722302536297,0.0
1.0339637321476913,0.16170961006194928
1.124746993877461,0.39630651619969237
1.0056292835903342,0.7028247731074514
1.13683374736121,1.2714190022957024
1.0,5.381854948422539
