alpha,s
0.7797718502734905,0.0
1.1084307483322027,0.08056730750497967
0.7643242894175004,0.16589415386214806
0.9269335860139463,0.38861173333017335
1.2418441893304881,0.7883302391480758
1.0,4.004141905587417
