alpha,s
1.8146800327734913,0.0
1.2139635912956364,0.045087827563244434
1.2786806754074207,0.15523737687169642
0.9038795545301413,0.3322414803657287
1.0482469592725725,0.8370645450507349
1.0,2.6968229305320945
