alpha,s
0.005688241932251315,0.0
0.08364729846511261,1.038356164383564
0.07296130756614387,1.9605479452054788
0.17219544325936403,4.2027397260274
0.595449827138788,6.020821917808222
1.0,9.4986301369863
