alpha,s
0.27969126281231427,0.0
0.5828011704210437,0.11379096553038798
0.6093850073765392,0.28427471074598815
0.7286141776624797,0.5512737471833747
0.6977659066865958,1.0420389549816444
1.0,4.446909547940397
