alpha,s
1.180685886673413,0.0
1.076232043805337,0.0986968269647446
0.9326738542427332,0.2461220311646562
1.1680119142291705,0.5119635740720142
1.014757060043453,0.9153148478953964
1.0,4.639031586878207
