alpha,s
0.9741610662489107,0.0
1.1613981404890612,0.12808860931601967
1.2526257210612208,0.2768652351483266
1.3262734700745997,0.48871275383914586
1.5440815962794459,0.8558407715821508
1.0,3.895024915038829
