alpha,s
0.21647114606649281,0.0
0.44620868574880956,0.1423506457291433
0.5734492849357729,0.3239141109790703
0.6147410920210062,0.5747151222598634
0.6129843417871731,1.1129815102868492
1.0,3.800885011703372
