alpha,s
0.9510481648163313,0.0
1.0109420060394403,0.10009502162165
0.9192481317905742,0.2478312799466506
0.8801486549244757,0.5055961673404878
1.020304140325743,1.0269086487376446
1.0,4.747207851575639
