alpha,s
0.04481796449972865,0.0
0.08218146598024167,1.2904109589041122
0.08680069213408144,2.3358904109589083
0.14181651241269297,4.19178082191781
0.4810758552165126,6.277260273972606
1.0,8.22739726027397
