alpha,s
1.1260722381259716,0.0
1.2167343509415594,0.1117802478026853
0.8722128998833476,0.2513690722312867
1.1086876144954747,0.5395106730095718
1.0333870140955617,0.9651357968388188
1.0,3.391285538310134
