alpha,s
0.5730707684019073,0.0
0.8953237922148338,0.1589757544892985
0.9208780631076473,0.3345464832855209
1.4277507294074512,0.6148860359106348
1.598439787919609,0.974556483185686
1.0,2.6491495741672844
