alpha,s
1.651458272580797,0.0
1.0949548966300986,0.046699973596372804
1.4290150455287567,0.16197602731382763
0.989482487612097,0.322167659594514
1.015036888350792,0.7760905794324798
1.0,3.343349552670907
