alpha,s
1.0527295281423839,0.0
1.01844962048218,0.08322236791525496
1.232923675556735,0.23623483470496864
1.576170214025414,0.42685164940179054
1.7705043692698532,0.7338121611659074
1.0,2.235159278634948
