alpha,s
1.398177192487704,0.0
1.0322820996600803,0.042167593629421685
0.9671719824453605,0.14747746767530326
0.9157153894460626,0.35788737574612395
0.9636730563804274,0.8038069713745027
1.0,3.2488688010400266
