alpha,s
4.369598627191734,0.0
1.031807000512813,0.0028620636077575008
1.3097218204393208,0.052053464843073494
1.5496629333050727,0.15516027962438575
1.1955796125896727,0.3574533084948133
1.0,2.4205851380222034
