alpha,s
12.085005641255394,0.0
2.5658620389156845,0.00662967417590056
1.9207799913689652,0.053384668043249824
1.3062490085033653,0.15823428883877633
1.2768191330859857,0.4865315838158703
1.0,3.439286472782219
