alpha,s
0.09802268469865831,0.0
0.39242824310750235,2.02575342465753
0.23969083969013144,2.766575342465757
0.38420042973595536,4.2613698630137025
0.5126848365581048,6.26301369863014
1.0,9.4986301369863
