alpha,s
0.047707551155576,0.0
0.12030823131529775,1.901917808219178
0.28416945131341453,2.8931506849315083
0.131842839803971,3.74246575342466
0.9125778213682141,6.577534246575344
1.0,9.4986301369863
