alpha,s
0.009321351557010167,0.0
0.0794394316266997,1.82739726027397
0.05427483273871147,2.315068493150688
0.12241997464370027,4.022465753424658
0.38179076903568215,6.296986301369866
1.0,9.4986301369863
