alpha,s
0.00029769917620812156,0.0
0.0018238028500842096,2.29315068493151
0.012495120942416066,3.730958904109592
0.045287497498844226,4.914520547945207
0.17107687365145854,6.35890410958904
1.0,9.4986301369863
