alpha,s
0.05896907997232786,0.0
0.12056994605968471,2.031232876712326
0.3298276272217584,3.59178082191781
0.3146704324843549,4.3227397260274
1.1332446611557996,5.94520547945205
1.0,8.17808219178082
