alpha,s
1.3386840853792132,0.0
1.1150460206159383,0.06425721046918705
1.2349469883647954,0.17884772113440012
1.0779581805644631,0.35206028564505487
1.1035662883819735,0.762809292252873
1.0,3.958914508130416
