alpha,s
2.5596827931306785,0.0
1.397636663068394,0.04465097313951786
1.521544806408026,0.16383682039806
1.259931192042505,0.32804591277441414
1.0749487273099907,0.7111880622690125
1.0,4.835546020635269
