alpha,s
0.056558369032179194,0.0
0.24409071543208735,1.7287671232876705
0.12012485685453123,2.267945205479454
0.2739028318797363,3.7643835616438364
0.3221911084765352,5.194520547945203
1.0,9.4986301369863
