alpha,s
4.406315777172504,0.0
2.2479595971252513,0.043604760405950724
1.7693867310999876,0.15500234179781108
1.8299628379340107,0.34697242252017757
1.376305588726017,0.6988019200539525
1.0,2.6609237082234376
