alpha,s
0.4785389191119452,0.0
0.5312067682050672,0.1490973012614661
0.765219741203403,0.3695827155193691
0.4738296570852447,0.6090790851922302
0.7613042130434016,1.3783271878106984
1.0,4.018034699601048
