alpha,s
0.0005297611278277922,0.0
0.009225290653921202,2.16712328767123
0.032507558321181455,3.101917808219176
0.14247109189218543,5.0958904109589
0.6584181612770906,7.07397260273973
1.0,8.22739726027397
