alpha,s
0.3050228860773235,0.0
0.5399542135762222,0.1115829032813573
0.7182309383769676,0.2519159693111881
0.7491377007566862,0.46900752495686493
0.9730986244255412,0.9583195319576814
1.0,5.151442703850677
