alpha,s
2.2242770982273385,0.0
1.4329648835464226,0.04384010344838954
1.0934120666359504,0.14583535970200345
1.2534279109065463,0.37488188628075747
1.0142474284424932,0.7767840710959858
1.0,2.819874755923508
