alpha,s
1.471299454188765,0.0
1.262553317987683,0.0422365882220638
0.891669204304795,0.1344134565598456
0.8722230704000881,0.3564322509687133
0.8855248823113163,0.7899108627345458
1.0,3.809914378536181
