alpha,s
0.9821906628314142,0.0
0.8689342145722938,0.1133263718668149
1.034604315203498,0.3017556013223152
1.0119590194422532,0.5534935354586576
1.1025608598189296,1.0242749478612245
1.0,4.5706370581279305
