alpha,s
3.8165378973477995,0.0
1.8766226786673645,0.04601481790176104
1.1073594147829904,0.16652269253821164
1.2934530408134852,0.4687483163629132
1.45477825630542,0.9123787758548995
1.0,3.2369489007909635
