alpha,s
1.1059681685259668,0.0
0.9647830702581545,0.048133593582448
0.9777319461694804,0.1441128726472493
1.051895969371154,0.3135346309854012
0.9171427146831249,0.6616783094655446
1.0,4.247250651689503
