alpha,s
0.2530323357710631,0.0
0.5654192307043416,0.13605596520242913
0.9594158837534491,0.31425281933309723
1.2592457557184267,0.5153339288317923
1.4687037274088954,0.8988999275209965
1.0,2.8647845421492284
