alpha,s
27.733047363382447,0.0
4.267654870636654,0.005178614184949902
2.7627665090315516,0.051547859078069004
1.8476134953264491,0.15732431888517417
1.2275236030404868,0.4361581978128916
1.0,3.51930135187317
