alpha,s
0.022280048938178105,0.0
0.10683896698849236,2.002739726027398
0.49373480053448743,3.01095890410959
0.2317373293451989,3.28767123287671
0.7198020035308691,4.4767123287671255
1.0,7.07397260273973
