alpha,s
3.2846364727685367,0.0
1.5004351558801043,0.045455709201305435
1.2112648785261901,0.17021179538537282
0.8062741383798155,0.40115790362314013
0.7585589481717506,1.0047573719874678
1.0,4.155874456215472
