alpha,s
1.2930597736562788,0.0
1.1967162198012318,0.046027760531313126
0.9857441182473303,0.13742335157781274
0.9224648842706581,0.3378340706623383
0.9134573453859572,0.7696023431152164
1.0,3.6941119831159326
