alpha,s
4.8794406343340615,0.0
2.1811385430948427,0.04070017526774482
1.3594581175607838,0.154320019207761
1.6903708511104378,0.41496948803034883
1.0287879851658186,0.78601098178634
1.0,4.380928959356072
