alpha,s
0.47782385701281177,0.0
0.6152710482726174,0.11285687073975681
0.7803623948647848,0.2623638400710011
0.884334151770062,0.4857632905816496
1.2782090716624597,0.884687738757814
1.0,3.94341039030752
