alpha,s
0.44926448994234375,0.0
0.5075313378920056,0.1169560443448926
0.608668539009927,0.28947703343135806
0.7495791896240129,0.5637615010389193
0.9138011786936399,1.0192628266357673
1.0,3.280163301233487
