alpha,s
8.243402065203446,0.0
2.4124343612581516,0.004919395870771461
1.4506649370840552,0.04390719451112511
1.3540195229863121,0.16958334286716717
1.1740865615290104,0.47213172229929956
1.0,2.992318142422081
