alpha,s
1.5109750895040122,0.0
0.8931143131902617,0.03842524827860922
0.9692804643065982,0.1606629980814088
1.0581650689126714,0.368731048916779
1.0207903801181164,0.7565505557567302
1.0,3.2938785702638675
