alpha,s
1.07676142827884,0.0
0.9922897423803129,0.12261205558572583
1.035819342731327,0.3025159476045769
1.0163820303175515,0.5537851264231883
1.099181043945646,1.0320440824471793
1.0,5.423297280183151
