alpha,s
0.6916840308993324,0.0
1.23731069873415,0.09248684980328842
0.6700863675081268,0.18833773501764361
0.9954696848537266,0.4888029792990193
0.8962155556052327,0.908284604957963
1.0,3.6305649891393776
