alpha,s
10.503872547094932,0.0
2.662210762417504,0.0049731939830436
1.7527322837805424,0.0404823148502362
1.3762189776539981,0.144282734729476
1.3245919743587857,0.4428175428469486
1.0,2.77628289152706
