alpha,s
0.10955555994258484,0.0
0.65575023142896,1.8295890410958944
0.18455380945891844,2.29315068493151
0.3585162185034967,4.155068493150689
0.5534815909610126,6.26301369863014
1.0,9.4986301369863
