alpha,s
0.0024842459630155466,0.0
0.0050889634948414406,1.4246575342465762
0.015058580538532144,3.172602739726024
0.03152314420599029,5.0958904109589
0.08681722216463042,6.769863013698633
1.0,9.4986301369863
