alpha,s
14.720594473863915,0.0
3.563615886979534,0.009591878118089
2.1919973777215422,0.0615101485448842
1.678326960522194,0.190487201413509
1.302801676720822,0.510154322552231
1.0,3.169532101175876
