alpha,s
1.6792470550478507,0.0
1.34457221696552,0.09613666553551803
1.3107067582235152,0.24571872666283737
1.190173990332944,0.4853695412591469
1.2405390338992195,0.9016601234524658
1.0,2.187696486626868
