alpha,s
0.03532883911189567,0.0
0.34764717874687184,2.031232876712326
0.11679826997436465,2.36438356164384
0.15277839906074048,3.82739726027397
0.6147626011278131,5.936438356164389
1.0,8.16438356164384
