alpha,s
2.10738978514947,0.0
1.8860244674804172,0.09461504691131051
1.3481391495921295,0.22928714597822
1.2823740610361796,0.4937256754005418
1.098453876224678,0.9656853243719402
1.0,4.319297740070597
