alpha,s
0.07410824870514203,0.0
0.09782660310331195,1.23561643835616
0.08667221583682652,2.29315068493151
0.11568724498227599,3.619726027397264
0.19326046208221087,6.14794520547945
1.0,9.4986301369863
