alpha,s
0.6391630926286586,0.0
0.876587285395802,0.08075147031262175
0.7749392760040891,0.20463197792021862
0.8778707318943929,0.4308982519716658
0.9036891107221672,0.8885203683075308
1.0,2.9369469487536666
