alpha,s
25.274063784092736,0.0
4.38127361623849,0.005488296658645001
2.5764562533942788,0.047393368953765
1.4803942293749588,0.15117778190590628
1.3881190295040713,0.5073753235407699
1.0,2.882773966889824
