alpha,s
0.11733161810576208,0.0
0.13228990370406332,1.95342465753425
0.216818340868605,3.815342465753422
0.573209072059397,5.731506849315067
1.0171460808274269,7.04383561643836
1.0,8.17808219178082
