alpha,s
1.082440380070864,0.0
1.044376589284307,0.1200981155230457
1.066237420771528,0.2868517178548575
1.0760227878086466,0.5316127864287835
1.0608915822792933,0.9760289028737168
1.0,5.620406881983202
