alpha,s
3.459668973405723,0.0
2.3331278141150373,0.050905493477097
1.509725550896414,0.1448313092822347
1.576788517157059,0.34965783538103773
1.0229738901792584,0.6927571182328236
1.0,3.048281295983496
