alpha,s
0.957840964499744,0.0
1.0102105269344244,0.1963412338127906
0.980576926151894,0.4362188775671784
0.9452670888149305,0.7791932087234493
0.9700027968833353,1.3769588317745631
1.0,5.514578618361809
