alpha,s
31.877957094307792,0.0
5.920262313670852,0.0038122418684001604
2.0660074082490305,0.032459679244838446
1.6324040775973476,0.15961719804128183
1.4268793342670987,0.46268975539061385
1.0,3.7430840705992576
