alpha,s
0.11174015983963276,0.0
0.15516656931202272,1.33424657534247
0.35441318347207745,2.2131506849315064
0.17371688968173424,2.89205479452055
0.2704823706806967,5.12602739726027
1.0,9.4986301369863
