alpha,s
0.8255574768357795,0.0
0.7751128701246603,0.09533651742151561
0.8371431031808404,0.24958965267349015
1.1152758870073225,0.48336368336655
0.896289323630459,0.8340263638096698
1.0,3.748190172557414
