alpha,s
1.3089035253201027,0.0
1.514037293594973,0.08392934884190956
1.0185473864472876,0.18433952753812513
1.0169903910601557,0.4149361356123908
0.9193486348011275,0.8422499609346151
1.0,3.3012664909454883
