alpha,s
0.8702704706000058,0.0
0.8390833414198614,0.1407179821322529
0.6877656422196121,0.3381532511598628
1.234615085005383,0.7021382064588061
1.1898486385151055,1.0829485797749123
1.0,3.698549636229996
