alpha,s
0.41719619388068896,0.0
0.6584385242335242,0.08790015070593525
0.8024613463624296,0.23654906041332846
1.046887287247242,0.48152941760312745
1.9367268887651217,0.9012068486298885
1.0,1.9835801510319613
