alpha,s
0.012414110893060144,0.0
0.029414331400273483,1.3041095890411
0.12280353673732478,3.04109589041096
0.26376225080409443,4.123287671232881
0.4595883344779038,5.85479452054795
1.0,9.4986301369863
