alpha,s
1.1845862844476418,0.0
1.2918653986121713,0.1119009850680959
1.061191098493954,0.2484816871864012
1.0870261863668926,0.4949249080285256
0.8710978011777626,0.9390682223016932
1.0,4.642750090875064
