alpha,s
1.2436633643581763,0.0
1.1139867969035937,0.1020561496282674
0.9925032842183322,0.2551989332818743
0.8428938144493044,0.5158412711036418
1.4885829466838831,1.0767952174611866
1.0,3.9183901170574114
