alpha,s
0.27106533740531913,0.0
0.707973475228904,0.11318380369892649
0.5882174349976643,0.2172449014198532
0.9640121466221294,0.4978582380598702
0.5785122914619225,0.8462210783523341
1.0,3.171147775492655
