alpha,s
0.3775056282243257,0.0
0.6698501546117199,0.09982503830980412
0.7554928639151001,0.22807939178141434
0.8429980444920252,0.46431660643671263
1.332127514267335,0.9495714029495199
1.0,3.8659266001694745
