alpha,s
0.5941953229118742,0.0
0.7138430259171522,0.13150442414401312
0.893619153092839,0.31747492686460016
0.8660681819495768,0.5642113538685763
0.9742631800990516,1.036214747578444
1.0,3.369976177528674
