alpha,s
1.4412627926217192,0.0
1.1126251500692614,0.05523483506092058
0.9893727350105902,0.1762314966275943
1.004397375607287,0.3970345059648035
0.8352544674839847,0.8014515866091383
1.0,3.3022112312387546
