alpha,s
0.5481183439036305,0.0
0.6953138202658138,0.11196442062423594
0.799580308691874,0.25782237221596466
0.8380107790467463,0.46473054547583265
0.8919537795750063,0.9229367393763126
1.0,4.022760170207988
