alpha,s
0.4688130157198401,0.0
0.6202580067042317,0.10897382252982725
0.6996045169268342,0.24924075028462228
0.9200610939447806,0.4720543563122095
1.2221062916777001,0.8794756174841482
1.0,2.8361169405678823
