alpha,s
1.3337007345810385,0.0
1.1976736480118013,0.04522553991747816
1.0601290142894477,0.1293549961210743
1.001990907546712,0.30238814174245243
1.0867242988086172,0.6860542505068387
1.0,3.944785653335325
