alpha,s
0.9533734568696268,0.0
1.2048753957449705,0.12999663651202487
0.8459801272207669,0.2657174878860383
0.8599934339545141,0.5744275848359054
0.9970070753082275,1.1117624836584696
1.0,4.432134975426902
