alpha,s
23.389053896450548,0.0
4.246990707702287,0.0062675846787772
2.2364361035357954,0.0518436642820549
1.7211675942064413,0.18438194773216743
1.3428783179032737,0.5041314381240539
1.0,3.715820441480305
