alpha,s
4.826455016901829,0.0
1.825195667288879,0.0425448856751411
1.2904189728465345,0.18184673984526065
0.947999164862016,0.4481352763994459
1.2369477718485407,1.0448706707718367
1.0,4.405685667261735
