alpha,s
2.1318597575640466,0.0
1.0182485751039378,0.00500041294137498
0.8705300873139157,0.047236081884619134
0.8730451768827729,0.17303218981545487
0.8695760743855995,0.5026085762126737
1.0,4.3911553303150335
