alpha,s
2.004808591591655,0.0
1.0218643650788815,0.004914168570263
0.8262222694426679,0.0458060367087442
0.9745388517268398,0.17769018761150468
0.8885545647705936,0.4600172722318441
1.0,4.3699802375750405
