alpha,s
6.1557676190130115,0.0
3.695945312414376,0.03351659035163022
1.716685579887381,0.10242506634735159
1.6362635931421565,0.31799343292311444
1.1342836922089607,0.6792108914064486
1.0,3.4426995844969346
