alpha,s
0.5515466563733307,0.0
0.5167269232187837,0.12542237645343973
1.0155875751604233,0.3438264883805628
0.824225204417748,0.545874368105116
1.35493101563311,1.0993773509000573
1.0,2.8735355361102424
