alpha,s
1.013552168151858,0.0
0.7117903084280774,0.19475609566719138
0.9899982070604018,0.530493260171
1.0781498702301424,0.8820372214798833
1.6553616155612814,1.4126345600433723
1.0,3.418467340506189
