alpha,s
1.2626380829874995,0.0
0.8720337821256343,0.04541755842092113
0.9527290699082989,0.1751704364585305
0.8425919989887584,0.3891802241859758
1.0045010865946389,0.8953918314711251
1.0,3.2056528042738126
