alpha,s
0.0031199915674243552,0.0
0.016514899513546826,1.82739726027397
0.031330516505300644,2.6860273972602773
0.05289201482910467,3.82739726027397
0.3645684165863935,6.33972602739726
1.0,9.4986301369863
