alpha,s
9.934042448356676,0.0
1.90924964609633,0.0047333721307145195
1.369997738928054,0.0562771548527309
1.310260987539908,0.19443598527041644
1.0474205285213263,0.5122032094445391
1.0,3.904701708502882
