alpha,s
0.5763199777072158,0.0
0.8828817270807188,0.0464554170292036
0.7180782747410429,0.1513642449396129
0.9852528938973397,0.36995817366083267
0.4706701685896031,0.6965960571143954
1.0,5.015062652728818
