alpha,s
0.07036171502840409,0.0
0.11180372238831694,1.168219178082196
0.08943962266204614,2.190136986301368
0.24162014693177852,4.198356164383564
0.5624983499182447,6.128219178082195
1.0,8.22739726027397
