alpha,s
39.0710049832214,0.0
5.100826748807335,0.0038613262580333
2.5220148462877265,0.0438445714588119
1.4779666043155286,0.1626875981998143
1.4745609563817659,0.5383862656651439
1.0,3.622526689441398
