alpha,s
1.5690183693120159,0.0
1.3179135023112414,0.0439582783258288
1.198089671976991,0.1379699758234893
1.3397456936252132,0.32192302212146107
1.1678101974785868,0.6554299405100059
1.0,3.616741225619628
