alpha,s
2.1527460633063966,0.0
1.3005300207955626,0.0310419390369139
0.9053418579776082,0.1166253976865506
1.1253152998685343,0.3391167792266703
0.8420746244181658,0.6936474086311393
1.0,5.011598861602978
