alpha,s
18.022867525373957,0.0
3.742732778787929,0.0042191113916203605
2.0569051996156755,0.0380399368560399
1.5223928749905442,0.13830440191674112
1.43401668712332,0.43793767521400706
1.0,2.900231225440953
