alpha,s
1.1926261455775429,0.0
1.028981294278888,0.08295328762037847
1.0089269735164583,0.22373170809581183
0.9908083308700866,0.46109124607134205
0.8708149900814479,0.9025675853789502
1.0,4.592352305835661
