alpha,s
0.047988954838342625,0.0
0.11375024082634158,2.186849315068494
0.0949704598360417,3.6115068493150666
0.9620488159194336,6.2915068493150725
0.5478176312685424,7.04383561643836
1.0,9.4986301369863
