alpha,s
0.06948430732785299,0.0
0.10051834981291068,2.36438356164384
0.5178054075301766,3.644383561643838
0.17929652276090471,4.19178082191781
0.7706220449567814,6.320000000000005
1.0,9.4986301369863
