alpha,s
1.3566705040850748,0.0
1.102823682228598,0.041828025797139824
1.0300367184683727,0.12839638958792918
1.0212418510713166,0.30571087888656207
1.1155631415828298,0.6794986217005657
1.0,4.011600326254468
