alpha,s
3.982307084418954,0.0
2.8660090212212537,0.0541214405303695
1.7239927145599638,0.1452549214763537
1.3945344098935486,0.3566989587549391
1.4624137860874364,0.8370302135012683
1.0,2.8712617930621174
