alpha,s
1.1140604080499468,0.0
1.1690579667081153,0.09466462961502822
0.9386069560468794,0.2279218418751769
0.8883968981592659,0.4843037370768297
0.8906582535224221,0.99392820647211
1.0,5.396179011621445
