alpha,s
1.8447760905652806,0.0
1.5027907950623198,0.08790015070593525
1.3453439305682526,0.23654906041332846
1.4223341950173862,0.48152941760312745
2.2058586804777476,0.9012068486298885
1.0,1.9835801510319613
