alpha,s
1.1224957751653548,0.0
1.0120596502708101,0.10702018709154522
0.9324133044271372,0.2666318170180471
1.0185167088832416,0.5278983994545379
0.9692103295455525,0.9862225706120549
1.0,3.9899137945730794
