alpha,s
0.035706855037425024,0.0
0.09093107568390718,2.0717808219178084
0.15850057424684985,3.1463013698630102
0.2023833126546329,4.2027397260274
0.5677226849519746,5.927123287671231
1.0,9.4986301369863
