alpha,s
0.988567965783889,0.0
1.0435281587341598,0.19111359399011577
0.9343883631543521,0.42641852212441017
1.062822442217845,0.7925596991709899
1.19825179094445,1.3569537799430758
1.0,5.181563761653798
