alpha,s
2.9571393530979395,0.0
2.712163935309317,0.057511162907336044
1.80054719100163,0.13773992502805427
1.4296292655261762,0.3138576098026305
1.0007573784944759,0.7008665248575238
1.0,3.9999436307929206
