alpha,s
0.009207998385083467,0.0
0.09976641731467174,2.2361643835616443
0.09580422360706853,3.20547945205479
0.2350135719612241,4.385753424657538
0.961119177579952,6.14794520547945
1.0,8.03561643835616
