alpha,s
0.010064891498060991,0.0
0.04530248014028642,1.98630136986301
0.08607058536437809,3.1068493150684944
0.16689256261045485,4.41643835616438
0.23750994127415867,5.85479452054795
1.0,9.4986301369863
