alpha,s
0.018127050561888264,0.0
0.0527370731465143,1.96712328767123
0.04645955475572493,3.10684931506849
0.19367120605402693,5.58904109589041
0.6505053514052392,7.04383561643836
1.0,9.4986301369863
