alpha,s
0.31948305499215635,0.0
0.5354529884853921,0.10748123960254331
0.6940688524397359,0.2615000493549945
1.1180777112214757,0.4907971826618034
1.1238269739758953,0.8458680994546899
1.0,4.479004169491691
