alpha,s
0.8935787189793335,0.0
1.1822445062953055,0.1351345491535712
1.0550308668064714,0.2724383569142849
0.8209969860831458,0.5110652988838951
1.081623784350666,1.110753366815431
1.0,4.402663836047366
