alpha,s
28.51097247106054,0.0
5.033469513939043,0.00463600400321238
2.331703554608292,0.04064577140604188
1.9520331424342405,0.16264867545126424
1.2631705082281113,0.432266732303298
1.0,4.040314810830527
