alpha,s
1.5848724778562562,0.0
1.1836345208837806,0.0359607007529397
1.0491322669789136,0.12654666359750497
0.8058929615585058,0.30591586264800513
0.5677788785078747,0.7553873998314073
1.0,4.185498173960246
