alpha,s
1.0265180818859143,0.0
1.1865886544032653,0.1589757544892985
1.0982525093451576,0.3345464832855209
1.6135535284948868,0.6148860359106348
1.7123020636678716,0.974556483185686
1.0,2.6491495741672844
