alpha,s
0.3080337625476557,0.0
0.9464781413048894,0.1348125675765451
0.5193079764389712,0.2421832300553116
0.7839652452144743,0.5570987708529855
0.7262918994336978,1.0632192354645038
1.0,4.167675151984054
