alpha,s
1.1932183627215676,0.0
0.8491007112062829,0.010518815052005222
0.8946614420277851,0.062091198021727
1.193092036228721,0.18750352363377462
0.9489877836971349,0.46143068039301594
1.0,3.22902266806726
