alpha,s
0.9980500235038875,0.0
0.7400027542763548,0.05078137149443602
1.3411683222318138,0.1794968042673542
0.5300154892262153,0.30734477198870447
0.8610945096831683,0.9623656464328892
1.0,3.2313828238231985
