alpha,s
0.9679581815992497,0.0
0.9651357285769232,0.07926727864644827
0.937708502545108,0.1969220750693685
1.157362082646034,0.41038900371299014
0.8715775223153079,0.7345201771836367
1.0,4.207542070608104
