alpha,s
0.009965078942925766,0.0
0.08075269610958433,1.6301369863013706
0.05669334287777811,2.242739726027398
0.21650442104008202,4.1627397260274
0.8036681833640319,5.94520547945205
1.0,9.4986301369863
