alpha,s
16.946821203257194,0.0
2.4460627222351197,0.0041677950021435815
1.5706816138252715,0.05155255338017814
1.1785099920545197,0.1805688148407749
1.0622183465477624,0.556833478310797
1.0,3.900274861755968
