alpha,s
1.2182197991967119,0.0
1.0605999598240003,0.040612661310530915
1.463452800239408,0.12463484371443029
1.7437252599853552,0.23439813757033012
1.3680133177735407,0.4532012714773545
1.0,2.5092117615407425
