alpha,s
1.0904018682893313,0.0
1.0748977609359287,0.10052649574882828
1.025799148750391,0.2425973342378562
0.8885965139167001,0.4726389623877142
1.3722520405681133,0.9628545196933201
1.0,2.5460136874153907
