alpha,s
1.158779775373973,0.0
1.1288483042817996,0.09461504691131051
0.889898836574561,0.22928714597822
0.9398459044142917,0.4937256754005418
0.8987443369918224,0.9656853243719402
1.0,4.319297740070597
