alpha,s
0.780085300796394,0.0
0.8488320023538944,0.10392133938892058
0.9621996615598113,0.2603205976999407
0.8772094198011476,0.4865553474698808
1.141615492060225,0.9959393498925921
1.0,3.6387850134698856
