alpha,s
0.029074259926475002,0.0
0.1634143325800391,1.8295890410958944
0.046963819482237136,2.29315068493151
0.0980052297495318,4.155068493150689
0.1535972063929698,6.26301369863014
1.0,9.4986301369863
