alpha,s
0.06818287265913692,0.0
0.624354529081976,2.23013698630137
0.13937218330506096,2.48767123287671
0.34675646231494206,4.35068493150685
0.7036289546923115,5.85479452054795
1.0,8.22739726027397
