alpha,s
0.2981116802943173,0.0
0.5777406025188909,0.11200379752896064
0.6918684670301557,0.24777051239268852
0.9723133872274793,0.49240377757315335
1.2064341408275294,0.8921689922563675
1.0,4.642399142313996
