alpha,s
0.42230265478669277,0.0
0.596105430886415,0.08812259667223592
0.8299996667780467,0.23409453579375214
0.89573969344327,0.44676666572371543
1.1130113316126924,0.9178112580259068
1.0,4.371995086285702
