alpha,s
1.0876263144017857,0.0
1.0462421895926477,0.0521302172140494
1.1385695345373852,0.14750242909806444
1.2279746619059548,0.30936663249911084
1.1365158192908615,0.6432285238705024
1.0,3.5849054426171967
