alpha,s
0.7140901234573204,0.0
0.9791160584386571,0.10447135419130764
0.8106152701758462,0.21900437566671033
0.8346157570330447,0.4473167954724791
0.6752046122385652,0.902632070797877
1.0,4.838054692147105
