alpha,s
1.184108734481984,0.0
1.1752613616598575,0.1110778793596636
0.8999678262649854,0.2587652460332376
1.1611827865932862,0.5534779882833376
1.3141407217454246,0.9704391134987936
1.0,3.1911939901352144
