alpha,s
2.618685491036105,0.0
1.2170258982678472,0.005827719674598763
1.0425919224828548,0.057603877023737385
1.2339341232492498,0.19449375376857145
1.2514057458489334,0.46863723001340285
1.0,3.410880225199895
