alpha,s
0.9080304150877133,0.0
0.7894715386981114,0.0681442652196414
0.45441345144843076,0.227381134544782
0.7057647681879328,0.6764863534221364
1.0064188321090908,1.2578395223988792
1.0,2.9189157416349145
