alpha,s
3.201275786070035,0.0
1.8613271385931158,0.05523483506092058
1.4612837478173835,0.1762314966275943
1.3489982375263052,0.3970345059648035
1.0778973396812843,0.8014515866091383
1.0,3.3022112312387546
