alpha,s
0.6459146223408376,0.0
0.5754868171876119,0.07037076163793049
0.608449677618723,0.24417531283141694
0.6571078212948838,0.5406592211778134
1.2154815406402184,1.16754940207368
1.0,2.8875720935277163
