alpha,s
2.6485162392194286,0.0
1.4613891740160443,0.00649601403249118
1.0785263299578944,0.04840517285302691
0.9887476959573673,0.17781506573542644
0.9744550488181833,0.5429494827942994
1.0,4.249773960827746
