alpha,s
0.7795481954237954,0.0
1.0377108285521761,0.10159109631562686
1.1201362620136808,0.22093619032276512
0.6287572762013469,0.41656730826069277
0.6189703728008144,0.9652886548004243
1.0,4.417746765998214
