alpha,s
0.9611631948998512,0.0
1.2543779067649574,0.09490296017087357
1.1870263343001273,0.21181917559944966
0.6469487874015695,0.40072024214451907
1.2194466379357456,1.0797278594982793
1.0,3.99100484176244
