alpha,s
1.2352968286112982,0.0
0.9770951461001303,0.10838038502542685
0.8341239231426459,0.29119631285923797
1.727064473710362,0.6451054434271798
0.6444467481427248,0.9252205386667236
1.0,4.204893341264985
