alpha,s
3.1902099026404853,0.0
1.849072293257308,0.05349368146966313
1.527767831768094,0.17391373578159042
1.4884887206054163,0.3869717091890458
1.0505956870367308,0.757557796569452
1.0,3.22773418147904
