alpha,s
0.671391935229996,0.0
0.8717844243939041,0.05539762719696848
0.8663357900189629,0.16017306861361072
0.671395926066645,0.3607610674076255
1.214777248135754,0.885702921233537
1.0,2.2669532782998845
