alpha,s
1.2989586270579636,0.0
1.0820844724265115,0.1092099412501887
0.8188417488966282,0.2804691316777884
1.215114225565591,0.6030074859531769
1.0091555459037063,1.0143743709120452
1.0,3.0372778326742877
