alpha,s
18.185787619924717,0.0
2.324114919855205,0.00401478563665482
1.667778885449065,0.054431759213727705
0.9329171212539312,0.17612130401952855
1.3609216364592758,0.6556386790013078
1.0,4.125182163700378
