alpha,s
0.8417175377992396,0.0
0.813741696843474,0.1256322642411851
1.0544319902231154,0.30295053280301076
0.8773887937591518,0.5078997129693308
0.99986334200527,0.9696328842557275
1.0,3.6260729901886015
