alpha,s
0.00018723698426338428,0.0
0.004763802866923262,2.140821917808216
0.01728954293689385,3.0969863013698617
0.037080529522267446,4.281643835616439
0.330865818357302,6.277260273972606
1.0,9.4986301369863
