alpha,s
0.00019526538047678243,0.0
0.004284450981335756,2.186849315068494
0.012409457040597493,3.6115068493150666
0.355288643706902,6.2915068493150725
0.284746297125045,7.04383561643836
1.0,9.4986301369863
