alpha,s
1.6534248650307075,0.0
1.2524034217918398,0.058226238061144985
1.5198342740321107,0.17540792655598184
0.7600779400646667,0.3183411298734336
0.8157967547980163,0.9251203473347939
1.0,3.794074768912708
