alpha,s
0.024546230795607825,0.0
0.05049364217587179,1.883287671232874
0.1723682524064381,3.74246575342466
0.1486278797887984,4.359452054794522
1.1011558760533018,6.549041095890413
1.0,8.22739726027397
