alpha,s
4.431030404258424,0.0
1.190565767929322,0.0021773423096066
0.9882513848469198,0.0447765879200012
0.9779198304820058,0.16715728717654174
0.8646138667048628,0.474809524915141
1.0,2.5176989834562904
