alpha,s
0.35739222703877216,0.0
0.8174008858489551,0.09755133526145882
1.0884104207513883,0.21471102152302746
0.748659750352329,0.3775285798678975
1.6354232526991255,0.9390283799797167
1.0,2.88126986633147
