alpha,s
1.008517408628808,0.0
1.0319598352341646,0.07972033558058522
1.029487647919365,0.21007399133333757
1.1490421915729108,0.4282968480337023
0.9848510676722148,0.8132078426711145
1.0,4.807203971486298
