alpha,s
0.12696028613710827,0.0
0.5653448918810782,1.96712328767123
0.21943135107455936,2.36438356164384
0.5010122114571683,3.815342465753422
0.4911227718334462,5.119999999999996
1.0,9.4986301369863
