alpha,s
2.347568534271602,0.0
1.2388917790094927,0.0336734260874784
1.2312431177555034,0.1447664888669593
1.2662209553856791,0.32867282555432453
1.1919048448496612,0.6984720104773955
1.0,3.804232756541087
