alpha,s
0.31728710832952756,0.0
0.7324692488612988,0.10692074827488594
0.6849298801934202,0.2146070279358668
0.9145656013358061,0.4630201845790892
1.3574016640119484,0.9154358024748299
1.0,3.55432385605462
