alpha,s
17.909268961708957,0.0
3.305923601542511,0.00439858896861946
1.7587155562794168,0.04218497935149218
1.2568495212276964,0.1614073429620945
1.2231985122718578,0.5085358999627897
1.0,3.816270046028389
