alpha,s
4.398408008338134,0.0
1.9877580221296243,0.03617075989533765
2.0241010708630816,0.13941192424804974
1.4962712585369111,0.29169551973560687
1.578284167375905,0.6561812579368016
1.0,2.3115130505410466
