alpha,s
0.23869900606953942,0.0
0.4490199444140209,0.11076296895092343
0.5231817563037385,0.2697441332501306
0.9444654326038742,0.5474594340676823
1.0118348795377465,0.9234589100260778
1.0,3.8214000642148753
