alpha,s
0.3541328341220114,0.0
0.5445625251460101,0.0946173775611927
0.7513516181093882,0.2379054232149743
0.8413279439553865,0.45159148771515323
1.074833716626609,0.8810372719061141
1.0,4.954296749221991
