alpha,s
0.9370499204324388,0.0
1.2787773549472248,0.0576752793598166
1.0864136494542898,0.12549058914707484
1.0003467923443348,0.27735254253431624
0.9965578670781455,0.6792426241414716
1.0,3.5765476190091947
