alpha,s
1.139847559185948,0.0
1.2232524927940895,0.04834083478585595
1.0379636808026598,0.12817875489947367
1.1298752388260798,0.2967362561870553
1.0145436418599092,0.6443919715838051
1.0,4.454284227318352
