alpha,s
0.06077166392795513,0.0
0.5553644566076478,2.031232876712326
0.18195715484172217,2.36438356164384
0.2238506115836068,3.82739726027397
0.8090477646379404,5.936438356164389
1.0,8.16438356164384
