alpha,s
1.0639468928021172,0.0
1.012622512802113,0.10827165943857965
1.0997533623106128,0.26613612036061585
1.0367591930598254,0.4862763701370208
1.1029224120028798,0.9280986681385484
1.0,4.479515160193009
