alpha,s
0.014351320052223827,0.0
0.031060641980370566,2.16712328767123
0.13198736117711213,3.74246575342466
0.11700691942730462,4.600000000000001
0.5457001061716754,6.73972602739726
1.0,8.17808219178082
