alpha,s
1.0115542797850974,0.0
1.0544869839423034,0.13005151015516778
0.9614075716393556,0.29744281141354717
1.0370446670615379,0.5693760163854289
1.0339286067387627,1.036941262526796
1.0,4.722073370022495
