alpha,s
0.856686619526835,0.0
0.9701643543827683,0.07125030424775693
0.9716567632132238,0.18778883187998
0.8246651222849426,0.3866409410666068
0.668034859366564,0.8693439457533276
1.0,5.15589609131489
