alpha,s
2.49589573099531,0.0
1.3229069532062747,0.0293337714329665
1.1125739416112228,0.125499585831097
0.9618422484646013,0.3170390375389505
0.864490604078134,0.7306549057713272
1.0,4.654195078482582
