alpha,s
1.7977046194375539,0.0
0.9569961475111756,0.05014110009272
1.1039872811939613,0.18804261314072057
0.8201549174804136,0.39539231497749067
0.789465725164393,0.9178432209362162
1.0,3.5152874049639125
