alpha,s
1.3556137811460895,0.0
1.2365117639177374,0.052007350970834566
0.937448193196809,0.15620224026040677
0.9771866992469415,0.37624101735434773
0.9815726828181972,0.8321541854235226
1.0,2.9559236424125683
