alpha,s
1.110612570990957,0.0
1.105311242735529,0.119545548866695
1.1571482007480023,0.2812723531123345
1.0511190305668714,0.51067372431335
1.1097566481521004,0.9805289683182516
1.0,4.6121870440806765
