alpha,s
0.33918604063816926,0.0
0.6774720106917793,0.10159109631562686
0.8713828236192767,0.22093619032276512
0.5125709698847452,0.41656730826069277
0.5244299529749992,0.9652886548004243
1.0,4.417746765998214
