alpha,s
40.802594046514,0.0
4.861076888193012,0.0036242329125380215
3.155790726368022,0.042956761048548425
1.4873163777414475,0.1330538252103282
1.4182081803334103,0.49581719497981347
1.0,4.437751881640626
