alpha,s
1.2210990386687888,0.0
1.1428788744461325,0.06843393760474403
1.0389240298099975,0.19114617458334693
1.004576021518085,0.4101729715130458
0.9794305979198746,0.8488748488579684
1.0,3.5428163831630046
