alpha,s
0.0009737350400134386,0.0
0.006482468026750522,1.587397260273974
0.020864412202771104,2.9304109589041105
0.06999274375787198,4.705205479452055
0.2691571947752066,6.587397260273972
1.0,9.4986301369863
