alpha,s
1.059059848515763,0.0
1.2050101462629803,0.19051597331679526
1.4022083687948577,0.40733372301557325
1.3086453379276142,0.6720026402460038
1.3606093412866642,1.145166215503183
1.0,4.521663553883115
