alpha,s
0.4542261752479398,0.0
0.4836071388515275,0.04688948121952566
0.5379019034443951,0.16464744819512958
0.3309886295382296,0.33685675899540435
0.18869477698290177,0.8138210243186321
1.0,4.732380957371127
