alpha,s
0.29400909923401425,0.0
0.6803552494897801,0.13166455377474132
0.7904970231994084,0.2875145893462532
1.1506492045728178,0.5439011854594358
1.0520262012526176,0.8677771363761273
1.0,3.2753202619593016
