alpha,s
0.8606434561068279,0.0
0.9049407722683678,0.14689133091145154
1.2487129791244937,0.3339542299910788
1.0549405443926834,0.5411013699961087
0.9598909494819987,0.9920985202791771
1.0,5.067828542455635
