alpha,s
0.9038909706466313,0.0
0.7455243822742688,0.07490447541297994
0.9653534602937569,0.2337078035226656
1.0147841881349087,0.4472073630812766
0.9909091171528274,0.8422320030405093
1.0,5.345069928063942
