alpha,s
1.411544859186756,0.0
1.7071667520756864,0.1079392916124763
1.2684815874946616,0.2293638868417807
1.6702689245375504,0.4679285512319456
1.545946969900575,0.7839612239898168
1.0,2.025857851742593
