alpha,s
2.351679779953192,0.0
1.2687608770348067,0.044166100501257105
1.2248315854908287,0.16459822988405182
1.1180117174479796,0.35574200193292144
0.8934719075912885,0.785490952381506
1.0,5.13455402999264
