alpha,s
1.0351671951875792,0.0
1.172268765891235,0.12821429266766693
1.1542628622621922,0.279859040217315
0.9667887878036849,0.5056863975800725
1.1080517639890066,1.0059777273799064
1.0,4.296655323352809
