alpha,s
1.133377089440452,0.0
1.0221403637796793,0.08477278270759452
1.2805693086186078,0.2286425681409248
1.042835110976969,0.4174582470417455
1.1837823983464377,0.8575836202772961
1.0,5.211271838786477
