alpha,s
0.9704697445707399,0.0
1.0865066935599716,0.12824955783618852
1.0364929401733851,0.28628585936469314
1.0796082949369394,0.5293713965209994
0.9375327917448721,0.9796236053044793
1.0,4.247794189553562
