alpha,s
1.0637574985726288,0.0
1.1100683291505102,0.1192212682455446
1.1555617145851078,0.2748301052699106
0.8216742778641828,0.5011687265344116
1.1147464210636817,1.0823233802156595
1.0,3.630991963463752
