alpha,s
2.0299473609893717,0.0
1.607373016481815,0.05066247861926768
1.3873670886486176,0.14762524903532595
1.6572180624972892,0.33567424423346254
1.4240249094814863,0.6307687074786784
1.0,2.2918374400050388
