alpha,s
0.5644878565756181,0.0
1.0396695145409673,0.13962250699725787
1.3488542479426768,0.26721217475032266
0.876884668711311,0.4248174144534148
0.9886333311296777,0.9315146607592099
1.0,3.3966839076320863
