alpha,s
0.20802832401204754,0.0
0.3316786567427954,0.1198867919054986
0.49475266407106583,0.2703611527129792
0.6510342410827693,0.5026856879513915
0.7723160725762015,0.9296096956052394
1.0,3.675679534208568
