alpha,s
2.7009035994940587,0.0
1.2809203907401157,0.02857096995334702
1.0898013839586926,0.14344316577829186
1.468707624144507,0.35968166292109344
1.3136808619249267,0.677786230474475
1.0,3.0735397591789657
