alpha,s
0.8664218024179776,0.0
0.9245850605866275,0.06616943445942228
0.8266268893330662,0.19060007769608894
1.296183918017057,0.4270072664621847
0.7596447993836202,0.7321772644265869
1.0,3.771647638872122
