alpha,s
1.0533509529201557,0.0
1.0650814043989982,0.07262776772616462
0.9562107693765834,0.18280555273855495
1.074510073755804,0.3889416829488167
1.006054855984991,0.7686238740650525
1.0,4.249406379494682
