alpha,s
46.03217315573641,0.0
5.24207229808836,0.0030190315325958014
2.5540512905857957,0.038630992873813184
1.5557871172374775,0.1484129094830251
1.647929315726358,0.48626410643744394
1.0,3.6440417138839543
