alpha,s
1.010198860985078,0.0
1.0229104078920737,0.0878502712853988
1.0056705512678983,0.2257532174487756
0.9189638014819345,0.4504662795978332
1.1036527593765249,0.9324062124290028
1.0,4.013985581384269
