alpha,s
1.4534740976956841,0.0
1.065831227422832,0.03658770029215541
0.8085224821234621,0.13568789794537778
0.8639557911418098,0.3874837733356737
0.7740499604132387,0.8614228438273916
1.0,3.0702484356078394
