alpha,s
1.4624209334188767,0.0
0.9687351853809765,0.0782204765170724
1.2439209536085798,0.2347296641817689
1.1339019878194472,0.42929318097594804
1.424459981202504,0.8356435463769328
1.0,3.521731079606117
