alpha,s
0.6549206736428085,0.0
0.726536407882344,0.1197336969717256
0.8350660525927082,0.2757568789926384
0.862954660551876,0.5048596397959956
0.8972912947644391,0.9571577036461576
1.0,3.431154274978012
