alpha,s
0.4413558737066203,0.0
1.1240595520216974,0.0817787408236481
1.185075454147334,0.1649881094657572
1.0208800184658375,0.32456920365541003
0.6859810108151149,0.7006074055920266
1.0,3.1399998713204527
