alpha,s
0.043168660518776915,0.0
0.07588607678271171,1.95342465753425
0.5557086356962851,3.023013698630138
0.06874586591832708,3.28767123287671
0.29565223867683044,6.094246575342466
1.0,9.4986301369863
