alpha,s
34.113667413095556,0.0
4.646214579154841,0.0038981478970560603
2.206884903223178,0.04267442635807703
1.765263511458487,0.168849315788092
1.117529725677169,0.44964968923791443
1.0,3.6391224829422337
