alpha,s
2.0467684032606996,0.0
1.1564665163091212,0.03825139217087025
1.2083157427532358,0.15061565055601675
1.1124086247868328,0.3422576271428641
1.2588416245349605,0.7572551408148218
1.0,3.783155861718357
