alpha,s
0.7860467706538273,0.0
0.8219516775605433,0.051157607453443416
0.9673509167172732,0.14300109353753865
0.8839674145247544,0.2827961301574337
0.8909607087343727,0.6428910749589566
1.0,3.833091349699734
