alpha,s
2.9499297243506217,0.0
2.251332235087202,0.03351659035163022
1.2174085806827157,0.10242506634735159
1.2932011560557342,0.31799343292311444
0.9683530296444486,0.6792108914064486
1.0,3.4426995844969346
