alpha,s
3.648502757837939,0.0
1.8747105681909246,0.033719052579219456
1.3977642512017956,0.1245285472325692
1.4884616668583344,0.3179058954999696
1.1258982680056617,0.6419668171478055
1.0,4.540256284302601
