alpha,s
0.0027828011019573728,0.0
0.01232732274291183,1.168219178082196
0.017120808720936867,2.190136986301368
0.1087088023303735,4.198356164383564
0.36752731203201155,6.128219178082195
1.0,8.22739726027397
