alpha,s
1.2491221012245823,0.0
1.0449291457470353,0.1592066622222756
1.0891089688717603,0.40539137813660564
0.9124267567314195,0.7403614189592074
1.1927069791588907,1.4364665355626425
1.0,4.11415453228878
