alpha,s
1.882729422085683,0.0
1.266751169725345,0.048425235347110865
0.9164361384047929,0.16231105310952115
1.3779604013495264,0.4183627317013284
1.1905146884728928,0.764013900353387
1.0,4.168387418086945
