alpha,s
0.29811356917510023,0.0
0.5035513011142808,0.10201271725092244
0.6195706816777768,0.24496577171171155
0.9581779806659577,0.5080057312597271
1.2154296922243162,0.8941860042976718
1.0,4.364102499384303
