alpha,s
0.1579034105838108,0.0
0.23481626315658896,0.07831855061310426
0.18544395524106405,0.18275622046570594
0.15279840306627562,0.3877585833795274
0.05236896833948315,0.8003203449998442
1.0,4.984509506719012
