alpha,s
0.5495917485204893,0.0
0.732771287271431,0.1311585603131022
0.7556844494025937,0.3006392879385279
1.1699588073863505,0.591655676178404
1.0207667047552436,0.9752671001188424
1.0,2.982470227817864
