alpha,s
0.16279840751742958,0.0
0.2176718344618828,0.09374135887030347
0.14891362334556404,0.21349806297419419
0.13817212634661732,0.48077571279629244
0.052890361358699706,0.9380979703723418
1.0,4.751276994038338
