alpha,s
21.43958189482157,0.0
3.355570415371034,0.005429949716924741
2.0253889558792655,0.05278784767188438
1.585576655025418,0.1753124635627123
1.191547337844618,0.48001921018051247
1.0,3.8357875633355536
