alpha,s
1.112053053020394,0.0
1.2001223726909493,0.10040810733222974
1.015379374143601,0.2309794285607293
1.3038362897928912,0.4662117833606208
0.9903718144399482,0.8225336103697207
1.0,3.647327752226814
