alpha,s
1.0081852036773937,0.0
0.8212155300255571,0.057581367264083076
0.8338965374557568,0.1920246996311928
1.12785507132719,0.43609850787247095
0.8600363125214893,0.7930021932488801
1.0,3.571268406741214
