alpha,s
3.0765952346049565,0.0
1.3007990293895666,0.00425663287456466
1.0837786795489943,0.03958385198295859
1.3217503719883206,0.144381700981114
1.028494412945537,0.3763648743336184
1.0,3.791988272980953
