alpha,s
0.7250410105839291,0.0
1.1003772658773148,0.07985798545740244
1.1219590671878852,0.1868081896983308
0.957931490823008,0.39628075512083627
2.1094540504626624,0.8901884442657436
1.0,2.6686268682721384
