alpha,s
1.0029582229404728,0.0
1.1668671686132668,0.12970061350534834
0.9809702010789503,0.2791797086491576
1.0188896465287616,0.5470449792304896
1.3500177458436262,1.026853219909674
1.0,3.259678087821683
