alpha,s
58.51423870952628,0.0
9.629160447016291,0.0038122418684001604
2.98992260452856,0.032459679244838446
2.1262437337661524,0.15961719804128183
1.633385026691221,0.46268975539061385
1.0,3.7430840705992576
