alpha,s
7.917525968050706,0.0
1.722028074373434,0.005429949716924741
1.2807322108694945,0.05278784767188438
1.2001955752667424,0.1753124635627123
1.0353886926872196,0.48001921018051247
1.0,3.8357875633355536
