alpha,s
1.0603937795755496,0.0
1.0424475737539858,0.0693833942465857
0.8174404050923249,0.1854605838917871
1.1788306202826635,0.44284692643272694
1.0282967375516399,0.821804145396939
1.0,3.1314457520310306
