alpha,s
1.2860480608775735,0.0
1.2047216082884946,0.046672615408557556
0.9598101865252716,0.12716843858015242
1.0291688999398354,0.30565520799918733
1.2242106813424158,0.6632068530966663
1.0,3.732497565109125
