alpha,s
1.2488477916314993,0.0
1.2998458497355487,0.15433779733088673
1.2314363209719987,0.34102893698215897
1.0680984064909573,0.6356558380006935
1.1584739839314484,1.1734655416189093
1.0,4.906445202640491
