alpha,s
0.05748188709510896,0.0
0.2143591214471634,1.978630136986298
0.24778571195704258,3.01095890410959
0.19697474120789932,3.82739726027397
0.5281006842826571,6.344109589041098
1.0,9.4986301369863
