alpha,s
0.0039231096041883115,0.0
0.013185368605356683,1.0997260273972562
0.027845811727048378,2.36438356164384
0.07966684925706558,3.2547945205479425
0.742549036308494,5.8252054794520625
1.0,7.16986301369863
