alpha,s
1.126269940700202,0.0
1.326393267615235,0.04461162645970728
0.9937613654540721,0.11046188300145691
1.108100568243426,0.27715780399254286
1.0409244105274806,0.5837378467002933
1.0,3.3920441201644294
