alpha,s
0.06711252301326025,0.0
0.6162796523285553,2.23013698630137
0.14038736933760104,2.48767123287671
0.33157369387062346,4.35068493150685
0.6522960161396597,5.85479452054795
1.0,8.22739726027397
