alpha,s
0.014932574041869685,0.0
0.028334254050341973,2.012602739726026
0.11062790111382989,4.12328767123288
0.22551500170111224,5.15890410958904
0.46223513223537144,6.33424657534247
1.0,9.4986301369863
