alpha,s
1.1117622237189266,0.0
0.9530615737319975,0.08143094835952122
0.9609956707826918,0.22338346885716667
1.1202715785587618,0.45105579269781626
1.1810540987796099,0.8430694010967009
1.0,3.759620269816852
