alpha,s
0.07684226424246257,0.0
0.21611751954062045,2.288767123287674
0.22379284849152012,3.3895890410958893
0.42485978924179973,4.915068493150685
1.2203304748858042,6.73972602739726
1.0,8.16438356164384
