alpha,s
0.0777136690176877,0.0
0.2019819247582777,1.98630136986301
0.20010211105610384,3.01095890410959
0.3520942056362507,4.15287671232877
0.8922927215998374,5.781369863013698
1.0,8.17808219178082
