alpha,s
1.5195689843916134,0.0
1.16443099397254,0.03404501048341948
1.1166632760145114,0.10742501220312194
0.7891509267368166,0.2485339853194788
0.7984269177451749,0.6836711299215156
1.0,4.443598510150594
