alpha,s
0.7479831138300751,0.0
0.5490804335243626,0.047980152853081326
0.6392626657014101,0.1828971686870439
0.7331241037995215,0.38414509246367123
0.5663651330997311,0.7816178630566469
1.0,3.3579556253966767
