alpha,s
0.08110446668019981,0.0
0.3819376633660808,1.82739726027397
0.12320589694754688,2.29315068493151
0.25917382669741384,4.279452054794525
0.7551154442644116,6.277260273972606
1.0,9.4986301369863
