alpha,s
0.5609327456529074,0.0
0.8981294413438705,0.10692074827488594
0.7179828547731807,0.2146070279358668
0.8727874003979298,0.4630201845790892
1.221677627322979,0.9154358024748299
1.0,3.55432385605462
