alpha,s
0.7968710712513701,0.0
0.66214380033355,0.07163289425441337
0.8256700612177383,0.211575795983641
0.699200910113879,0.41677711330947026
1.261387117803143,0.9461418766175362
1.0,4.364185845613903
