alpha,s
3.3830584627098395,0.0
2.0341894380630468,0.0374861836575017
1.185791847064647,0.1261723470057485
1.4283063407273988,0.3582416318492281
1.1892753436509227,0.7071066491705984
1.0,4.885286964295417
