alpha,s
0.4057950811081509,0.0
1.0729567944546217,0.11278601515819246
0.7917092201735249,0.20973221987860569
0.9115777621433727,0.45326941194825665
0.6591269034861091,0.8527992283168613
1.0,3.398722201815151
