alpha,s
0.9726555386924608,0.0
0.8653057654914071,0.10819246645290292
0.9162592584662316,0.2866398936114022
1.220976877723399,0.5598143051148776
0.9393695535971514,0.93078019235297
1.0,4.168761028760657
