alpha,s
1.0789653674714867,0.0
0.8145718482555495,0.07077801420050076
0.904994809551825,0.22070753810985289
1.0128550386820647,0.44484951322402183
0.9977977474507602,0.8452083158575932
1.0,3.367233611601253
