alpha,s
0.02029208011884526,0.0
0.06908098085969189,2.01917808219178
0.14258162497413526,3.01095890410959
0.12984618908543785,3.818630136986305
0.5548920774924705,6.349041095890412
1.0,9.4986301369863
