alpha,s
2.5409713801362317,0.0
1.9958021005967048,0.0464559604826307
1.8828161135182642,0.1320518654581352
1.1832217699111893,0.27978410627285133
1.347289300434752,0.705472213753151
1.0,3.214587334539961
