alpha,s
1.111000115696745,0.0
1.0408151311354037,0.11882584779984898
1.0348901194643207,0.2896320221897218
1.0277164676944208,0.5426519096966098
1.0044716384475103,1.0088608252793336
1.0,4.368405044653748
