alpha,s
1.0677618135537457,0.0
1.05179232262512,0.08909459979266164
1.1538544430802895,0.2337065659829931
1.0767252471159001,0.44477430196383666
1.3849899561819647,0.8935166534736608
1.0,3.9497550313542495
