alpha,s
1.0214762143843918,0.0
1.0765285550948047,0.11930527984111929
1.197873856492648,0.2748521337415758
1.0393628635852308,0.48099301107388986
1.157215107002375,0.9372528412112193
1.0,3.334293853259888
