alpha,s
0.2692784142810599,0.0
0.5064242107523982,0.11353974917807474
0.6310400264293895,0.25827912583983537
0.8332089661499326,0.5013931432550274
1.1794756525102112,0.9548495506161615
1.0,3.712896067053788
