alpha,s
0.9370614425274557,0.0
0.8186367701888819,0.048046135881004405
0.9406276757025301,0.14628291769609042
1.1315629733299999,0.31696958040945905
1.1225321754764186,0.6461679208845252
1.0,3.305754745263118
