alpha,s
0.3317173550753365,0.0
0.5548517471011238,0.10988086346170425
0.6176188530832054,0.25701571187931327
0.7904522477322828,0.5158250098628938
0.9294556734349219,0.9745370213341138
1.0,3.758618934567417
