alpha,s
0.29000681151547386,0.0
0.6092121427248451,0.10901876980332989
0.8698433229632664,0.23795191168546206
1.0002466086822543,0.42465471722484993
1.333903631696645,0.8118750146898946
1.0,2.756538471672336
