alpha,s
1.6696780025725009,0.0
1.0833863902024128,0.046699973596372804
1.41628780143345,0.16197602731382763
0.9863798377501432,0.322167659594514
1.015296508249995,0.7760905794324798
1.0,3.343349552670907
