alpha,s
0.02308285601826582,0.0
0.11050954766823497,1.82739726027397
0.09663189515155467,2.48767123287671
0.4087210627011588,3.5917808219178102
0.33811552468792544,4.39452054794521
1.0,8.16438356164384
