alpha,s
3.023045372896894,0.0
1.2586330956331646,0.004067179406949581
1.0686350965212397,0.04162532834790053
0.717691378439771,0.15095099134372236
0.8605062145791196,0.5519552674244494
1.0,3.7731463706284063
