alpha,s
0.8411070507636427,0.0
1.1077759215927059,0.1279473651656438
1.1698314137856682,0.2679929756401647
1.1137392073724826,0.4810735807154078
1.2883368945893503,0.9348336803016372
1.0,3.0472886982870047
