alpha,s
0.3294801331589576,0.0
0.8629836824181006,0.1275964069065903
0.7158763905328318,0.2512699456306832
1.001101121719411,0.5318827888979812
1.0501975133228527,0.9038690985113328
1.0,2.5578789966339794
