alpha,s
0.28505775401494543,0.0
0.5935569997029786,0.1139473212179777
0.7404322232290149,0.24234189972332199
0.9313461883935501,0.46262558749830307
1.0827439350549337,0.8589707355518467
1.0,4.147117736562271
