alpha,s
0.3389018219594218,0.0
0.5036889467732347,0.1121849970777771
0.8055293141318282,0.3169804526131969
0.9364901209513513,0.5410720326419511
0.6195332147095434,0.9174714123434278
1.0,4.019964434825625
