alpha,s
37.24868309851575,0.0
3.3099908085044145,0.00324249035538028
1.9864740203087639,0.05416668919700881
1.3033894722294064,0.18266585820090264
1.4392333704902938,0.5769800952934461
1.0,3.428030802287344
