alpha,s
0.6571558247983277,0.0
0.8633746365951284,0.1047375072257651
0.6910318992704599,0.25404526219977375
0.9490035617670665,0.5823087068408523
0.9372809172357308,1.0186608176210765
1.0,3.651937584199578
