alpha,s
0.08214182238109702,0.0
0.29688272932593807,1.4723287671232843
0.11153225394032842,1.98630136986301
0.20322084287817097,4.193972602739728
0.911417721523096,6.305753424657539
1.0,8.22739726027397
