alpha,s
9.657577712719139,0.0
2.542165626054638,0.005087850941304226
1.4694547365085422,0.04334764248904361
1.0222208895060532,0.16317682963093846
1.186766614390231,0.5502594660628984
1.0,4.614667434589394
