alpha,s
1.1963738028301247,0.0
0.870993324518502,0.10808856987253176
1.2507182439684192,0.30272676957295913
0.9895660144421209,0.5036427521782186
0.8606932578830011,0.9621797617534515
1.0,4.316814209145159
