alpha,s
1.0790952035426502,0.0
0.9500743560336493,0.12082613409434925
0.9835094467591707,0.3074469140510578
1.0493944983088437,0.5720808019234207
1.1458361993755053,1.0322618310046587
1.0,5.018460921655775
