alpha,s
0.00032734868376709414,0.0
0.004738879436482214,2.00712328767123
0.047102238500386064,3.82739726027397
0.07610626428621418,4.407671232876712
1.1225840693298652,6.10739726027397
1.0,8.03561643835616
