alpha,s
3.2262602366745536,0.0
1.6792097709036644,0.049840849915252
1.1490728521162406,0.1678616757158803
1.4612106382177992,0.4282956269710981
1.5818811718126027,0.803902976642814
1.0,3.308493763062955
