alpha,s
0.7846715202644707,0.0
0.7803064627333166,0.10196030375829443
0.6789286109404724,0.25087812888314104
0.8866818303183926,0.5248197327329196
0.8548271556503702,0.9674133915432404
1.0,3.667799772457904
