alpha,s
1.0132729608580098,0.0
1.0878639263062686,0.12245052968395766
1.215469338910778,0.2820001899223792
1.1646150317556454,0.4988314778661173
1.052945052961832,0.9109426878857518
1.0,3.945422035732641
