alpha,s
0.47392812584913907,0.0
2.072818291098292,0.08279305839411918
0.8859334054003942,0.13130133294536028
1.2480252980481035,0.3731617737684397
0.9472320779499227,0.6902859181014223
1.0,3.67341850745239
