alpha,s
0.06673333012313416,0.0
0.07946619922445837,1.95342465753425
0.14535964777669944,3.815342465753422
0.43442895925250596,5.731506849315067
0.8770024846626776,7.04383561643836
1.0,8.17808219178082
