alpha,s
1.230412577028495,0.0
1.3847235391657275,0.04401620838223603
1.0761881060870166,0.112544296528717
1.172396434820438,0.27599606106620483
1.1818169860143153,0.6115590825048741
1.0,3.121129488854097
