alpha,s
1.1435398082412531,0.0
1.075934684197844,0.11398844459301312
0.9974257561374372,0.28054070715831875
1.1159292321997414,0.5509412788358503
1.114397285898256,0.9829391322323373
1.0,4.264971145639486
