alpha,s
0.8548003764811046,0.0
0.9406838508363007,0.11626223772105294
1.049080516034695,0.27689859066073075
1.0910888804885788,0.5048706550110009
0.9185221213296945,0.9168345581838659
1.0,3.759345879760776
