alpha,s
1.101474171729372,0.0
0.7710920641911156,0.11278123774022994
0.9266837039929494,0.33980221409748923
1.106645342631073,0.6107934464857013
0.9880171576416358,1.0334514000928883
1.0,4.60995038468682
