alpha,s
35.54292441568087,0.0
4.335465905229674,0.004258430269413061
2.1412715036411503,0.05043480385764528
1.5734378229056025,0.1878621804484304
1.3967589424582005,0.5469609976996307
1.0,4.501707356007143
