alpha,s
2.5872770037686186,0.0
1.4165978884911046,0.041757876044681466
1.404493366901666,0.1565752346503096
1.0349340194793242,0.3313246782588816
0.985672006653083,0.813277421689994
1.0,4.760190859433259
