alpha,s
12.111800669819676,0.0
2.1140386944971903,0.003968486775973
2.016579824017342,0.0535230860407758
1.654195317840738,0.15628058212428297
1.4379718176138772,0.4464579496696848
1.0,2.7802521236928053
