alpha,s
0.9998044199971555,0.0
1.1978453626239665,0.11685481499632056
1.097488518967372,0.2505573359654153
1.1329764173294412,0.47782787161362217
1.0425288325596953,0.8862808641514573
1.0,4.9841899241729655
