alpha,s
0.8952932931743295,0.0
0.8949784745750617,0.0480205944180092
0.759680559514031,0.13807013846616878
0.8957453505615375,0.33582786305449036
1.0413965060588195,0.7357732300253437
1.0,3.621844214757487
