alpha,s
1.7910535784411974,0.0
1.6788451576207872,0.03269503974951222
1.1402649209460087,0.10636246030252713
0.9407464985220361,0.282463864007341
0.8970953367721088,0.7499380533498928
1.0,3.603363440429754
