alpha,s
0.8149971008397081,0.0
0.8203230227777175,0.09058077903405704
0.8221753106922175,0.25507979883229126
0.7386467683869504,0.5493528970846163
1.4454839082125495,1.1482987375282494
1.0,3.1383311703692782
