alpha,s
0.325033956396673,0.0
0.46494839734704607,0.13168479375521316
0.6247406225399634,0.29752042022599334
0.8870610347698675,0.5437378996194361
1.2341505627527842,0.9291703159692543
1.0,3.2491166708150256
