alpha,s
0.4848242157508691,0.0
0.6031549517082871,0.1278518506342193
0.6495304680171254,0.2910956738877174
0.7716749562286165,0.5552952398323039
0.9965020400718497,1.0332970428052797
1.0,4.452210190383558
