alpha,s
0.3991240809296494,0.0
0.653769476793738,0.11576695618871224
0.8766491686962753,0.2644928800275774
1.2921478626450238,0.4794156554451258
1.4041460693192718,0.8000454075555122
1.0,4.428391863272168
