alpha,s
0.396469589924509,0.0
0.6405983615672535,0.11153944737699154
0.8336621842767138,0.25423090360357764
1.100580492876894,0.4687555520716666
0.9337772252437877,0.8155961626385556
1.0,4.520379241606434
