alpha,s
24.498007591260176,0.0
3.7174852504862907,0.005827719674598763
2.0720972756309073,0.057603877023737385
1.9106133804571221,0.19449375376857145
1.5498987961437978,0.46863723001340285
1.0,3.410880225199895
