alpha,s
0.9761547831845538,0.0
1.0753467862113952,0.19666787493815388
0.9922922498141901,0.424149079254917
0.9914608521117051,0.7622575411052933
0.8412378754086657,1.3367266569615328
1.0,4.578871079313101
