alpha,s
1.1439917872104932,0.0
1.019163928064116,0.1130880722490985
1.0057142988093786,0.28673620178346765
1.2584622529052703,0.5494869211928699
1.130567252156966,0.93890618654874
1.0,4.469623301079762
