alpha,s
0.021315873709292922,0.0
0.04835228177513531,1.23561643835616
0.0707895217677303,2.23013698630137
0.2663465109496458,4.17260273972603
0.49888900892697646,5.58904109589041
1.0,8.22739726027397
