alpha,s
0.00041650384959536594,0.0
0.0019854302458349733,2.290958904109592
0.008221746999700108,3.670684931506852
0.009278515715578417,4.403287671232878
0.010865473027183018,5.94520547945205
1.0,9.4986301369863
