alpha,s
1.6230728561424144,0.0
1.182331419488354,0.037117376289810905
0.8696823861357865,0.13012110732612053
0.8880158847004099,0.36292733544717604
0.9725279737340393,0.8256270338921929
1.0,4.948315035997562
