alpha,s
0.6975644211976472,0.0
0.8256991930375067,0.1267978734024272
0.9664183838780896,0.2839639970801859
1.0216746617030792,0.5046996530133304
0.9706724810383551,0.9204417753999944
1.0,3.5592583913335143
