alpha,s
0.4992252250745822,0.0
0.5914892068740589,0.05093760916102606
0.6308701402448562,0.16332758341872122
0.4170377497920316,0.3542962137096851
0.28764566814201964,0.9050716742040825
1.0,4.438858333970798
