alpha,s
0.008720594384089021,0.0
0.05835382179805122,2.01917808219178
0.150904309574298,3.01095890410959
0.1337877881368468,3.818630136986305
0.5377511050384638,6.349041095890412
1.0,9.4986301369863
