alpha,s
1.2563994420153424,0.0
1.0714775682137734,0.1638161593091204
1.1322071821852657,0.4045734483876388
1.1388124176600913,0.7294846188207506
1.1250080654733692,1.2773147744348052
1.0,4.759666256923581
