alpha,s
1.012450473262579,0.0
1.1937760008841376,0.19651503375970547
1.1026518740463864,0.4063881580269817
1.0504822135988185,0.7376622184581748
1.385847040280837,1.3245547936550301
1.0,4.13994396246929
