alpha,s
1.0730427888431358,0.0
1.0682934181883377,0.18547032750975725
1.2341305183687599,0.4198963677931158
1.1109006439581415,0.712567319870315
1.2766538049168712,1.2692475576731785
1.0,3.4573965852386377
