alpha,s
1.1402256542146407,0.0
0.9680461617424139,0.10187273583688011
1.1337502850975898,0.26994477195577027
0.8578308060739521,0.4883673509811471
1.2518490249097194,1.0166502238833848
1.0,3.435288446874884
