alpha,s
9.722931849788818,0.0
2.0933201905332544,0.0041686939259852
1.3893478390676675,0.051444346250044584
1.2998613758140922,0.19245530816700604
1.2551184855969646,0.5293678066905743
1.0,3.363205768805829
