alpha,s
0.6417735634961652,0.0
0.7446130465115437,0.1109636461760583
0.8814998191703336,0.260368082340131
0.8067060122833216,0.46942912968315215
0.9071860059763734,0.9305832877500956
1.0,3.5826815921772344
