alpha,s
1.072762019200539,0.0
1.0155892457699245,0.1196555536607033
1.0246467994275463,0.2903255745935148
1.056473238678004,0.5417375283122728
1.029314534143403,0.995186109267913
1.0,4.822829582182263
