alpha,s
1.7332146171934304,0.0
1.8285564066061246,0.11609673101829662
1.3913531576031295,0.26004885311727
1.3929259488902574,0.5194713980692203
1.505998056520218,0.966266324937477
1.0,3.250689497776979
