alpha,s
0.000511019258990482,0.0
0.025677305176876573,2.01369863013699
0.015671242411072265,2.42191780821918
0.04953255893786703,4.17260273972603
0.17260221202044151,6.33424657534247
1.0,9.4986301369863
