alpha,s
0.8909850377367093,0.0
1.159322424442352,0.08900709583293885
0.9710437653368059,0.19072489236922405
1.196457865495638,0.38741302505089004
1.2149105033799807,0.7287802822656098
1.0,4.533173515208498
