alpha,s
1.4882603526415603,0.0
1.1836432905116616,0.0465112423641237
1.1083643927563551,0.151219463960294
1.2257760911813231,0.34692688774021835
1.1931825495217596,0.6970064568287918
1.0,4.678199255557522
