alpha,s
1.0921357182077491,0.0
1.057487056401889,0.07087743315010034
1.043586126963824,0.1956206669536779
0.9810978828360388,0.4043671623176973
0.9651410510131658,0.8630754156854078
1.0,4.942678401583168
