alpha,s
0.8623873067395484,0.0
1.0440142207029932,0.07044289303853923
1.0953659029432197,0.1851442093430464
1.6151658651701246,0.3688187677323016
1.3973210914908598,0.6563869356806649
1.0,2.5775023919336437
