alpha,s
3.1930576888734565,0.0
1.2929887295498974,0.00463600400321238
0.9125681996421088,0.04064577140604188
1.0047287764538488,0.16264867545126424
0.745122840135439,0.432266732303298
1.0,4.040314810830527
