alpha,s
3.112056123470953,0.0
1.9317749864135585,0.0374861836575017
1.140113586037743,0.1261723470057485
1.3907430584665914,0.3582416318492281
1.1684756032065793,0.7071066491705984
1.0,4.885286964295417
