alpha,s
1.2902729594535616,0.0
1.0797674914058055,0.005544518515518601
0.9493493472086436,0.04233991592450113
1.084492687119406,0.16148135732127547
0.8729576282457729,0.4400397425168649
1.0,3.225245654543214
