alpha,s
0.24926399089035484,0.0
0.5277514897041194,0.1245137311113527
0.6606529874778061,0.2602292677863143
0.723563667896908,0.4903979108810862
0.9949098531631798,0.985020746817345
1.0,4.493345910591978
