alpha,s
0.3567731670297493,0.0
0.5160425190759615,0.08812259667223592
0.7014406770748822,0.23409453579375214
0.747692180064832,0.44676666572371543
0.9367056176506012,0.9178112580259068
1.0,4.371995086285702
