alpha,s
0.006767988267081104,0.0
0.16682127421486181,2.031232876712326
0.08891440274148835,2.36438356164384
0.1491595589872368,3.82739726027397
0.683052388535266,5.936438356164389
1.0,8.16438356164384
