alpha,s
1.8420366613100358,0.0
1.4606325622300824,0.10886538822715681
1.6095414989934,0.2831303882113496
1.1813087000416387,0.5035423638228833
1.2191717103449617,1.011015084918875
1.0,4.847796467329928
