alpha,s
1.0447245773800595,0.0
1.1077313542817209,0.1833578838832038
1.000852555742065,0.40641430490446573
1.1280112604057015,0.7489175100684207
1.146730334935974,1.2765337687848761
1.0,4.527892826400783
