alpha,s
3.2490874558844554,0.0
1.391920267074857,0.0029248510812772
1.0859271924607448,0.0380086361404648
0.89359599469507,0.16298045670511188
1.2073574640460443,0.5833408808370413
1.0,3.0444993362313832
