alpha,s
1.8046310511281984,0.0
2.0243234602022193,0.1139473212179777
1.6737856411082055,0.24234189972332199
1.535117819943753,0.46262558749830307
1.2858496987279555,0.8589707355518467
1.0,4.147117736562271
