alpha,s
0.3033902659894562,0.0
0.5579343218880837,0.1109636461760583
0.787067400606243,0.260368082340131
0.8169923572408758,0.46942912968315215
0.9953548702831733,0.9305832877500956
1.0,3.5826815921772344
