alpha,s
1.2485362005763498,0.0
1.1005759196830995,0.04726506811022224
1.1479061157823622,0.13626032636821064
1.0113779927377002,0.29005953029073894
1.126563933130954,0.6717936297528863
1.0,4.231651037670279
