alpha,s
0.0002168136292265764,0.0
0.00331622572037938,2.29315068493151
0.014888689765716634,3.28767123287671
0.03155512488193356,4.19178082191781
1.015723949616687,6.26301369863014
1.0,8.17808219178082
