alpha,s
1.296892422327063,0.0
0.7972419502583075,0.053406817846668786
0.8209903545831571,0.1901920044739051
1.2773385846878533,0.43680632778209044
1.2558176061637156,0.755127759900289
1.0,2.7553274772567464
