alpha,s
1.0853014757825987,0.0
1.1740020026408724,0.1237889189908377
1.0389899298219096,0.2753868298548402
1.1623138119363368,0.5335805635426375
1.2875768097166163,0.9614885680344196
1.0,4.603356959951423
