alpha,s
0.27175411853210835,0.0
0.44665923245909667,0.1024289689105532
0.4936932818090474,0.2383406718813612
0.6911320233561629,0.5113007128802499
0.7151155705676752,0.9399071700608213
1.0,3.790933643596948
