alpha,s
0.752929459691289,0.0
1.0284217561673064,0.09521533745529014
0.4769512209267463,0.21837255118234486
1.2164203954742505,0.697075196527232
1.1147213138916234,1.0646428134309085
1.0,3.5699711595318013
