alpha,s
0.9150657312809963,0.0
1.012979677169744,0.1327181670663532
1.1546276215601898,0.2959161031170759
0.8497283456677762,0.5114434218402865
0.884229220327858,1.030612412567493
1.0,3.972498402906571
