alpha,s
0.6871791231226689,0.0
0.6426248276651203,0.07343138119569732
1.1317137647329842,0.23144664157002567
1.5207001533103355,0.39265634618150597
0.8735100633871338,0.6428137165942235
1.0,4.213983731932846
