alpha,s
0.010211487850291013,0.0
0.0827272318836062,1.038356164383564
0.06320258297961333,1.9605479452054788
0.1396215180790035,4.2027397260274
0.44782637205875936,6.020821917808222
1.0,9.4986301369863
