alpha,s
1.427391925062055,0.0
1.0173212477593165,0.052331590065599794
0.899714778508597,0.17363711031123258
1.0885222951593918,0.41215949989184386
0.9239133645136426,0.8068523199171501
1.0,5.36495729663597
