alpha,s
24.245692092823138,0.0
3.552676632439578,0.003595127916360141
1.7355216744357886,0.04024167579263951
1.1858888579775455,0.159612284940089
0.8664328146220762,0.5105130098413777
1.0,4.972762416510323
