alpha,s
2.4318464328725766,0.0
1.644507883680179,0.03075237652202762
1.418235725007796,0.11505204852913162
1.3370754412402326,0.28869797349632215
1.3294301068385939,0.6199263658171418
1.0,2.812609323257347
