alpha,s
0.9358296065264845,0.0
0.7757280582177115,0.0867412704032918
0.9768002283287356,0.2786285893388079
1.0810906170346426,0.5323109865915472
1.3399637783280902,0.9777481095825614
1.0,3.343121953620962
