alpha,s
1.079771488506817,0.0
1.2280592610257368,0.11813062563241206
0.9486633865192602,0.25340116117369504
1.1430403983693833,0.5261672016633256
0.9691177118108293,0.936272664293163
1.0,5.213150347220227
