alpha,s
1.0453059415849753,0.0
1.1114863722097008,0.12666976310257047
1.1414901908912531,0.2854229606271722
1.0527377372377429,0.5261436485720563
1.4867521699763189,0.99131036889696
1.0,3.391697317826838
