alpha,s
1.7328295817238974,0.0
1.4717964622274002,0.06516895732583473
0.7578437471805433,0.16216051447040228
0.8608818544792074,0.4622057156704801
0.7813499352802565,0.9187747277551093
1.0,4.62964685721725
