alpha,s
5.400680506458166,0.0
2.5126611604005005,0.033719052579219456
1.7375965915329574,0.1245285472325692
1.7198705918955575,0.3179058954999696
1.2193007848227182,0.6419668171478055
1.0,4.540256284302601
