alpha,s
0.5425174938977321,0.0
0.7552873406440546,0.12330234603460538
1.0835707464935564,0.27945901732452166
0.8422065306649493,0.4687968786507064
0.8873238299291144,0.9365520208554782
1.0,4.2090226281009775
