alpha,s
1.9752384217937156,0.0
1.037449988437805,0.030885866266208102
1.0671539040618323,0.135969375486385
0.854800914708344,0.32323377121805225
0.7849520520261328,0.8037774140009595
1.0,4.856116563602597
