alpha,s
0.014241224646257778,0.0
0.05780397352993399,1.0997260273972562
0.09677937312395228,2.36438356164384
0.14960020497984233,3.2547945205479425
0.9801958553696634,5.8252054794520625
1.0,7.16986301369863
