alpha,s
1.6385452242889966,0.0
1.0686943957157007,0.049840849915252
0.840503831902518,0.1678616757158803
1.1860214419600592,0.4282956269710981
1.3815943613763886,0.803902976642814
1.0,3.308493763062955
