alpha,s
1.0522532833636575,0.0
0.8704576796939868,0.04798110051195798
0.9998509326440159,0.150575832177184
0.704429474496677,0.3131356976023356
0.8956949657523233,0.7983939093113251
1.0,4.717559031478153
