alpha,s
1.1170497349436093,0.0
1.071399233293907,0.09219544919018277
0.8692087183869717,0.22068639975462132
0.7986805482371665,0.47217793610704806
0.8744872866555793,1.0134743708636782
1.0,4.218390726032838
