alpha,s
1.286512067040129,0.0
1.1717597730811802,0.1077586734152175
1.6194836020229866,0.2630219434272671
1.100683699398339,0.4297298866029172
0.9593492983142613,0.8844158810588844
1.0,3.393353898135388
