alpha,s
1.3553796041570965,0.0
1.189426412508708,0.09550229823678383
1.0641229788219133,0.24021710275802813
1.225547861655981,0.48904399285132844
1.0679594745116225,0.8925011440438594
1.0,4.262421936248389
