alpha,s
1.7772430939435715,0.0
0.9573366089852918,0.0058654859714396415
0.850072245321311,0.052680731884416875
0.8018553841350707,0.18524450838318196
0.8328750615965621,0.5473978990401818
1.0,4.737968310747204
