alpha,s
0.9805129465973308,0.0
1.2043054028586322,0.09972859830103271
0.7728499549016943,0.22461088413638206
0.919703038245073,0.5388195720895442
0.9558866943085507,1.0180089692133762
1.0,3.8130573577141376
