alpha,s
0.06049450057439214,0.0
0.32170754127131923,2.014794520547948
0.1258495083672483,2.4482191780821925
0.21255232173549485,4.2027397260274
0.5203025852651777,6.14794520547945
1.0,8.16438356164384
