alpha,s
0.11379840846256811,0.0
0.7671366323480663,1.958904109589042
0.3181317009440731,2.3249315068493184
0.49688311662712775,3.6219178082191803
0.5553203793886935,4.89753424657534
1.0,9.4986301369863
