alpha,s
1.098715832906258,0.0
0.8928523177877276,0.18004303991739948
1.08531017340323,0.46374958647583603
1.3440382092755334,0.8069046748841509
1.1561840139518225,1.2491847092772792
1.0,3.905490712953864
