alpha,s
2.0689009090962447,0.0
1.095789622530589,0.008459138878187085
1.1253893894053015,0.06370568715451623
1.0211761934022299,0.1844613562459792
1.0226999988679943,0.5060947464134773
1.0,5.000345812589451
