alpha,s
0.2795133748374554,0.0
0.4172733569822603,0.09305802675608905
0.5482312742752037,0.24721459548211142
0.7828031795121667,0.48020651679541926
0.7218897711766911,0.8633011682262045
1.0,4.640130843602332
