alpha,s
0.0012552212494024596,0.0
0.021375267968908575,1.82739726027397
0.017889577659366353,2.315068493150688
0.06573760592314742,4.022465753424658
0.2754471043855637,6.296986301369866
1.0,9.4986301369863
