alpha,s
0.017989416683299328,0.0
0.0854693519996287,1.96712328767123
0.04041709270179007,2.36438356164384
0.1298644938892828,3.815342465753422
0.16131226304050056,5.119999999999996
1.0,9.4986301369863
