alpha,s
0.0013624623507191465,0.0
0.019695948933832308,1.96712328767123
0.010913462550759558,2.36438356164384
0.02373315787200718,4.19178082191781
0.096096292220464,6.14794520547945
1.0,9.4986301369863
