alpha,s
0.5202304000051129,0.0
0.7587589907094123,0.16179399337266848
0.9772347579724755,0.32632598544302044
0.9187861950792928,0.5346896331272242
0.458837880834114,0.9114790147672863
1.0,4.88681203759747
