alpha,s
4.660679728237353,0.0
1.639463621665913,0.0027223815354424
1.232646393450436,0.0365126251467155
1.1143794186954714,0.1481202901207192
0.9377518922169592,0.4473804578621355
1.0,3.854396867518079
