alpha,s
0.04675924580558664,0.0
0.19169128934315444,2.2361643835616443
0.14091154807583717,3.20547945205479
0.2901274839428715,4.385753424657538
0.9563368589398503,6.14794520547945
1.0,8.03561643835616
