alpha,s
2.1061081017070316,0.0
1.3383679655183203,0.004552901183894099
1.0010375839416792,0.03523026300715102
0.9484811533756319,0.1444538934279685
0.8762628496248042,0.458209937052308
1.0,4.561049654714691
