alpha,s
2.3905627309085804,0.0
1.6605859027456156,0.0422365882220638
1.0791163050858432,0.1344134565598456
1.003536182290083,0.3564322509687133
0.9889008541555472,0.7899108627345458
1.0,3.809914378536181
