alpha,s
1.2568716345162907,0.0
1.1242943786865565,0.15538347525753038
1.135335856289749,0.37836357758595557
1.2354188969480868,0.6800360188374556
1.2744347738678623,1.1353337463375124
1.0,3.751162530374644
