alpha,s
3.244647463969149,0.0
2.3803767939950333,0.0458459636681344
1.6548300664386346,0.1266742617922271
0.9473358660934802,0.3006611312310466
0.9099222996077407,0.8024105614199418
1.0,4.033797197950581
