alpha,s
1.6667057164862114,0.0
1.2306578078478265,0.038106783010794607
1.306319338857649,0.1350726328718505
1.0769590818712926,0.28599740602442375
0.7102388157530338,0.6779202317471175
1.0,4.09563999553256
