alpha,s
1.2689915557634361,0.0
1.1406050010903765,0.04428785385967971
1.0851429308748308,0.15110857993077337
1.3667743411491364,0.35436224758278434
0.8458063554092196,0.6158281636433327
1.0,4.212611453393179
