alpha,s
0.6001621039988085,0.0
0.7613361635484068,0.0960385706239418
1.303783664665483,0.2455254535523153
0.8793291406353019,0.408510637192369
1.0002540699708307,0.874982849992397
1.0,5.037512594403919
