alpha,s
1.2127714889779804,0.0
1.1972973064740247,0.06873408336380911
1.082216783749152,0.17299978908196306
0.9768129389356135,0.3613254915194518
0.9770936415030581,0.7921455297627295
1.0,4.076869274379252
