alpha,s
32.55989448435422,0.0
5.857717389830047,0.00402657223816528
2.6031502148805528,0.034592883258900184
2.134685517522591,0.1405079235948335
1.6829703388842476,0.3932398523033069
1.0,4.493850008328173
