alpha,s
0.035507945221494676,0.0
0.06966669718794317,1.82739726027397
0.08516489423558739,2.6860273972602773
0.056438633437251064,3.82739726027397
0.19556018114955873,6.33972602739726
1.0,9.4986301369863
