alpha,s
0.04029271845585654,0.0
0.1286465077092544,1.6887671232876706
0.11617567090786123,2.438356164383562
0.15964191808266134,3.809315068493148
0.5563397151104026,6.35890410958904
1.0,8.16438356164384
