alpha,s
0.9885953784146227,0.0
1.0456582523987237,0.11285687073975681
1.1246651965069592,0.2623638400710011
1.1334659691129825,0.4857632905816496
1.4438531911512036,0.884687738757814
1.0,3.94341039030752
