alpha,s
0.9646294482455562,0.0
0.8966179833945976,0.1169560443448926
0.9114973219568904,0.28947703343135806
1.002212809258814,0.5637615010389193
1.136445699419096,1.0192628266357673
1.0,3.280163301233487
