alpha,s
1.192037792724487,0.0
1.2702389737308792,0.1695581103142093
1.2519731655408417,0.3727783034931256
1.2773438924495737,0.6564744854816013
1.3644932189227919,1.1428270540767658
1.0,4.451060940094744
