alpha,s
1.1543151636984517,0.0
1.2844752666204282,0.07479547720522632
1.4358233367900621,0.1760156360878641
1.1008670582011366,0.32956124401967224
1.014342657955621,0.7012297692588909
1.0,3.797411440068071
