alpha,s
5.960989934868199,0.0
2.2306301932223365,0.03586559595760924
2.4030205065905634,0.15481175215276133
2.0459508392224754,0.3134530631281794
2.076678077311578,0.6287098838466717
1.0,3.0253747241858227
