alpha,s
1.397849038984954,0.0
1.148091594249115,0.041122420766948865
0.9786792886231155,0.13882070102357819
1.0537012856621641,0.3490052506392972
0.8788462937647732,0.7227105029568737
1.0,5.126797462523093
