alpha,s
1.7275882687539768,0.0
0.9042315726884641,0.0391976164688241
1.2087385115413138,0.1868291329088317
0.9896447293222682,0.36857908781324505
0.8403267107421604,0.794211010834553
1.0,5.234893455074265
