alpha,s
1.005924277832429,0.0
0.9461388451721305,0.10899136476929062
0.7410429583532857,0.2683098355925693
1.0200373101251083,0.5911299759459478
1.0079033554096637,1.0353873684016996
1.0,4.277097010063101
