alpha,s
0.9222830162587545,0.0
1.3094427044854637,0.11933408347860598
1.1446176601346685,0.23728869173735423
1.3421155244909375,0.4468956131019103
1.1121668629587005,0.777627350889756
1.0,4.201754192755516
