alpha,s
0.8570860172742677,0.0
0.9097636545835849,0.09767677233396195
1.460593421295546,0.24613142853171663
1.2626036349483472,0.4023116934139347
1.031012408384464,0.7469417033917078
1.0,3.723034099323472
