alpha,s
0.8088970599096513,0.0
0.9625439724782532,0.05977053970039066
1.0943798364154727,0.15150030793836822
0.9994248410378842,0.2996740854104017
0.8852828798804345,0.6352783152803004
1.0,3.068963933013895
