alpha,s
1.2315449706388348,0.0
1.3171150142701507,0.0541214405303695
0.9989693558294338,0.1452549214763537
1.0227067739089237,0.3566989587549391
1.2359635711689265,0.8370302135012683
1.0,2.8712617930621174
