alpha,s
1.9042171589564818,0.0
1.2724099274128184,0.0305005861045119
0.7816741377048714,0.1136358871939293
0.5195444844810153,0.34504111755340033
1.3591154985664322,1.076716798836355
1.0,4.720928110185762
