alpha,s
0.9260248650325049,0.0
1.0653891218945732,0.11492462281962515
0.862313307547673,0.2620203779095934
0.872295997720343,0.5471252067880682
1.07159177332358,1.0774929576114878
1.0,3.9089390501317633
