alpha,s
0.9860503785257099,0.0
1.0892375049695886,0.11783945325294877
1.083979684318194,0.2648043523211883
1.1232185273191897,0.4915784615571455
1.080297323357098,0.8882755187200772
1.0,5.103988933831208
