alpha,s
1.3318230596815266,0.0
1.1909957442672046,0.08936030514481966
1.5257941026263877,0.22420701962781117
1.1488078007509093,0.3865221719101281
1.0819996974594095,0.7941141304615505
1.0,3.8921149476209225
