alpha,s
7.102821277051561,0.0
2.2370964716658492,0.02394245128332292
1.6362561706595948,0.12299052373305201
1.2024447634211788,0.3122029888277015
1.3206747253525828,0.765711365046892
1.0,2.67016696223194
