alpha,s
1.0746593422120523,0.0
1.1467222817157163,0.04195493608366444
1.0200290552806186,0.11426105545471314
0.9750772965599696,0.2642997175954888
1.3353870364154976,0.6475952597307593
1.0,3.023468900001626
