alpha,s
1.0617449507300118,0.0
1.2414099732369648,0.06978305177709002
1.0072677825814973,0.1754327313029553
0.68824488308729,0.4058341454973391
1.1315242381829875,1.0435887827590455
1.0,3.506142983842239
