alpha,s
1.0164975086983623,0.0
0.8659990179615712,0.12077312735055737
1.0396348303007212,0.31265874302475116
0.9550885847507505,0.5615766615172498
1.1427175019229112,1.0424866687061938
1.0,3.94064807899638
