alpha,s
1.7923631642701654,0.0
1.5942964340864272,0.08075147031262175
1.1946978151722698,0.20463197792021862
1.1620267393305876,0.4308982519716658
1.1118725404560044,0.8885203683075308
1.0,2.9369469487536666
