alpha,s
1.0799528376306273,0.0
0.9838302603682128,0.17646143165140687
0.9168135341455849,0.4288486226790639
0.9078540029127112,0.8030455972052363
1.4171800495108473,1.4764712910955817
1.0,3.7846104512882737
