alpha,s
0.969298740574892,0.0
1.1856140570309681,0.07361770657634971
0.9622498209771678,0.17873847977502155
0.8186654192382488,0.41284548578073754
1.029214721041843,0.9642245046135327
1.0,3.743858757195095
