alpha,s
1.7245592231958577,0.0
1.168107690077379,0.09564164138107527
1.4722244285176147,0.2781374219082228
1.6312350036641579,0.4892081578132512
1.2152717591030082,0.8013073522012963
1.0,3.1245049089139934
