alpha,s
1.0915369577442076,0.0
1.1922455961259493,0.0584326086327868
0.9094710165928112,0.1546475800501292
1.075999036625936,0.38183755651419393
0.9308340244587996,0.8022942782679233
1.0,3.906284646499892
