alpha,s
2.878185412696804,0.0
1.8515147889895989,0.0380591679919664
2.092065695983977,0.1270035859688449
1.1642651818614829,0.25169142781662984
1.3430257324037531,0.7006103143169071
1.0,3.745040329309489
