alpha,s
0.9781413436090007,0.0
1.0334271962690353,0.09449247114969578
1.0369153911088103,0.23139937713116876
0.9147814154291206,0.45659767077894714
1.137852696221056,0.9441003670432891
1.0,3.742945226915289
