alpha,s
0.06822408322963655,0.0
0.16909655591812772,1.999452054794518
0.22034518982889437,3.035068493150686
0.2987580251912989,4.453150684931504
0.607700954551549,6.14794520547945
1.0,9.4986301369863
