alpha,s
4.943519717026514,0.0
2.0391829514649404,0.03340236230003242
1.323691400334118,0.1413987090734628
1.3070137947158098,0.3701496023643951
1.1992847192200944,0.7958175577661083
1.0,3.1770530933341345
