alpha,s
1.0412074669883524,0.0
1.2268287829480038,0.11453888156603684
1.0595335036576308,0.24969245825063335
1.1396102543755209,0.4873496894103033
0.9794490176747209,0.8987167584854715
1.0,3.796976552279313
