alpha,s
1.3113202820514043,0.0
1.2219322243725752,0.06695106154845273
0.96283566716349,0.18142178163718894
0.8862000896923162,0.417070488205245
0.9086569194101762,0.9155291044696511
1.0,3.9549907906960846
