alpha,s
1.1435451806886106,0.0
1.1693648316255698,0.07836282466487456
1.0319914731910904,0.18974344880601868
1.001975276549082,0.3953860319563716
1.1341044301408056,0.8244171022391348
1.0,3.6212291885225816
