alpha,s
4.919832223116093,0.0
2.466438599240322,0.034685116329488105
1.612329467493077,0.12898677386556656
1.245435306457515,0.3322550726294188
1.0200591974260462,0.7576118043220411
1.0,2.9250993778087824
