alpha,s
14.370816744166401,0.0
2.675099835418609,0.005770492850666182
1.774716599140945,0.05194480713997949
1.3974662303651195,0.17447852538792405
1.1346040362514296,0.49501857558648343
1.0,4.521845360289911
