alpha,s
1.2493039705042643,0.0
1.080031019037277,0.056606420467547
1.0929371659445772,0.1724357751030673
1.1387755196987854,0.3788793140599292
1.3727579120834787,0.7782673889175978
1.0,3.235940573280805
