alpha,s
0.008563683407106617,0.0
0.09125373153211512,2.242739726027398
0.1005429848779576,3.08219178082192
0.8663542530391232,4.184109589041098
0.24138276021340757,4.6
1.0,9.4986301369863
