alpha,s
2.788274642467941,0.0
0.9359835314256078,0.004711751395488362
0.8010100779003243,0.05796181125312936
0.7897626997134646,0.20404126699384784
0.818873003011976,0.5830204843756567
1.0,4.130450388422831
