alpha,s
0.5547457795050297,0.0
0.9943067509829895,0.11565488516363212
1.294871047750931,0.22844539507855358
0.9050566621055368,0.38844308922310694
0.894283763794903,0.8307940733598047
1.0,3.707339545905264
