alpha,s
0.008899442723715744,0.0
0.019497149554764597,2.29315068493151
0.048463709588504635,3.730958904109592
0.07248867963370643,4.914520547945207
0.09523181939169115,6.35890410958904
1.0,9.4986301369863
