alpha,s
1.098435000611208,0.0
1.0257245515298292,0.11678525274937497
1.051419071718578,0.28607907627047113
1.1339125039640916,0.5246160406353005
1.0660660807786095,0.9300145529956244
1.0,3.981005005427824
