alpha,s
0.8785136406364228,0.0
0.6648915036579524,0.12542237645343973
1.1964115632372578,0.3438264883805628
0.9057882412827821,0.545874368105116
1.417259031523288,1.0993773509000573
1.0,2.8735355361102424
