alpha,s
0.0004133833863258432,0.0
0.0058062826220707546,1.98630136986301
0.03677795361517317,3.74246575342466
0.08067936877529513,4.600000000000001
0.4166016240689436,6.73972602739726
1.0,9.4986301369863
