alpha,s
1.0393916443255147,0.0
0.9658104863766442,0.12219241556004085
1.0160445223995567,0.3010479055186594
0.9512248348914197,0.5540940073135027
1.109531202135344,1.0656142905203236
1.0,5.143269025303616
