alpha,s
1.3815390495629094,0.0
1.1972817285139954,0.0606454588042959
1.0075516578525936,0.17301480126157326
1.285667149958108,0.407182115789538
1.0435039357593152,0.765409015272276
1.0,3.573594736231
