alpha,s
54.30842740230621,0.0
7.406688588773437,0.004070502003609661
2.9748561163445313,0.04115897468383446
1.913481063363061,0.16653092925286528
1.3359413610598183,0.5054530692041305
1.0,4.343476413502546
