alpha,s
1.0886126928806987,0.0
0.9568535652312833,0.08709553351449374
1.022526717956923,0.23506093000043865
0.876944525522348,0.46506301998252714
0.9218471182630669,0.9807357773844262
1.0,4.1411129809221805
