alpha,s
1.0915278392646086,0.0
1.1536357701496895,0.10338756397659853
1.0676565706264551,0.2443070981868443
1.1666419825433738,0.4699567191578549
1.383280826375715,0.8998474296449187
1.0,3.028618806971328
