alpha,s
0.05436432061447152,0.0
0.08453131554704994,1.587397260273974
0.10625269556338067,2.9304109589041105
0.174439476502383,4.705205479452055
0.3438221214527639,6.587397260273972
1.0,9.4986301369863
