alpha,s
0.9208991725644281,0.0
0.7520031050596784,0.10002812284050891
1.0060737953304313,0.2852982668358894
0.9509193038775957,0.5157168783900272
0.8859015478341656,0.977171504757902
1.0,5.151203978664026
