alpha,s
0.9511325856862314,0.0
1.2631676847057465,0.19889629205040174
0.9868210046264401,0.39172286297410536
1.1155744306846502,0.7413225502412736
1.3219510736029716,1.2659888046014356
1.0,3.304574593579813
