alpha,s
0.038790649929339026,0.0
0.08248231727959161,2.031232876712326
0.25304263593572246,3.59178082191781
0.2524831789240188,4.3227397260274
1.0628454555866735,5.94520547945205
1.0,8.17808219178082
