alpha,s
1.2098545479808085,0.0
1.1054001166181666,0.0987533761485947
1.1208296156586892,0.2467810543475097
1.043727956315116,0.4684199889133824
0.9513757470768329,0.902681750015184
1.0,4.491542857058683
