alpha,s
1.2110566398251368,0.0
0.9513167037606985,0.05360889881880571
0.907247936867536,0.18382855715050417
0.7700528495489588,0.4102339006404755
0.9224319120681568,0.9361081113040453
1.0,3.294117950676512
