alpha,s
0.2849745292508775,0.0
0.593286807058825,0.1060226042241053
0.5208952635365158,0.2297564203411723
0.9923688008680747,0.5217097936065386
1.080962388341365,0.8877877753386658
1.0,3.0840085317306314
