alpha,s
0.32371457513969426,0.0
0.4591821438491465,0.09533651742151561
0.6046512148763568,0.24958965267349015
0.9421629893345057,0.48336368336655
0.8442007748803289,0.8340263638096698
1.0,3.748190172557414
