alpha,s
22.449585494727515,0.0
3.304648844894009,0.00605417299455656
2.129518647383959,0.06305185006861447
1.728406207442176,0.19462062455850798
1.279828568905584,0.49420343571112724
1.0,3.893301080065821
