alpha,s
1.1210244728156231,0.0
1.1286928657789825,0.08824582686792921
1.0195275441237734,0.22068175649016436
1.0536008345192183,0.46000444313329836
1.1642010711924065,0.9014837184326673
1.0,3.9237548620725744
