alpha,s
0.9803950189285819,0.0
1.0236312243703278,0.19850756798696842
1.1134599792015247,0.44139519191347376
1.1104704457460668,0.7576103663811851
1.1979964212249352,1.3032440039501532
1.0,3.79257168108667
