alpha,s
2.685020181198372,0.0
1.7899678428047472,0.04375547608183522
1.3489876400008698,0.13909707620666978
1.0470042839249685,0.33909740186559484
1.9178359466128432,0.860980464541449
1.0,2.7704438381131
