alpha,s
0.017745775167181472,0.0
0.049190550568739236,1.3041095890411
0.1054518848945003,2.48767123287671
0.18862377953643986,3.7424657534246615
0.37477357117403415,6.14794520547945
1.0,8.22739726027397
