alpha,s
11.458711640816034,0.0
1.9757458940101396,0.003968486775973
1.8683224176139896,0.0535230860407758
1.521733610192783,0.15628058212428297
1.3361627444173632,0.4464579496696848
1.0,2.7802521236928053
