alpha,s
0.46729513389485894,0.0
0.969889207065734,0.12436774753444847
0.8320817776874524,0.24490590630313525
1.0294824232914024,0.4975210682845672
0.9485933642623157,0.9132002987656792
1.0,3.0061147685052725
