alpha,s
0.38892174938756746,0.0
0.6264223425127865,0.11409476594667876
0.7457659616207069,0.25498541553657417
1.0554401968055256,0.4818828342179021
1.0839315114231312,0.8499391884894368
1.0,4.139828374042139
