alpha,s
0.26015362995870817,0.0
0.597792519603425,0.11978395921556768
0.6188927076901202,0.26243834772206526
0.8190967341632983,0.5397321150121004
0.9746350062166589,1.0259549708890576
1.0,4.049512499269195
