alpha,s
1.1197640607988155,0.0
1.0971815884030907,0.04579242898053328
1.2472278236221204,0.13346851858233394
1.2650685703460725,0.27868040475569017
1.3790872209183676,0.5961078985455925
1.0,2.694660613021429
