alpha,s
0.03974909323206482,0.0
0.08827210305396649,2.16712328767123
0.19050364565226488,3.238356164383558
0.1742252840720494,4.2027397260274
0.3029146129573037,5.94520547945205
1.0,8.17808219178082
