alpha,s
0.855655751561373,0.0
1.1856126697500606,0.1596808169157258
1.504687232147165,0.31544977692480164
0.9994303610103683,0.49934771754323426
1.2961107703339412,0.9881368418599186
1.0,3.315793337046687
