alpha,s
1.297339762976153,0.0
1.2613905995650552,0.09656574581274832
1.2534435913935889,0.23139717302216142
1.3045435352178074,0.4431016803054118
1.2120092310207153,0.8269997768718025
1.0,3.5463475742664903
