alpha,s
0.7316133539752141,0.0
0.9625120723688751,0.09958268444978768
0.9568756774726611,0.2234538114545783
0.8781910310313843,0.44978548918597494
1.0726751522856368,0.9203615154994682
1.0,3.1450711133948746
