alpha,s
1.118518997680573,0.0
1.1022043630088156,0.0499124473423245
1.1226113649370197,0.1406932410499323
0.9766729943985555,0.29779364522086377
1.3698382724829148,0.6574194443426423
1.0,3.2103978367787507
