alpha,s
0.7797722517155797,0.0
0.8936761326641004,0.09982503830980412
0.8256320101965379,0.22807939178141434
0.8151606225624124,0.46431660643671263
1.1841131004345924,0.9495714029495199
1.0,3.8659266001694745
