alpha,s
0.6451510167847546,0.0
0.7395877697266431,0.09613666553551803
0.8894618048668939,0.24571872666283737
0.9380034508257479,0.4853695412591469
1.0700460239928273,0.9016601234524658
1.0,2.187696486626868
