alpha,s
0.02353671024952179,0.0
0.07628993826612192,1.2630136986301361
0.13853948367398236,2.23013698630137
0.15056287750634156,3.28767123287671
0.5085173740100344,5.133698630136983
1.0,8.22739726027397
