alpha,s
4.442271754360406,0.0
1.4416442612806855,0.00312246552280914
0.8852260428897035,0.0405003496451978
0.7839784809785278,0.18089749081833317
0.8900801292558442,0.5766574149715867
1.0,3.817167357412384
