alpha,s
0.014419343112484634,0.0
0.15134639474817851,2.031232876712326
0.06371466102984483,2.36438356164384
0.11931619324907008,3.82739726027397
0.6405232858210639,5.936438356164389
1.0,8.16438356164384
