alpha,s
1.0425048825805066,0.0
0.9426546793602241,0.12420291824795905
1.073282258107156,0.3088587612765441
1.1026413794793368,0.5468941422874627
0.9918011019975655,0.9689942003047113
1.0,5.114034076374476
