alpha,s
3.947248045184029,0.0
2.3731017053534105,0.04375547608183522
1.6331013002933812,0.13909707620666978
1.1744814917604696,0.33909740186559484
2.0261707847747443,0.860980464541449
1.0,2.7704438381131
