alpha,s
1.1163014105280038,0.0
1.1139001996370004,0.07886103875870401
1.0305673730088132,0.195296903137884
1.2090964381929779,0.4045800165702835
1.0749651651919476,0.7513664476438434
1.0,4.774215985053316
