alpha,s
1.4170152453038702,0.0
1.1718295485794705,0.1071151547781473
0.7929270895712417,0.2749730502681997
1.0236166826877575,0.6409358261188471
1.2987921478355189,1.1663311287052138
1.0,2.895365818576291
