alpha,s
0.8194694373177946,0.0
0.9875756986877976,0.12101741870140714
1.0084454389387691,0.2701403318614551
1.0265526830999876,0.5059138713844265
0.7579706896536546,0.9411446679993242
1.0,4.99688257099418
