alpha,s
27.658757628710315,0.0
3.4526509073775027,0.0041677950021435815
1.9934352084261802,0.05155255338017814
1.3594262920348075,0.1805688148407749
1.1414044753760664,0.556833478310797
1.0,3.900274861755968
