alpha,s
2.1280242631595057,0.0
1.4106749499734434,0.007925421622046522
1.1693228429962432,0.047754247548204676
0.8963583554868072,0.17055465125831998
1.1748262994112257,0.5471373601146525
1.0,3.8815655208443753
