alpha,s
1.120556045314884,0.0
1.477160666623154,0.1146132772493356
1.3935365932652501,0.23622703354209373
1.0285683327929662,0.4192262610999488
1.0533747023784041,0.8824486601298503
1.0,3.446234501944022
