alpha,s
1.0741013109717863,0.0
0.9570165733775212,0.10851204784869622
0.9667941230931946,0.27731366029355425
1.09551844073225,0.5322611066511921
1.085148443054657,0.9576829130734081
1.0,4.828683090305004
