alpha,s
1.1393075986687557,0.0
1.0449395309118845,0.07409250398174307
1.129725923805313,0.19060522503999897
1.0272138709929155,0.3742019952133464
1.0402361158938305,0.7687681166725674
1.0,4.196360039870268
