alpha,s
2.031315386687966,0.0
1.3728083610749573,0.0384651339588077
1.2310931576510873,0.13519920697139298
1.0295670415984823,0.3172538308005057
0.8872426505017971,0.7423592539619444
1.0,4.596125292499917
