alpha,s
0.9730677280445049,0.0
0.8677362879370395,0.12487395232768957
1.1121536820677056,0.3204080719405544
1.0205519767763636,0.5504933669156575
1.4900738032377274,1.0081773099550932
1.0,3.2272984015104247
