alpha,s
0.8375762196970125,0.0
1.0273832336068085,0.12807129229829015
0.9463358406962895,0.26835584334235524
0.902749525091097,0.5022783673060481
1.0995474270070307,1.0123075911348989
1.0,3.031303023717491
