alpha,s
18.338060488926416,0.0
2.743348132911959,0.004862085092967281
2.1345398960866366,0.054752046201205704
1.66595376794159,0.1622339720471716
1.4117150541895598,0.4364391991948397
1.0,4.316497163574767
