alpha,s
3.220211485373899,0.0
1.3511783344762411,0.0317335613849857
1.031065665877069,0.1464695275807244
1.1768755116213279,0.3804748752265987
1.3597800981578547,0.8005050360875456
1.0,3.118133809121077
