alpha,s
2.4291830625108264,0.0
1.5207295338350755,0.0258461019274059
1.096188647742313,0.1078533208364695
0.9814440364271521,0.3013903939645739
1.8753777634154474,0.7238194176931686
1.0,1.7388066980606318
