alpha,s
2.0970889805932207,0.0
1.6041167710886077,0.090468149546695
1.2529940672164155,0.2452184868692415
1.6116512688529172,0.5165671945770799
1.0860515703788722,0.9136354329417147
1.0,3.5044584775337544
