alpha,s
1.0885756237635957,0.0
1.040522278016854,0.10717405436892084
1.0696981628176914,0.26079845014551944
1.034661685887761,0.4891548028648145
0.943415450396664,0.9216229285490757
1.0,4.499807492905591
