alpha,s
0.026899751910942647,0.0
0.055908834998564,1.587397260273974
0.08207505762154808,2.9304109589041105
0.17292164494042767,4.705205479452055
0.4648377764029086,6.587397260273972
1.0,9.4986301369863
