alpha,s
1.1015994188179432,0.0
1.1654569518931355,0.0664425949654249
1.0361971359746116,0.16625956477336104
0.9033526335869825,0.34842226175119195
1.0605248183542328,0.801640317952251
1.0,4.662089403486467
