alpha,s
0.7965483769179766,0.0
0.8051744103559874,0.06758882927747187
0.650794742620899,0.19833095970052395
0.63192854134703,0.466069729710489
0.8886630500212045,1.0323176897105548
1.0,4.948723211984849
