alpha,s
0.007143960299353987,0.0
0.05901768543344798,2.288767123287674
0.08832960034778506,3.3895890410958893
0.2484022492891434,4.915068493150685
0.9374118024826253,6.73972602739726
1.0,8.16438356164384
