alpha,s
3.6417501926651052,0.0
2.6080665363079074,0.0458459636681344
1.7645502433557498,0.1266742617922271
0.9912000012323262,0.3006611312310466
0.9384122283485694,0.8024105614199418
1.0,4.033797197950581
