alpha,s
1.4108819064175329,0.0
0.9625471731824916,0.0825539341016929
1.1174380341058487,0.25428125748143465
1.101041672268538,0.4874056532748483
1.3937653516273434,0.9398349164392646
1.0,3.4561707482944843
