alpha,s
0.0009821561406770415,0.0
0.004563529239519704,2.23013698630137
0.07044737093799168,4.000547945205483
0.1152945892466465,4.489863013698629
0.5486394093783719,5.697534246575343
1.0,8.17808219178082
