alpha,s
1.5551217109012854,0.0
1.4317870427693,0.10209840068115227
1.6649883249765165,0.251013415388944
1.3822670829989019,0.4405514013105714
1.184411388581463,0.8358323584141698
1.0,4.822145655798697
