alpha,s
1.3998122141122342,0.0
0.9682964774738684,0.04162203066446644
1.0848172504182678,0.16045345050043094
0.9803200139280276,0.3448208635925985
0.7631223963642391,0.731555421975108
1.0,4.240532818282173
