alpha,s
1.0769904075781591,0.0
1.079849663931202,0.09699681601934103
0.9056031205847743,0.23969168257616316
1.057037650681382,0.5104279690134804
1.0856501126112588,0.9494903107012732
1.0,4.540276035947953
