alpha,s
1.5556818571412643,0.0
1.373060867348987,0.0053876280263493
0.9708170584389181,0.037903106971713584
1.168283063006932,0.16853024794106503
1.0586224739175198,0.4218649275544827
1.0,2.404175637095688
