alpha,s
0.8040039905167885,0.0
0.6054813441689616,0.0745520227307278
1.1366182621582783,0.2739187714151921
0.9727348028830994,0.46341520093331956
1.0672364347953296,0.8946822801594292
1.0,4.347496453900198
