alpha,s
0.8588135246281375,0.0
1.1499937113441054,0.13908998063284084
1.0747666808143934,0.27634064874460157
0.8170706665680145,0.497804574345636
0.8543273362274602,1.0649961368741143
1.0,4.740456987299633
