alpha,s
1.2619180041385236,0.0
1.002418419923849,0.0581600326386464
1.1247209119989683,0.1684525646639978
1.3073131849049038,0.33921728771769555
1.1581038589844896,0.6431215510877747
1.0,3.181248667015769
