alpha,s
3.243452967276919,0.0
1.5650984900721367,0.029370845325227
1.7325809727902275,0.12849181946852517
1.22554065789865,0.26574113869554356
1.0728616143849243,0.6519053853662927
1.0,2.3095758583311574
