alpha,s
1.0084786859558899,0.0
1.060912494976547,0.188439236471032
1.0680204615167195,0.4174680817105132
1.064958958338084,0.7346211982084828
1.0014043102069485,1.2707516221928135
1.0,5.182399980039376
