alpha,s
1.9371253696251864,0.0
1.527314084638215,0.0380591679919664
1.7983463032944507,0.1270035859688449
1.0608623875048326,0.25169142781662984
1.2670237572116028,0.7006103143169071
1.0,3.745040329309489
