alpha,s
0.021118701943723943,0.0
0.14229807516598786,1.8295890410958944
0.052066729726258976,2.29315068493151
0.15768266041668164,4.155068493150689
0.3804566747544663,6.26301369863014
1.0,9.4986301369863
