alpha,s
1.3019882669731275,0.0
1.0108973316194265,0.0402823748208843
1.0498886034869184,0.1288722897970987
0.8866930806002403,0.28961050414955813
1.0770824060785733,0.7099325245339647
1.0,5.171602332100616
