alpha,s
0.30500228087288145,0.0
0.562731659807579,0.11783945325294877
0.7602848228158615,0.2648043523211883
0.966104568316958,0.4915784615571455
1.1239635141592632,0.8882755187200772
1.0,5.103988933831208
