alpha,s
0.2590817840159701,0.0
0.5065294484989828,0.13335515122506708
0.7625414194403021,0.2898100381825537
0.8312634882250178,0.5029067127181176
1.2702188450503225,0.9724981542871018
1.0,4.14150984750306
