alpha,s
0.4462354842526661,0.0
0.5951693720014061,0.12824955783618852
0.6558838077782758,0.28628585936469314
0.8123616004840514,0.5293713965209994
0.822384908812922,0.9796236053044793
1.0,4.247794189553562
