alpha,s
0.397398920503761,0.0
0.5339229488657918,0.1192212682455446
0.6820165288173752,0.2748301052699106
0.5796566719043652,0.5011687265344116
0.9091600645723402,1.0823233802156595
1.0,3.630991963463752
