alpha,s
0.22840162449163398,0.0
0.655284220106095,0.17357220359461156
0.7298229694519852,0.31121657787460383
0.8486767525213184,0.5213177992847744
0.5740773970305502,0.8920239316982725
1.0,4.479412020852481
