alpha,s
0.2781148321178694,0.0
0.7042170955089475,0.12196465727352487
0.6834919888088898,0.2343933563645069
0.7869756223001098,0.46488134476491116
1.201584408199293,0.9448766314383557
1.0,3.5088306107429146
