alpha,s
0.4132733077216789,0.0
0.6159920798890646,0.1115829032813573
0.7488523923794693,0.2519159693111881
0.7462026876523473,0.46900752495686493
0.9290009386575733,0.9583195319576814
1.0,5.151442703850677
