alpha,s
1.2287509330165447,0.0
1.1494782554030238,0.10319749944323425
1.7624056657849203,0.2544023539920439
1.0933310074272735,0.4096812880605862
1.1384503102748247,0.8404779782487877
1.0,3.412756931422212
