alpha,s
1.167963257905138,0.0
0.9165349027596836,0.11140347112345171
0.9384633827507571,0.30268963089485607
0.9648871232620572,0.5770696343949503
1.1931165874897802,1.105447157808513
1.0,3.7093595747065486
