alpha,s
0.03943676841696044,0.0
0.055360027516397854,1.23561643835616
0.06180058757764429,2.23013698630137
0.23832669004907137,4.17260273972603
0.4900990781131767,5.58904109589041
1.0,8.22739726027397
