alpha,s
53.08123023601977,0.0
8.40376482554397,0.0042191113916203605
3.7899420725930884,0.0380399368560399
2.243890242563131,0.13830440191674112
1.6847236060084003,0.43793767521400706
1.0,2.900231225440953
