alpha,s
1.1899710614743804,0.0
1.2024863725127013,0.13224725384146627
1.3787776732422368,0.30852418715316876
1.2302736728250596,0.5428521705315692
1.3248596054734934,0.97290739570641
1.0,2.901056845455807
