alpha,s
0.06731259344487096,0.0
0.16765307321407696,1.98630136986301
0.1747944410746806,3.01095890410959
0.29433396548021074,4.15287671232877
0.7246055118608613,5.781369863013698
1.0,8.17808219178082
