alpha,s
1.00305931043827,0.0
1.0887795434219845,0.1938070980321251
1.1101049376854144,0.4263970419371891
1.1784136325947931,0.7482428193371107
1.2703595149842621,1.2339874436025606
1.0,4.567831512714898
