alpha,s
0.864385565453605,0.0
1.5676304088633846,0.051571356652100886
1.7605220299409736,0.12302509540242157
1.2207118813410718,0.24076888372988672
1.6734267338688633,0.5984752146794194
1.0,1.8494229732446683
