alpha,s
0.18141572479246218,0.0
0.2981235091193106,0.1440430798555024
0.7258262194374511,0.38667512650084135
0.5974737763833079,0.5830829723834366
0.9059791863768579,1.162805702234743
1.0,3.413590557630619
