alpha,s
0.0020335131187984024,0.0
0.030287622118372326,1.985753424657534
0.022998632034682248,2.48767123287671
0.05241724668492903,4.2027397260274
0.5996740895311624,6.2169863013698645
1.0,9.4986301369863
