alpha,s
1.023451537153252,0.0
1.0932144810311006,0.05635910827399115
1.0732430307968794,0.14469485823429634
0.9505797219107295,0.30508850034250423
0.8568706312127403,0.6935901577633592
1.0,5.760966948936911
