alpha,s
0.6781095198114561,0.0
0.9047269055574385,0.11879502616160796
0.7736412183560842,0.25814718052373337
0.9225998716868611,0.5304918009686396
1.227084752182638,0.9911309810944722
1.0,3.4364944181850703
