alpha,s
0.96201111709446,0.0
0.669209866775501,0.0599156356338074
1.6288098418406527,0.2258631700970178
1.0074437838968087,0.34329469359689824
0.5767907584150702,0.710909333825893
1.0,4.160942456288156
