alpha,s
1.8875023516538743,0.0
1.737860581867174,0.1096988978064925
1.3704316093474411,0.2561366657121393
1.4754338757513685,0.519648894905579
1.3763906757956856,0.945422189281296
1.0,4.244835529678992
