alpha,s
1.777039138481168,0.0
1.098597510105876,0.03340236230003242
0.8704724376009019,0.1413987090734628
1.0272445729528537,0.3701496023643951
1.081593265317834,0.7958175577661083
1.0,3.1770530933341345
