alpha,s
0.9867852497288796,0.0
1.1851172916966595,0.05343157809966965
1.1781270160818764,0.12815046936520097
0.8271412851724341,0.264292618301887
1.210927933636934,0.7068592965056626
1.0,2.972419582644969
