alpha,s
0.9364363795354216,0.0
1.0335440039305466,0.0823270696251481
0.8902918863983442,0.1987184114499679
0.9142326974186964,0.4217981023728962
0.8005525261921791,0.8741956362953895
1.0,4.344804213160281
