alpha,s
1.1524723438965383,0.0
1.167294736498557,0.10408106999066849
1.081372445454203,0.24486876239326938
1.0559842152388732,0.47537409486143295
0.9961628413335394,0.9187772494263616
1.0,4.148293911951705
