alpha,s
0.9365749589122846,0.0
0.845912736416245,0.2092406802440953
1.1904918594383784,0.5053779015805433
1.43599581710086,0.8022448217626887
0.9131291522269773,1.2350229334780343
1.0,5.057314112025435
