alpha,s
1.9115161147124036,0.0
0.9501985033125023,0.0052590822747167
1.0605809204922167,0.0495745953352783
0.9849725898095453,0.14905542720186843
0.6152052568951454,0.4365040813865618
1.0,3.827403141046108
