alpha,s
0.019786454142044194,0.0
0.09457026677013189,2.02575342465753
0.06349690943115026,2.766575342465757
0.17772458230472862,4.2613698630137025
0.3876465309939248,6.26301369863014
1.0,9.4986301369863
