alpha,s
4.783711944908296,0.0
1.805004937167668,0.0277229143108308
1.9004779211207665,0.127149703526711
1.2205394005424448,0.26831262160835473
0.8341945320278289,0.6617200367902412
1.0,3.242898068881197
