alpha,s
2.9553897705260277,0.0
0.9351274201884004,0.003880265788432422
0.7005537522332173,0.05620728544070204
0.8837307947426004,0.21235478879883207
0.7936816358573845,0.5768131479138373
1.0,3.141881022900626
