alpha,s
0.002110538064060117,0.0
0.055493390870657786,1.985753424657534
0.04542038520050973,2.48767123287671
0.10311142476816408,4.2027397260274
0.8073128130367456,6.2169863013698645
1.0,9.4986301369863
