alpha,s
2.0172894107493806,0.0
1.197428973286365,0.005279286258216501
0.9090592632770469,0.043587378344389326
0.9246040029685113,0.16800633259366388
0.7940203787536955,0.47584354709734783
1.0,4.121087629900425
