alpha,s
0.5203573026440709,0.0
0.6718163279207401,0.13141700010658844
0.8251699018533084,0.325564782438275
0.8950522101836407,0.581254131166599
0.841131221862344,1.0223978545907502
1.0,2.838064121155453
