alpha,s
1.5455934697105935,0.0
1.132290127764759,0.0067714609721023205
0.8928883725596428,0.04724878405080142
0.994617955115696,0.16850702842178383
0.8409822197130477,0.46052401561491724
1.0,3.6421986247990494
