alpha,s
0.5874852552137207,0.0
1.083837070958877,0.1079392916124763
0.957555307437274,0.2293638868417807
1.3981684493255508,0.4679285512319456
1.3577973588442773,0.7839612239898168
1.0,2.025857851742593
