alpha,s
1.0497941650299933,0.0
1.0528623557512253,0.1273805810675817
1.0733614778012848,0.2963937428790752
0.943932993192854,0.5484065042900576
1.1326300328880556,1.0750465730943195
1.0,4.492658696775843
