alpha,s
3.5865065627407655,0.0
2.657138425819148,0.0541214405303695
1.6496427507422826,0.1452549214763537
1.3867642193319716,0.3566989587549391
1.5101002480659065,0.8370302135012683
1.0,2.8712617930621174
