alpha,s
2.895644135783927,0.0
1.6241895055672113,0.043604760405950724
1.3566878807581344,0.15500234179781108
1.496330198046578,0.34697242252017757
1.1713907913126729,0.6988019200539525
1.0,2.6609237082234376
