alpha,s
21.714634414699564,0.0
3.56160922935016,0.006312003980533944
2.7354430980156197,0.05867980715275908
1.7054306527252725,0.15886628484907447
1.430542104358317,0.46247309299163886
1.0,2.86198137536469
