alpha,s
0.00042959797209720903,0.0
0.005198652947891148,1.960000000000002
0.02046076394889253,3.039452054794522
0.0618194924901869,4.407671232876712
0.46983301707288133,6.320000000000005
1.0,9.4986301369863
