alpha,s
0.9839211255236437,0.0
0.9341087093802217,0.12945878012941064
0.9694617341681044,0.3126890817385123
0.9960945688095572,0.5751144144770087
0.9692308985726256,1.0516433684423216
1.0,4.826872539195325
