alpha,s
2.0748664923913656,0.0
2.3246625946059005,0.0839736583053987
1.6806869629606533,0.1790845836501493
1.2150239505654161,0.3634813045229973
1.0058754078444128,0.8130508899306618
1.0,3.619744407871695
