alpha,s
1.1710380192860965,0.0
1.215994833125453,0.1731372404623028
1.1190407299882699,0.3844009605473403
1.3251808346959382,0.7076627484669851
1.5271460757443511,1.185814670076133
1.0,3.193967508249687
