alpha,s
2.528226916196995,0.0
1.2272683873755157,0.045455709201305435
1.0464023792337418,0.17021179538537282
0.7283275530737248,0.40115790362314013
0.699911410978151,1.0047573719874678
1.0,4.155874456215472
