alpha,s
0.9714552995331517,0.0
1.0544393541885526,0.13581986980914967
1.1713714897483398,0.3063664159529511
1.0833222910221678,0.529165153299166
1.060174166740057,0.9744033517922709
1.0,4.734713935951248
