alpha,s
0.9859445883321184,0.0
0.9247208286032618,0.04952950325341609
1.008385926816453,0.1540053304213342
0.9778502627721025,0.33780777346540364
1.0745073971866128,0.746601887249788
1.0,4.182912006505673
