alpha,s
0.7246030793861955,0.0
0.49931556392546605,0.0602750357265475
0.6766595168676064,0.2416234666213809
0.8376818818340441,0.48287454964581644
0.4486218678218378,0.860250279469392
1.0,4.30804710575206
