alpha,s
1.7881773326755104,0.0
1.8238303357372418,0.11409476594667876
1.5901301839751163,0.25498541553657417
1.688886409127213,0.4818828342179021
1.3149857564465577,0.8499391884894368
1.0,4.139828374042139
