alpha,s
1.0472627719514043,0.0
0.8951251203528435,0.12166399793643297
0.9978445969188605,0.31396045987732313
1.016773807801773,0.5736440233184288
1.1505619125444657,1.0415603470842536
1.0,4.081654938538908
