alpha,s
1.1263986765269614,0.0
1.1871892169286589,0.1212743695949817
1.0961520282066823,0.2756079883554751
0.974400571139326,0.5235548896153228
1.255017544921805,1.0405007863248288
1.0,4.095324653155377
