alpha,s
0.29418930383332165,0.0
0.4462545283094858,0.11214886924905101
0.5564160161060597,0.28960158526663893
0.750506428598242,0.576358158706333
1.080258371946846,1.0475069097858458
1.0,4.065463240262313
