alpha,s
12.813875769969359,0.0
3.534481881616766,0.007205333929193165
2.349016843488406,0.0474590120845626
1.8474241811217693,0.15249171230461073
1.50334829948723,0.42090423419487144
1.0,2.761364656082092
