alpha,s
0.09211437173223871,0.0
0.16171964166086253,2.00712328767123
0.5298412981989622,3.82739726027397
0.34874884565075326,4.407671232876712
1.9689174095362738,6.10739726027397
1.0,8.03561643835616
