alpha,s
0.8387477462867788,0.0
1.2250386872136816,0.15171474077621783
0.9513137435873816,0.2957333898089566
1.0269111187375337,0.5735888972280389
1.0954602093949644,1.0256071222443621
1.0,3.2200533350215577
