alpha,s
0.03667380937090319,0.0
0.09288316283273698,1.98630136986301
0.1481354830648651,3.1068493150684944
0.30004953341435525,4.41643835616438
0.5348353456691975,5.85479452054795
1.0,9.4986301369863
