alpha,s
1.0642268834073565,0.0
1.1144169373895154,0.10997757470586311
0.9674363624604683,0.2573600698359292
1.1535404815863872,0.519866032466553
1.1426573206204589,0.9112526395958338
1.0,3.291558423383045
