alpha,s
0.01692676677499843,0.0
0.02597417572178747,1.95342465753425
0.06514394923454597,3.815342465753422
0.27245581187416423,5.731506849315067
0.7630531391316872,7.04383561643836
1.0,8.17808219178082
