alpha,s
1.2287444406744152,0.0
1.076106176082013,0.15413317341431662
1.0800838235546866,0.37892662111394954
1.0567892187315344,0.6930904177743479
0.8330978842716205,1.2721664227080476
1.0,5.219980192600969
