alpha,s
19.37193068019652,0.0
3.496099857933604,0.006053055693229242
1.786035561442926,0.05096959448262926
1.2978800025721375,0.1889031040368742
1.063104475530709,0.54455475175491
1.0,3.1650995022923687
