alpha,s
2.90690150645082,0.0
2.2198458173370406,0.0541214405303695
1.4179374248839518,0.1452549214763537
1.2365353094111422,0.3566989587549391
1.365513792995757,0.8370302135012683
1.0,2.8712617930621174
