alpha,s
0.9203277538017545,0.0
0.8973005081472287,0.12357231405771543
0.9980443690716773,0.3189744936367426
1.1935532428280058,0.5727418011737004
1.3480918853820347,0.991270179775513
1.0,2.9629909843289783
