alpha,s
1.1818284420235892,0.0
1.4493539734185303,0.06914255642214497
1.059397213557846,0.16656716736052368
1.2760280754690034,0.3915954862120556
1.078337072909755,0.7489505414467656
1.0,4.401255066774729
