alpha,s
2.340371352414311,0.0
1.1018364070904982,0.0425448856751411
0.8968071232451659,0.18184673984526065
0.7400516590950325,0.4481352763994459
1.0580797563324487,1.0448706707718367
1.0,4.405685667261735
