alpha,s
4.3703933085296525,0.0
2.466780097873673,0.0362652189335844
1.5312770826412514,0.11964217996219573
1.278463728597215,0.3198617574772071
1.3935260776022704,0.7579033408523613
1.0,4.361409473464636
