alpha,s
0.9276485732227766,0.0
1.3585950164891036,0.08393292565315096
1.6757700383581842,0.18157825084343268
1.1333765861988139,0.31744453198021866
1.0188847852288092,0.7066345739593193
1.0,2.9015774029600783
