alpha,s
0.9451207366679577,0.0
0.8757295091856477,0.04983184357878365
0.9343688572729605,0.14429043490156102
0.7439217785967115,0.31196373648737896
0.9286002783245559,0.8081036409433544
1.0,4.053143772040901
