alpha,s
17.53367255821679,0.0
4.11456387497944,0.00500558393931212
2.0814845530702635,0.03813812135994093
1.6660019774158952,0.1439360442302811
1.1515799980381787,0.40662757808821604
1.0,2.9959410619159703
