alpha,s
0.8734894243684246,0.0
0.8869968508224968,0.10197840140402598
1.1066460886646008,0.2660959775851216
0.8044007571797183,0.48312431928527094
1.1951198176572115,1.0684597308630743
1.0,4.741967047559469
