alpha,s
2.008674938124197,0.0
1.1390473934462562,0.04162203066446644
1.200638559034931,0.16045345050043094
1.034275654775861,0.3448208635925985
0.7677918853421529,0.731555421975108
1.0,4.240532818282173
