alpha,s
1.5578352123393404,0.0
1.7717469630091731,0.102882185571817
1.1660550611530374,0.21823653065100257
1.0243343715119513,0.48079161016026123
1.3662721826176567,0.9968299355574155
1.0,5.313996572251607
