alpha,s
1.2936132044819242,0.0
1.088202805360932,0.05648934319386799
1.2193111146954159,0.17721024506529665
0.8642413128848284,0.3429337371592077
0.5374067390642873,0.8011079503038303
1.0,4.849927514018924
