alpha,s
4.825354284770081,0.0
1.905467840326623,0.03110859877394301
1.5623992228662005,0.134952522422645
1.1564896590574214,0.32694934674339093
0.7827243283828459,0.7657757748472439
1.0,4.201182783033947
