alpha,s
1.0488785949399475,0.0
1.0622947762714494,0.1048538975651135
0.98546843212861,0.24835632760097603
0.9577372928573206,0.4907429558604367
0.9952251882429578,0.9574779809779983
1.0,4.900164230175414
