alpha,s
1.0694662093228362,0.0
1.5031643098735148,0.15098962903665852
0.9400207498459326,0.3042316897308956
1.0060166370568773,0.6540399491456376
1.4187100419694907,1.2703000078073337
1.0,3.4565639366965843
