alpha,s
18.407278270857148,0.0
3.840726272738448,0.0077915480663787425
2.1852977053857328,0.05761911818109182
2.111954212374196,0.1838089569437817
1.1437461217249185,0.4167500998462136
1.0,4.470434697868591
