alpha,s
0.040833033818863634,0.0
0.1285829775387883,1.6887671232876706
0.112717102157655,2.438356164383562
0.1530151087565001,3.809315068493148
0.5164061115585336,6.35890410958904
1.0,8.16438356164384
