alpha,s
0.8751756104533861,0.0
1.1880598536558906,0.1419640778886176
1.1894149030739538,0.2793710127801129
0.9607975996306046,0.4865392559372893
0.9188660977350699,0.9612961815528588
1.0,3.636573015416397
