alpha,s
1.3431468382984397,0.0
1.3736778500192488,0.07087312214790001
1.2753621160800137,0.18152392216333813
1.2984607984369503,0.38318730974313236
1.4934655210690704,0.7431908897137416
1.0,3.686750306679903
