alpha,s
0.007582612560900876,0.0
0.1783458728050016,1.958904109589042
0.1346220866092809,2.3249315068493184
0.2832776816935571,3.6219178082191803
0.41594154220755064,4.89753424657534
1.0,9.4986301369863
