alpha,s
0.01813391640746328,0.0
0.08079060888896428,2.140821917808216
0.1110716112452414,3.0969863013698617
0.13814931959995344,4.281643835616439
0.6917335906380712,6.277260273972606
1.0,9.4986301369863
