alpha,s
1.0285679310122942,0.0
1.059458840147719,0.18267485739186684
0.9917532661648745,0.4077661070597993
1.1142717337889219,0.7456909072023702
1.0034875844378832,1.2643162824634844
1.0,4.857791908460301
