alpha,s
0.009792371897390767,0.0
0.061414705499807765,2.2361643835616443
0.06058132797148648,3.20547945205479
0.17637213473600777,4.385753424657538
0.8884575805424736,6.14794520547945
1.0,8.03561643835616
