alpha,s
1.1234215801314449,0.0
1.0102212126398165,0.0771961876768543
1.071230903708415,0.2166805373228059
0.9169078426493115,0.4315951285496093
0.9609357828897364,0.9288196866331904
1.0,4.708736212803275
