alpha,s
10.143991090092406,0.0
3.1254926288443365,0.00836734138049702
1.8450639797483128,0.05138823393240775
1.1241651599665157,0.16870954743929217
1.08065364937474,0.5513814603208447
1.0,4.270544588425384
