alpha,s
1.480810897717265,0.0
1.6017507605262589,0.10159109631562686
1.5119841676123222,0.22093619032276512
0.8033939152173554,0.41656730826069277
0.7712543398802512,0.9652886548004243
1.0,4.417746765998214
