alpha,s
4.56780488367931,0.0
3.2267298934254622,0.03986866971089018
1.8406583940193242,0.11086104944145596
1.0117057097107056,0.29081613708193343
1.4979455656882588,0.8048487942452807
1.0,2.832264554545353
