alpha,s
0.806276181216942,0.0
1.1773208390223846,0.08617627020233462
0.946594320463005,0.17727935704415687
1.0231738322719586,0.35963367511432515
0.9207765263931055,0.7310110995047192
1.0,3.423718419785293
