alpha,s
0.9936958317769705,0.0
1.128817364341991,0.1192784382298577
1.0960811769201848,0.2638581766505847
1.0429212348316752,0.49053281921323205
1.0974984806833532,0.9326879536656713
1.0,3.8702372170056143
