execution_times,loss_values,loss_val_values,converged,steps
178.35674500465393,-0.14698642205531065,0.5066352731451923,True,22
