alpha,s
1.1920494637534294,0.0
1.0376627812691903,0.10586461948294619
0.9954774025643546,0.27096725945392314
1.1479857257020851,0.5346620330885091
0.8107079124962401,0.9259160564942337
1.0,3.434066231051485
