alpha,s
16.96661414178146,0.0
3.6447123678572404,0.0049731939830436
2.155447307866748,0.0404823148502362
1.5600416759353999,0.144282734729476
1.4110973663887372,0.4428175428469486
1.0,2.77628289152706
