alpha,s
0.7734759937260345,0.0
1.2434535961331188,0.06031580487098226
1.0734517242454833,0.12440473292032983
1.0108411135561104,0.27169564826655257
1.1143615358097463,0.6280337403178545
1.0,3.8579309718682384
