alpha,s
0.2481451830620544,0.0
0.5497033430685911,0.13605596520242913
0.9352640759838148,0.31425281933309723
1.2365857873636397,0.5153339288317923
1.441726788082543,0.8988999275209965
1.0,2.8647845421492284
