alpha,s
1.46072004940108,0.0
1.3886026531907802,0.03702094503576261
1.3558267967109074,0.09969236318175154
1.0838154810786746,0.21892009398379442
0.9559269052109524,0.5515913750617703
1.0,3.01248911136017
