alpha,s
0.41068971337230675,0.0
0.39723627646745735,0.1232080125185826
0.885039762383321,0.3677413156453185
0.6191079727672644,0.5749860022932627
0.9244339433401058,1.2144280639222498
1.0,3.7187737441263415
