alpha,s
0.9129548374314891,0.0
1.043029116522591,0.1418979452713505
1.0343905509114588,0.3095136167656467
0.974443651341547,0.5662629598520545
1.1310231953396417,1.064248712248959
1.0,4.94024133192743
