alpha,s
0.8478630484029571,0.0
0.7587023080713691,0.0934304755196742
0.6698562116609543,0.247168986957949
0.8048446306274593,0.5357047778282572
1.0861219560562587,1.0240167506383528
1.0,3.956723617854938
