alpha,s
1.2120319446225223,0.0
1.1472138693118994,0.10245718375570366
1.0568159961138242,0.24897315931063171
1.3240712793000435,0.4959066027129468
1.094835807109605,0.8763387424394471
1.0,3.621733414529841
