alpha,s
1.2992759581925566,0.0
1.1905957143761188,0.10617792220042552
1.2531866200890656,0.2600607532939751
1.2796573294218356,0.48062571983225155
1.3367375743333711,0.8933198308404704
1.0,3.9183596899589626
