alpha,s
0.06482987153646166,0.0
0.09227574827338914,1.550136986301371
0.17597612371886778,3.087123287671234
0.1735323001975172,4.41643835616438
0.8570096317630228,6.2915068493150725
1.0,8.17808219178082
