alpha,s
33.41429083219007,0.0
4.1050827360305515,0.0041686939259852
2.0865088352360948,0.051444346250044584
1.598197757942508,0.19245530816700604
1.3093605864746762,0.5293678066905743
1.0,3.363205768805829
