alpha,s
2.8950717819961946,0.0
1.5476931479801461,0.045087827563244434
1.4965808739547057,0.15523737687169642
1.001308277716754,0.3322414803657287
1.1315702713671785,0.8370645450507349
1.0,2.6968229305320945
