alpha,s
25.397287285061118,0.0
5.305657521093706,0.00500558393931212
2.494868019346051,0.03813812135994093
1.8606650172899089,0.1439360442302811
1.2242360740042015,0.40662757808821604
1.0,2.9959410619159703
