alpha,s
0.003904041556255102,0.0
0.028316045157513594,1.6301369863013706
0.022068274144482536,2.242739726027398
0.11898348448295828,4.1627397260274
0.6413308057574971,5.94520547945205
1.0,9.4986301369863
