alpha,s
17.046869044917113,0.0
3.9716061168595904,0.0067714609721023205
2.009292508250763,0.04724878405080142
1.6313017514381953,0.16850702842178383
1.1289413260698473,0.46052401561491724
1.0,3.6421986247990494
