alpha,s
0.963491314117006,0.0
1.0215465278070264,0.09817371211272159
1.3146187028278917,0.24174823351267774
0.8379879036239026,0.42410322346547935
1.091327955849139,0.9645000080463682
1.0,3.865390858835806
