alpha,s
31.53117911556781,0.0
4.957974497732729,0.00439858896861946
2.3384690743328154,0.04218497935149218
1.5018983255563378,0.1614073429620945
1.3460095734381823,0.5085358999627897
1.0,3.816270046028389
