alpha,s
0.7481813740405066,0.0
1.3546402375552253,0.09413538938412128
0.9998308446527598,0.19531885344103195
1.1661627431651498,0.41378185650977534
0.8656124963308336,0.7811043005574176
1.0,3.3371987548728304
