alpha,s
1.117760585072159,0.0
0.9671759286381412,0.07375303550583276
0.8037842070851644,0.21312168131009065
1.0729081877054274,0.4873977199535128
0.9565215277400745,0.9026043150787378
1.0,4.636670700262912
