alpha,s
2.2538560269608245,0.0
1.4938934907093655,0.041306403816781925
0.9549601334896523,0.13814797939044707
1.0503762137737434,0.38883666119666455
1.1721838350715148,0.8116080326486997
1.0,3.92590519059991
