alpha,s
1.156593267452699,0.0
1.0701050442496562,0.07264641391363716
1.0713169676155607,0.19031074521719613
1.150625884183599,0.3919544890628721
1.2395842785937912,0.7518546088102386
1.0,3.746331913385257
