alpha,s
0.009234054209591353,0.0
0.033684835689462185,1.883287671232874
0.13978876028784756,3.74246575342466
0.13265877187136868,4.359452054794522
1.0906739748648162,6.549041095890413
1.0,8.22739726027397
