alpha,s
1.3541848858148988,0.0
1.295130039680401,0.0652530255741447
1.2251984565474165,0.1672721396933174
1.0460951733357315,0.34268713525066136
1.1380270819132619,0.7527472295794482
1.0,3.7730826713097056
