alpha,s
5.116298000089119,0.0
2.7793470184315465,0.0405037321457607
2.022169355651883,0.1321796432633614
1.4531314086347582,0.30698746270879523
1.062480646081015,0.703039214909718
1.0,3.48260418514528
