alpha,s
0.335021559153409,0.0
0.687102606870271,0.14989827591928748
0.6153459263254897,0.2937711994008111
0.738290299895772,0.5728409623926625
0.6107627847928311,1.0367215944453911
1.0,4.275880284607793
