alpha,s
0.2988264986487562,0.0
0.9869763495667283,0.124198019610437
0.9373425634608946,0.218711538849559
1.0194385443379603,0.3963269656772862
0.7634998564094848,0.7245878855104009
1.0,3.797677732935215
