alpha,s
34.47460504196435,0.0
4.588160201678744,0.003595127916360141
2.1125386524172365,0.04024167579263951
1.3533352283699125,0.159612284940089
0.9393894844784955,0.5105130098413777
1.0,4.972762416510323
