alpha,s
0.3615144304776071,0.0
0.4428263609479122,0.08578498789214854
0.7845573218762218,0.25421489301147593
0.7974251731180427,0.4510094505173924
0.9618703292032731,0.9083082961669887
1.0,4.892579515717912
