alpha,s
0.0328647206074307,0.0
1.0669907380645387,1.95342465753425
0.1162686624255406,2.03561643835616
0.24263693485718582,3.74246575342466
0.47436526339248175,5.15890410958904
1.0,8.22739726027397
