alpha,s
1.1715459324456456,0.0
1.1380851592643826,0.052904171004092615
1.1316386868772106,0.14172010029658916
1.037827103139491,0.29767660129229506
0.9472638140223247,0.6571204350656805
1.0,4.328749417172083
