alpha,s
1.2703537110428174,0.0
0.920530013963422,0.048425235347110865
0.7059928486786349,0.16231105310952115
1.1213839966909553,0.4183627317013284
0.9590832483183052,0.764013900353387
1.0,4.168387418086945
