alpha,s
1.0810162676513855,0.0
1.1439567551234187,0.17900817322989496
1.1096738033732603,0.3912832594258361
0.9934275085210289,0.6992463656684764
1.2028432637618798,1.307705790704157
1.0,4.430120856724056
