alpha,s
0.04528720351920783,0.0
0.07151325361182649,2.29315068493151
0.15392618257633636,3.730958904109592
0.2147389395258307,4.914520547945207
0.3018514671413549,6.35890410958904
1.0,9.4986301369863
