alpha,s
0.03633060583741876,0.0
0.12030074245465444,2.140821917808216
0.13908700822916004,3.0969863013698617
0.14309788621117342,4.281643835616439
0.4276607820944372,6.277260273972606
1.0,9.4986301369863
