alpha,s
0.9828072301313177,0.0
1.2534977255440238,0.11372942666825689
0.9200560370797276,0.233866658233575
1.1695961754244446,0.48912680412090626
0.9836427134109039,0.8744763948652402
1.0,4.453550062638628
