alpha,s
2.671902407180462,0.0
1.0928986350747125,0.002909037591462281
0.9135861989333586,0.038322322111087125
0.8203731327021643,0.14578144820300928
0.6906438498598967,0.4485409204546227
1.0,3.6595089084927857
