alpha,s
1.107616911947778,0.0
1.1647224025802487,0.1256518228995832
1.091607093618333,0.2863402818217327
1.1899130706120649,0.5370521534181779
1.2771726679582973,0.958787497151235
1.0,4.069962747593693
