alpha,s
0.5514487764217934,0.0
1.064215853723188,0.12068958716021752
0.8546961730855711,0.2358547516618668
1.1208481676081927,0.48928267514456836
0.89302119754129,0.8805249253952098
1.0,3.40022566361701
