alpha,s
1.629123179220034,0.0
0.9188440010893,0.040395871920802004
1.3600021741295774,0.16808222810500137
1.0508347936512885,0.3100841596320694
0.7475074946674336,0.6707984855347872
1.0,3.546886842951961
