alpha,s
0.7986707861079971,0.0
0.8993073414656042,0.08011851498669757
1.099579726677414,0.21596708710199217
0.9003254591611347,0.3936223171155047
1.3061567830888212,0.9234970526750125
1.0,3.827857645442029
