alpha,s
0.926133702718962,0.0
0.9759346800326011,0.1024289689105532
0.816403828932306,0.2383406718813612
0.9714689101572836,0.5113007128802499
0.8910523412280309,0.9399071700608213
1.0,3.790933643596948
