alpha,s
1.3068976388154234,0.0
0.7713197165047555,0.006884497459477582
0.9723791932936496,0.07292062233834695
1.3237870113531243,0.19468912219753376
0.9988459435280169,0.44480632429075034
1.0,3.988334746313007
