alpha,s
1.106234400085006,0.0
1.2417377961313831,0.10801183253630289
1.0862746473324847,0.2392097809258663
1.3470028350541121,0.4662292127959772
1.3037461845721936,0.831101833484918
1.0,5.190968671442387
