alpha,s
1.4786476100330639,0.0
1.4788740354629772,0.03965183635886474
0.8423047878520588,0.1174222781306616
0.9741064696181612,0.3664849495937873
1.284754583476005,0.8496230391031668
1.0,4.2648414271822
