alpha,s
3.612971747307249,0.0
2.4167732113088154,0.050905493477097
1.552401777020489,0.1448313092822347
1.605912103791418,0.34965783538103773
1.0358017623527593,0.6927571182328236
1.0,3.048281295983496
