alpha,s
0.948041632078988,0.0
0.9428939290042161,0.08117218499681145
1.0681213716843965,0.21957211871639334
0.8614977517207789,0.42240684576303045
0.8886625787843592,0.9280821433498314
1.0,4.274403238070732
