alpha,s
0.006857971454981683,0.0
0.00727675090460586,1.3041095890411
0.05397879761981634,3.793424657534246
0.060522461583851675,4.810410958904111
0.2178824606437088,6.806575342465755
1.0,9.4986301369863
