alpha,s
0.2871657261302623,0.0
0.5320124890058682,0.11200379752896064
0.6232512531331518,0.24777051239268852
0.8694734945525869,0.49240377757315335
1.0846496597822004,0.8921689922563675
1.0,4.642399142313996
