alpha,s
0.000545098758606608,0.0
0.01608064657263659,1.82739726027397
0.03404883896175889,2.48767123287671
0.2711917455828378,3.5917808219178102
0.29427905448997804,4.39452054794521
1.0,8.16438356164384
