alpha,s
0.06280808862259928,0.0
0.34915030541495096,2.014794520547948
0.14205955960916591,2.4482191780821925
0.23564047660260978,4.2027397260274
0.5940514291703188,6.14794520547945
1.0,8.16438356164384
