alpha,s
1.0828963754572738,0.0
0.7494976390358119,0.16551906266475136
0.9990167169042438,0.4741024659203791
1.002661251501885,0.8064161702580653
0.8369220428298744,1.3662156203647247
1.0,4.754108470378117
