alpha,s
11.902405650493483,0.0
2.028725108482764,0.00401478563665482
1.6514637017537421,0.054431759213727705
0.977506176830941,0.17612130401952855
1.4719643295615377,0.6556386790013078
1.0,4.125182163700378
