alpha,s
1.0626445867426946,0.0
1.4070165168987252,0.09448178301755542
0.931080301576849,0.20119044154025176
0.8172101110444865,0.4481718499559957
0.956479607394922,0.9768881026042989
1.0,3.582405608861241
