alpha,s
1.5755347453140767,0.0
1.6010943893701295,0.12641630831801565
1.338599735346194,0.2891337900823364
1.2184501058457267,0.5584690479775063
1.177165398772865,1.0496892190266134
1.0,3.6336114227822023
