alpha,s
0.0618667264121781,0.0
0.15567173951223426,0.10447135419130764
0.17481499419412488,0.21900437566671033
0.21146540812442263,0.4473167954724791
0.1430337463900345,0.902632070797877
1.0,4.838054692147105
