alpha,s
0.8764696450739895,0.0
1.0425581178634833,0.09778288183923715
0.9221725428577805,0.2299053129162807
0.9488061892927661,0.477181381161442
0.8430639542840194,0.9450248291302309
1.0,3.961232575320857
