alpha,s
0.07755346092969988,0.0
0.19684998356130473,2.186849315068494
0.14743586403880035,3.6115068493150666
1.2782151818739391,6.2915068493150725
0.6335145637576984,7.04383561643836
1.0,9.4986301369863
