alpha,s
1.290534636666507,0.0
0.9750690166291115,0.054303371087120855
1.0661806531948326,0.18746946603119305
0.9257506414827321,0.3872930097845031
1.086170881951151,0.8805209241074503
1.0,2.935187104324536
