alpha,s
3.0201921105238556,0.0
1.368736348030116,0.02857096995334702
1.1414641093138365,0.14344316577829186
1.5050454581972768,0.35968166292109344
1.3281550118178584,0.677786230474475
1.0,3.0735397591789657
