alpha,s
1.0,0.0
1.0,2.01369863013699
1.0,2.42191780821918
1.0,4.17260273972603
1.0,6.33424657534247
1.0,9.4986301369863
