alpha,s
1.0,0.0
1.0,1.82739726027397
1.0,2.23013698630137
1.0,3.804383561643841
1.0,4.6635616438356156
1.0,9.4986301369863
