alpha,s
1.0,0.0
1.0,0.11185955008914021
1.0,0.28604546753587756
1.0,0.5225792996370355
1.0,0.9843694258957737
1.0,2.802186961650817
