alpha,s
1.0,0.0
1.0,1.4246575342465762
1.0,3.172602739726024
1.0,5.0958904109589
1.0,6.769863013698633
1.0,9.4986301369863
