alpha,s
1.0,0.0
1.0,0.0376427710883132
1.0,0.12922061203597596
1.0,0.32336449648895044
1.0,0.7837028661705358
1.0,4.574936446794735
