alpha,s
1.0,0.0
1.0,0.11328948911723727
1.0,0.24708399110413573
1.0,0.4450443261644885
1.0,0.9641169083778243
1.0,3.945398841773504
