alpha,s
2.5967339470832655,0.0
1.4951050936365653,0.03617075989533765
1.6844676121985942,0.13941192424804974
1.3264690994474218,0.29169551973560687
1.4746856966328687,0.6561812579368016
1.0,2.3115130505410466
