alpha,s
1.0936970794619087,0.0
0.9559307459258605,0.12487395232768957
1.1984005603813412,0.3204080719405544
1.0750855277522486,0.5504933669156575
1.5403974276967316,1.0081773099550932
1.0,3.2272984015104247
