alpha,s
4.226084737434681,0.0
1.6908131392890167,0.040395871920802004
2.167644502646993,0.16808222810500137
1.4916654342129778,0.3100841596320694
1.0055879035977353,0.6707984855347872
1.0,3.546886842951961
