alpha,s
0.2525793961263753,0.0
0.47670401615457164,0.12392761983484181
0.557498741625633,0.280385582143044
0.7993728223917177,0.5605595719988961
0.95350077694454,1.0025574833071
1.0,4.994575506562667
