alpha,s
1.2305539444003835,0.0
1.1959939146259095,0.10786689297044182
1.099175573088623,0.2566591595958861
1.162405812148826,0.5113839125764232
1.2398329303304008,0.9371804030517236
1.0,3.908334319217357
