alpha,s
35.917243075878126,0.0
5.482159190307977,0.004027661870681901
2.9976247348618448,0.03992892029674392
1.588048468055565,0.13734176324678848
1.652476380979074,0.4778116873533712
1.0,2.9685499061412592
