alpha,s
20.687633006933268,0.0
3.92732493071581,0.0061867692478509
1.949125073663539,0.0499357686211558
1.2741183192822443,0.18861828864648914
1.3764971080442387,0.6009017532703872
1.0,4.565279767696846
