alpha,s
1.1911466273296862,0.0
1.0425792769763398,0.11220286075257563
1.1451196933988668,0.2844883829307674
1.0086961709973759,0.5133544025355692
1.151093754149722,0.9995269981000562
1.0,4.82609037456986
