alpha,s
1.1003748856184115,0.0
1.1320349068842794,0.13562266873325857
0.960303084085444,0.3106004236745734
1.2815517108914538,0.6123646466929124
1.3163022757228646,1.045863451590448
1.0,4.9647226154824855
