alpha,s
0.06309734931318119,0.0
0.23769028388958502,1.974794520547942
0.2626587071484499,3.01095890410959
0.20909547925896274,3.7594520547945223
0.4277926121991113,6.066849315068491
1.0,9.4986301369863
