alpha,s
1.0595378065655388,0.0
0.919649018781438,0.11969168958066
1.0163529842821055,0.3095158896990984
1.1521592586406548,0.571165706611543
1.1846738473553375,0.9961850490458926
1.0,3.949863939678085
