alpha,s
0.0004447029952285972,0.0
0.014691550271470583,2.01917808219178
0.06819364766855227,3.01095890410959
0.12469240488760824,3.9473972602739726
1.9680309087233403,6.185205479452055
1.0,7.16986301369863
