alpha,s
1.2571367448721888,0.0
1.2181110190545772,0.10201271725092244
1.0521685828362064,0.24496577171171155
1.3040464107824408,0.5080057312597271
1.2991914719185358,0.8941860042976718
1.0,4.364102499384303
