alpha,s
1.0484844990538411,0.0
1.1313205197525076,0.11797466347401359
1.0504056041938918,0.26677084781208
1.0489330337424008,0.49823441617008457
1.3004551820065957,0.9455082092146
1.0,3.8250751072401954
