alpha,s
2.435111324511391,0.0
1.475936951134424,0.05315830509585467
1.0996951661255956,0.17218666050968606
0.9747955760381081,0.41192826548471645
1.2589407311538896,0.9070001712736118
1.0,3.359882287983908
