alpha,s
0.4514742767232703,0.0
0.8743514661591402,0.08268682982301268
0.45395176146293487,0.1738399390717995
0.8972047327756811,0.5399691241540037
0.7418220392045538,0.9140572475328181
1.0,3.2815581358968338
