alpha,s
1.1090838869641346,0.0
1.0769059934031997,0.07472268222406717
1.0474818528889618,0.18974864524061946
1.1213629690142155,0.38633814313642717
1.1332018670196422,0.7759661339935766
1.0,4.083714962272624
