alpha,s
27.50418485816627,0.0
4.246767853677418,0.005178614184949902
2.7546536846167347,0.051547859078069004
1.844263686122262,0.15732431888517417
1.22579315399717,0.4361581978128916
1.0,3.51930135187317
