alpha,s
0.7776508164046139,0.0
0.7484930959143239,0.08293808392878584
1.1155050944927294,0.24629729877520096
1.0480602086001594,0.44405912271557585
1.2754850155759254,0.8623577518893053
1.0,2.5859059081673945
