alpha,s
0.8028580346880427,0.0
1.118521179230716,0.054661853925634635
0.8791284210460907,0.143836121399014
0.8834533631871193,0.33177460717995005
0.43667756466908186,0.7495147185735235
1.0,4.447321406687531
