alpha,s
1.0079261416908272,0.0
1.1540213287007355,0.11458722785422867
1.1627971334238978,0.25283945229014143
1.1714707247466503,0.4665248289893194
1.1688877413609442,0.8662480623474492
1.0,3.829548083793519
