alpha,s
2.721201940604899,0.0
1.406501125410162,0.0030674896907483635
1.1482869207707986,0.03675224273724358
1.215514333305659,0.15016145119205573
1.0316856441312918,0.4092901168881371
1.0,3.043430693299135
