alpha,s
0.4878500631970611,0.0
0.614162185151291,0.13905143430588568
0.9883162519471148,0.3248209919041242
1.1776207978998576,0.5434732154502235
1.1753068973974714,0.9036008119288916
1.0,3.9519025643181545
