alpha,s
24.974169049867683,0.0
3.40145557542557,0.0031987504854487027
2.093869536593412,0.04052805471758668
1.5921170448042803,0.14315662477659996
0.8855503011699368,0.40927405617938645
1.0,4.726369597317989
