alpha,s
0.2589578942009306,0.0
0.38241208739920185,0.1096988978064925
0.4345827296353391,0.2561366657121393
0.664308831964397,0.519648894905579
0.8614100224825185,0.945422189281296
1.0,4.244835529678992
