alpha,s
0.0002681930151535482,0.0
0.013312694546117486,1.95342465753425
0.02283324332106502,2.307397260273976
0.18756485686656624,3.786301369863012
0.2725664675104536,4.823561643835617
1.0,8.16438356164384
