alpha,s
0.9599077751581852,0.0
1.0584018043982364,0.07399288697776019
0.8777552122382517,0.1766932712463323
1.0720842376276836,0.3808314899854619
1.2036986153133422,0.7517530743941222
1.0,2.9939995910125834
