alpha,s
1.0868637694168133,0.0
1.0558775401361227,0.12161480274525738
1.0543959189370085,0.28955107760604526
1.069858757592679,0.5413372461346005
1.1556784652560885,1.011307100165498
1.0,4.216208124968225
