alpha,s
0.04584896567516329,0.0
0.10593401704528439,1.901917808219178
0.23790398593966441,2.8931506849315083
0.08835388641097024,3.74246575342466
0.6069942894529571,6.577534246575344
1.0,9.4986301369863
