alpha,s
1.0213454225127463,0.0
0.9870047772641523,0.1290309803227148
1.1810727990485899,0.3085911710645745
1.133372688284909,0.5274302479014562
0.8375136474594029,0.9463736988212652
1.0,5.305237691204421
