alpha,s
0.67389895234152,0.0
0.6708971655887929,0.09612302198731058
1.0095815018309096,0.27888416574704317
1.1485902708384712,0.4811535289913451
1.04398820948694,0.8455108393609055
1.0,5.167138637407851
