alpha,s
0.982514700616529,0.0
1.0092362767939667,0.07801399623198607
0.9234187405243063,0.2058017631304238
0.8429867190543864,0.44830212232836897
1.0926151902937318,0.9372561860043815
1.0,3.9824370683157087
