alpha,s
0.05254010672389551,0.0
0.09265366752760619,2.00712328767123
0.3191397253443084,3.82739726027397
0.23948999235890736,4.407671232876712
1.519083102756796,6.10739726027397
1.0,8.03561643835616
