alpha,s
1.0592181717218097,0.0
0.9438501003843361,0.181368247266946
1.0211153611506174,0.4403243421365616
1.1724612230887987,0.7762451618810935
1.0310613461310907,1.2615749793828395
1.0,5.273702487254793
