alpha,s
1.375572073987887,0.0
1.1093942082344657,0.05736759478012039
1.4232632144352404,0.1800539137157365
1.467168209862251,0.33968161046367595
1.078452070272998,0.6601807665236779
1.0,3.187821784353505
