alpha,s
2.138703092942285,0.0
1.4992528774242282,0.041306403816781925
0.9595001059287622,0.13814797939044707
1.0610111115681067,0.38883666119666455
1.1904001657172467,0.8116080326486997
1.0,3.92590519059991
