alpha,s
1.0754989035820983,0.0
0.969339049994616,0.11447956247335486
1.1253705098458882,0.28718057737511254
0.9464240990636942,0.504872140650203
0.857073759812241,0.9843869015406314
1.0,4.296572368057225
