alpha,s
20.044381391812927,0.0
4.329244823913941,0.0038122418684001604
1.6831599198712528,0.032459679244838446
1.4366149463235374,0.15961719804128183
1.332185084367359,0.46268975539061385
1.0,3.7430840705992576
