alpha,s
1.56180144186175,0.0
1.4702009173617812,0.035771509409125005
1.2628568928172754,0.100185999574121
1.1579301840238314,0.23423657716278165
1.1883203031218676,0.5764127771057618
1.0,2.793205950662259
