alpha,s
1.8651487381784777,0.0
1.1404475246646424,0.039596352448117246
0.9191852461005069,0.15743095858619482
0.9088424951557444,0.4051274253235247
1.3071401769099917,0.8998728933227207
1.0,3.2284634248210304
