alpha,s
0.005422454138109772,0.0
0.016655625275261664,1.23561643835616
0.03744562088541423,2.23013698630137
0.1960554071899948,4.17260273972603
0.4530868204081789,5.58904109589041
1.0,8.22739726027397
