alpha,s
1.0290210646616933,0.0
1.0907424702496968,0.11321972060024083
1.0317275557838175,0.2610786592009278
1.0832697203179407,0.49509985133546913
1.1628851754967673,0.911387861369434
1.0,5.122092562686465
