alpha,s
0.5359240094780675,0.0
0.5853985299609195,0.09992221608544953
0.7764315767093087,0.29243378927026203
0.794283664557727,0.5513836919761188
0.8895469362196327,1.0055094593188505
1.0,2.829104964099333
