alpha,s
1.1020784947225566,0.0
1.3037137509140688,0.11879502616160796
1.0017913517721817,0.25814718052373337
1.101809930108756,0.5304918009686396
1.3431825728506706,0.9911309810944722
1.0,3.4364944181850703
