alpha,s
1.2366489488387826,0.0
1.068844695430431,0.1021442593286553
0.8844227329290143,0.2625180943885828
0.9018543351707228,0.5466316910230732
1.2531954915166978,1.1007577750819606
1.0,3.69262289806461
