alpha,s
0.044804713199838524,0.0
0.1697301026820171,1.4723287671232843
0.08227974420180215,1.98630136986301
0.16854409578713203,4.193972602739728
0.8034125369151598,6.305753424657539
1.0,8.22739726027397
