alpha,s
1.42413910700266,0.0
1.0045888198504571,0.038091333612420744
1.005601913592306,0.13588489238466608
0.8618877435802014,0.307617009894755
0.641767206675868,0.7161987452615755
1.0,4.752594477015921
