alpha,s
0.2865654556882767,0.0
0.44307891746389505,0.1184908092291215
0.5231746551281045,0.2785811811469107
0.8586788236407923,0.5625823628163485
0.8926889117877981,0.9829811531304108
1.0,4.426136478329235
