alpha,s
0.3569517769614189,0.0
0.5168012757580173,0.08883105894624024
0.68577013332289,0.23067712894099107
0.7867797981247698,0.4555516035510378
1.0876423345597208,0.9224878061523518
1.0,3.875390641742073
