alpha,s
1.2648436493265682,0.0
1.3518420352493261,0.043973386700492
0.9352289452970671,0.11257045755791899
1.005782215733994,0.30055957042466863
1.0108020131530795,0.6848929657564347
1.0,4.337644196033397
