alpha,s
3.28138028553238,0.0
1.8517864960728365,0.05315830509585467
1.3042291652537217,0.17218666050968606
1.101169232128391,0.41192826548471645
1.3436790987846376,0.9070001712736118
1.0,3.359882287983908
