alpha,s
0.0009886604890200293,0.0
0.010780894765369453,1.2904109589041122
0.032924792586068105,2.3358904109589083
0.08452498331028911,4.19178082191781
0.39805674772699257,6.277260273972606
1.0,8.22739726027397
