alpha,s
0.3093306795641347,0.0
0.4759284634596131,0.10988086346170425
0.5210263256500711,0.25701571187931327
0.6649590253813735,0.5158250098628938
0.772594690519695,0.9745370213341138
1.0,3.758618934567417
