alpha,s
0.03612063400298939,0.0
0.07402755258457556,1.96712328767123
0.056290552157541536,3.10684931506849
0.1845400306724029,5.58904109589041
0.41285021462263144,7.04383561643836
1.0,9.4986301369863
