alpha,s
6.282214916763392,0.0
2.117900676657992,0.02857096995334702
1.5667897650900156,0.14344316577829186
1.838278473467665,0.35968166292109344
1.5002793250269972,0.677786230474475
1.0,3.0735397591789657
