alpha,s
0.2894691404403872,0.0
0.30072078556106824,0.07414696053222503
0.2905389074425079,0.20385455509140335
0.207027943464177,0.4228394385212411
0.1115630270213214,0.8840605898789483
1.0,3.7586891951879
