alpha,s
0.10000389269164917,0.0
0.521598419962908,1.985753424657534
0.20928125264996203,2.48767123287671
0.2792488302526719,4.2027397260274
1.0435736932827415,6.2169863013698645
1.0,9.4986301369863
