alpha,s
1.0603068334251586,0.0
1.0857631749042664,0.07605037936774109
1.0916798002094796,0.1865020048889084
1.1223792206773637,0.37056488788732644
1.0353438152244465,0.7365581366505152
1.0,4.409331407660086
