alpha,s
0.3273808292074474,0.0
0.5263156574522108,0.09795204126646967
0.7115906808333143,0.24567078053752095
1.070080361710274,0.48896993227453595
1.1083352232120134,0.8547694026199917
1.0,3.840729135968613
