alpha,s
0.22807602488251336,0.0
0.6085500798508182,0.1469179380753903
1.1971000639182274,0.2942052838319819
0.7806956841491804,0.4400255270323265
0.9468140673977914,0.9376870577442286
1.0,4.505586021424279
