alpha,s
0.2820993055966512,0.0
0.6994837183697595,0.1432312592381713
0.3768101464987395,0.2665794774071742
0.5485869495187751,0.6683231407693289
0.667113429405821,1.2616487248320614
1.0,4.001903256545426
