alpha,s
0.8282730669150214,0.0
1.170039134210024,0.1499608875681312
0.9264046889453674,0.287692332351563
0.8509460055419099,0.552505298121093
0.8679265391502032,1.062767305366882
1.0,3.5979069778524786
