alpha,s
1.3327358461268841,0.0
1.2420709590991985,0.04558502808383964
1.2137655235791156,0.12745428557764318
1.0774019330260993,0.2793054897885885
1.2123448350070467,0.6632544324634551
1.0,4.271359295176404
