alpha,s
0.13959006672559301,0.0
0.1504326292778055,1.13424657534247
0.21807987162205036,2.01369863013699
0.13123709309418763,3.2054794520547922
0.8012350223643482,6.73972602739726
1.0,9.4986301369863
