alpha,s
1.1580955017779493,0.0
1.101469709721736,0.11412327103730488
1.06959159114407,0.2824321632267316
1.183073315039859,0.5328357514751997
1.2449479147347011,0.9510146378536634
1.0,3.3186149615974143
