alpha,s
1.0448916060952187,0.0
1.0154399242349392,0.12589705570680515
1.053509564953219,0.3017939497556254
1.1007941985068483,0.5521321202760611
1.1277436448291438,1.0069131883120372
1.0,4.530926871886059
