alpha,s
0.8741488362446952,0.0
0.9027218235563899,0.13546202241667032
1.4784669529666734,0.326914355731661
1.3932118951167505,0.49804027575274845
0.8719030647241011,0.8162910149309694
1.0,5.936904370134184
