alpha,s
8.781577733842646,0.0
3.074042257381005,0.005150256909520042
1.5330522163367248,0.0360242057383596
1.645777438377072,0.16299068067895373
1.406133216311502,0.4136758718320238
1.0,3.4788136624161585
