alpha,s
5.401103471639719,0.0
3.8716768367697076,0.03833869538538384
2.0708683798625502,0.10432745948209828
1.6626220772066476,0.2819021601666555
1.254177412689351,0.6625985727414203
1.0,4.143769209682702
