alpha,s
0.22614121903237486,0.0
0.4534772920402224,0.13973912015381526
0.4378962697738652,0.29744012171522916
0.8468550226003574,0.6154756338984871
0.3736081943588679,0.9220722394733906
1.0,3.452923502997437
