alpha,s
1.1274189490974114,0.0
0.652877340584248,0.05545782708998474
0.8060196228231753,0.21633870957814288
0.8486305665925938,0.4635320460395528
0.6148930196548994,0.8750971581282347
1.0,3.0024983549060846
