alpha,s
0.38263674905038997,0.0
0.5768992046497227,0.1102896570415637
0.72210750486014,0.2627232613222821
0.9230125986163342,0.5061271229883896
0.9345303440006624,0.9213716643447812
1.0,4.190145343609309
