alpha,s
0.5995416378518689,0.0
1.2761692108499392,0.141370678395716
0.7639764269474558,0.2563000844223736
1.503449000260138,0.5506922135014849
1.1589176259174565,0.8567045852523321
1.0,2.983182812463252
