alpha,s
0.9956738565387045,0.0
1.2330574329262354,0.05417514910849126
1.057033781442029,0.12983243597546187
1.135996412824371,0.28563939226550006
0.9611093443006248,0.6010010612610782
1.0,3.225610240182185
