alpha,s
1.1594179978885157,0.0
0.8733661093581923,0.056120467247927366
0.9731603619119829,0.18779271872656506
0.7642707017337812,0.4032951770963468
0.8822638150510917,0.9272001142175305
1.0,4.948532325586559
