alpha,s
0.9018372064566433,0.0
0.8090885458959912,0.08812259667223592
0.8950896771890539,0.23409453579375214
0.8218979796742572,0.44676666572371543
0.9417942484176095,0.9178112580259068
1.0,4.371995086285702
