alpha,s
0.5096051286369425,0.0
0.6455770574933791,0.11379096553038798
0.5900758625840895,0.28427471074598815
0.6259419532194305,0.5512737471833747
0.48641110132862736,1.0420389549816444
1.0,4.446909547940397
