alpha,s
0.8399591991785517,0.0
0.9227077507655752,0.0743600794267148
0.9180447133562836,0.20564752772486705
0.9090506030999151,0.4305962105543265
1.0869784602612782,0.8987173498934367
1.0,3.5935354502353207
