alpha,s
30.736855841769152,0.0
5.379177255100662,0.00471774393602178
3.059335995931487,0.04024825777695431
1.8175449469500804,0.13513747912620616
1.2382964338330469,0.4204063758758888
1.0,4.301861291749675
