alpha,s
1.3206100754483496,0.0
1.130127382949962,0.04237677585675898
1.096861914856714,0.12500561302429294
1.1518790822987577,0.2876860403791532
1.103089311616982,0.6372960246309488
1.0,4.062327679470088
