alpha,s
0.9576066931944167,0.0
0.9496862966355739,0.07635508455614652
0.7617434358616527,0.2323038157342755
1.0266349286825374,0.5115943114597779
0.8459140697651647,0.9332434706606997
1.0,2.9052993152504127
