alpha,s
0.005453227819362139,0.0
0.04704427312797287,1.978630136986298
0.06708324351441543,3.01095890410959
0.05964330819582959,3.82739726027397
0.18979834257019135,6.344109589041098
1.0,9.4986301369863
