alpha,s
0.2496235610368982,0.0
0.4486884194080672,0.14301314788191305
0.6164079484493875,0.3228902013144572
0.7258389860362426,0.5680895293130931
0.4359650696106997,0.9901214708082284
1.0,4.304884764929144
