alpha,s
3.4955496917200732,0.0
1.549043459935032,0.0046996983338131
1.2280173768104063,0.0428665011668144
0.9876703508061312,0.15659762039306613
0.9975510789066948,0.4892982378278096
1.0,3.374826243365679
