alpha,s
2.4675401903234637,0.0
1.7290984937077232,0.05283032862572395
1.43679803933797,0.15877543563185492
1.4670654686833897,0.35078461887834844
1.1574619184634423,0.6826177780589384
1.0,3.758939145246485
