alpha,s
0.40910804167754844,0.0
0.5292950374583295,0.11648933457000626
0.6962523507003272,0.30072679611341246
0.6557964147088314,0.5413047428972131
0.719622203362534,1.076147472777227
1.0,3.2007009065304315
