alpha,s
0.9693158955908916,0.0
0.8983456707202732,0.1107608558260373
0.9868534167075492,0.2812745251964353
0.981624556486312,0.522382891134016
0.8477578179829051,0.9770927929617744
1.0,4.255297372077926
