alpha,s
0.08677304614963277,0.0
0.22717223414447713,1.98630136986301
0.2215544006440205,3.01095890410959
0.38451313949129867,4.15287671232877
0.920730587013127,5.781369863013698
1.0,8.17808219178082
