alpha,s
0.011134764447360154,0.0
0.1504362865766131,1.82739726027397
0.10216398783535269,2.28219178082192
0.20007718533615312,3.7232876712328813
0.2870721149851138,5.58904109589041
1.0,9.4986301369863
