alpha,s
0.0004458639409562238,0.0
0.039041597459319954,2.031232876712326
0.04144546587944074,2.36438356164384
0.10442094281517043,3.82739726027397
0.6063726213970907,5.936438356164389
1.0,8.16438356164384
