alpha,s
0.9828785338434431,0.0
1.2380561730455903,0.13145873372464723
1.1856725302336824,0.2740506049305743
1.0060099250901584,0.4975634519615432
1.125757676233016,0.9752939467102785
1.0,4.454662331465537
