alpha,s
0.007485448359792797,0.0
0.05116671668342053,2.16712328767123
0.0811109027103556,3.101917808219176
0.20769456679675755,5.0958904109589
0.7687662383320569,7.07397260273973
1.0,8.22739726027397
