alpha,s
1.3795576802259497,0.0
2.1359805611978104,0.1139971631780048
1.0504936970391463,0.2073006415362275
1.2373683762519276,0.4797411961291243
1.5865493206952572,0.9224038831184171
1.0,3.1426141343125384
