alpha,s
4.129854233531973,0.0
2.1692212481868154,0.051238168312547315
1.6562844390163445,0.171465286206486
1.7450983387667434,0.3949879899925493
1.1221615790909514,0.7415850407995228
1.0,4.017651495199365
