alpha,s
0.9755513687932132,0.0
1.074140050568319,0.1267978734024272
1.165567918438522,0.2839639970801859
1.151054667394183,0.5046996530133304
1.0351398342526428,0.9204417753999944
1.0,3.5592583913335143
