alpha,s
0.9063530698817364,0.0
0.8256144604736261,0.129410218041029
1.0848173563137213,0.3197091056117945
1.2181535871105458,0.5410554090923825
1.0701119860621748,0.926770028695153
1.0,3.4466237841383403
