alpha,s
1.032026268202103,0.0
1.0560740545261074,0.1256591113788351
0.9964681160174842,0.2922454830697413
1.0841395118495323,0.5523624336830995
1.1473906033646315,1.0041085436898656
1.0,4.797203981677692
