alpha,s
1.061247032502812,0.0
1.0736211398537028,0.1255501680740837
1.1838126459017344,0.2920730621188567
1.0286483270884692,0.5192455239058636
1.042013772067214,0.9891764568494316
1.0,5.14287106909612
