alpha,s
1.1711720889006658,0.0
0.9811853284952855,0.04286926709797586
0.8752480820992486,0.15423990620709396
0.9012336050255523,0.36912602711894904
0.9590917332470802,0.7994492133304869
1.0,4.683387112190549
