alpha,s
0.00045243976200323255,0.0
0.06038862704479995,1.95342465753425
0.018773187053855094,2.03561643835616
0.09750178484947937,3.74246575342466
0.294620132647853,5.15890410958904
1.0,8.22739726027397
