alpha,s
1.3453292242213908,0.0
1.3050753456945445,0.1160122870287255
1.1537830528303508,0.27424733500279386
1.1134599203234334,0.5046184191664435
0.8255631370309577,0.9344506825073812
1.0,3.8449762942174073
