alpha,s
0.8926738946153956,0.0
1.0417113160430023,0.13627849161314706
1.1229613106618086,0.28949465500123206
0.9133601522436542,0.5133867906753415
1.1586765881925276,1.027430313816132
1.0,3.7199010580855463
