alpha,s
22.29241059083312,0.0
4.355461476770116,0.006688539672248503
2.654225246838535,0.050813406063970216
1.8478525884355084,0.15960106237831892
1.1961420959364162,0.4470462179705585
1.0,3.3735247487592166
