alpha,s
0.01778390275532664,0.0
0.7028357713434621,1.95342465753425
0.07993496199609446,2.03561643835616
0.14857486269604386,3.74246575342466
0.2787251005097693,5.15890410958904
1.0,8.22739726027397
