alpha,s
45.032912302782414,0.0
5.5249127315694615,0.00264605335833064
2.090390961771257,0.032219017653889084
1.5890461577022859,0.15283354694541065
1.2727979310392756,0.46022484095022753
1.0,3.126401106022233
