alpha,s
12.071980068261485,0.0
2.9827454292594275,0.003947501773509021
1.8940802593078379,0.040165122957839215
1.8357257174312827,0.14908882825110883
1.1868294481422266,0.40086514257771927
1.0,3.662900955199559
