alpha,s
1.7727136784088249,0.0
1.137363614441203,0.0051726731485096
1.1456818688818917,0.0520565156646831
1.4243127511084246,0.1746134449264777
1.0461833462906895,0.4014900095304152
1.0,3.129406681636148
