alpha,s
0.5255472835819295,0.0
0.475215577632749,0.09060422164930515
0.5422212438742716,0.26262980044247014
0.6450470373537416,0.5396150378516095
1.0818695889222594,1.0835487399693111
1.0,3.370102729460239
