alpha,s
0.585986491755749,0.0
0.70888008634058,0.1038226978938322
0.7372699276436656,0.2373699360952227
0.7966514882944762,0.4629612071734314
0.8008777780585635,0.904999471557828
1.0,4.965872847645898
