alpha,s
0.24949380541924984,0.0
0.5204099781747491,0.1569546475695129
1.0385465807949317,0.3324491336225418
0.7844968303293631,0.5091680011439581
0.6936420087088565,0.9854135495228397
1.0,3.481215348081178
