alpha,s
0.21077779312257075,0.0
0.4828966010127115,0.1183842262817611
0.49615759264374515,0.24564465596236287
0.8232750827953582,0.4939950601403598
0.9026640502742669,0.904852883675656
1.0,5.573011396035069
