alpha,s
0.832584685994815,0.0
0.9562899780630115,0.0801174299667075
1.0475828098164244,0.2046325964006356
0.9344703726168213,0.39656395483049245
0.8547442919145796,0.851649779700076
1.0,3.036515397741051
