alpha,s
1.6700684639333614,0.0
1.8134975800309592,0.10621240554289603
1.6202395033390453,0.234282962971287
0.8739336483172203,0.43726334661500105
1.3043994982379554,1.1940915542023878
1.0,4.041674435515387
