alpha,s
1.212439084050146,0.0
1.1209866195545393,0.04320514442934908
0.9942348532674311,0.12416405394539971
1.1821657838578314,0.29222192179194334
1.2110256737959681,0.611525650247419
1.0,3.2193536128561275
