alpha,s
0.005191923686684188,0.0
0.04027506717825425,2.7753424657534267
0.06382883195011765,4.17260273972603
0.3310959233782164,6.14794520547945
0.33897765848230654,7.04383561643836
1.0,9.4986301369863
