alpha,s
0.2358034825199324,0.0
0.46539821265102,0.11920030532895598
0.6192109155605641,0.2734758714867076
0.6716658836225137,0.5194899157167272
0.9590719750776037,1.056685806790837
1.0,4.158533550336978
