alpha,s
0.03626380366504375,0.0
0.17033470035442763,2.242739726027398
0.15561320892490452,3.08219178082192
1.091517950748104,4.184109589041098
0.26533925375726586,4.6
1.0,9.4986301369863
