alpha,s
29.68607074986962,0.0
3.550096890131857,0.0047333721307145195
1.9467007916627828,0.0562771548527309
1.5155862814772216,0.19443598527041644
1.0199377120173303,0.5122032094445391
1.0,3.904701708502882
