alpha,s
0.419178669659563,0.0
0.37616483769151027,0.08391194399518884
0.6595892534712814,0.3260477914451368
0.9729157135236345,0.5943512211828341
1.1741936790803387,1.0210914537117115
1.0,2.811960346137906
