alpha,s
2.174950825356149,0.0
1.4208962326268677,0.05736759478012039
1.6868575709915175,0.1800539137157365
1.6344028135046802,0.33968161046367595
1.1647918850224988,0.6601807665236779
1.0,3.187821784353505
