alpha,s
0.8306865725803114,0.0
1.2358642342032529,0.2274442387725786
0.9520512468613671,0.4258227515057841
1.1612877425744845,0.7893035857409543
1.0548234201747733,1.2748671722371379
1.0,5.072178322089242
