alpha,s
0.7928135607086696,0.0
0.9817167718079761,0.08075147031262175
0.8441679678982328,0.20463197792021862
0.9346463037221561,0.4308982519716658
0.9407049030756336,0.8885203683075308
1.0,2.9369469487536666
