alpha,s
2.0825926955349163,0.0
0.9070059920081353,0.00439165265705436
0.8646213642824814,0.05388327897357256
0.8425305850062692,0.1836535676449924
1.0826680223508616,0.5538546880416889
1.0,4.064295518769935
