alpha,s
0.0554199347426189,0.0
0.24203936239760954,2.02575342465753
0.1592448441424497,2.766575342465757
0.30580964008230044,4.2613698630137025
0.44900548893463166,6.26301369863014
1.0,9.4986301369863
