alpha,s
2.5368621336559585,0.0
1.1772816653108653,0.00450830666310114
0.8532193994153727,0.043725763848926805
0.9709880453562209,0.17213122819272395
0.7791215297984442,0.4806500627726977
1.0,4.418940294059151
