alpha,s
3.735199001927287,0.0
2.136665754750185,0.0463208414685272
1.8959059426828286,0.1496382119498792
1.308603425016298,0.31979011333715157
1.0609421623331412,0.7448916623021299
1.0,3.660346123889966
