alpha,s
20.305132096012997,0.0
4.571117441088181,0.0067714609721023205
2.2304710482945,0.04724878405080142
1.7325780903520804,0.16850702842178383
1.1435103879774806,0.46052401561491724
1.0,3.6421986247990494
