alpha,s
0.9431263533749876,0.0
0.8902491446340705,0.12474933557309438
1.0766984750376989,0.3092106749643668
1.210087905562374,0.5384662297555464
1.1838111765405919,0.9095545720578356
1.0,3.778818339745491
