alpha,s
1.0260648166468571,0.0
0.9723185484339462,0.12722606613497528
0.9885394992899209,0.30408344631871154
1.221447267628802,0.5655560287481827
1.2200613187530012,0.95884935565563
1.0,3.3752373510265072
