alpha,s
15.133002430141353,0.0
3.0338823873472367,0.00817191884890426
1.7819593630265937,0.0642805104032238
1.0907743856897283,0.21625888496740436
1.0838999032469925,0.6600503210527926
1.0,3.4386408364369743
