alpha,s
1.059960309578746,0.0
1.0374785481909834,0.07447542893626867
1.0691918815125816,0.1896942116450124
1.0724315582666786,0.3812828060540141
1.0022814439733703,0.7613866791502356
1.0,4.581304624009207
