alpha,s
0.06111576148623967,0.0
0.07083092039137671,1.23561643835616
0.09189092894644359,2.4104109589041123
0.13798599034361278,4.23232876712329
0.3630655367021618,6.26301369863014
1.0,9.4986301369863
