alpha,s
0.07720328177746225,0.0
0.1027355584795706,1.168219178082196
0.07799668525796452,2.190136986301368
0.17952467506985129,4.198356164383564
0.4485456774561628,6.128219178082195
1.0,8.22739726027397
