alpha,s
1.333604232555731,0.0
1.0197988170926051,0.0748765332882079
1.1262808477129376,0.22548034943103373
0.9251487114457393,0.4385131451312192
1.082898191227018,0.9319985239881452
1.0,3.67992771961017
