alpha,s
0.0139300946998926,0.0
0.1058077045097676,1.9709589041095859
0.04227308018576914,2.42191780821918
0.17758292661690017,4.486575342465755
0.6790653846675757,6.14794520547945
1.0,9.4986301369863
