alpha,s
1.1165603234189942,0.0
1.1666910500025751,0.17128168391550355
0.9897187298109197,0.3780406478777016
0.9808307226704839,0.7156924287285525
1.1718246205594298,1.328416829305974
1.0,3.276779970530971
