alpha,s
2.055285036542429,0.0
1.1224583266552977,0.0319258551816611
1.0105986751501717,0.1374827053202524
0.7655651549912795,0.3497851429809182
1.1171603781802757,0.9423139751362486
1.0,2.7900943385342085
