alpha,s
1.5585970506698144,0.0
0.9573703064795757,0.1232080125185826
1.6677799667037294,0.3677413156453185
0.946291806515065,0.5749860022932627
1.3363299338965189,1.2144280639222498
1.0,3.7187737441263415
