alpha,s
1.025815662246688,0.0
1.0399578477450462,0.11094930722766742
1.06098272673931,0.2644127450324497
0.9892803598820264,0.503246345121794
1.0844959068517948,0.9940499174908546
1.0,3.907601464720064
