alpha,s
0.6388429713480348,0.0
0.9002185285804392,0.14814671198850815
1.1837028689234708,0.3021487506560018
0.7786404944632961,0.48006717449994935
1.0334510278780147,1.0022033788169795
1.0,3.6577304623375873
