alpha,s
0.39592375453099865,0.0
0.5856638568837731,0.09795204126646967
0.76559770096034,0.24567078053752095
1.1289880873277143,0.48896993227453595
1.1535443235818454,0.8547694026199917
1.0,3.840729135968613
