alpha,s
0.027154834018984084,0.0
0.076963006830146,1.8591780821917783
0.15464560443089986,3.039452054794522
0.4301840674200307,4.164383561643838
0.41001331806749053,5.12602739726027
1.0,8.22739726027397
