alpha,s
0.0068422293461929615,0.0
0.031390937587913295,2.23013698630137
0.25282473326753596,3.9473972602739726
0.22482488106440077,4.407671232876712
0.4570145822839498,6.33424657534247
1.0,9.4986301369863
