alpha,s
0.3718345353150611,0.0
0.5108696352523076,0.1022507353920619
0.9894765011207202,0.2732490076483382
1.025030319679832,0.45410255449572023
1.0503010403751731,0.8603097267715416
1.0,4.30299106072841
