alpha,s
2.1542827617841467,0.0
0.974314625769743,0.0403367214307466
1.3749799205298205,0.1856867232145784
1.0321877434991698,0.35784706168656216
0.7671319439568134,0.7854953161827702
1.0,4.342733187546769
