alpha,s
0.2765230589442925,0.0
0.5159357140566215,0.13335515122506708
0.7605538956808688,0.2898100381825537
0.8183784393191996,0.5029067127181176
1.2339648514315877,0.9724981542871018
1.0,4.14150984750306
