alpha,s
0.26206339070084517,0.0
0.45363787591624805,0.11747838529895506
0.667593259681316,0.2821580595434508
0.8734440429754873,0.5062656049910564
1.1214590954588366,0.9628561384897615
1.0,2.944326162085918
