alpha,s
0.388831979192841,0.0
0.7069602839897484,0.1304433190233006
0.6720333998889026,0.2855071547695125
0.9484872809277205,0.5661520724935574
0.8347090835462833,1.0006580158208773
1.0,4.041069053634157
