alpha,s
5.019192481019637,0.0
2.189054577119463,0.04070017526774482
1.3369650502858934,0.154320019207761
1.5963995625805132,0.41496948803034883
0.9151760854155888,0.78601098178634
1.0,4.380928959356072
