alpha,s
0.438938087884783,0.0
0.7065572029262855,0.12790149508815365
0.7587306170845372,0.2872117564512657
0.8708625297474907,0.5478911616938471
1.0227330981445444,1.0021678703552936
1.0,3.0914229724848017
