alpha,s
0.03884893421792557,0.0
0.05417366760489221,1.13424657534247
0.09502064621214928,2.01369863013699
0.08036301229977175,3.2054794520547922
0.7204395536346312,6.73972602739726
1.0,9.4986301369863
