alpha,s
2.3777302743470425,0.0
1.1589038200582495,0.0044171014765074
0.7762487467919972,0.0435932568385939
0.8546754971019143,0.18893973588008076
0.948110176916727,0.5416820277619403
1.0,3.8266510759092207
