alpha,s
0.11100360988611747,0.0
0.37976098086791504,1.922739726027394
0.4189277788927234,3.01095890410959
0.26890875566332356,3.6361643835616477
1.0061337116959266,6.212602739726029
1.0,9.4986301369863
