alpha,s
0.7306566634393041,0.0
0.821061486658671,0.0978699453367091
0.6627787320891622,0.2513396501044405
0.8366536899191552,0.5509250706829224
0.8291212785701598,1.0598498783515642
1.0,4.413440965833349
