alpha,s
1.067321536578626,0.0
0.9732459781459806,0.12449850056130234
1.1022070485258615,0.3047318297299766
1.0537141351439743,0.5452014223930124
1.4168433839950276,0.9983073036126913
1.0,3.823198713561879
