alpha,s
10.874448050412923,0.0
2.149846570585798,0.0038981478970560603
1.3433472369614765,0.04267442635807703
1.2877480116182896,0.168849315788092
0.9358200569926513,0.44964968923791443
1.0,3.6391224829422337
