alpha,s
0.8682718402830668,0.0
0.915188079464444,0.0862306461149257
0.9526054882287996,0.21465953991512166
1.2572310415271082,0.41715132347222494
1.1781940023791144,0.7423035127568917
1.0,4.39042601370726
