alpha,s
0.9170762614702835,0.0
1.1313622075357015,0.13392757997323032
0.8838809117376139,0.2811407759846381
0.87001083139735,0.5720804125929901
1.166643994812758,1.1111064824849304
1.0,4.271480907630415
