alpha,s
1.3136396439182858,0.0
0.9089119041330771,0.0959234820305291
1.0827388026456342,0.2735775342288356
1.1219622686558888,0.509412011034239
1.212721757253457,0.9237330532554685
1.0,3.464608659094333
