alpha,s
1.125848538538955,0.0
1.141448819052418,0.07563413862680307
1.1196074870718995,0.18705447988490997
1.0637712158872221,0.3732610333798545
1.1059939018142684,0.7620616321856116
1.0,4.723501614976626
