alpha,s
4.252938157568927,0.0
1.6790025073511627,0.041946990614048926
1.3869271812867243,0.17924698930595057
1.410536987436784,0.4127333436653424
1.4414190092148773,0.8023504039287976
1.0,3.388748827639392
