alpha,s
0.9899632182785413,0.0
1.0844876230959701,0.1301035659490678
1.0627655764049346,0.29110680723657634
1.0658073279745137,0.5351840649861246
1.0746456050498756,0.9856231148225475
1.0,5.802495418017653
