alpha,s
1.1039288569544594,0.0
0.8033596727338831,0.0930692272832818
0.8126428324119442,0.2698649195638429
0.8598755038355028,0.5356409226697478
0.9938688191473656,1.0374482276577583
1.0,5.0898698521264
