alpha,s
0.7088925209030765,0.0
0.8312268311310799,0.12779668856441773
0.8681485421050477,0.2845795076353209
0.9630337184794594,0.526816168625689
1.0283336489580113,0.9819131067144495
1.0,5.05636707940329
