alpha,s
0.09177190761992705,0.0
0.14355968291064555,2.29315068493151
0.30820360611571146,3.730958904109592
0.4192299505402013,4.914520547945207
0.6461719563803101,6.35890410958904
1.0,9.4986301369863
