alpha,s
0.8371486468426687,0.0
0.969670129619864,0.0877458279986182
1.1540772423596573,0.222015381429562
1.227212773955424,0.41385755923200435
1.1207565488735598,0.7816439523356404
1.0,3.3450372897128977
