alpha,s
1.1561533238304242,0.0
0.9065072329977195,0.0480643494710535
1.141379297601178,0.1431997627285478
0.8970069368553013,0.27868958386356196
0.5457334016886296,0.6386040766671232
1.0,4.462752740756807
