alpha,s
0.029453777406333183,0.0
0.18188685164233578,1.95342465753425
0.06937152194316133,2.3704109589041122
0.4142842659272994,4.196164383561646
0.5244778913450757,5.0958904109589
1.0,8.22739726027397
