alpha,s
0.5329294028428573,0.0
0.5501394607124193,0.12487395232768957
0.8023813461176315,0.3204080719405544
0.8325509407224357,0.5504933669156575
1.352058770664476,1.0081773099550932
1.0,3.2272984015104247
