alpha,s
0.3283639945829635,0.0
0.5148189151600272,0.12807129229829015
0.5681805308883552,0.26835584334235524
0.645716661877089,0.5022783673060481
0.9055863317719992,1.0123075911348989
1.0,3.031303023717491
