alpha,s
2.931279693901209,0.0
1.4269522882515595,0.03340236230003242
1.0167426196859675,0.1413987090734628
1.1101450485883164,0.3701496023643951
1.0950251287115458,0.7958175577661083
1.0,3.1770530933341345
