alpha,s
1.1723170298180932,0.0
1.1750281453293865,0.04068903319059346
1.2170177658897385,0.11820827213187639
0.7552116526851925,0.2481683823959122
0.628435924413852,0.6740022383386826
1.0,4.088333114816697
