alpha,s
0.6137426605328965,0.0
1.0554218586427684,0.09832729413023758
0.9321346386804191,0.20131044079205132
0.7869746882553672,0.40658572559346057
0.8388875430710144,0.8842552521331077
1.0,3.795882594060081
