alpha,s
2.9175165125811984,0.0
1.899323114630642,0.058226238061144985
2.10403638410883,0.17540792655598184
0.9448165766966202,0.3183411298734336
0.9578258065763379,0.9251203473347939
1.0,3.794074768912708
