alpha,s
14.61194879525936,0.0
2.891585652766587,0.00529933097394684
1.505509370106862,0.044981701749766755
1.2049126892436701,0.17307989344241068
1.152720720373782,0.5205143144178094
1.0,4.569716671557845
