alpha,s
0.040111450363323184,0.0
0.07445104005289135,1.95342465753425
0.5617495860126612,3.023013698630138
0.07328036396842691,3.28767123287671
0.35182221463860197,6.094246575342466
1.0,9.4986301369863
