alpha,s
48.88990881607455,0.0
5.441848640366361,0.002909037591462281
2.60328870233788,0.038322322111087125
1.66648236625522,0.14578144820300928
1.1309673724112757,0.4485409204546227
1.0,3.6595089084927857
