alpha,s
0.4459585866188473,0.0
0.5754083505037663,0.07822921988934971
0.4023391207494322,0.21790334363261574
0.6842837403650451,0.6570877281580116
1.0631161954081656,1.1529546974501728
1.0,3.3630995472395195
