alpha,s
7.826490531217829,0.0
1.946916715086926,0.006049266521950981
1.7923772087453238,0.05946426817316742
1.3973558651007376,0.16638564657026927
1.1260832127310734,0.49255730034289735
1.0,3.3579817408413586
