alpha,s
0.009892406959618558,0.0
0.06765832274203369,1.82739726027397
0.04471548443986904,2.23013698630137
0.1696332370043192,3.804383561643841
0.09783217367229903,4.6635616438356156
1.0,9.4986301369863
