alpha,s
1.9008312546847217,0.0
1.6567603166712088,0.10196030375829443
1.234785953837649,0.25087812888314104
1.3388987300472033,0.5248197327329196
1.083060110944964,0.9674133915432404
1.0,3.667799772457904
