alpha,s
0.023364369423533152,0.0
0.07222983562389501,2.03561643835616
0.11718772427539298,3.10684931506849
0.2165227649101344,4.191780821917811
0.5028856648584895,6.13150684931507
1.0,9.4986301369863
