alpha,s
30.432266295963235,0.0
5.484686430691005,0.0046864702546435
2.313274265582179,0.0387514233802279
1.5473818160169757,0.16212633547685731
1.2278919527007086,0.4945150452114129
1.0,2.8502890968368675
