alpha,s
1.2484858812617767,0.0
0.9410378047984933,0.1557565695602233
1.1813014974736777,0.4151090978347422
0.8878020093433691,0.7101873342237116
1.1736755473615463,1.4029966775372544
1.0,4.881424442049112
