alpha,s
0.0818159402331774,0.0
0.08334266374300647,1.4246575342465762
0.1438022742205961,3.172602739726024
0.23122164719301602,5.0958904109589
0.49296458699103646,6.769863013698633
1.0,9.4986301369863
