alpha,s
1.0043258717331336,0.0
0.6919862423931986,0.0684507549457922
0.7850859682079023,0.2424999173761747
1.431760486980132,0.5361443054044954
1.2411147099182132,0.8527560893661115
1.0,3.061415692746613
