alpha,s
18.544274873958766,0.0
3.0390766618644496,0.0038981478970560603
1.6747066771238714,0.04267442635807703
1.4820272035249087,0.168849315788092
1.0111329896500687,0.44964968923791443
1.0,3.6391224829422337
