alpha,s
0.3557119504038059,0.0
0.4622765345844737,0.10345848573256353
0.7202512518229444,0.2611432650563093
0.8416456680607655,0.4703576580285035
1.0175647224388547,0.9008596064657117
1.0,3.2929981705875027
