alpha,s
0.998217845152226,0.0
1.1476037829183243,0.1879821656517999
0.9671548027858452,0.3937615295307911
0.9485406282243817,0.742483608213337
1.0986992345838167,1.3367998523808142
1.0,5.448310454549314
