alpha,s
1.748814627484894,0.0
1.4865068727213695,0.038297013535808506
0.8938224895651394,0.12259576291462956
1.395032290347376,0.362850066798445
1.4297025970571584,0.6749804749604333
1.0,3.382350380038776
