alpha,s
0.9878675968550289,0.0
0.6571484541420756,0.06171966730385993
0.49345632327470285,0.22379930749112933
0.6902521769993156,0.5917405691222686
0.8688628213192943,1.139018833436802
1.0,2.983248616982763
