alpha,s
0.955736517049977,0.0
0.8568671033428029,0.13467686448113997
1.0416955680928703,0.339120340673766
1.0808621852139477,0.5892056270983151
1.0108393821762605,1.0351195150786854
1.0,4.804724510770542
