alpha,s
2.1019209463677577,0.0
1.3367356498484964,0.045527571574010245
1.2474267543119688,0.16008643097264658
1.3883173046722186,0.3515988873640102
1.0446652475827223,0.6965419920573089
1.0,3.5009440354892427
