alpha,s
0.06011291924059509,0.0
0.12713364939515992,2.01917808219178
0.2115126566837643,3.01095890410959
0.1900042706854205,3.9473972602739726
2.220857366331542,6.185205479452055
1.0,7.16986301369863
