alpha,s
0.7155339138275385,0.0
0.6843863189203903,0.07533422536689514
0.7939074348926893,0.2305298420954699
1.3080091004071674,0.47807326916561255
1.0372904940310694,0.8252539312395263
1.0,4.698047237136822
