alpha,s
1.2013659791239355,0.0
0.9220013619179132,0.10778686335583891
1.2992884969224319,0.29250266580694684
1.3189940341391055,0.4962685302160952
1.1381732294251148,0.8522432114534946
1.0,3.592687496324924
