alpha,s
0.058931363790095066,0.0
0.06693330816172668,1.23561643835616
0.08378422838606478,2.4104109589041123
0.12871942652805388,4.23232876712329
0.34304997875067295,6.26301369863014
1.0,9.4986301369863
