alpha,s
0.8738288677991087,0.0
1.633471639671193,0.04431363841102636
0.8446144653685763,0.10834575860907468
1.1497340862976777,0.3228222568481328
0.8942835219689519,0.6496736198419157
1.0,3.0671415038136702
