alpha,s
27.621998779596776,0.0
5.090715342865265,0.005087850941304226
2.395546150372186,0.04334764248904361
1.4002768257536318,0.16317682963093846
1.3803717380133718,0.5502594660628984
1.0,4.614667434589394
