alpha,s
1.096638227596692,0.0
0.9880961347028531,0.1177076588547534
1.0975715619102264,0.2925469410550676
1.0818360493064547,0.5308645172655783
0.9243307207302012,0.9712479329405784
1.0,5.638867334575004
