alpha,s
60.85059925836239,0.0
7.552779672123451,0.0036907403769321214
2.9666636689813815,0.0399452712279014
1.9687163593126173,0.1693506737971961
1.3427664800552834,0.49645619873165026
1.0,3.661145766158557
