alpha,s
0.6011975411624632,0.0
0.8488580916042812,0.0776158454981758
0.6699117715147705,0.1974309237935785
1.0873735462967418,0.48138696896126537
0.8580133628228508,0.8238406219792279
1.0,3.174239486156772
