alpha,s
1.0541683218347961,0.0
1.4395637149075606,0.09216739106061629
1.4967175352100546,0.18988855006579247
0.982240165990667,0.33789139059123563
1.4844951081729718,0.797071934594056
1.0,2.6120875775860477
