alpha,s
0.011092171986490939,0.0
0.05922620892082225,1.8591780821917783
0.16060536286378682,3.039452054794522
0.4528241177888746,4.164383561643838
0.4029688386563185,5.12602739726027
1.0,8.22739726027397
