alpha,s
0.3403686174597387,0.0
0.5522299681900751,0.1102896570415637
0.6997246771267656,0.2627232613222821
0.9001198978738904,0.5061271229883896
0.9089762931713022,0.9213716643447812
1.0,4.190145343609309
