alpha,s
0.21313742623083787,0.0
0.35797823899788794,0.129410218041029
0.6450327734087022,0.3197091056117945
0.9376474398834329,0.5410554090923825
0.9791042446797192,0.926770028695153
1.0,3.4466237841383403
