alpha,s
0.29882576314802595,0.0
0.5475688596925391,0.1267978734024272
0.7696476114676075,0.2839639970801859
0.9313679968663305,0.5046996530133304
0.9640628019048021,0.9204417753999944
1.0,3.5592583913335143
