alpha,s
0.806601868304006,0.0
0.9900514402643266,0.15292647320199382
1.1532661399946262,0.3270969274631552
1.2378192178480778,0.5478440072872433
1.012650124289244,0.9518700557508012
1.0,3.825470171852816
