alpha,s
30.505146147971907,0.0
9.318077926626362,0.007393524536195161
2.8610977138929528,0.037172801729814305
1.9870929979371075,0.17118501363467536
1.4460389835167744,0.4781438256336467
1.0,3.596146455244924
