alpha,s
0.4580258941567036,0.0
0.9706180339855791,0.12383808547800898
0.6770402893255633,0.2457681700940813
1.3006038817990675,0.5408907213336305
0.835961905426176,0.8441321723588322
1.0,3.2508874901111677
