alpha,s
1.045010382946758,0.0
1.0606724314561826,0.12479691054171792
1.1583427990167312,0.2900399345578776
0.9915267661229573,0.5178898916038099
1.2433776990959864,0.9910492522042088
1.0,3.728838311582338
