alpha,s
1.0725626293922188,0.0
1.0640132376073257,0.08335886266131415
1.127409918534445,0.22245977876713857
0.9678752095988465,0.43113950768986786
1.0853304852572794,0.8968566436155969
1.0,4.053839291378935
