alpha,s
0.5455242223549148,0.0
0.7262746085369941,0.11609673101829662
0.6765982812836655,0.26004885311727
0.8515411940620848,0.5194713980692203
1.1507228400057001,0.966266324937477
1.0,3.250689497776979
