alpha,s
0.6694794840112266,0.0
0.5735904560558944,0.0845850466161783
0.7018067884403081,0.24161223230791626
0.6620608079058392,0.46650122077627665
1.241987962747221,1.0165041828335015
1.0,2.796724920703128
