alpha,s
0.9997259458313272,0.0
0.9246230306637151,0.11356084502762807
1.11647707052238,0.28309232991599664
0.9744623409658788,0.5011598371732203
0.979356079100871,0.9568468401536491
1.0,3.235896952971444
