alpha,s
0.043799682342329886,0.0
0.2082099737594082,1.96712328767123
0.07849650164626011,2.36438356164384
0.10381859689971752,4.19178082191781
0.33264083958606094,6.14794520547945
1.0,9.4986301369863
