alpha,s
0.997652616054853,0.0
1.0721393269295916,0.09863537800322275
1.0468420709143855,0.24299879444369715
0.9482947274201016,0.48134281456658845
1.2617744884286608,0.9676613654989557
1.0,4.228593288359827
