alpha,s
1.2164362516931817,0.0
1.1911135654450666,0.04674581583605982
0.9445853639348939,0.12643110635455285
1.0599005661751875,0.3117862158237797
1.00310987052875,0.6742207853587501
1.0,4.800188413854916
