alpha,s
0.8527569578668649,0.0
1.0059556072084428,0.07987343555411607
0.9086464287452551,0.18632582612473989
0.8402205026814514,0.3902540571350743
0.8912449965489925,0.8556956485132396
1.0,4.448949904028076
