alpha,s
1.2539732369665684,0.0
1.3056899951888965,0.1038226978938322
1.1602955561472248,0.2373699360952227
1.0883258015027448,0.4629612071734314
0.9875698338971548,0.904999471557828
1.0,4.965872847645898
