alpha,s
1.348470362467628,0.0
0.9592078102692603,0.09060422164930515
0.9192172388722245,0.26262980044247014
0.9137033685053237,0.5396150378516095
1.3258647721775358,1.0835487399693111
1.0,3.370102729460239
