alpha,s
0.02022210071950479,0.0
0.0841746565433362,1.8591780821917783
0.19000235289671,3.039452054794522
0.47560337495827065,4.164383561643838
0.4059780026424622,5.12602739726027
1.0,8.22739726027397
