alpha,s
1.5841225682592377,0.0
1.0832134498308554,0.038633879158737595
1.0047732089189036,0.14300087044477222
1.0214995477579527,0.33534419351554623
0.7800228761447481,0.7352352798955933
1.0,4.381698801527076
