alpha,s
0.01276281406614628,0.0
0.09460681112680376,2.232876712328768
0.05751372735831669,2.818082191780825
0.195887433499283,4.196164383561646
0.3073560942670786,5.697534246575343
1.0,9.4986301369863
