alpha,s
2.712836642666526,0.0
1.6515670609831956,0.030835271273028278
1.6616604433877837,0.11210530219980745
1.3085082414316016,0.24976543687734382
0.8989346290329359,0.5597024593942066
1.0,3.7218382374915335
