alpha,s
0.6570898074751647,0.0
0.9325656554593014,0.06796508611369355
0.6101171831603251,0.16499307838761418
0.742141707505673,0.42551654679969886
0.776434580098803,0.8768453479536215
1.0,3.2627062233433324
