alpha,s
0.0002036566849623319,0.0
0.006423541769168455,1.922739726027394
0.04251361645434215,3.01095890410959
0.07406429872888926,3.6361643835616477
0.5865920161489988,6.212602739726029
1.0,9.4986301369863
