alpha,s
1.9746621122076138,0.0
1.496428167990802,0.03075237652202762
1.3407054073907307,0.11505204852913162
1.2875454310794998,0.28869797349632215
1.297777515965885,0.6199263658171418
1.0,2.812609323257347
