alpha,s
3.183862521433501,0.0
1.7233429032424834,0.048425235347110865
1.1336269645630466,0.16231105310952115
1.5926219043857759,0.4183627317013284
1.326271311443624,0.764013900353387
1.0,4.168387418086945
