alpha,s
1.0734685412073859,0.0
1.395218283888329,0.07814590671243553
1.2551803687169034,0.16728084253862274
0.9431942122127553,0.33233511690491474
1.10120509235636,0.7942457502912871
1.0,3.104940266019032
