alpha,s
1.1007149399802085,0.0
0.9990207701102168,0.07188824559560004
0.9158197363955648,0.19346625941359036
1.0444208977189184,0.4181521723711072
1.0309621824013868,0.8247930537263632
1.0,3.396607671429815
