alpha,s
0.3148745888003332,0.0
0.5375012291684306,0.11153944737699154
0.7060373950877659,0.25423090360357764
0.9368314562810232,0.4687555520716666
0.7835405347762644,0.8155961626385556
1.0,4.520379241606434
