alpha,s
0.36159144173268154,0.0
0.5128271103981175,0.0846946087899497
0.7445526567035581,0.2257724626380368
0.8805607292946657,0.4365614715689283
1.3270769631233785,0.8516464750763124
1.0,2.6780597339118035
