alpha,s
20.481284744143014,0.0
4.598794984575693,0.0067714609721023205
2.2396292515949474,0.04724878405080142
1.7365968129738996,0.16850702842178383
1.1453675730750414,0.46052401561491724
1.0,3.6421986247990494
