alpha,s
9.293670470073753,0.0
1.8391114067050647,0.004145451601100222
1.3640827708237775,0.05014286219675318
1.3559729178590434,0.16462309026989855
0.9417579396704953,0.44522164327835045
1.0,3.734669171285139
