alpha,s
9.84103513446793,0.0
2.4435433199277443,0.0077915480663787425
1.5746678316557206,0.05761911818109182
1.6935906405632195,0.1838089569437817
1.0311835359489172,0.4167500998462136
1.0,4.470434697868591
