alpha,s
2.1880500968300938,0.0
1.880057433002501,0.0642932134547165
1.5574224640621288,0.16656753976860608
1.3102571514569261,0.3514079711368856
1.2202035709255692,0.740992751336175
1.0,3.8578344144253927
