alpha,s
0.17147607074815188,0.0
0.353998629593476,0.1187646885479542
0.3548388965869056,0.25309470273903384
0.5662318100433478,0.5239067787143987
0.6221562355626883,0.9586206352691092
1.0,4.826991628370492
