alpha,s
1.4588922210207074,0.0
1.1659733886438028,0.03617075989533765
1.455235812217728,0.13941192424804974
1.2130599042046404,0.29169551973560687
1.4057381232647446,0.6561812579368016
1.0,2.3115130505410466
