alpha,s
1.0527143471239968,0.0
1.1713385378876962,0.18190960635672723
1.0853179164289095,0.39206701988808207
0.9943952444687728,0.7087546800598052
1.1745527727678429,1.2918101313265655
1.0,5.332583178913487
