alpha,s
26.692122719552955,0.0
5.421289686452501,0.0054080004377888005
2.8658826468527745,0.04116422269985088
1.5225603288531466,0.13888109952766164
1.2933265635163924,0.4872379621642185
1.0,5.342098667138594
