alpha,s
1.7956342492642365,0.0
1.723536258693918,0.0882051741990204
1.3190592643685906,0.2053852351916319
1.6152956158853866,0.4412928028036411
1.0911878225564804,0.7741540620311526
1.0,4.132624771651401
