alpha,s
1.1714868217966496,0.0
1.2009447933697883,0.04553416495312298
1.1499406013625866,0.1248013167708953
1.0773609760632779,0.28015073808352126
1.1026734287154203,0.6447537267703991
1.0,3.86427021751152
