alpha,s
1.369021413284395,0.0
0.9710555946822486,0.04637405799209761
1.1576784372615494,0.1488729922534241
1.1633000774088957,0.3130648237844964
0.9991978602264854,0.6398432072855588
1.0,3.762193796090177
