alpha,s
2.541730266648731,0.0
1.0900695203990864,0.0047176464037197
1.1461380266979757,0.055154402398246
0.9950394882159401,0.16555115396488745
0.9820595916372947,0.4920740174431447
1.0,3.803313245455333
