alpha,s
1.3959847649560158,0.0
1.2489302368266404,0.04066482317000508
0.9229908975709933,0.1258807366107088
0.910703078691009,0.33160899875202304
0.6937426005583973,0.7365393376591147
1.0,3.4745870457301486
