alpha,s
0.666237095541363,0.0
0.9768586012379037,0.0969867018430578
1.0174421301968197,0.2249617987878033
0.6319876378450571,0.4290705662277679
1.1030621230818467,1.072940923671168
1.0,3.1162115747529118
