alpha,s
2.961393996985645,0.0
1.1050812034136943,0.003658485597347082
1.1451765972956134,0.04268925805975699
1.0833312507469173,0.13904942958502767
0.7620859578924353,0.42733250270002404
1.0,3.991222452701798
