alpha,s
3.1995250637892805,0.0
1.7239074487572728,0.054303371087120855
1.5937990089481795,0.18746946603119305
1.19739391083608,0.3872930097845031
1.2907823499223503,0.8805209241074503
1.0,2.935187104324536
