alpha,s
0.3327450424518198,0.0
0.6315089135665353,0.1497180960189438
0.6905305219002302,0.3117218497482597
0.5892851776071405,0.5769124448380555
1.5886435005294182,1.304915967711732
1.0,2.4773912685956043
