alpha,s
1.0577118048581289,0.0
1.039606708726448,0.1271224666780282
1.2259382901583784,0.3011448213197696
1.2079242459552813,0.5217173528289921
1.0202606049453227,0.9172818832378659
1.0,4.634695791314416
