alpha,s
2.1063568809583284,0.0
1.6809289175336466,0.05227653196141945
1.925162257070469,0.14924903605847142
1.5758781425531387,0.2899755663169118
1.6506980311799344,0.6042814040973027
1.0,2.685080961126208
