alpha,s
2.2855607835513503,0.0
1.8753877448846201,0.0465371276377706
1.1356505480772743,0.1294720751118017
1.2738173784542786,0.3607705807262973
1.3522482717623252,0.7476603939649482
1.0,4.823816853960435
