alpha,s
1.018876889065275,0.0
1.0068728860736478,0.09815692744453325
0.8007498628169902,0.24954031754600262
1.1423891114152478,0.5596253175328364
1.1023861065051868,0.9683743080518319
1.0,4.480692034786175
