alpha,s
1.1551798009988052,0.0
1.1154786085205421,0.11492444634640551
0.965669341235655,0.2765264740422153
1.3148589478678596,0.5529226870212168
1.0089459706554056,0.9195227837943696
1.0,4.327807467889953
