alpha,s
0.007563616787298414,0.0
0.05774482149399413,1.7090410958904085
0.12091290997529429,2.8016438356164386
0.19407019978080578,4.2027397260274
0.7523605109366314,6.1347945205479455
1.0,8.22739726027397
