alpha,s
0.053044683313150605,0.0
0.1284338305726986,2.16712328767123
0.11772394256682886,3.101917808219176
0.20951665900467906,5.0958904109589
0.7206116049443384,7.07397260273973
1.0,8.22739726027397
