alpha,s
0.3873055393864656,0.0
0.5694545227003406,0.1096988978064925
0.6346006462097344,0.2561366657121393
0.9452566280257167,0.519648894905579
1.1817109198804634,0.945422189281296
1.0,4.244835529678992
