alpha,s
1.0002691237261763,0.0
0.8505021978054139,0.07877505314733828
0.9598336899345145,0.2329253211179596
0.9043267722682498,0.4611422689858596
1.0778032409392142,0.9452697397340806
1.0,4.639866780851834
