alpha,s
42.65252061222104,0.0
4.528329111763287,0.0033786474626771
2.3848860444958864,0.0449648030405765
1.7452488775844683,0.1638151929407588
1.37433377742241,0.4702068226232969
1.0,4.069696629752516
