alpha,s
0.7333154610568638,0.0
0.43376479889146874,0.08560385828225199
1.063431273189845,0.3700831583354234
1.224725009290614,0.5655866791192202
0.9872764599597824,0.9104329955971772
1.0,2.9646287065852484
