alpha,s
0.7859804926112636,0.0
1.062882301573442,0.16638952625410397
1.2576384473856081,0.3334156710092827
1.180064973701991,0.535607550407008
1.236225980107556,0.9489845100226953
1.0,3.827203219001453
