alpha,s
4.020786501668784,0.0
1.9301829860478497,0.041757876044681466
1.763581847171136,0.1565752346503096
1.1826736716585289,0.3313246782588816
1.0671024005308682,0.813277421689994
1.0,4.760190859433259
