alpha,s
48.06783510027087,0.0
5.379970264595839,0.0046472743599439
3.1538397926551314,0.0561150928599776
2.1052002818539006,0.1759547366664026
1.4821295797479597,0.4771476288449929
1.0,2.5640548567302326
