alpha,s
0.10204554807827797,0.0
0.20881307951207093,1.98630136986301
0.30906628817863946,3.1068493150684944
0.5053141047723352,4.41643835616438
0.6379229018101733,5.85479452054795
1.0,9.4986301369863
