alpha,s
1.27678749018905,0.0
1.3797464934877788,0.0362952931271257
1.0459728530720445,0.1066675139611608
0.9583263156682507,0.2914599298015607
1.1379159719841594,0.7158914748852944
1.0,2.950684414987557
