alpha,s
0.05911506122030425,0.0
0.24862295910631163,2.242739726027398
0.2063790860855386,3.08219178082192
1.2195681724705563,4.184109589041098
0.30282198796785154,4.6
1.0,9.4986301369863
