alpha,s
29.543062462839735,0.0
5.093133539463825,0.004919395870771461
2.3460490860273633,0.04390719451112511
1.7917957698795,0.16958334286716717
1.2801654709869676,0.47213172229929956
1.0,2.992318142422081
