alpha,s
0.976688293018438,0.0
0.9572682541532026,0.0735800199658525
0.908629202952707,0.20625156117972554
1.0432075473489297,0.44766061102890914
0.817321690390394,0.8502118914406378
1.0,4.812822777045835
