alpha,s
1.889657997759439,0.0
1.2722228711290935,0.05315830509585467
0.9962502470536222,0.17218666050968606
0.9103594828968633,0.41192826548471645
1.2040770530286078,0.9070001712736118
1.0,3.359882287983908
