alpha,s
40.15683212391492,0.0
6.587991027477848,0.005581424562466482
3.273760396126906,0.047318427566286944
2.26179540312127,0.16328716508459246
1.4994838045862753,0.4518919056491037
1.0,3.915907018967277
