alpha,s
3.240649385629834,0.0
1.804751519173819,0.039775760662727665
1.9500557651626553,0.13319664955966
0.9931284570549661,0.27470226792105623
1.068093755731951,0.7590852757275791
1.0,3.461809903397085
