alpha,s
0.659774797868981,0.0
0.8889263355443813,0.0755255273559106
0.7644503538811723,0.19348566643616982
1.156111028968071,0.4426638120918068
0.8693820937381033,0.7895274328404236
1.0,4.069836937838546
