alpha,s
12.351522278338695,0.0
2.6336461484733698,0.003936045840516662
1.1676717076631515,0.03808443407435503
1.138917222163318,0.18125948161341238
0.9931187576744238,0.5075340154823993
1.0,3.284993381939961
