alpha,s
1.0105024933475097,0.0
1.0645469559146574,0.11915908356121337
0.9429057114037993,0.27132441304562355
1.128993792071522,0.5325435985068333
0.889489456430846,0.9537875499453539
1.0,5.093254831402753
