alpha,s
2.6084522507967822,0.0
1.2266871693979235,0.0062675846787772
1.069731347997996,0.0518436642820549
1.1044414588350013,0.18438194773216743
1.0684188266785084,0.5041314381240539
1.0,3.715820441480305
