alpha,s
1.7384428706454398,0.0
1.6429034722446592,0.11845593799889552
1.6008360354894196,0.27742182835240087
1.5850263930712596,0.5071448042073151
1.3837576828655365,0.8930455310849112
1.0,4.838411122192686
