alpha,s
0.32665360718397685,0.0
0.41921044686810266,0.09315383810415535
0.5775419191776361,0.24250672805865997
0.7960828913977985,0.47007906675180355
0.8980695355400186,0.8769991363651186
1.0,4.381500630545231
