alpha,s
0.9066423842784298,0.0
0.986735928913341,0.08388717683767029
1.134592458923805,0.19871715848149876
0.9532060470466494,0.37019795871045535
1.0393560691156882,0.7854882711342163
1.0,4.332909567068171
