alpha,s
1.3434003872410785,0.0
1.2476040295369941,0.0644978115220733
0.9095671450308088,0.16098178512899608
1.1610674018945055,0.4024033076419425
1.0038648533972117,0.7808484335556396
1.0,3.3122978483868795
