alpha,s
1.0856307109589112,0.0
1.0138089870426052,0.12399945732097761
1.073594533530641,0.3023264139977691
1.3456063111720988,0.5566649021936926
1.4159534599044323,0.9422634342011124
1.0,2.996750494580869
