alpha,s
1.0287405433648438,0.0
1.0512592465013397,0.184700127025032
1.0709352347517034,0.4147911477827743
1.0249202186860238,0.7317373250261513
1.22271726153282,1.291988095331293
1.0,4.363129460413003
