alpha,s
1.0172848081174664,0.0
1.2230959049889272,0.08082279727680491
1.1049724888015189,0.1842609573313901
1.1252630221914823,0.37482032066563814
1.2136072199757701,0.7621097310435948
1.0,4.609244324188451
