alpha,s
4.960388719780228,0.0
2.1593742492435566,0.04162203066446644
1.9407852786577084,0.16045345050043094
1.4571560121473353,0.3448208635925985
1.0002978144661474,0.731555421975108
1.0,4.240532818282173
