alpha,s
1.1392782599536195,0.0
0.9226955591312608,0.17047750867482026
1.0871587431453997,0.44378435179192444
1.1395070623009165,0.7711314801911514
1.042000363892204,1.3001856820959483
1.0,3.779809995064429
