alpha,s
1.1210722641163533,0.0
0.8262413949882749,0.0446983980205323
1.020168778330476,0.1679731562990818
0.7280653386531493,0.35440448949346043
0.987935862756309,0.9072863269461888
1.0,3.6643680008586745
