alpha,s
1.3054899182949287,0.0
1.2886467747633965,0.1047340050177333
1.2530798128159877,0.2426152774519884
1.116165923344063,0.4531909105321115
1.0298960019623558,0.8853167029318313
1.0,4.604984397275785
