alpha,s
1.410576329310287,0.0
1.2725091160623567,0.09789187308565611
1.1540192688210646,0.23826803107577713
1.2364911557522646,0.47706401454883696
1.2426975053443643,0.891412372744425
1.0,3.2540424603846847
