alpha,s
0.9069513308664934,0.0
0.9708705071201054,0.1401720652526392
0.8551065302678136,0.3169002960106604
1.218915494673837,0.6112662710015815
1.1633407332056984,0.9996628137057734
1.0,4.3021103810834935
