alpha,s
1.0866659947345103,0.0
1.0429862207368477,0.11289629044194502
0.8639438703240601,0.27051571869487134
0.9828121705193466,0.5415067170498665
1.0274756114891657,0.9940579462983028
1.0,4.459507929100689
