alpha,s
0.8621641418917054,0.0
1.026895008449368,0.1460843239157743
1.012252730156217,0.31192870602599926
1.1301307426703147,0.5794329184727551
1.1858913084434792,1.0322460108209515
1.0,4.414737052312035
