alpha,s
15.215211779319217,0.0
3.239716881540763,0.00541972894853358
2.106120746155993,0.04503773559964614
1.4079773561584918,0.14922115958535784
1.177810022980066,0.46108490299432503
1.0,3.5400163368788324
