alpha,s
12.14355510464099,0.0
2.429499907263794,0.0034518809160966
1.373877088107039,0.038674443079637
1.1124459704229628,0.15320480047865598
0.9408241098704231,0.4779028361593567
1.0,5.122983962125218
