alpha,s
1.3742139788588472,0.0
1.1763439670787457,0.09988326241412407
1.1790238303983935,0.260805830791131
1.3828795952940973,0.5021122683824466
1.4745133251295377,0.8709081565224625
1.0,3.828005141457189
