alpha,s
0.9492463562204653,0.0
1.6018541905833308,0.05084603820449762
0.853094327408553,0.12124798026805607
1.3476539896271642,0.3407881517462756
1.0624258713821924,0.6517022377086515
1.0,3.01543621351115
