alpha,s
0.5127231804523107,0.0
1.3729925923891402,0.1071927061223522
0.9588642681931621,0.19506425614213
1.0737293381809352,0.41406374600097534
1.2316602313520384,0.8553940020379602
1.0,2.7497041801228743
