alpha,s
0.0009888328993261117,0.0
0.020414264299113916,2.23013698630137
0.04678622271299625,3.04109589041096
0.2991315190221366,3.810410958904108
0.26422207109709034,4.39452054794521
1.0,7.16986301369863
