alpha,s
0.77955242309604,0.0
0.7639559375390417,0.1020561496282674
0.7406871923670592,0.2551989332818743
0.6835021574655537,0.5158412711036418
1.3197302387963483,1.0767952174611866
1.0,3.9183901170574114
