alpha,s
1.8937352312473945,0.0
0.9302693782727246,0.0033549757673170823
0.7284436517049604,0.04007105053176386
0.7703466537132415,0.1716505288733971
0.9774030890978761,0.5023033122565659
1.0,2.647213206540142
