alpha,s
1.0093564735833536,0.0
0.8324098529490467,0.09831656378182323
1.295375396485139,0.2788858270805793
1.0299629788733573,0.46616889173303594
1.3063827661710903,0.937615537480228
1.0,2.430606005815972
