alpha,s
1.1540958623754856,0.0
1.23867803240321,0.11508457979511116
0.8852891495020019,0.25855300991939145
1.062181153054301,0.5580756385260603
0.9202174627518899,0.9841336176753083
1.0,4.610624801031638
