alpha,s
1.0086627812491105,0.0
1.0487274039599044,0.07874547493310721
0.980577459962451,0.20295215226133548
1.0616547603648496,0.4283150492230986
0.8768685585880865,0.8251324424933039
1.0,3.6751023897182655
