alpha,s
1.2385483212823365,0.0
0.9923755163835076,0.06846367494272347
1.210616238784805,0.19367182157746315
0.963810967107935,0.3640151780115969
1.0124640279654975,0.7976778868560567
1.0,4.71110624895618
