alpha,s
1.1503573785895287,0.0
1.2617670731198467,0.07423010033314674
1.153205070508003,0.1730996316634365
1.2241415934924014,0.3532204730532707
1.1585632748762191,0.6948180197089885
1.0,3.833289463654877
