alpha,s
0.0003237697681038879,0.0
0.0053483527366625745,2.16712328767123
0.058648523981952486,3.74246575342466
0.08143565626840224,4.600000000000001
0.4823135195895255,6.73972602739726
1.0,8.17808219178082
