alpha,s
0.377157529584969,0.0
0.5344706814615809,0.10899136476929062
0.542317440540326,0.2683098355925693
0.8810919204321019,0.5911299759459478
1.0385143531290164,1.0353873684016996
1.0,4.277097010063101
