alpha,s
0.8811049875915857,0.0
0.9124084349115275,0.07750518862144473
1.0799985512255497,0.19747452895503084
1.1396800500464583,0.37283175056304696
1.0652068998287954,0.713136660309038
1.0,3.380103119715277
