alpha,s
0.010182234912269824,0.0
0.054389896197375776,1.7287671232876705
0.12163538135630303,3.20547945205479
1.4148905106982352,4.180273972602742
0.518451484728823,4.453150684931504
1.0,7.04383561643836
