alpha,s
0.05284621668664984,0.0
0.23219370462231753,2.204931506849314
0.13183158200232373,3.20547945205479
0.304237104311853,4.1035616438356195
0.8345503205142057,5.85479452054795
1.0,8.16438356164384
