alpha,s
1.1028322689412364,0.0
1.1937937907528833,0.11783945325294877
1.161548735643419,0.2648043523211883
1.1764373381720803,0.4915784615571455
1.104732643036035,0.8882755187200772
1.0,5.103988933831208
