alpha,s
1.717771041820303,0.0
1.0795584178223339,0.03340236230003242
0.8497933528758125,0.1413987090734628
1.0009121069559224,0.3701496023643951
1.0365989244958567,0.7958175577661083
1.0,3.1770530933341345
