alpha,s
0.2378397213149876,0.0
0.555223695722161,0.12490323562344582
0.6626095306156661,0.260948192876008
0.7929224898160049,0.4973531979620984
0.9565407012325744,0.9305891639908127
1.0,3.633126448747181
