alpha,s
0.3011778480295101,0.0
0.5049988549446411,0.10786689297044182
0.6511992166824127,0.2566591595958861
0.8596110917439871,0.5113839125764232
1.1104229835878463,0.9371804030517236
1.0,3.908334319217357
