alpha,s
1.0827926953175004,0.0
0.999447028179067,0.08888123008241008
1.0500398688815678,0.23476814974741475
1.0705874243615177,0.4595167063831901
1.1394330497723746,0.8880214453553043
1.0,3.4053529651372725
