alpha,s
0.37371720644039563,0.0
0.5406147249728429,0.09779964114006162
0.6066979031324906,0.25535868709402687
0.5650400481398047,0.5143307546341739
0.6667169665590644,1.1221889023232725
1.0,3.2254069194262667
