alpha,s
0.02435973167738007,0.0
0.19483619972527863,2.01369863013699
0.06198038743385882,2.42191780821918
0.13877629536797018,4.17260273972603
0.41937537989838375,6.33424657534247
1.0,9.4986301369863
