alpha,s
0.9153206293265856,0.0
1.2053663775388086,0.14225816430889698
0.9637387149169939,0.2874527204172914
1.1762401985425721,0.5567981871449632
0.9813832342743978,0.9542028149178163
1.0,4.328252254192894
