alpha,s
0.07055573281114216,0.0
0.37213851384196195,1.96712328767123
0.14489079308171682,2.36438356164384
0.19893512411063677,4.19178082191781
0.7152067559452686,6.14794520547945
1.0,9.4986301369863
