alpha,s
1.2238632517474093,0.0
1.2796481770885457,0.0405854924303195
0.9269256252592057,0.10649187901276451
0.9035224283466415,0.2770304489307623
1.2642028439410895,0.6720347289968506
1.0,2.9591495661177207
