alpha,s
0.9070902596740058,0.0
1.403050358872185,0.13124045698724376
0.9959321842251158,0.24703228522485932
1.174615078205083,0.4962501575328422
1.0232387703944217,0.873765698172514
1.0,4.665601708462206
