alpha,s
1.2072572638228054,0.0
1.2089742432632524,0.1024289689105532
0.9528573297648795,0.2383406718813612
1.0780250940425866,0.5113007128802499
0.9425805448654787,0.9399071700608213
1.0,3.790933643596948
