alpha,s
0.7502617641826472,0.0
0.9145361006020252,0.09829034348190802
0.754343386437761,0.2262481188138952
1.115958463346207,0.5349577185278737
0.9993913081427471,0.9353775716487275
1.0,3.138344286291201
