alpha,s
0.0028804326791906395,0.0
0.006861961299105174,1.154520547945208
0.011168421180241072,2.585753424657536
0.020084998356365468,4.034520547945206
0.06302890556213737,6.320000000000004
1.0,9.4986301369863
