alpha,s
3.970733865923161,0.0
2.5917317133573463,0.05066247861926768
1.949454949914872,0.14762524903532595
2.097860724993505,0.33567424423346254
1.6790885726301568,0.6307687074786784
1.0,2.2918374400050388
