alpha,s
13.263289949052531,0.0
2.404042671052202,0.0062752205231293
1.901251601066563,0.061538347630632956
1.4106300873918056,0.18289296448158948
1.0873775557904484,0.4851416056283925
1.0,3.593678828013927
