alpha,s
0.6677607747258396,0.0
0.9872720675201163,0.08712604395723691
0.9650043604205931,0.2159508345640376
0.9479370382178822,0.4335638747802249
1.0999055157259339,0.8512348871607263
1.0,3.110971055513966
