alpha,s
0.4268055395482865,0.0
1.0721377420436213,0.1348125675765451
0.5398653376363021,0.2421832300553116
0.7803623653693452,0.5570987708529855
0.6780332937309828,1.0632192354645038
1.0,4.167675151984054
