alpha,s
1.1114113475007337,0.0
0.8432143089275118,0.0412153826498071
0.807534094992972,0.1503659091524069
0.6607595770335987,0.3568388099660414
0.602630502760445,0.8424617727796526
1.0,5.162487389554255
