alpha,s
0.6744333648048941,0.0
0.787597767790188,0.12641630831801565
0.7579632649374103,0.2891337900823364
0.8235844190651405,0.5584690479775063
0.945927488152435,1.0496892190266134
1.0,3.6336114227822023
