alpha,s
3.2628085628376837,0.0
1.7681576469497586,0.045527571574010245
1.5100384038910906,0.16008643097264658
1.5486249417784737,0.3515988873640102
1.1143421639604467,0.6965419920573089
1.0,3.5009440354892427
