alpha,s
4.1977342538482825,0.0
1.5358954932285696,0.02394245128332292
1.2671035452785848,0.12299052373305201
1.0119766990811885,0.3122029888277015
1.1957076740084875,0.765711365046892
1.0,2.67016696223194
