alpha,s
0.45917490104913455,0.0
0.5493844092071848,0.09140940994880972
1.1021974479182335,0.27371236938993965
1.1555070500271796,0.45137603731765774
1.1761488846654313,0.7818501043219239
1.0,3.387812982608036
