alpha,s
2.1151311616237627,0.0
1.741407056117671,0.06388929809472005
1.0648174019398338,0.16863399547779334
1.3356202394138939,0.44110627215516957
1.0014956086225142,0.8226966997745229
1.0,4.379051372720861
