alpha,s
27.04873102168609,0.0
4.995052582137992,0.0046864702546435
2.1686444368056086,0.0387514233802279
1.4814010284970476,0.16212633547685731
1.1991138829110588,0.4945150452114129
1.0,2.8502890968368675
