alpha,s
14.205814459331668,0.0
2.0138495474175677,0.003968486775973
1.8243989880478853,0.0535230860407758
1.461529127969275,0.15628058212428297
1.2807126208711646,0.4464579496696848
1.0,2.7802521236928053
