alpha,s
4.3995810686430445,0.0
2.3103584098838117,0.039775760662727665
2.319773489602129,0.13319664955966
1.111180187715133,0.27470226792105623
1.136491349416315,0.7590852757275791
1.0,3.461809903397085
