alpha,s
3.02968817734558,0.0
2.284530042792681,0.0378817408069878
1.2698214532738539,0.11359635305399232
1.1577551469051324,0.32398955912184935
1.1616771091030744,0.7470161125878914
1.0,3.792975622128803
