alpha,s
2.9747595413674452,0.0
1.8341547725511989,0.05648934319386799
1.8379225722240138,0.17721024506529665
1.1947738901247378,0.3429337371592077
0.7242407655711173,0.8011079503038303
1.0,4.849927514018924
