alpha,s
0.3441518615087224,0.0
1.2831206253314327,0.10135496472224585
0.9047237765864293,0.171002878043241
1.0070286034380893,0.33925713720380457
0.4856277729449095,0.6730010138537497
1.0,3.868137354363324
