alpha,s
1.168640427419235,0.0
1.0825580622581856,0.10315103785564073
1.022676196103862,0.25550309302500224
1.0548143631499498,0.4993579363595678
0.9757421743089215,0.941704388277574
1.0,5.212712930324292
