alpha,s
0.6298105015341727,0.0
0.9509483762107901,0.09891230366114341
0.8363801823178438,0.21065662120064024
0.9600356717534331,0.43606766316840145
0.7150368341065053,0.8251221804535193
1.0,4.365217220464897
