alpha,s
12.379564365033843,0.0
2.0731743918650554,0.003968486775973
1.9398217657528471,0.0535230860407758
1.5735485760238876,0.15628058212428297
1.3720493610439837,0.4464579496696848
1.0,2.7802521236928053
