alpha,s
22.650971841556167,0.0
4.267153596860729,0.00541972894853358
2.529276926249043,0.04503773559964614
1.5837591613246749,0.14922115958535784
1.2535845140905444,0.46108490299432503
1.0,3.5400163368788324
