alpha,s
0.40099278543348715,0.0
0.5756869640346908,0.08936030514481966
0.992542031565664,0.22420701962781117
0.91673112986421,0.3865221719101281
1.026142970370942,0.7941141304615505
1.0,3.8921149476209225
