alpha,s
0.28904530593595884,0.0
0.519775012195181,0.11783945325294877
0.6880615587010858,0.2648043523211883
0.8651721759839314,0.4915784615571455
0.9974613846360545,0.8882755187200772
1.0,5.103988933831208
