alpha,s
0.6261645155718646,0.0
1.0162362597844348,0.07517336642835079
0.9093892501197002,0.17437938783119827
0.7423639159207882,0.37943465496624834
1.0702193777425884,0.8615994962303976
1.0,3.462558947974451
