alpha,s
1.7548976371809888,0.0
1.267847307287768,0.0726146850783268
1.2370727562350412,0.21439502782803727
1.191498498475408,0.42620889706625814
0.9226951525564486,0.8358352239788367
1.0,5.453033030809706
