alpha,s
1.2359008144120378,0.0
1.3137718925382833,0.10486019697001127
1.0697981786480766,0.23863843145315133
1.1872166432606737,0.4924631194640745
1.3555753465668132,0.9206635486275762
1.0,3.6839267922668864
