alpha,s
0.48670144780728514,0.0
0.5862380070311567,0.11094930722766742
0.706023938940342,0.2644127450324497
0.7528202549011449,0.503246345121794
0.9194188234393226,0.9940499174908546
1.0,3.907601464720064
