alpha,s
0.23058090272862544,0.0
0.4363734010712724,0.14814671198850815
0.7150727614067648,0.3021487506560018
0.5609268205530393,0.48006717449994935
0.8470660584738394,1.0022033788169795
1.0,3.6577304623375873
