alpha,s
0.6513787638299309,0.0
0.7690939724419761,0.10324270547331801
1.008987947001031,0.26983911717987435
0.7370961763862777,0.48476827073192574
1.749125935877461,1.177203497014881
1.0,2.579543211343957
