alpha,s
1.133347435947203,0.0
1.1049081106501726,0.0506279942880203
0.9628081512757642,0.1362121825370491
1.0735700817222633,0.3142307359262471
1.0450632817925565,0.6679735628521807
1.0,4.549085969423904
