alpha,s
1.0776639126170726,0.0
0.9392053107980598,0.07741049941621517
1.0075199632749183,0.20868341988063296
0.9012474472344274,0.4144432224007614
0.9807124118766193,0.8574984571122632
1.0,4.907429731866995
