alpha,s
8.222870011636118,0.0
2.9417920313027257,0.00500558393931212
1.8155581990170404,0.03813812135994093
1.6684903219402623,0.1439360442302811
1.2564789958302762,0.40662757808821604
1.0,2.9959410619159703
