alpha,s
1.0496287453585134,0.0
1.1582212728903338,0.07370112657254539
1.0303875498073316,0.18486612946094028
1.002628885495608,0.3926835779222609
0.8353282335165912,0.8212889035640909
1.0,4.599074413396261
