alpha,s
0.06782448708675173,0.0
0.1368942737433347,1.8591780821917783
0.22158671424247056,3.039452054794522
0.4724341643314599,4.164383561643838
0.3728123768605963,5.12602739726027
1.0,8.22739726027397
