alpha,s
4.40340740823211,0.0
2.311790947756082,0.039775760662727665
2.3205533641920866,0.13319664955966
1.1113550815137738,0.27470226792105623
1.136613497101501,0.7590852757275791
1.0,3.461809903397085
