alpha,s
2.8796730896530653,0.0
1.6137295976789416,0.045527571574010245
1.4107391674022176,0.16008643097264658
1.486683166624276,0.3515988873640102
1.0876915753268208,0.6965419920573089
1.0,3.5009440354892427
