alpha,s
0.023056997752255417,0.0
0.06608570786524581,1.960000000000002
0.09284333587116965,3.039452054794522
0.15188039875785653,4.407671232876712
0.6468872495257415,6.320000000000005
1.0,9.4986301369863
