alpha,s
0.9369393447257243,0.0
1.0987644032147095,0.08801608406318377
0.9375048418742705,0.22204300141661237
1.0037678458950625,0.4769252128353365
1.136346824158542,0.9306305802214805
1.0,3.835444122305799
