alpha,s
0.3980226640326294,0.0
0.5749011885228894,0.1038409736963512
0.8307134972645872,0.27815417973178763
1.1038775884292578,0.514437401906722
0.9873223369191002,0.8586639385283157
1.0,3.147957773200308
