alpha,s
0.03320159387950864,0.0
0.03909822268324063,1.3041095890411
0.1163916030481792,3.04109589041096
0.22989813211937715,4.123287671232881
0.4339217254222934,5.85479452054795
1.0,9.4986301369863
