alpha,s
15.858158740627426,0.0
3.4594199458248838,0.005087850941304226
1.8113715524272926,0.04334764248904361
1.1684349183107368,0.16317682963093846
1.269546676719379,0.5502594660628984
1.0,4.614667434589394
