alpha,s
0.6348627952664077,0.0
0.8089921320492969,0.12615348519674605
0.9129146376952939,0.3001106455863518
0.8510794509649025,0.5554510159148135
1.1441209701031574,1.070444557205349
1.0,3.299287490743713
