alpha,s
1.223139242603423,0.0
1.201101607404909,0.04702623427404192
1.1450458039554354,0.12787763205408242
1.0900187911883366,0.2789053649248132
1.0030255759159035,0.6182961382503579
1.0,4.715443729382775
