alpha,s
0.33454852838698057,0.0
0.4335181082767744,0.09673530487634985
0.6934960472698434,0.2751957124761496
0.7407267959666433,0.4997576881778018
0.995164303554986,1.0293024163608675
1.0,4.238640553272335
