alpha,s
1.2241965452760128,0.0
0.9409028848662965,0.10308859194640077
0.9592686203658306,0.28354748131119895
1.1186248465529136,0.5488392942937941
0.9627484309394211,0.9664020509506439
1.0,5.495706152831766
