alpha,s
4.326752800534694,0.0
2.401324255076212,0.0374861836575017
1.338513554945164,0.1261723470057485
1.5538988528919737,0.3582416318492281
1.2480916666857844,0.7071066491705984
1.0,4.885286964295417
