alpha,s
5.008124517431764,0.0
1.9632452194574501,0.033858607218133926
1.4269744240748394,0.14519200172812177
1.4750460358154336,0.3798609112686983
1.0467467593396647,0.7537789992033272
1.0,4.93930845412709
