alpha,s
0.8936589604196821,0.0
0.9969942064445061,0.2105374939783976
0.9858940743453758,0.45465275921044146
1.058983989752848,0.80197474502372
1.0624822869715818,1.3401667793038794
1.0,5.018992215690793
