alpha,s
1.1200536837053772,0.0
1.1234153934830027,0.10447953941897341
1.0499413623853944,0.24683434071233706
0.9838083345346941,0.47939081453727606
1.0680842906156383,0.9372514211505227
1.0,4.139748487480822
