alpha,s
1.7452891766698861,0.0
1.2244408721079771,0.0463208414685272
1.288389155799706,0.1496382119498792
1.020072016165813,0.31979011333715157
0.8965059037605204,0.7448916623021299
1.0,3.660346123889966
