alpha,s
0.3694750456882869,0.0
0.869320001173391,0.1079392916124763
0.8655535503369063,0.2293638868417807
1.3580156631127773,0.4679285512319456
1.3845594811896738,0.7839612239898168
1.0,2.025857851742593
