alpha,s
0.9185859736039891,0.0
1.144455139297493,0.1357719750563883
0.8969748235279272,0.2837043831742108
0.9587607328025974,0.5606582506584946
0.8438862065271011,1.022966119271528
1.0,5.073672583163717
