alpha,s
1.0388940320728852,0.0
1.050782622591289,0.12403328266197912
1.1948594905613814,0.2890618965761005
1.0661297527909275,0.5039194885664583
1.0439243613081672,0.9441343436259995
1.0,5.0697792788507
