alpha,s
2.3247920537261315,0.0
0.6823968175184952,0.0047333721307145195
0.5975207952293132,0.0562771548527309
0.6330693303669587,0.19443598527041644
0.4961188437070895,0.5122032094445391
1.0,3.904701708502882
