alpha,s
0.8352581158982086,0.0
1.1586705013601428,0.15359316692538116
1.1698111166676337,0.3084905205733732
0.9781981733053235,0.5328464431338181
1.9261624213274418,1.044395043619793
1.0,2.667847884228869
