alpha,s
1.2421215542640989,0.0
0.9813071776424552,0.04443868759710955
0.7546254667557102,0.15136464661431573
0.8952811203875389,0.3999339813562557
0.9327677656495584,0.8363532650995723
1.0,3.3975000716747337
