alpha,s
1.0244974006809187,0.0
0.9815143783550399,0.1263886136900616
1.1188200166217075,0.3022298016020593
1.0673236403441466,0.5339210963415391
0.9110549742309706,0.9718203731120014
1.0,4.474312952772122
