alpha,s
0.9857751312927788,0.0
1.359296436054128,0.13057533743830607
1.2547536080504273,0.2575041974348618
1.0025895031054401,0.464566142799497
1.0562477379637567,0.9471651582867262
1.0,3.992785544729096
