alpha,s
1.0345423255155741,0.0
0.9049887956888799,0.11185955008914021
0.9907462914268875,0.28604546753587756
1.033033432465235,0.5225792996370355
1.3865151632415207,0.9843694258957737
1.0,2.802186961650817
