alpha,s
0.006606417824422398,0.0
0.08896491817332788,1.974794520547942
0.14336356078932544,3.01095890410959
0.14381893414172628,3.7594520547945223
0.3431074804657386,6.066849315068491
1.0,9.4986301369863
