alpha,s
0.5543776886526444,0.0
0.6909978523682723,0.11576695618871224
0.82935114119423,0.2644928800275774
1.1484801025200888,0.4794156554451258
1.2238099011009103,0.8000454075555122
1.0,4.428391863272168
