alpha,s
0.3772375420269984,0.0
0.5998204642075899,0.10906550291381177
0.6759477985941644,0.2324999112174886
0.777105356195132,0.4288079785497118
1.0878386995200666,0.8187765174793503
1.0,4.120420532976826
