alpha,s
14.396640814936427,0.0
2.5981000635235802,0.005827719674598763
1.6229782004879107,0.057603877023737385
1.6253809153378844,0.19449375376857145
1.442441126222955,0.46863723001340285
1.0,3.410880225199895
