alpha,s
0.8346855220474029,0.0
0.7043784181660325,0.054303371087120855
0.8133067210390336,0.18746946603119305
0.7398357390621708,0.3872930097845031
0.8646415238944655,0.8805209241074503
1.0,2.935187104324536
