alpha,s
0.7773047997008283,0.0
1.076273599817727,0.14333472311556522
0.916429135138263,0.2883546737093094
1.452828779410158,0.5422259612215511
1.1391949195879867,0.859233839000844
1.0,2.838813470320398
