alpha,s
1.1132977341017238,0.0
0.9352355174878728,0.10799172833164077
0.9308083743940295,0.2803416520828712
1.0456817646891479,0.5512693592871737
1.0085194185599726,0.996568764003993
1.0,4.316714595483662
