alpha,s
1.569537106939447,0.0
1.0810933498950805,0.04465097313951786
1.2729594094986771,0.16383682039806
1.1314515358190982,0.32804591277441414
1.0103355641824276,0.7111880622690125
1.0,4.835546020635269
