alpha,s
5.919648346699978,0.0
2.0647199211489893,0.02857096995334702
1.5597630075550757,0.14344316577829186
1.8788076710144126,0.35968166292109344
1.5837554046545843,0.677786230474475
1.0,3.0735397591789657
