alpha,s
0.8960510832535171,0.0
1.2455392254370257,0.06627595762075421
1.1075332274420018,0.1585843341073204
1.6640910670172075,0.365220084162711
0.92492493699,0.6216481204708227
1.0,2.990131675361431
