alpha,s
0.047017824387356695,0.0
0.12804311681718455,1.98630136986301
0.13461475053236782,3.01095890410959
0.27850790552293764,4.15287671232877
0.786669922286879,5.781369863013698
1.0,8.17808219178082
