alpha,s
0.006885231137024372,0.0
0.08660311507495505,2.204931506849314
0.07073202595906729,3.20547945205479
0.20124179325482733,4.1035616438356195
0.6695310593498405,5.85479452054795
1.0,8.16438356164384
