alpha,s
0.0068701760969725875,0.0
0.11241363516046649,1.9709589041095859
0.05413572497870417,2.42191780821918
0.21893429522747662,4.486575342465755
0.6694132606940438,6.14794520547945
1.0,9.4986301369863
