alpha,s
4.523701306435104,0.0
1.386748235955969,0.036650426491440735
1.378594696509628,0.19147098530342888
1.10697958667442,0.41344962210449493
1.3399453687473735,0.8731654180758113
1.0,3.0831336833154603
