alpha,s
0.02831441053550227,0.0
0.17323389651290827,2.232876712328768
0.09944037080954253,2.818082191780825
0.195981242591251,4.196164383561646
0.20332716039969256,5.697534246575343
1.0,9.4986301369863
