alpha,s
1.7727042893841851,0.0
1.0726597555430912,0.0858524295937382
1.2308098620355543,0.274253179981669
1.2629424901470885,0.5355948335673508
1.2211444750990008,0.9643288153479994
1.0,3.7106614859772566
