alpha,s
1.1227610867676214,0.0
0.8809790152802836,0.11159053999177912
1.0299999620336782,0.30868632118507916
1.5755263361145506,0.56090654508401
1.480461338246327,0.8953764582175805
1.0,3.821620507800041
