alpha,s
0.807064396630192,0.0
1.066881123346692,0.14595448024360522
1.3520210769319883,0.300267922486842
0.8584007188287269,0.4711280095737578
1.2037607218723199,1.009784336289516
1.0,5.266211317979758
