alpha,s
0.06679750531729803,0.0
0.2435145013014752,1.922739726027394
0.2935005650129036,3.01095890410959
0.2099909369650131,3.6361643835616477
0.88980560058454,6.212602739726029
1.0,9.4986301369863
