alpha,s
1.189630654144518,0.0
1.1589732010736873,0.07697833806867528
0.9924101798308737,0.19833260016217083
0.9247478898185243,0.4333110907506444
1.0013742899505913,0.91034142760495
1.0,3.573939434519519
