alpha,s
1.9478837125654433,0.0
1.4152864145733333,0.0763910611116993
1.3482099410344341,0.2146011192755844
1.2515861192664728,0.427094872480268
1.1604847651857508,0.8531308847577889
1.0,3.630205098458836
