alpha,s
0.9665156522752699,0.0
1.0573934684775115,0.10417282517013957
1.146173827324326,0.24914751791514675
0.9017171082357553,0.45680711978570737
1.103230043869103,0.96564666619105
1.0,4.083566019835766
