alpha,s
1.0545313236713103,0.0
1.043852691179525,0.17844064337225088
0.969873111167357,0.4096949861566642
0.9934597469014215,0.7618533321339934
1.153474737886101,1.3472250222539535
1.0,4.212997751555047
