alpha,s
0.0003546085869793769,0.0
0.01356940263284629,1.95342465753425
0.018168498409270466,2.307397260273976
0.16033112548277142,3.786301369863012
0.2627848716109808,4.823561643835617
1.0,8.16438356164384
