alpha,s
1.1440570439421083,0.0
0.966293594375703,0.11343587492533834
1.0389491354630735,0.2940155371971238
1.0920646084718975,0.5464645766267548
1.0994005856733446,0.9767690121572481
1.0,4.415711376489628
