alpha,s
1.0952388358320906,0.0
1.0704463605466676,0.12026895871413007
1.1442301898568472,0.28612587202659945
1.1048069082400123,0.5162030508802538
1.1202589531503286,0.9585300302914107
1.0,4.983427068425357
