alpha,s
0.3074135380037059,0.0
0.582502483057205,0.10141205670719336
0.6611860306205392,0.22661398149256232
0.962471538727535,0.4629483051706648
1.178641835661108,0.8378375949088498
1.0,4.438945085951526
