alpha,s
0.19840545597230652,0.0
0.3743544542439351,0.14164290346505454
1.004096239778421,0.3341019530921491
0.8287768457411212,0.49207990462506723
1.3346729539558884,0.9382449496457173
1.0,2.734102351348568
