alpha,s
0.9693641858036092,0.0
1.3421669630428577,0.07715853262671886
0.9469258248915042,0.17003041570772492
0.8712177533547701,0.37899484512989523
0.7317308022488406,0.842902105622296
1.0,4.433005958963326
