alpha,s
0.9264129515270537,0.0
1.0314181568007357,0.14112714266372983
1.0007707215176018,0.31317709098708685
1.2965592567135877,0.5669897350106781
0.9970098481711284,0.9367672787163972
1.0,3.986706264163076
