alpha,s
1.068068416901938,0.0
1.1567894657566986,0.12779668856441773
1.1231407780263016,0.2845795076353209
1.1328921347754712,0.526816168625689
1.1234557408812316,0.9819131067144495
1.0,5.05636707940329
