alpha,s
0.5313176006254146,0.0
1.0643588176615242,0.18577014767137925
2.18246252848324,0.3222136570704423
0.8250421792670254,0.43056854775175285
0.9248871107751521,0.9276221997553359
1.0,2.764577412304902
