alpha,s
0.4117280247025509,0.0
0.5078387157571531,0.0858524295937382
0.7896525108301835,0.274253179981669
0.9490596766070843,0.5355948335673508
1.028237077512255,0.9643288153479994
1.0,3.7106614859772566
