alpha,s
0.00024017759378592774,0.0
0.0011543137905640787,2.36438356164384
0.017019243160028435,3.644383561643838
0.015437937919380914,4.19178082191781
0.1384318162061181,6.320000000000005
1.0,9.4986301369863
