alpha,s
0.0015995193610318667,0.0
0.009834670553097233,2.23013698630137
0.1371433242083193,4.000547945205483
0.18264798278274358,4.489863013698629
0.6715973981031478,5.697534246575343
1.0,8.17808219178082
