alpha,s
0.02108268180995376,0.0
0.052543381655951155,1.98630136986301
0.08949109355977977,3.1068493150684944
0.23096358962685168,4.41643835616438
0.5002495979885851,5.85479452054795
1.0,9.4986301369863
