alpha,s
1.2073925206930372,0.0
1.0682352689741719,0.10844110311395753
1.1930951313727411,0.2698448704076621
1.1519671762030952,0.489534141176496
1.0175919582421302,0.9171981367360025
1.0,4.125250631454199
