alpha,s
0.8499048151961315,0.0
1.0756849956585852,0.0796895364273919
0.97550941024438,0.1885065515302214
0.7819488274255177,0.4037858590170012
0.7348129962168547,0.9013318195527252
1.0,3.705173178959341
