alpha,s
52.50201288222709,0.0
5.968822490843043,0.004180498094419142
3.0235155634479534,0.050015965241800325
1.9528080420353966,0.17579419174730515
1.3790052029478288,0.5100491130104803
1.0,3.683262664382828
