alpha,s
0.3154110237626727,0.0
0.5849177418671103,0.11609673101829662
0.6353912205848222,0.26004885311727
0.8830907200984642,0.5194713980692203
1.2798302330797202,0.966266324937477
1.0,3.250689497776979
