alpha,s
0.3808870437741609,0.0
0.5493766801483184,0.10617792220042552
0.7622265065183564,0.2600607532939751
0.9777213828270825,0.48062571983225155
1.2085316340183572,0.8933198308404704
1.0,3.9183596899589626
