alpha,s
0.2895643163574875,0.0
0.49307054100276243,0.10245718375570366
0.6247508462491885,0.24897315931063171
0.9882502175607449,0.4959066027129468
0.9471176890756134,0.8763387424394471
1.0,3.621733414529841
