alpha,s
2.2641014328210916,0.0
1.227117093674371,0.044166100501257105
1.1929225564546972,0.16459822988405182
1.0948123106338068,0.35574200193292144
0.8659253653027883,0.785490952381506
1.0,5.13455402999264
