alpha,s
14.276288888279609,0.0
3.1050477007336634,0.006688539672248503
2.08334386731128,0.050813406063970216
1.589586603700815,0.15960106237831892
1.098316100817316,0.4470462179705585
1.0,3.3735247487592166
