alpha,s
0.40538601755814735,0.0
0.5204284637810792,0.11076296895092343
0.543159782434453,0.2697441332501306
0.9146957538418194,0.5474594340676823
0.951541373031579,0.9234589100260778
1.0,3.8214000642148753
