alpha,s
0.6603800492450137,0.0
0.6987877779742779,0.0946173775611927
0.8317489644010788,0.2379054232149743
0.8593459729498225,0.45159148771515323
1.0318299222709357,0.8810372719061141
1.0,4.954296749221991
