alpha,s
30.991128493961046,0.0
3.8993409439601208,0.004258430269413061
1.9798750233461895,0.05043480385764528
1.498801632781171,0.1878621804484304
1.366623830358454,0.5469609976996307
1.0,4.501707356007143
