alpha,s
0.38173862297727157,0.0
0.8717809776245892,0.1551238866322092
0.8446424394044174,0.30561517984965003
1.094491401387562,0.559783383941191
1.5129784792134915,0.938981260221183
1.0,3.2639109871883187
