alpha,s
6.058360882665638,0.0
2.2887791679458562,0.033858607218133926
1.5952579380001868,0.14519200172812177
1.5930866992092003,0.3798609112686983
1.0977747789096068,0.7537789992033272
1.0,4.93930845412709
