alpha,s
0.011151813214573217,0.0
0.0800189495759818,1.96712328767123
0.042147641722071236,2.36438356164384
0.15543378918385672,3.815342465753422
0.23076434010919653,5.119999999999996
1.0,9.4986301369863
