alpha,s
1.3035912940589922,0.0
1.1199094889464873,0.10532378161436462
1.1439943644205381,0.2696652133628817
1.0931099312868793,0.5130162614920203
1.084151437341288,0.9720063557403543
1.0,4.098545176897511
