alpha,s
41.07105814668424,0.0
4.884533147831092,0.0036242329125380215
3.1654588213588415,0.042956761048548425
1.4899373540906435,0.1330538252103282
1.419724575967313,0.49581719497981347
1.0,4.437751881640626
