alpha,s
0.8773393262206496,0.0
1.4608212169881998,0.17357220359461156
1.3304521800114735,0.31121657787460383
1.3382806821829107,0.5213177992847744
0.8659230347285145,0.8920239316982725
1.0,4.479412020852481
