alpha,s
0.5751320189679497,0.0
0.7315589902112647,0.11379096553038798
0.6827959680350406,0.28427471074598815
0.7457158070954822,0.5512737471833747
0.6441666029135988,1.0420389549816444
1.0,4.446909547940397
