alpha,s
0.06438176831673295,0.0
0.1661078633408653,2.018082191780824
0.13260221403422917,3.0673972602739723
0.2874456977796463,5.145753424657532
1.256758557984733,7.04383561643836
1.0,9.4986301369863
