alpha,s
0.8330483877559048,0.0
1.2106207023294937,0.1502470989471427
0.9489381189947966,0.2913172142520402
0.9902394139633368,0.5600637768071713
0.8854185061827612,1.0119787288943156
1.0,4.69245665704988
