alpha,s
15.355910139390186,0.0
3.282843187540947,0.005135656409854721
1.6825810526243143,0.045213793031136255
1.3020305148746754,0.17600246643203693
1.1534852383990317,0.5233872275441206
1.0,2.970749921685901
