alpha,s
0.9940439539667949,0.0
1.1179109812462147,0.1218469881893506
1.1832006226644518,0.2725771585069678
1.0753368455205852,0.48364682376091256
1.12161108286575,0.9051543944093956
1.0,3.160587393696762
