alpha,s
29.978600581409626,0.0
4.9120035698981726,0.0046607442419630005
1.9777764922690997,0.04267523658514742
2.039305078671636,0.19045646175262324
1.4952689461518667,0.4453530329798233
1.0,2.7731995250021497
