alpha,s
2.160400589336943,0.0
0.8825190620846772,0.0021490195849412403
0.9232606130939902,0.053022565335414384
1.0232959146762102,0.1780793090357055
0.7854481801498907,0.49632286189844466
1.0,4.255057601706801
