alpha,s
1.1030905782473999,0.0
1.1315503253830743,0.05064267125604305
1.035583418423284,0.13173536550833143
1.074597813254122,0.2951228524849046
0.8790850042085947,0.6528206224050151
1.0,4.446480011108823
