alpha,s
1.1523725368740676,0.0
1.2604647322136948,0.12779668856441773
1.2299487435827148,0.2845795076353209
1.2447914650107743,0.526816168625689
1.2448676266935215,0.9819131067144495
1.0,5.05636707940329
