alpha,s
0.8239295791460033,0.0
0.9363356500183205,0.14112714266372983
0.9262907729982365,0.31317709098708685
1.2281557837518449,0.5669897350106781
0.9659470179877194,0.9367672787163972
1.0,3.986706264163076
