alpha,s
9.979041023059546,0.0
2.888553981417031,0.0049731939830436
1.9554393246734496,0.0404823148502362
1.5210626908574458,0.144282734729476
1.4596277001276634,0.4428175428469486
1.0,2.77628289152706
