alpha,s
0.875505772540555,0.0
0.8246294308723346,0.094193671616132
0.8810922575690561,0.2568083162968178
1.0573921982271752,0.532425729667795
1.4251208531580783,0.95781119173944
1.0,3.8467807176604016
