alpha,s
1.5832219845795528,0.0
1.379016354206092,0.03947935893009671
1.20334694358644,0.11992032209533207
0.9450719956176129,0.31382309569829786
1.0155349530663846,0.7409396494814555
1.0,2.600812801395377
