alpha,s
2.448725431200957,0.0
1.9613268619855755,0.06516895732583473
0.9391292236478788,0.16216051447040228
1.0188756263447079,0.4622057156704801
0.9213143543766532,0.9187747277551093
1.0,4.62964685721725
