alpha,s
0.014716620756462052,0.0
0.08160823767828397,1.98630136986301
0.12062886568008253,3.01095890410959
0.2626502361166107,4.15287671232877
0.7878389802417282,5.781369863013698
1.0,8.17808219178082
