alpha,s
0.015406468108443436,0.0
0.04249813391524674,2.0717808219178084
0.08614613014440142,3.1463013698630102
0.15044180610693722,4.2027397260274
0.5346894444205514,5.927123287671231
1.0,9.4986301369863
