alpha,s
0.8449167253383792,0.0
1.1924142714633497,0.2347196728502517
1.0638762495757756,0.4438601917798304
1.1288696632678656,0.7678066279819886
0.9726945882232603,1.2750951929669188
1.0,4.011875503787277
