alpha,s
1.1228529182310785,0.0
1.2627861116120473,0.1044523081701587
1.2915892870444645,0.23238818855530563
1.009943150610037,0.42890045637553914
1.0307159653554732,0.8802453510413005
1.0,3.713301582875941
