alpha,s
0.7198104653737283,0.0
1.0558708044847396,0.12146613721931138
0.6424877025128749,0.2564804132767062
1.2713315397409881,0.5940902363459792
1.2905517725198694,0.9956546138920153
1.0,2.762419830312897
