alpha,s
1.0748099634223676,0.0
0.9848703765540241,0.11729673935699138
1.0468281945832323,0.29201194124725227
1.0280729156888038,0.5335364105489881
1.0930444704862894,0.9838762803228742
1.0,3.770738145239168
