alpha,s
0.40720510068351384,0.0
0.5765382296233688,0.10617792220042552
0.79890574090421,0.2600607532939751
1.0200759886235495,0.48062571983225155
1.2623706570464188,0.8933198308404704
1.0,3.9183596899589626
