alpha,s
0.9132379076595192,0.0
0.8137806986022059,0.09315383810415535
0.8858405311181206,0.24250672805865997
1.0235569444186756,0.47007906675180355
1.0257251878132507,0.8769991363651186
1.0,4.381500630545231
