alpha,s
4.564552060767146,0.0
2.931159940818699,0.03351659035163022
1.4450425161160556,0.10242506634735159
1.445526664748727,0.31799343292311444
1.0480951596982013,0.6792108914064486
1.0,3.4426995844969346
