alpha,s
0.000162605386447348,0.0
0.008520926778698876,1.038356164383564
0.01698322093263519,1.9605479452054788
0.0740070062379297,4.2027397260274
0.437862563114253,6.020821917808222
1.0,9.4986301369863
