alpha,s
1.496135696945812,0.0
1.1133662821635182,0.04675454509390332
1.246718041416584,0.15469655460186776
1.1392357782052627,0.3302924778222638
1.0795140598967523,0.7313604896522244
1.0,4.53952799165824
