alpha,s
4.542497861024339,0.0
3.0388340785085077,0.0464559604826307
2.5132216764043642,0.1320518654581352
1.4334169885411439,0.27978410627285133
1.4600476483722185,0.705472213753151
1.0,3.214587334539961
