alpha,s
2.62662621762093,0.0
1.192376906102448,0.041946990614048926
1.0789368050500778,0.17924698930595057
1.1918563998044194,0.4127333436653424
1.3126237628364479,0.8023504039287976
1.0,3.388748827639392
