alpha,s
12.482341565001803,0.0
2.7115332730429826,0.004303518575061541
1.3713491203360508,0.04117562162134874
1.1110740360069753,0.17411840487621197
1.191829383507308,0.5292183257566782
1.0,3.418997669807902
