alpha,s
1.9892784989401855,0.0
1.2096786427755677,0.03175841310892648
1.2119580846753493,0.13244380029116926
0.8302332434619406,0.2997778905149692
0.9552511852544218,0.7788529644137963
1.0,3.826262673296848
