alpha,s
0.8847612308586654,0.0
1.0515824085454237,0.14320690520316134
1.0991839294446457,0.3179319877786073
1.0444286346768872,0.5653022192562944
1.3446695410904053,1.0269694863745704
1.0,3.485246511323017
