alpha,s
1.3071947660411236,0.0
1.0508648779709624,0.04232579082736589
1.2139942163073778,0.1301940085028468
1.0788609154697784,0.26915138939560135
0.8918003611430659,0.6106362464648436
1.0,4.486140649473025
