alpha,s
1.1605643842559843,0.0
0.8667089754547754,0.0988877651939365
1.0249279538445482,0.2886946973954079
1.1508360234370119,0.5295522400283242
1.4426434562216934,0.9595566655950469
1.0,2.389223098596048
