alpha,s
1.0013990579483165,0.0
1.0849310389826115,0.131123125628335
1.1678854328605783,0.29609403778410226
1.1229429471898145,0.5252355976846026
1.1870071934934918,0.9516743869634942
1.0,4.433122067902382
