alpha,s
0.011600755287367407,0.0
0.05485762375036651,1.95342465753425
0.5797130805999073,3.023013698630138
0.08653793197379166,3.28767123287671
0.469738862295633,6.094246575342466
1.0,9.4986301369863
