alpha,s
1.2805938996626427,0.0
1.0106428755611534,0.05315830509585467
0.8631899873686696,0.17218666050968606
0.8288965414515747,0.41192826548471645
1.1379906937545614,0.9070001712736118
1.0,3.359882287983908
