alpha,s
0.8887197123863196,0.0
1.1787645048441613,0.11041783891521141
0.9162855173880317,0.2344107483258866
1.239648716472091,0.4955513795693712
1.395117958743522,0.8635992862857537
1.0,3.88666805968857
