alpha,s
0.049512793479571784,0.0
0.1609059289018839,1.618082191780822
0.10583639071230531,2.284383561643838
0.26064360853352325,3.72328767123288
0.18275057940237288,4.688219178082187
1.0,9.4986301369863
