alpha,s
1.0573575444161305,0.0
1.0425775708740075,0.12067486551056625
1.1255423941005884,0.28983415349069697
1.0729708216694938,0.5219623087229671
1.0196490409889913,0.9662597382787137
1.0,5.402295493497127
