alpha,s
2.675912203568723,0.0
1.9101444039239575,0.051181875782125616
1.2189597655200959,0.14628011409844263
1.0664782518408638,0.36867321319562296
0.9128415912623141,0.8370925327810993
1.0,4.219838000948748
