alpha,s
2.1434829677694665,0.0
1.2835751006818945,0.041757876044681466
1.316594372310455,0.1565752346503096
0.9973754840827466,0.3313246782588816
0.9609207847861396,0.813277421689994
1.0,4.760190859433259
