alpha,s
1.0455979267936273,0.0
1.07406535606338,0.1894504062021843
1.1183046054807075,0.4274741079502377
1.0511189996632373,0.7389003150430118
1.6450431645549015,1.3249548866128134
1.0,3.6220633196402594
