alpha,s
42.29157759924669,0.0
4.502529993076905,0.0033786474626771
2.376181103222895,0.0449648030405765
1.7414956780434374,0.1638151929407588
1.3725946917236604,0.4702068226232969
1.0,4.069696629752516
