alpha,s
2.229155184762488,0.0
1.6041378305446286,0.04375547608183522
1.2566922101935687,0.13909707620666978
1.004111715726047,0.33909740186559484
1.8805949620639937,0.860980464541449
1.0,2.7704438381131
