alpha,s
1.1114237552756887,0.0
1.0065951565934437,0.0446146187149312
1.2173670672993382,0.1322643763222151
1.0066854517889392,0.27008172081227716
0.9714247265634383,0.6416939196820253
1.0,4.612159751857976
