alpha,s
0.010968430511907169,0.0
0.06473278946765762,2.01917808219178
0.1535671977987121,3.01095890410959
0.1261593707976555,3.818630136986305
0.46131453282621915,6.349041095890412
1.0,9.4986301369863
