alpha,s
1.2146742098271945,0.0
0.955922683965162,0.08828450636017607
0.9914259618174498,0.25265521410955716
0.9671565091028048,0.5095926768036658
1.0815125850927987,0.9914649192483261
1.0,4.642494565967999
