alpha,s
0.20644893568871708,0.0
0.22412282737879688,0.1028528799757082
0.21795349012912352,0.257004291535446
0.1671364952834696,0.5089490948783416
0.08184852413574033,1.0335653800917053
1.0,4.687588031582849
