alpha,s
4.462505128851019,0.0
3.072511480978103,0.0465371276377706
1.5823731493675626,0.1294720751118017
1.5719010706920813,0.3607705807262973
1.4875271594156971,0.7476603939649482
1.0,4.823816853960435
