alpha,s
1.1832571122962179,0.0
0.9948049786914969,0.0872254205202189
0.9646264802592689,0.23690202123395415
0.839767766164292,0.4933532865342829
1.2332795386163782,1.0318963752121
1.0,3.404572666655917
