alpha,s
1.0614719692473438,0.0
1.4516418824327586,0.057511162907336044
1.182994595595887,0.13773992502805427
1.0866242715611327,0.3138576098026305
0.8473364052562126,0.7008665248575238
1.0,3.9999436307929206
