alpha,s
0.9578972320617324,0.0
1.1072220921234153,0.13545181151443855
1.0277082390877157,0.29310018728976056
1.155149304961705,0.5442279264399086
1.0362043708300845,0.9565189728586037
1.0,4.233055130330583
