alpha,s
0.037065472430014214,0.0
0.12038914956379174,1.82739726027397
0.04730404181497171,2.23013698630137
0.1393668077880024,3.804383561643841
0.06014342588833901,4.6635616438356156
1.0,9.4986301369863
