alpha,s
0.06305657663780724,0.0
0.20718743599866002,2.022465753424656
0.8420981450630808,3.04109589041096
0.31366839109060185,3.254794520547942
0.4059134410687691,5.0958904109589
1.0,8.22739726027397
