alpha,s
0.7291914532476398,0.0
0.9253844576706796,0.1207933119088727
1.0248015095378287,0.2584706665631004
1.0338311247782361,0.46094778019891336
1.084060303462029,0.8793986213876817
1.0,4.723335741612782
