alpha,s
0.010628599539672027,0.0
0.0892029665545469,1.82739726027397
0.040816217391888565,2.29315068493151
0.12052705562787425,4.279452054794525
0.4539759923709325,6.277260273972606
1.0,9.4986301369863
