alpha,s
0.8108307532519401,0.0
0.9227602783369736,0.07871415951533425
0.6961582399366608,0.205483625035116
1.1399059072063698,0.486154095718366
0.7288028054190672,0.8504913069042755
1.0,3.7851541907905673
