alpha,s
1.0492219225678268,0.0
1.261298475732279,0.1139473212179777
1.1408443509436532,0.24234189972332199
1.157886283077697,0.46262558749830307
1.09733908738748,0.8589707355518467
1.0,4.147117736562271
