alpha,s
1.153512166790592,0.0
1.454616998175887,0.12995010320330513
1.2277449043263917,0.2726122495861728
1.3303844517566101,0.5281962890571068
1.7116384848158734,0.9183257025649012
1.0,4.1582564942345295
