alpha,s
1.195290986703933,0.0
1.1070237065079525,0.0704525875544587
1.205857644131233,0.1846565246932876
1.2028594418663898,0.3594329277985611
1.077078199458728,0.7198876552236138
1.0,4.163224565249518
