alpha,s
1.990392917291773,0.0
1.537169638251998,0.051181875782125616
1.0471314446585123,0.14628011409844263
0.9557560885583088,0.36867321319562296
0.8395558771668994,0.8370925327810993
1.0,4.219838000948748
