alpha,s
0.7910520707446986,0.0
1.1839036583317404,0.0991509654973856
1.0232554432117245,0.20827823799236045
1.1310432037822615,0.41395418344223917
0.769521621675012,0.7693536090422713
1.0,3.156264864142164
