alpha,s
1.0054766385101788,0.0
0.9513797145004288,0.19270560668037134
1.3392631425521175,0.4477158425268617
0.9014320390961487,0.7015386577291153
0.8600693796893516,1.3036274193535569
1.0,4.633352699515294
