alpha,s
0.5893336863022303,0.0
0.6458104739326884,0.07343138119569732
1.1497051057389234,0.23144664157002567
1.5427454512613816,0.39265634618150597
0.8796109900021487,0.6428137165942235
1.0,4.213983731932846
