alpha,s
1.2024862269467698,0.0
1.1067902515754793,0.10196030375829443
0.8871531507513858,0.25087812888314104
1.0590456645481707,0.5248197327329196
0.9487886062103403,0.9674133915432404
1.0,3.667799772457904
