alpha,s
1.3930312910186435,0.0
0.9750234918500874,0.092241046363536
1.1571901604118469,0.27260323070003745
1.2466178146939815,0.5000524457407461
1.1499575820275856,0.871792363205597
1.0,2.6567823034582747
