alpha,s
0.943431053531344,0.0
1.0797602480259916,0.0782291466210403
1.0342345798162451,0.18309710272935
1.1566829433166164,0.3645189413282988
0.8505063257304162,0.7105687097204714
1.0,4.697552904267975
