alpha,s
2.884615219193772,0.0
1.6247971493187645,0.003501644888599601
0.8064106899434882,0.03467030917439319
1.0182219143528684,0.1797543331971796
1.2551737736723567,0.5047848021997591
1.0,2.2555812477168105
