alpha,s
16.209945211896997,0.0
3.241069190379598,0.005581424562466482
1.9469378985777592,0.047318427566286944
1.607274853481653,0.16328716508459246
1.2960016719341994,0.4518919056491037
1.0,3.915907018967277
