alpha,s
0.8141783366103597,0.0
0.7881370775210842,0.1104009852005919
0.9285585587107945,0.29128560557616523
1.3680319533738576,0.5313434413924064
1.0383557094929234,0.8481469959454748
1.0,2.5001047761291115
