alpha,s
0.05514394819824751,0.0
0.330603858462192,1.9709589041095859
0.08893121927837778,2.42191780821918
0.2649134240835421,4.486575342465755
0.566570818939254,6.14794520547945
1.0,9.4986301369863
