alpha,s
0.3987859846074722,0.0
0.8649689364920068,0.11392064839137417
0.9463805316360715,0.23214568057641063
1.096336967815655,0.4338543119981321
1.2817127133969117,0.8009941662084428
1.0,4.061108338878413
