alpha,s
1.4601166182323877,0.0
1.1416860314797856,0.0654560227990503
0.9902647552775087,0.1974710942896118
0.8312502090110184,0.4292206762364384
1.3169923137619481,0.9921233392471528
1.0,3.357180834790992
