alpha,s
1.022711728164385,0.0
0.5574167246427371,0.08391194399518884
0.8388435227510233,0.3260477914451368
1.0964266597322758,0.5943512211828341
1.2211994497530985,1.0210914537117115
1.0,2.811960346137906
