alpha,s
0.9884325100597694,0.0
1.0840129066996271,0.20083413632255145
0.9292933353400655,0.43211652387952126
1.0524133939494664,0.8184557209608895
1.256666648784296,1.3805674432470822
1.0,3.6350266973566248
