alpha,s
1.094634371753445,0.0
0.9314490665386207,0.06001272305383013
0.9820572420919707,0.1810380795206544
0.8735115568160211,0.3852111166032079
1.321602221927727,0.862063412769707
1.0,3.749877764248148
