alpha,s
0.5891378311952372,0.0
0.9145396940065461,0.12250282299757691
0.9333789816702986,0.2553547073267852
1.1121405926486696,0.487865082430769
0.9752345571801087,0.8475500680619172
1.0,3.779589056629844
