alpha,s
0.7000225519171005,0.0
0.6740006950998503,0.1330868481613725
1.1134537940981075,0.3363646593585597
0.6758036072853462,0.5384196773739134
0.8779682689960789,1.1620217622092912
1.0,3.802797088133008
