alpha,s
0.016769036758244597,0.0
0.091150315816143,1.618082191780822
0.0644904056736712,2.284383561643838
0.1822621376417374,3.72328767123288
0.1442473718396329,4.688219178082187
1.0,9.4986301369863
