alpha,s
0.48737919147007724,0.0
0.6836036499806446,0.08847725912956043
0.647124585567677,0.23157307688958395
1.0169174579860247,0.5289338585700519
1.5704740194234572,0.9202173362029885
1.0,2.8441107807666706
