alpha,s
0.005922624482445369,0.0
0.05049963342514392,1.974794520547942
0.07246347884679573,3.01095890410959
0.09070964868985966,3.7594520547945223
0.23883846065060108,6.066849315068491
1.0,9.4986301369863
