alpha,s
0.014295212805443774,0.0
0.09151803332087627,1.95342465753425
0.07454160241264456,2.383561643835618
0.11283674447143514,3.727123287671236
0.46169965504356214,6.33424657534247
1.0,9.4986301369863
