alpha,s
2.3983030053317975,0.0
1.2643105225352063,0.00384976886879298
1.3549293160611058,0.044282273342475684
1.3704028939610733,0.13400411109920224
1.02663337591541,0.3874227041500616
1.0,2.407507218400482
