alpha,s
29.12157542616129,0.0
4.719709793783473,0.004303518575061541
1.9929078659481734,0.04117562162134874
1.3952524476170165,0.17411840487621197
1.340894226676172,0.5292183257566782
1.0,3.418997669807902
