alpha,s
1.1906865402602684,0.0
1.115036458801784,0.0450629838381896
0.9794941334535162,0.12877549007669573
1.0437861306419125,0.3043097978304326
0.9212464600670724,0.6664010196916256
1.0,4.238396694775911
