alpha,s
0.00035881847314442696,0.0
0.0041076518790300635,1.98630136986301
0.015302012628090831,3.1068493150684944
0.06677418807120929,4.41643835616438
0.2341000477491581,5.85479452054795
1.0,9.4986301369863
