alpha,s
0.9274801780201081,0.0
0.8461176281795922,0.10092073892819824
1.2205680264075047,0.2758010553759547
1.0361960338852803,0.46472643854859963
1.1110459373900312,0.9057056696654013
1.0,3.892799705281836
