alpha,s
1.9645272912079335,0.0
0.683004743336668,0.00309072573859202
0.8884612949528817,0.055411821520697666
0.9666627194679435,0.16988625326238652
1.1737636278560568,0.5015426815298627
1.0,3.082038997995499
