alpha,s
1.0042359985339273,0.0
0.9007352800321525,0.11680025168959964
1.0350765657498655,0.2922104830499353
1.035356693081938,0.5377000101468599
1.174848668518197,1.0261778966291224
1.0,3.919540389247636
