alpha,s
0.027154946753095682,0.0
0.04737878417334038,2.36438356164384
0.28019053724859627,3.644383561643838
0.12074737108373582,4.19178082191781
0.6964560903474444,6.320000000000005
1.0,9.4986301369863
