alpha,s
1.608720961658642,0.0
1.3371949687572289,0.0908647416668078
1.068915190037869,0.2418127382209048
1.262665049207109,0.5154574253582302
1.5702142921038185,0.9390274982541958
1.0,2.799468773037196
