alpha,s
0.4800716737120759,0.0
1.0449108195251895,0.1073371564397486
1.3814702257339337,0.2012630603259331
0.6652651452422412,0.3401040312669632
0.6650895791347075,0.8922673561119175
1.0,3.33109280154805
