alpha,s
0.26050495894874004,0.0
0.6075603078282269,0.14950435216473668
0.5959512486443386,0.296877092287225
1.0549339634705077,0.5948628463347353
1.0369752300739608,0.94508908555504
1.0,3.1848913427845056
