alpha,s
0.345075660694267,0.0
0.5986309270211597,0.1010034990186213
0.762467314589328,0.22735975209169235
1.0122343346523721,0.4357491660749839
1.0158213710978,0.7962403728547846
1.0,4.673764695805421
