alpha,s
10.708121921397248,0.0
2.3740825501784144,0.0051175506297473005
1.1866058018171304,0.04524341530146886
1.2091787558747615,0.19366325646303367
1.1481740673282517,0.5228431745441404
1.0,3.058985415592392
