alpha,s
0.46051120697778053,0.0
0.5944108660239522,0.11753218323700822
0.5605492928198563,0.3041043569312043
0.9233177239866501,0.6415060159961644
1.0024772258694523,1.0347092646239302
1.0,3.9556125082015945
