alpha,s
1.0078161048212357,0.0
0.9613740094329436,0.18569367677439874
1.0025820443749616,0.4354433546076219
1.034724015524945,0.7673077900218158
0.9942367574458788,1.315057633544379
1.0,5.64036692197904
