alpha,s
1.198640956231264,0.0
1.051465494561139,0.16102386230932555
1.1373949419682559,0.3896392817511291
0.9364340522330844,0.6777267412846764
1.215554069105272,1.2885257104620111
1.0,5.119695019615366
