alpha,s
6.910964622888087,0.0
2.01425566733054,0.0061867692478509
1.2725059152683833,0.0499357686211558
1.0002225502469995,0.18861828864648914
1.2407215520021846,0.6009017532703872
1.0,4.565279767696846
