alpha,s
1.1696093226358764,0.0
1.071774323000113,0.0988685870395232
1.0405863476466402,0.2474724071399149
1.054496615734064,0.47847175602690284
1.0014817942245708,0.9109084601484118
1.0,4.247496839611965
