alpha,s
1.0548417060523776,0.0
0.9952883493311036,0.06333319002040899
1.045421576419036,0.1852409373795486
1.0602899570834918,0.38832689302973034
0.8283349926475715,0.7720877713665898
1.0,3.6001761820575173
