alpha,s
4.733040268919891,0.0
2.006243200915896,0.04541755842092113
1.6751827823551229,0.1751704364585305
1.2003647493668101,0.3891802241859758
1.22266289797864,0.8953918314711251
1.0,3.2056528042738126
