alpha,s
3.817659776327326,0.0
2.7786350035826044,0.04437178051247048
2.4237731650469816,0.1213728275060942
1.5183243445462433,0.2504087245939882
1.2469222638264463,0.6370003304865561
1.0,3.511814479794086
