alpha,s
0.013539636812885641,0.0
0.0199369027801611,1.2630136986301361
0.02129096149457449,2.23013698630137
0.013805802285890435,3.28767123287671
0.02474248280621297,5.133698630136983
1.0,8.22739726027397
