alpha,s
0.2999565372332674,0.0
0.5239552710474952,0.1102896570415637
0.7028038952609703,0.2627232613222821
0.9251316395517916,0.5061271229883896
0.9603313502140135,0.9213716643447812
1.0,4.190145343609309
