alpha,s
0.9588871209295284,0.0
0.8529360840635708,0.06995274681959286
1.1711608053411582,0.2099507992958839
1.0942713095657253,0.39462051116134433
1.2023194730330684,0.8123462444570423
1.0,3.182473028630147
