alpha,s
3.615468473952812,0.0
2.4178000670603548,0.050905493477097
1.5527069657503698,0.1448313092822347
1.6058336597710507,0.34965783538103773
1.035689127042514,0.6927571182328236
1.0,3.048281295983496
