alpha,s
2.0085795141691687,0.0
1.2241256599444847,0.04116472312647044
1.1291374390189106,0.15239259622099477
0.7476384585033875,0.35824062199273404
1.1697440429375068,0.9463375735200205
1.0,3.683181649191428
