alpha,s
0.02220708615672395,0.0
0.07094774456159951,1.618082191780822
0.045659307284733636,2.284383561643838
0.1290627723406985,3.72328767123288
0.133805167407183,4.688219178082187
1.0,9.4986301369863
