alpha,s
1.0159630154973938,0.0
1.2614078812450344,0.11587757332449213
1.1618844193500135,0.24126932622434316
1.107198938872175,0.4499355096427513
1.2358438319523866,0.8683117672551546
1.0,4.459899070335413
