alpha,s
1.087478803198574,0.0
1.0697237829443658,0.12055245012914428
1.0418852034822372,0.2866984179097425
1.1441764796050777,0.5381629147206526
1.1791718244358333,0.979900735999925
1.0,4.810638355668554
