alpha,s
3.0916633740232355,0.0
2.435642551035293,0.05555352030279258
1.525201309759364,0.14675596815812747
1.499755462251407,0.34994973162142523
1.3560905451682654,0.7498772779578474
1.0,3.034540826800277
