alpha,s
0.0006786572728364267,0.0
0.05760614907352255,2.23013698630137
0.03203988468418617,2.48767123287671
0.20638894510320616,4.35068493150685
0.5998592794585206,5.85479452054795
1.0,8.22739726027397
