alpha,s
1.1041328614096275,0.0
1.0355492812673597,0.0507804159810273
0.9395496423230709,0.1415491639998976
1.1173548287390644,0.326880371475104
1.0918552087833215,0.6842600788581049
1.0,3.3329738675596325
