alpha,s
0.7547166204943452,0.0
0.6973581216260615,0.07269117799550102
1.0576092384979838,0.21595965943721843
0.9306663110791253,0.4051729362582247
1.1581510232908396,0.8873437558299064
1.0,2.2867027258616344
