alpha,s
0.005629040020737484,0.0
0.031182265702448107,2.290958904109592
0.12107530360891505,3.670684931506852
0.12841961978526453,4.403287671232878
0.19022976097925148,5.94520547945205
1.0,9.4986301369863
