alpha,s
1.3277036915047686,0.0
1.151299095765451,0.09810648121410104
1.0760160163589767,0.2525029172315228
1.0099833412435597,0.504152348100641
1.1957634656730807,0.9886376833358602
1.0,4.414350925792336
