alpha,s
1.2034393301654767,0.0
0.9851452748949948,0.10342089319882293
0.9570049110465132,0.27125256108485385
1.0119814589826668,0.5312162368302322
1.0171605882179469,0.9615709547572295
1.0,4.480719969663226
