alpha,s
0.9668658751197409,0.0
1.1203079296894445,0.1180967274310401
1.1632896773370074,0.2586230973798102
1.1948682597642397,0.47251186542183443
0.9244114774675236,0.8424206612835529
1.0,5.197174835122258
