alpha,s
0.3065508839021062,0.0
0.4324015904521197,0.08883105894624024
0.584532026452978,0.23067712894099107
0.6858046552512118,0.4555516035510378
0.972799557269671,0.9224878061523518
1.0,3.875390641742073
