alpha,s
0.8482580877919098,0.0
1.1403875309199125,0.05981830919212749
0.9279270658882846,0.13831907630212192
0.9340391439707724,0.31841945374506997
1.107272118357558,0.7179229577302382
1.0,4.448360006628602
