alpha,s
2.965968481865739,0.0
0.9082728873052881,0.0027603554205737203
1.2894381378456483,0.0587113022344863
1.1665770576687122,0.15356276130021948
1.1423573895596575,0.4306387703553571
1.0,3.3548935160434383
