alpha,s
0.7151712607138239,0.0
1.00285552702891,0.1695409446644405
0.8946001831918925,0.3332835933029323
1.0828077320612184,0.6204095636804122
0.9545264937570295,1.0693739176272423
1.0,4.021258151205225
