alpha,s
1.101997165263279,0.0
1.1041430460814208,0.0663786958699381
0.8282830864472784,0.1835998317821298
0.8450330875555065,0.444675695909764
0.8384293338924552,0.9381266887889538
1.0,3.681571418900941
