alpha,s
1.0928406766605863,0.0
1.0422122092169952,0.07639229864735356
1.2169952645711002,0.19540321047159157
1.0925270952689041,0.3682240898633334
1.0501600293920401,0.7669133571310617
1.0,5.206095823696696
