alpha,s
1.2870937886652545,0.0
1.2533592535374039,0.1311585603131022
1.1072900811430892,0.3006392879385279
1.5014894149466294,0.591655676178404
1.2286139186173781,0.9752671001188424
1.0,2.982470227817864
