alpha,s
1.6826850727199338,0.0
1.020424764778196,0.04541755842092113
1.0401463632842818,0.1751704364585305
0.8839984566158522,0.3891802241859758
1.0252674678682083,0.8953918314711251
1.0,3.2056528042738126
