alpha,s
5.302587917486559,0.0
2.5777212286785316,0.03075237652202762
1.8627741374795637,0.11505204852913162
1.6104699271849816,0.28869797349632215
1.4787772396004688,0.6199263658171418
1.0,2.812609323257347
