alpha,s
0.011257868866256703,0.0
0.09616645256517654,1.82739726027397
0.08261386029353102,2.290958904109592
0.14539542142210427,4.13315068493151
0.6585646424955879,6.349041095890412
1.0,9.4986301369863
