alpha,s
6.576197073135299,0.0
2.236194916566219,0.0317335613849857
1.4998636943817676,0.1464695275807244
1.486696775558801,0.3804748752265987
1.5281325248004505,0.8005050360875456
1.0,3.118133809121077
