alpha,s
0.9408185844586826,0.0
0.9526835069719493,0.08931952957697283
1.3996316738821029,0.22470236350382747
1.0079487546618626,0.37207526196051793
1.1364007135782892,0.7998415972514991
1.0,5.110693893504875
