alpha,s
1.9502173091854962,0.0
1.9375652843662206,0.10336493523834415
1.53173601144033,0.23490378431480033
1.593861222700688,0.47248598209682274
1.188153841886915,0.8499933761912652
1.0,3.419853169531741
