alpha,s
1.110729570083786,0.0
1.1000408477291692,0.0771813262535344
1.0848860806166258,0.1921756737425293
1.0791229122352377,0.38526240161772873
1.1478679505291074,0.7719247520467432
1.0,4.868247068298492
