alpha,s
0.30063339497429975,0.0
0.49913001263044804,0.102848254953083
0.6250453131052717,0.245841066347362
1.0544212995128657,0.4937821395738648
1.1369693347899128,0.8594580389595472
1.0,4.739103083059691
