alpha,s
43.68474118525637,0.0
8.989446313571523,0.005150256909520042
3.0883413707388074,0.0360242057383596
2.5421528134959246,0.16299068067895373
1.6706732459766336,0.4136758718320238
1.0,3.4788136624161585
