alpha,s
0.43916471981529737,0.0
0.8598581792972477,0.10692074827488594
0.7467978189417166,0.2146070279358668
0.944413868676786,0.4630201845790892
1.3505881315790293,0.9154358024748299
1.0,3.55432385605462
