alpha,s
0.49780494496809624,0.0
0.5684280273467212,0.07163289425441337
0.7997559051735337,0.211575795983641
0.7196046075095109,0.41677711330947026
1.3271280890131494,0.9461418766175362
1.0,4.364185845613903
