alpha,s
0.7591541806906958,0.0
0.8163732492458758,0.10526650539606379
0.9112304358355872,0.2601275867001186
0.9309849898511833,0.4768968959051159
1.0187751271339314,0.9154157023358446
1.0,4.603325897818464
