alpha,s
0.015091790855071325,0.0
0.16752660433153443,1.9709589041095859
0.030697307063969306,2.29315068493151
0.08587061962317881,4.3769863013698656
0.5676381625925978,6.97534246575342
1.0,9.4986301369863
