alpha,s
1.0175607897726189,0.0
1.268822447711792,0.1290057049975094
1.0499581428115257,0.2675882470059957
0.9499955857032981,0.5127144638446631
1.3641338748709926,1.0178639444117485
1.0,4.192967501152999
