alpha,s
2.4332367343378016,0.0
1.2936656900404484,0.05926401946674486
1.2753825803787888,0.20710498553963155
1.2760553570452824,0.45288383255232845
1.4580242825786054,0.8661541968280049
1.0,3.673031050273887
