alpha,s
0.0010482857479298838,0.0
0.0397968485523941,2.23013698630137
0.09196498496898609,3.04109589041096
0.5123673635247361,3.810410958904108
0.3714419014126411,4.39452054794521
1.0,7.16986301369863
