alpha,s
1.5146190099116212,0.0
1.1970290265203758,0.04160085105208178
1.1727951854747456,0.12527674344876877
1.1065267396766894,0.2791771144096205
1.0546976606928078,0.6357519435763791
1.0,5.162867258003484
