alpha,s
1.1489642712824801,0.0
1.2568096780424691,0.0642254238231483
0.7123467054513416,0.1704528094769195
0.7227804695190296,0.4708949104255085
1.1413163980583296,1.0895390167608787
1.0,3.8868992503461466
