alpha,s
3.542713469630256,0.0
2.548540582613007,0.0465371276377706
1.3814842908270535,0.1294720751118017
1.4332784519672577,0.3607705807262973
1.4222815015187629,0.7476603939649482
1.0,4.823816853960435
