alpha,s
1.313862046187094,0.0
1.031299996172571,0.04979749512746751
0.8996537043416725,0.16994902988237792
0.9075690555480648,0.41019491602191327
1.0518577007922705,0.9001811711618829
1.0,4.298118342452628
