alpha,s
0.04435259997192588,0.0
0.1545688453638844,1.82739726027397
0.07000589707737792,2.315068493150688
0.10082421653849552,4.022465753424658
0.25633326295024095,6.296986301369866
1.0,9.4986301369863
