alpha,s
4.200449432788591,0.0
2.2375062852155523,0.04384010344838954
1.466160642879039,0.14583535970200345
1.5013255015182176,0.37488188628075747
1.1262199721824266,0.7767840710959858
1.0,2.819874755923508
