alpha,s
1.0204981835467286,0.0
1.176576610036197,0.0525659046213483
1.0913967248232805,0.13033102511862896
1.0048863012313087,0.2823675330579682
0.9258512587731296,0.6618491296671193
1.0,4.27339956910659
