alpha,s
0.6332647729936117,0.0
0.8797315294978328,0.08053870026298961
0.7496851163260111,0.20386454547645538
0.8613332463835525,0.49978580495912406
1.2416826579103095,0.9774895510785279
1.0,2.3478530916928544
