alpha,s
35.02484128067479,0.0
5.428590205339715,0.003936045840516662
1.8992009344510552,0.03808443407435503
1.5562226164006905,0.18125948161341238
1.1378000267827415,0.5075340154823993
1.0,3.284993381939961
