alpha,s
1.0847764156435518,0.0
1.1119124826268987,0.11284344631942594
1.0324389225864785,0.261128071526114
1.2673088184389294,0.5060853655121276
0.951444941045368,0.8818922664678678
1.0,4.127050137525121
