alpha,s
0.6830002061475383,0.0
1.3127429644542183,0.13775909093283847
0.6593358611065429,0.25032312706296483
0.6440469679218107,0.6266387611327656
1.2015733968827333,1.3513164177102586
1.0,4.049229227663679
