alpha,s
1.3134932071607617,0.0
1.161936622973507,0.04418053826977045
1.261616871779308,0.1272805125732582
1.0952286013566892,0.2664355100540095
1.0255600812809955,0.6296885020454598
1.0,5.189773411944899
