alpha,s
1.1127649204697574,0.0
1.1498369639518202,0.11991987276197323
1.087601208575507,0.2724595247695429
1.042997458013646,0.512495485196112
0.8985039997080009,0.95435571363568
1.0,4.984700589404024
