alpha,s
1.1380308256940477,0.0
0.9062887287212192,0.09950490406433238
1.0642402275304417,0.2780025816278307
0.9993777944214329,0.5148210429140148
0.8780149691059214,0.992381202202379
1.0,5.13117646496255
