alpha,s
0.49691197563965545,0.0
0.586336725243443,0.07343138119569732
1.0754948945137255,0.23144664157002567
1.4405001598543243,0.39265634618150597
0.7822749149635702,0.6428137165942235
1.0,4.213983731932846
