alpha,s
0.008032647802475115,0.0
0.14406832301793718,1.95342465753425
0.08411616935255757,2.307397260273976
0.3628561781964691,3.786301369863012
0.38183035265380605,4.823561643835617
1.0,8.16438356164384
