alpha,s
0.8216129495747635,0.0
0.9456639975004555,0.10486019697001127
0.8424898977146407,0.23863843145315133
1.0202587060128527,0.4924631194640745
1.2599486795124704,0.9206635486275762
1.0,3.6839267922668864
