alpha,s
0.7661231401680615,0.0
1.0884430251423691,0.0642932134547165
1.0841211073745471,0.16656753976860608
1.0464878817771932,0.3514079711368856
1.0632439021731321,0.740992751336175
1.0,3.8578344144253927
