alpha,s
28.69818924683095,0.0
5.4623875972763605,0.007718704250690263
3.1188953594778677,0.05767375486916574
1.9701498839202658,0.17665698087103388
1.3312643136422235,0.4955197417730973
1.0,4.334504683605838
