alpha,s
1.0442928614925615,0.0
0.8909555678468035,0.1776251755742035
0.9843454989925415,0.4476822765290661
1.0779265674368732,0.7943927472567683
1.3900184696116482,1.36194173936992
1.0,4.1191860201798765
