alpha,s
0.8890614806093238,0.0
1.104598251002075,0.1475606212818538
0.9939061761929463,0.304250766570258
0.7876825176791007,0.5629830216899588
0.9724110755043918,1.1978536119514889
1.0,4.768850837247989
