alpha,s
0.8872811043630425,0.0
1.0451608056255828,0.08795486681125293
1.0195022267791392,0.20758870701387405
1.232788725677381,0.4112328134764503
1.0536804389253465,0.7602914505204351
1.0,4.56668023009227
