alpha,s
0.7839747492814856,0.0
0.9555162842275815,0.1096801380903646
0.8771894293529833,0.25329756924884006
1.0073843705424599,0.5125371253309052
0.9072017639681778,0.941012804788035
1.0,4.211244408171037
