alpha,s
0.7519953221123518,0.0
1.0267631605273912,0.045930142418095454
0.9218635981834096,0.1219966333154917
0.6039355506630742,0.2975418623981928
0.8834283194853444,0.845642915565664
1.0,3.1020534941171043
