alpha,s
0.8423186055642504,0.0
0.9271146352957323,0.13168479375521316
1.0131005572245821,0.29752042022599334
1.2170520905843178,0.5437378996194361
1.4404666740306367,0.9291703159692543
1.0,3.2491166708150256
