alpha,s
0.9172034367571864,0.0
0.9908243691634687,0.1278518506342193
0.9342025288822239,0.2910956738877174
0.9841738294942817,0.5552952398323039
1.1489886786149945,1.0332970428052797
1.0,4.452210190383558
