alpha,s
0.9006345991476914,0.0
0.9544712844608809,0.051238168312547315
0.9152813688460999,0.171465286206486
1.164389569641371,0.3949879899925493
0.8300387608589664,0.7415850407995228
1.0,4.017651495199365
