alpha,s
2.5730753279363894,0.0
1.6218355411024805,0.030835271273028278
1.6162956190608633,0.11210530219980745
1.2598390332649918,0.24976543687734382
0.8307699109312686,0.5597024593942066
1.0,3.7218382374915335
