alpha,s
1.9941974486272516,0.0
1.9211406482139914,0.0378817408069878
1.1332198768769663,0.11359635305399232
1.0613232550818545,0.32398955912184935
1.0816298362982055,0.7470161125878914
1.0,3.792975622128803
