alpha,s
1.1226070538225925,0.0
1.11248224428005,0.1105510136500706
1.1446219747089523,0.2648053806080194
1.1665345248004693,0.4896730852768556
1.005275713712227,0.8933992208062342
1.0,5.3043218475206615
