alpha,s
1.246674010840931,0.0
1.4338659555767563,0.102554697375303
1.0174105472067199,0.2212330329975909
1.1002069996178194,0.473974416708404
1.3168229382610905,0.9280756034117684
1.0,3.476719948226652
