alpha,s
1.036382925282131,0.0
1.2461410721189263,0.1187646885479542
0.9121435360710984,0.25309470273903384
1.1110087920088856,0.5239067787143987
1.0177349009039893,0.9586206352691092
1.0,4.826991628370492
