alpha,s
0.007258539417037311,0.0
0.08914655172593322,1.7287671232876705
0.07503092098469356,2.267945205479454
0.2738461184283122,3.7643835616438364
0.41673037703066124,5.194520547945203
1.0,9.4986301369863
