alpha,s
0.992592896625244,0.0
0.9434267592912841,0.09908718293672898
1.2910378134445548,0.25672260142388204
1.0469325451115805,0.44809505194934657
0.8862607135184244,0.8996154724104203
1.0,3.935256839186122
