alpha,s
1.9371372811284417,0.0
0.9708621568396364,0.005536518698671887
0.9918205759632432,0.05292061000423366
0.921084789033068,0.17446305087530828
0.9780119320457794,0.5233961060725433
1.0,3.9808959467555662
