alpha,s
0.023994967474083403,0.0
0.14751936017267336,1.985753424657534
0.07398347045035257,2.48767123287671
0.12741583650241944,4.2027397260274
0.8715881846576093,6.2169863013698645
1.0,9.4986301369863
