alpha,s
0.9606746480791856,0.0
0.9602720062437744,0.11520041215494226
1.268174111916246,0.28895837412826786
1.1420933445706432,0.48461816064951696
1.1172117614128563,0.9351234965613884
1.0,4.323152992667108
