alpha,s
0.8257676999335568,0.0
1.4125326202116093,0.04729612552947332
1.204654363706153,0.11876912337288623
1.336063222199361,0.26731551451024665
0.7972712380130779,0.5463358600674492
1.0,2.926709256442202
