alpha,s
3.069798081485353,0.0
1.7713140932639901,0.030835271273028278
1.72507464735442,0.11210530219980745
1.321930369835565,0.24976543687734382
0.8678726882422354,0.5597024593942066
1.0,3.7218382374915335
