alpha,s
1.096286277527029,0.0
1.0477309325797268,0.09491234538636002
0.9487746782950431,0.2355166935665453
1.0100914834512096,0.4774119471221865
0.9156518469159031,0.913700942966242
1.0,5.596169075064273
