alpha,s
1.0057805800600028,0.0
1.143003481187302,0.13074394194677422
0.9980123395585675,0.2868335231867646
1.0785764846119288,0.5527491936674432
0.9404962056929955,1.0029314358053343
1.0,4.890601756570726
