alpha,s
1.0182455997373558,0.0
1.1302923826430584,0.07324867392100463
1.199200683575479,0.19158216678341117
1.0652284872271023,0.38177095851248116
1.319728161606454,0.8227401677727795
1.0,4.321685871330157
