alpha,s
0.7595451753007992,0.0
0.9060113774475971,0.08756065270877425
0.861773831613315,0.2194019660418971
0.9815112312583414,0.44582534051403205
1.1524921138051356,0.8709572322177
1.0,2.986527507909323
