alpha,s
0.10134288546313452,0.0
0.23846713792414712,1.9709589041095859
0.4034073635262424,3.28767123287671
0.2655998571134568,4.2027397260274
1.177338163485574,6.144657534246575
1.0,8.22739726027397
