alpha,s
1.9864494527919507,0.0
1.4667245992531144,0.09838486418650118
1.3583940097064369,0.26746572279780123
1.5433861429894284,0.5207609899862854
1.0350671107251774,0.9007748376930306
1.0,4.469755756875091
