alpha,s
1.3012903937714762,0.0
1.3513442408090854,0.09982503830980412
1.1147685149749462,0.22807939178141434
0.991767383188809,0.46431660643671263
1.3104054546917527,0.9495714029495199
1.0,3.8659266001694745
