alpha,s
27.365954870515967,0.0
4.788130562662273,0.005581424562466482
2.5565550441978244,0.047318427566286944
1.9012212955054455,0.16328716508459246
1.382913154271431,0.4518919056491037
1.0,3.915907018967277
