alpha,s
4.6794302623041295,0.0
2.142880401754048,0.044166100501257105
1.806854665698858,0.16459822988405182
1.448431012815879,0.35574200193292144
1.0599400671588377,0.785490952381506
1.0,5.13455402999264
