alpha,s
1.1389024136226178,0.0
1.5660783799293758,0.10800445723900665
0.9879371152694215,0.21452060500766895
0.9579982870443415,0.4802159144253429
0.9095319587376495,0.9455399198336085
1.0,4.272604196972914
