alpha,s
2.5297913932985816,0.0
1.0795485511218255,0.0039880547990262
1.0185067653590492,0.046104615204683
1.0149511762312657,0.15899331968390354
0.888451145808664,0.4510338312718498
1.0,3.73448730830951
