alpha,s
0.9698534836825832,0.0
1.140374189298847,0.1356163403434788
1.100168414759491,0.2938378260326893
1.4274507550904516,0.5373078588407789
1.500594082761967,0.8772446886003983
1.0,3.3075368830306613
