alpha,s
1.1023810423150038,0.0
0.9153241064522262,0.10161807351631034
1.0606920420068122,0.27415079925827746
1.0858234994775302,0.5042450056617389
1.2045110050347847,0.9309143498838404
1.0,4.032501470263146
