alpha,s
1.3981166977837596,0.0
1.1092568004236119,0.055000302530562
0.8786238397447297,0.17929680720554927
0.8831416999819477,0.4579853492261379
1.4177438160086082,0.9678789720526633
1.0,3.5496932208328644
