alpha,s
2.3722809081856546,0.0
1.2071895860887043,0.02394245128332292
1.0593007222896176,0.12299052373305201
0.8787461104530339,0.3122029888277015
1.0491205834243162,0.765711365046892
1.0,2.67016696223194
