alpha,s
0.5292755454010248,0.0
0.565623134106564,0.0906324628291549
0.8393557920021345,0.2547949158646525
0.7994369390338426,0.4563038433780112
0.8505180106435984,0.9227599005529699
1.0,5.583390420342542
