alpha,s
0.32196335816821653,0.0
0.5035052571306949,0.1130628143122296
0.5560673774459005,0.2728455192206029
1.0306586709885437,0.5732218149621955
1.3008583346677094,0.9501126951843354
1.0,3.164880413279162
