alpha,s
0.6533851675418466,0.0
1.542914481537729,0.07921702636151384
1.08029233069378,0.15193655393449035
0.6810526264691645,0.32506858216712864
0.8740450037439945,0.8819370304089105
1.0,4.173639465253476
