alpha,s
1.16832537425419,0.0
1.315939670138552,0.10901876980332989
1.3825771057528573,0.23795191168546206
1.265857857600929,0.42465471722484993
1.4640482554747274,0.8118750146898946
1.0,2.756538471672336
