alpha,s
1.1932253876111187,0.0
1.1937726477465807,0.10988086346170425
1.0127987503654547,0.25701571187931327
1.0359699664462556,0.5158250098628938
0.9838634574180405,0.9745370213341138
1.0,3.758618934567417
