alpha,s
0.015378721326596413,0.0
0.16876561148755598,1.9709589041095859
0.031223974230964072,2.29315068493151
0.08806961001285205,4.3769863013698656
0.5744657559730922,6.97534246575342
1.0,9.4986301369863
