alpha,s
0.31020685735630593,0.0
0.530291919012457,0.13201380930480935
0.7221695490971315,0.2956008874881754
0.9539867786641534,0.5340952164192767
1.0296426254259645,0.9102530924089373
1.0,4.123846064166905
