alpha,s
0.2742945477821283,0.0
0.5312540299913329,0.1309422065485658
0.788607442822836,0.2911018646140385
0.8522939517262806,0.5098756486574495
1.151154618972473,0.9781655436259852
1.0,4.420430769481478
