alpha,s
0.7689612145080378,0.0
1.6368974238940364,0.07220835722752034
0.7933111368520512,0.1439130515232892
1.0157658558253062,0.40130094036028374
1.8409645964220025,0.8093997481717227
1.0,2.390979140185677
