alpha,s
1.1445721835032892,0.0
0.9219213802018341,0.1095632299729261
0.9330136716385842,0.29386006192123443
1.0770592582288538,0.5797295435173871
1.3517711412052333,1.0703194147482933
1.0,4.162408884408693
