alpha,s
1.086053327671918,0.0
1.4834615227325065,0.1033156012333506
1.1447364282555739,0.2104452461109882
0.6647675523528839,0.4163939542016151
1.3391511031751073,1.1618267531655662
1.0,3.6468621523839495
