alpha,s
0.7652646142498216,0.0
0.9465960320378293,0.21761985093157932
0.7876109343434774,0.44166959523014404
0.8457266443456758,0.8128701978248026
0.5991128703460611,1.3762825101037415
1.0,5.102875352253002
