alpha,s
1.1564735081357242,0.0
1.2137934852379222,0.0769768479906563
1.3105216591528728,0.1859775340685648
1.163841276979231,0.35197766250324347
1.0099470973034266,0.7116666358032978
1.0,5.093141554079047
