alpha,s
0.8316146516442332,0.0
0.8512520092109004,0.1447541127843073
1.1959739017279358,0.3348429294196269
1.2105087485630066,0.5346136406976956
0.9011499363965383,0.9443194635430626
1.0,3.898382482731592
