alpha,s
0.023220920298391165,0.0
0.024748116321298544,1.4246575342465762
0.052570146185125746,3.172602739726024
0.10189408657493983,5.0958904109589
0.2972603539327177,6.769863013698633
1.0,9.4986301369863
