alpha,s
35.402636917731385,0.0
5.251400976644333,0.003947501773509021
2.5920019492950646,0.040165122957839215
2.0538790458712297,0.14908882825110883
1.1497066708177213,0.40086514257771927
1.0,3.662900955199559
