alpha,s
1.3392775187160146,0.0
1.2039266672938516,0.0946173775611927
1.2402638134356938,0.2379054232149743
1.1237288557390064,0.45159148771515323
1.202991266301752,0.8810372719061141
1.0,4.954296749221991
