alpha,s
1.1037234707828245,0.0
1.068331069484781,0.11076296895092343
0.9143569501194758,0.2697441332501306
1.2930040220397208,0.5474594340676823
1.165596792909376,0.9234589100260778
1.0,3.8214000642148753
