alpha,s
1.1384150589687736,0.0
1.202326533139789,0.1064687067637154
0.9404872668334419,0.2434672175373183
0.7865209567690398,0.4904697792541928
1.1853077571519548,1.0298788258800604
1.0,3.852519459209949
