alpha,s
0.5363543749235198,0.0
0.4916698827144191,0.11450945752214858
0.47989292527552607,0.3116650857682234
0.8457638315008742,0.6805122425553023
0.8988770993177814,1.1160845648512299
1.0,3.9230082503756
