alpha,s
0.5560883079642761,0.0
0.8570587397373974,0.1191557591192567
0.766201139601533,0.2423620997996729
0.8570743288627961,0.47861386986014354
1.219470819642022,0.93018466651151
1.0,3.63829551402941
