alpha,s
2.19500614639296,0.0
1.5547378339148303,0.0906324628291549
1.7055581380039695,0.2547949158646525
1.236889682812979,0.4563038433780112
1.0128438803275226,0.9227599005529699
1.0,5.583390420342542
