alpha,s
24.518893386764848,0.0
3.6657488433767007,0.0038613262580333
2.0142895537196432,0.0438445714588119
1.2839554787972787,0.1626875981998143
1.3726856424513618,0.5383862656651439
1.0,3.622526689441398
