alpha,s
1.257398473181483,0.0
1.1765293076114374,0.04212974949310029
1.3664603784912905,0.11993461831067273
1.3718764691729108,0.24818567525355179
1.2100298224105746,0.5349642519470689
1.0,4.458289905819606
