alpha,s
0.1178382380600946,0.0
0.17254585501123398,1.0997260273972562
0.17667307298952098,2.36438356164384
0.19638005695365107,3.2547945205479425
1.119134456610823,5.8252054794520625
1.0,7.16986301369863
