alpha,s
2.47843166938183,0.0
1.7869444726606694,0.047844544810927724
1.1437109423575396,0.14106499225056693
0.8001929683268787,0.36430985063256405
0.9635198712580634,0.9608000473518108
1.0,3.9738524273670057
