alpha,s
4.760989927564386,0.0
2.478950850571694,0.04384010344838954
1.5751673716799244,0.14583535970200345
1.5726138711106872,0.37488188628075747
1.1561651869946614,0.7767840710959858
1.0,2.819874755923508
