alpha,s
1.0998875291207002,0.0
1.1116878007588942,0.17284050369220091
1.0213659991748372,0.3900515522712448
0.9479501901844856,0.729679899048514
1.3187869594159058,1.353221725882986
1.0,4.5460708034377415
