alpha,s
1.5934752607083744,0.0
1.1911533206483467,0.005302959640425801
0.8109552008790523,0.0422032614586625
0.9078806685059375,0.18551151703328134
0.617941591519797,0.4794424289289966
1.0,4.238623495442612
