alpha,s
0.8271147628009363,0.0
0.8386912412629569,0.1118845362003499
0.7868412824461627,0.2779989356592434
0.91743817559584,0.5618822109779784
0.7506374485558139,1.0185549330192905
1.0,4.178229392533717
