alpha,s
1.187131336825272,0.0
0.9269279860554935,0.0471014564290143
0.9224445447376939,0.17290494098478534
1.0246524426526409,0.39971251180426537
0.6439911599886431,0.779301986197046
1.0,4.269303609280385
