alpha,s
1.1520620837562914,0.0
0.9727619876323135,0.04745643955604068
0.9580505663512735,0.14167675862703044
0.8939992095350298,0.3176317323340544
0.9825853235404307,0.7201126567116574
1.0,4.974912951930548
