alpha,s
0.3384819228411813,0.0
0.41087825198638667,0.09992221608544953
0.5848864917306906,0.29243378927026203
0.6214454599886852,0.5513836919761188
0.7115463610617382,1.0055094593188505
1.0,2.829104964099333
