alpha,s
0.7934167917084287,0.0
0.6026896774168844,0.06954783346218078
0.5565803662603366,0.25046258936415877
0.843205532777555,0.5766592706259297
0.8782708117740944,1.050479607484926
1.0,3.612387296694217
