alpha,s
0.8219141236502086,0.0
0.819180535073192,0.09369553764456937
1.2078835407883608,0.2543486102230111
1.3413893546242308,0.45327482839939043
1.345779740158542,0.7934781514677591
1.0,2.5414558192480894
