alpha,s
1.2508609384170557,0.0
1.0047105207056481,0.0898328768992174
0.9435373523649287,0.2523576307381893
1.0953116963699798,0.5219239758456882
0.961755119698007,0.9579573904280932
1.0,5.423304859980286
