alpha,s
0.041837803741579846,0.0
0.17302582374681721,2.140821917808216
0.13880766529681615,3.01095890410959
0.5377925034634855,4.368219178082194
0.23794999278672002,5.15890410958904
1.0,9.4986301369863
