alpha,s
0.9460069938680985,0.0
0.8895357085746478,0.1287871877146657
1.096343792951981,0.31418163751959155
1.0640544009251196,0.5418395849700888
1.178152853841088,0.9845039221386224
1.0,5.1078794635893
