alpha,s
1.1159434471109198,0.0
1.1228255306429606,0.07424828793059388
1.1211700697013378,0.18549326394299745
1.0949682724989884,0.36673122936551555
0.9422862211511954,0.7276822132158943
1.0,5.223953797619808
