alpha,s
1.0116539814041106,0.0
0.8925163444101991,0.03804911033684042
1.2652221963260692,0.11200178103699227
1.026968423887281,0.2216632414017929
1.0513268054203375,0.5718952580605902
1.0,4.587923585658746
