alpha,s
1.2952486615027377,0.0
1.2296268381323059,0.047844544810927724
0.889323521203731,0.14106499225056693
0.6633641235640028,0.36430985063256405
0.8125129492303423,0.9608000473518108
1.0,3.9738524273670057
