alpha,s
5.182908577288607,0.0
2.030231151936,0.04155650036127034
1.8032600671937586,0.16739890733432186
1.3711855473862031,0.3637477777711053
1.268245507102399,0.7866459647554451
1.0,3.5859469951970206
