alpha,s
1.0091483059259865,0.0
1.0345690978665534,0.11636753335228986
0.9837151693523335,0.2726457907549443
1.0975982902562302,0.5202366564152142
0.8681592928867599,0.9364997223862557
1.0,5.131289131772042
