alpha,s
2.1293306768515903,0.0
1.3541009172234315,0.00488776096585214
0.9968634186627181,0.04192263144688069
0.8120458579968329,0.16161154403987607
1.0566042725380331,0.5524146683800828
1.0,2.583544840739561
