alpha,s
25.23989481846134,0.0
6.517885589938587,0.00872900040271686
3.087194650314837,0.050165406423101744
2.029578175240241,0.16845406880559785
1.598360286544019,0.47701285594152154
1.0,3.228476436137834
