alpha,s
0.8700252156701904,0.0
1.366875090741326,0.0742343734544134
1.2412853921005937,0.16345613874184042
0.8057358015063218,0.324958809695768
1.4400328432719658,0.8601667248894708
1.0,4.619012459344959
