alpha,s
0.6160033755450548,0.0
0.6381626757404248,0.09550229823678383
0.6758253811405806,0.24021710275802813
0.9099431593207289,0.48904399285132844
0.8931977179782863,0.8925011440438594
1.0,4.262421936248389
