alpha,s
0.6192612251199382,0.0
0.6515101893639229,0.1077586734152175
1.033399078811338,0.2630219434272671
0.8219456345019998,0.4297298866029172
0.7936455918898644,0.8844158810588844
1.0,3.393353898135388
