alpha,s
0.3926557708357342,0.0
0.5312319164417568,0.12665591861123668
0.7423453646911721,0.3269033224683105
0.8095800263177929,0.5610575001164196
0.7952603560716482,0.9973266081508004
1.0,3.5661317317468444
