alpha,s
3.549583115684526,0.0
1.7435299455432642,0.05926401946674486
1.5700593379710193,0.20710498553963155
1.468724647030726,0.45288383255232845
1.5508519269254615,0.8661541968280049
1.0,3.673031050273887
