alpha,s
1.172078808703262,0.0
1.2894785694616508,0.054961134556826434
1.27430701460706,0.13799199292937694
1.0956528590542451,0.2826761839793884
1.021415081639494,0.6429681257991239
1.0,3.702643873924909
