alpha,s
5.3281946913763365,0.0
2.0461980546099725,0.0336734260874784
1.7563067631507578,0.1447664888669593
1.5968630944335749,0.32867282555432453
1.3830987034687972,0.6984720104773955
1.0,3.804232756541087
