alpha,s
1.3594039235960855,0.0
1.2054229397790241,0.0405037321457607
1.1163804226662055,0.1321796432633614
0.9454145119774339,0.30698746270879523
0.8076513189714517,0.703039214909718
1.0,3.48260418514528
