alpha,s
0.02036217136564757,0.0
0.10210071243256001,2.2361643835616443
0.090538057108144,3.20547945205479
0.22792749700601703,4.385753424657538
1.0199068790653898,6.14794520547945
1.0,8.03561643835616
