alpha,s
0.10977945601357472,0.0
0.3770977543275059,1.6301369863013706
0.15505615182861132,2.242739726027398
0.38208540012087444,4.1627397260274
1.0107234726581693,5.94520547945205
1.0,9.4986301369863
