alpha,s
0.1479093516094555,0.0
0.14914213065147006,1.3041095890411
0.3180028524354146,3.04109589041096
0.46829419784574294,4.123287671232881
0.5899392138479569,5.85479452054795
1.0,9.4986301369863
