alpha,s
5.009298520935414,0.0
2.2023347419281127,0.03617075989533765
2.179567655466863,0.13941192424804974
1.5718300865239196,0.29169551973560687
1.6280739446342232,0.6561812579368016
1.0,2.3115130505410466
