alpha,s
0.695095848407134,0.0
1.0518996798483788,0.15286643501469319
1.2988140993575994,0.2964268445934904
1.0470177456224006,0.4709973463724146
1.3297272616442048,0.8889542528259955
1.0,3.538885516996788
