alpha,s
15.61416824972341,0.0
4.4316836881997,0.00917663095262748
2.1948455188754044,0.05281108168824809
1.2927917718210056,0.185152671469717
1.3855489398815566,0.6118190031021968
1.0,2.638628488274411
