alpha,s
0.9894661868593083,0.0
0.9426247053708466,0.12553178304279394
0.9806707202483689,0.3044502669259258
0.9543266464208456,0.5608458050956115
0.9158588882969663,1.0273775367154303
1.0,4.6493151289345365
