alpha,s
1.1964780858679642,0.0
0.9713298543932702,0.11214461958176732
1.0410773355842506,0.29806776640715715
1.227040724524018,0.5518549829595757
1.1206117246352472,0.9508739102082644
1.0,4.419580176973585
