alpha,s
0.010881367370340466,0.0
0.09613113685407672,1.82739726027397
0.10026577578292113,2.48767123287671
0.4630891512698237,3.5917808219178102
0.33344726674275676,4.39452054794521
1.0,8.16438356164384
