alpha,s
3.633462360813838,0.0
1.7041395105182395,0.0471014564290143
1.378411020690101,0.17290494098478534
1.3757453290130621,0.39971251180426537
0.8181368115685896,0.779301986197046
1.0,4.269303609280385
