alpha,s
1.6960224952062612,0.0
1.1010724823621678,0.04376298008009898
1.0627277210797266,0.16248720082071855
1.1938830884843226,0.37247760713778577
1.4161396657596603,0.7522992187812289
1.0,4.174713302675261
