alpha,s
0.9643242902786399,0.0
1.0354324512623063,0.13703394210555042
1.0443488056034715,0.3109501180109867
0.9599054652881227,0.5663689116901397
1.216621366538135,1.0637847697268588
1.0,3.9300676214078334
