alpha,s
0.7522533775537641,0.0
0.9329481272288908,0.0772789926520116
0.7251714594677817,0.1915247108687911
0.7787399160352384,0.44783404291787554
1.238328264516717,0.9913723492157228
1.0,2.5885769447338065
