alpha,s
47.48020475251539,0.0
7.964860138633185,0.0046864702546435
3.055596080717358,0.0387514233802279
1.881965989991127,0.16212633547685731
1.3579382094785242,0.4945150452114129
1.0,2.8502890968368675
