alpha,s
2.182830588667195,0.0
1.7152545870912725,0.09315383810415535
1.594138818698559,0.24250672805865997
1.5385833125100146,0.47007906675180355
1.3008098241399861,0.8769991363651186
1.0,4.381500630545231
