alpha,s
1.5673410591300043,0.0
1.0654649808522738,0.0049051222242887
0.956557270965109,0.0502446572306213
0.8574202923393252,0.1738813718147359
0.8256704777953376,0.5283301253579937
1.0,3.439023485979736
