alpha,s
35.40737076206019,0.0
5.044941127226433,0.004067179406949581
2.608566587450498,0.04162532834790053
1.2912120361820612,0.15095099134372236
1.237348824719864,0.5519552674244494
1.0,3.7731463706284063
