alpha,s
1.0146585235938286,0.0
1.0009959989518509,0.1250396195102413
0.9915340281735864,0.2997973803424269
1.214322249843725,0.5616742306667928
1.240048235480767,0.9798976778457764
1.0,3.534366545370735
