alpha,s
0.3355259751113885,0.0
1.0989764140690743,0.1139971631780048
0.6857473235453961,0.2073006415362275
0.9648576057133436,0.4797411961291243
1.3445389440128714,0.9224038831184171
1.0,3.1426141343125384
