alpha,s
0.9722909654736145,0.0
1.1602920402814734,0.12807129229829015
1.036076091287008,0.26835584334235524
0.9533216908342029,0.5022783673060481
1.1238550504684277,1.0123075911348989
1.0,3.031303023717491
