alpha,s
1.114128379300155,0.0
0.9731057838589368,0.12487395232768957
1.2187544938694284,0.3204080719405544
1.091275007883394,0.5504933669156575
1.562050870478185,1.0081773099550932
1.0,3.2272984015104247
