alpha,s
0.005024076942189662,0.0
0.03871340814890678,2.140821917808216
0.05365418938520549,3.0969863013698617
0.061702067291295466,4.281643835616439
0.18937158956261302,6.277260273972606
1.0,9.4986301369863
