alpha,s
1.093557262334222,0.0
1.11949256313912,0.10653280032331565
0.9743893629148763,0.25086894677919097
1.0154310827136364,0.5020037141516023
1.0318849156140808,0.9474911303020245
1.0,5.31235883034434
