alpha,s
1.1305420522758256,0.0
1.0081455250887643,0.11441785937851874
0.9375009465641215,0.2918562758209142
1.3004381068839475,0.5736911036825274
1.170797360861532,0.9587423078093489
1.0,3.682483822245271
