alpha,s
2.6154217094191767,0.0
0.8092361686196816,0.005174903849622062
0.834012766763981,0.06678889989062863
0.8909074219693035,0.20826110093605615
1.124337234593307,0.553020897890791
1.0,2.1920408989687608
