alpha,s
0.1477941976847257,0.0
0.5646129820623135,1.82739726027397
0.24335589014943412,2.23013698630137
0.7673860678506741,3.804383561643841
0.36444842021567225,4.6635616438356156
1.0,9.4986301369863
