alpha,s
44.00853714704672,0.0
3.7666639797902985,0.00324249035538028
2.1854891895146187,0.05416668919700881
1.3779869174579142,0.18266585820090264
1.469569292941694,0.5769800952934461
1.0,3.428030802287344
