alpha,s
0.011659490650463981,0.0
0.04233518393493373,2.288767123287674
0.05537048278590501,3.3895890410958893
0.169139136318882,4.915068493150685
0.8856158721585946,6.73972602739726
1.0,8.16438356164384
