alpha,s
0.11392454845087029,0.0
0.11306777460427271,1.316164383561648
0.23960550533259414,2.9304109589041105
0.3243335178611503,4.208219178082195
2.492796072692329,6.13150684931507
1.0,7.07397260273973
