alpha,s
0.01546848004836798,0.0
0.031053281413166812,2.00712328767123
0.12556694408917118,3.82739726027397
0.1239187144536579,4.407671232876712
1.472610169542551,6.10739726027397
1.0,8.03561643835616
