alpha,s
0.3026071561336872,0.0
0.49996086044018273,0.1102896570415637
0.6350995150368957,0.2627232613222821
0.821150332568256,0.5061271229883896
0.8227682109654129,0.9213716643447812
1.0,4.190145343609309
