alpha,s
0.20734741442643406,0.0
0.4284992047542877,0.11534571149180395
0.6513358136587681,0.26328007128399805
0.8876630330213864,0.47648884354789
0.9795489970817942,0.8473283577566156
1.0,3.1446629402066177
