alpha,s
0.017865473424223295,0.0
0.06424108906744475,2.29315068493151
0.13510525419980354,3.28767123287671
0.1405529162361054,4.19178082191781
1.7671790095475128,6.26301369863014
1.0,8.17808219178082
