alpha,s
1.7203991529679339,0.0
1.3214820556256242,0.041306403816781925
0.8852208421030284,0.13814797939044707
1.0032832516769665,0.38883666119666455
1.143889030424915,0.8116080326486997
1.0,3.92590519059991
