alpha,s
0.036713632970602525,0.0
0.15901284004814645,2.2361643835616443
0.12177448270671247,3.20547945205479
0.2616591354549006,4.385753424657538
0.9025476647140639,6.14794520547945
1.0,8.03561643835616
