alpha,s
0.2607516539913904,0.0
0.46011170148294267,0.1407338578008478
0.4763773130812129,0.26674611882432653
0.5627778396243984,0.5213601064232577
0.7983426678134812,1.0554516998686896
1.0,4.219805429905797
