alpha,s
0.6011006341479059,0.0
0.7540541056238012,0.11200379752896064
0.7189747501333222,0.24777051239268852
0.8785703854085072,0.49240377757315335
1.0081039522232207,0.8921689922563675
1.0,4.642399142313996
