alpha,s
0.5794122982224527,0.0
0.652022111038896,0.1141744648371763
0.7745990898493658,0.2979684224949993
0.9001468925659791,0.562529292226481
0.8733733677901415,1.0268594072284762
1.0,4.5213526679629865
