alpha,s
1.2910796363870498,0.0
1.2176435802599073,0.11379096553038798
1.0004007523479543,0.28427471074598815
0.9908811966929503,0.5512737471833747
0.8481203934106409,1.0420389549816444
1.0,4.446909547940397
