alpha,s
0.5458696565341099,0.0
0.4754702595496454,0.09842536561145848
0.8713540390744098,0.2953499234629192
1.1216448848746265,0.49385804662928884
1.0420408551308196,0.8347416023439186
1.0,3.2358244888006147
