alpha,s
0.5841767712466653,0.0
0.7092515207509206,0.09982503830980412
0.6973887741080149,0.22807939178141434
0.728206612133109,0.46431660643671263
1.1060245893756562,0.9495714029495199
1.0,3.8659266001694745
