alpha,s
2.629940665107321,0.0
1.1768759648988434,0.0033834255630005054
0.9024729242828528,0.037668260368824306
1.026744785596116,0.158305801412
1.0521266037730868,0.43825114924656317
1.0,4.361446557452869
