alpha,s
1.7342390366545424,0.0
1.6835625530589708,0.03351659035163022
1.0277213319016623,0.10242506634735159
1.1665126966780086,0.31799343292311444
0.918884330379133,0.6792108914064486
1.0,3.4426995844969346
