alpha,s
2.5816942156954714,0.0
1.8093050015049144,0.044020487998413425
1.5018382677443598,0.140828309192449
2.051273824430252,0.32392709762103267
1.4162639766639962,0.5855862828324836
1.0,2.70175970378786
