alpha,s
3.3647758034948634,0.0
1.5915356151315774,0.04070017526774482
1.0452562486804047,0.154320019207761
1.3619859163313033,0.41496948803034883
0.8184334892276163,0.78601098178634
1.0,4.380928959356072
