alpha,s
0.7572540496344244,0.0
0.935052375767522,0.08753352943511745
0.9541042427388137,0.2177937680239835
0.9298989643715273,0.4547693945253522
1.1988581528690727,0.9096559400363703
1.0,2.7426279386408488
