alpha,s
0.3451563771280828,0.0
0.5419311626849643,0.09350394689651112
0.7579585834507386,0.23506906447026754
0.745558302547969,0.4427203358762032
1.01956717100451,0.9453882126691667
1.0,5.206238475187355
