alpha,s
0.473444032481314,0.0
1.0051312637549934,0.12436774753444847
0.8493339327338212,0.24490590630313525
1.0401410984216104,0.4975210682845672
0.9358521073134555,0.9132002987656792
1.0,3.0061147685052725
