alpha,s
42.9383956986552,0.0
5.519883164133046,0.0050787709652021
2.7965571445194826,0.0534105676467337
1.8104089616848353,0.18570281784397424
1.1572905293479843,0.5267108676301676
1.0,3.315294070892421
