alpha,s
3.3881399948657345,0.0
1.6137639671073214,0.0471014564290143
1.3237904215273477,0.17290494098478534
1.337011216532731,0.39971251180426537
0.8059443312240923,0.779301986197046
1.0,4.269303609280385
