alpha,s
0.35482727117309215,0.0
0.4425476865628421,0.1440430798555024
0.9083077666899871,0.38667512650084135
0.6898422968242927,0.5830829723834366
0.9959689404307598,1.162805702234743
1.0,3.413590557630619
