alpha,s
0.8356024887608637,0.0
0.9004562276706861,0.07839843982047497
0.9798124977678465,0.21042091408473967
1.1374589364661833,0.4273674889724526
1.515627734121289,0.7941908894191583
1.0,3.296227392535743
