alpha,s
1.3701100176586503,0.0
0.885179740258176,0.03331805916722858
0.7619060184191693,0.127084853582978
0.6663453615185854,0.344980506907219
0.8607065915873499,0.9207069979622321
1.0,4.555265136964164
