alpha,s
0.01691586370499563,0.0
0.10247009870274927,1.95342465753425
0.08027701740351849,2.383561643835618
0.11304801300535984,3.727123287671236
0.4266052402188929,6.33424657534247
1.0,9.4986301369863
