alpha,s
0.8024655119703402,0.0
0.8971810909633545,0.11673336020882315
0.7928402308779124,0.2758396338340081
0.7079231392494743,0.568023107712814
1.2295932802277496,1.20874616524952
1.0,3.2655833296616565
