alpha,s
1.0562539892999008,0.0
1.3358072268832606,0.10447135419130764
1.0271594720399853,0.21900437566671033
0.9821900003611964,0.4473167954724791
0.7579636057476012,0.902632070797877
1.0,4.838054692147105
