alpha,s
0.9493535441862164,0.0
0.9111283324495283,0.1146086499585228
1.0909060670858384,0.28060174223375195
1.1992660764733876,0.5039777603320964
0.9993262497795081,0.8727408007198347
1.0,3.563460707810003
