alpha,s
0.7812950223329513,0.0
0.9758752050167511,0.12795698304085
1.0793621436332421,0.2836716174354108
0.7742629681131125,0.5045719908413466
0.8589720655772635,1.0661859342790436
1.0,5.685492591988885
