alpha,s
0.885746423047681,0.0
1.3015789677764353,0.05128472491954502
1.359829779366011,0.11599203670331894
1.335133846803792,0.23946658839357157
0.9153864335087699,0.49544503513088456
1.0,4.267167239959062
