alpha,s
6.157086387568009,0.0
2.3376815214742246,0.029370845325227
2.290123527505429,0.12849181946852517
1.487893431655049,0.26574113869554356
1.217209429623279,0.6519053853662927
1.0,2.3095758583311574
