alpha,s
4.939550156883925,0.0
2.110690180254379,0.0364128446532506
2.2428131350768563,0.143893782527181
0.9736772143984836,0.283584107466607
1.0510557427961122,0.8433129188037979
1.0,3.943608578259452
