alpha,s
0.007389011015327245,0.0
0.0484413912401178,2.031232876712326
0.22210711797400867,3.59178082191781
0.25780216401784173,4.3227397260274
1.0681619981831918,5.94520547945205
1.0,8.17808219178082
