alpha,s
2.525110162870395,0.0
1.2584271614592066,0.0034518809160966
0.9638847474940889,0.038674443079637
0.9135078641780511,0.15320480047865598
0.8356051937433931,0.4779028361593567
1.0,5.122983962125218
