alpha,s
1.0849583640421714,0.0
0.9706420727751532,0.11945109184563837
1.0589591273696928,0.3009747285518235
1.2026598447485806,0.5475458726409779
1.201884547771376,0.9471734262729232
1.0,3.7040784089630177
