alpha,s
0.00992052756421254,0.0
0.23378014739494588,2.23013698630137
0.06796843026613147,2.48767123287671
0.25520135356800844,4.35068493150685
0.6028601986848732,5.85479452054795
1.0,8.22739726027397
