alpha,s
4.9824342483631385,0.0
1.9549687606242314,0.033858607218133926
1.4237002037853752,0.14519200172812177
1.4728242686119506,0.3798609112686983
1.0454053774624206,0.7537789992033272
1.0,4.93930845412709
