alpha,s
2.3853751356658957,0.0
0.9703692024512481,0.006732066881526762
1.0204139668594416,0.06870946234628814
0.9672402332062651,0.2135546740931183
1.3544669458830811,0.558488497367668
1.0,2.95294105948481
