alpha,s
0.33274680882314406,0.0
0.5859855368239175,0.09656574581274832
0.823489578041092,0.23139717302216142
1.073435449039421,0.4431016803054118
1.1934874077600057,0.8269997768718025
1.0,3.5463475742664903
