alpha,s
0.0576964791896395,0.0
0.5389498200954183,2.23013698630137
0.12203512427883541,2.48767123287671
0.295191840853284,4.35068493150685
0.5924787894016907,5.85479452054795
1.0,8.22739726027397
