alpha,s
4.2659380923051655,0.0
2.2261593317796495,0.040635776475474006
2.3022548185018596,0.1420615743918099
1.2332485869944454,0.28240433132285214
1.7314755052172726,0.7268970770445313
1.0,1.9721595542862624
