alpha,s
7.783483993562256,0.0
1.9680905461416178,0.005429949716924741
1.479729692293795,0.05278784767188438
1.3846022892755634,0.1753124635627123
1.1650221745886045,0.48001921018051247
1.0,3.8357875633355536
