alpha,s
38.31512597543805,0.0
4.606208572370183,0.0031987504854487027
2.568327201652428,0.04052805471758668
1.824001409008389,0.14315662477659996
0.9591953715166689,0.40927405617938645
1.0,4.726369597317989
