alpha,s
2.9652842916162974,0.0
1.3013728103155744,0.004239426183925523
1.4029831889668098,0.04414365992833336
1.110879461586783,0.13481833337541968
1.1527018753264977,0.44775192222950855
1.0,2.741696831269003
