alpha,s
0.9920295222174624,0.0
0.707897637904758,0.0955542630895431
1.4814716339201397,0.2888712160001539
0.5835993164652072,0.4279273423547968
0.6146271830444571,1.0849693457968184
1.0,4.132368273155667
