alpha,s
8.465741124052828,0.0
2.6396073952153247,0.0049731939830436
1.8584561743453938,0.0404823148502362
1.4904881683996878,0.144282734729476
1.470771772207557,0.4428175428469486
1.0,2.77628289152706
