alpha,s
1.1043474795609065,0.0
1.1349537554850535,0.1159007535192377
1.244035648297765,0.2687775937423608
1.1350067529069219,0.4734068702079027
1.002054526094424,0.8842793002568912
1.0,5.145283434041571
