alpha,s
1.0783087190984524,0.0
0.9807946999568522,0.090468149546695
0.8613236450219042,0.2452184868692415
1.2087739972071145,0.5165671945770799
0.8378187275827867,0.9136354329417147
1.0,3.5044584775337544
