alpha,s
1.3666006054373436,0.0
1.0180911208140357,0.054303371087120855
1.0918484502566845,0.18746946603119305
0.9343019401823075,0.3872930097845031
1.072949014456779,0.8805209241074503
1.0,2.935187104324536
