alpha,s
0.8821740353772758,0.0
1.239950478015445,0.13057533743830607
1.1699381257734127,0.2575041974348618
0.9542444667772751,0.464566142799497
1.030677979963263,0.9471651582867262
1.0,3.992785544729096
