alpha,s
0.9265471144028831,0.0
0.83310110780638,0.11185955008914021
0.9352891516005714,0.28604546753587756
1.0050098064015087,0.5225792996370355
1.3686881764494236,0.9843694258957737
1.0,2.802186961650817
