alpha,s
2.2534935009276174,0.0
1.207907929524747,0.0471014564290143
1.0821711616960348,0.17290494098478534
1.1510109573976246,0.39971251180426537
0.7210891954870066,0.779301986197046
1.0,4.269303609280385
