alpha,s
0.8627803284965563,0.0
0.98882403360188,0.09027019247305959
1.2663450392812265,0.22275253046833438
0.9033947917239722,0.39443791376060605
0.9048262421951148,0.8764220654659074
1.0,3.959174022250854
