alpha,s
1.581886350538381,0.0
1.6494551162178739,0.006921182937258202
1.1045347547126847,0.0364020145593174
1.1190830487189896,0.14986002613572566
1.3899176843541639,0.47420111733306297
1.0,3.347942241855292
