alpha,s
10.506113498578145,0.0
2.1665511241401645,0.00390490533411038
1.6066580586897512,0.041072689822409865
1.1715116808688482,0.14032880520385116
0.999789088032493,0.4549960066713841
1.0,4.2971045153920695
