alpha,s
1.0522179564434662,0.0
1.0698102860530099,0.12742144331067817
1.075792797038437,0.2972142030192345
1.0479538367219419,0.5471204672045121
1.1069460636962898,1.0205721041864995
1.0,4.807146235334842
