alpha,s
0.9522487419521529,0.0
1.1073269183352024,0.13815557361379782
1.0096278904845457,0.29646639715004364
0.9324063803079669,0.5532528228095688
0.8949201061951255,1.050544931546529
1.0,4.853715041156046
