alpha,s
1.3170617282033246,0.0
1.6561778720201812,0.06706361748181595
1.0683122007892454,0.1438402528715587
1.38487344193138,0.33634100475884104
0.7084574939166924,0.6294408361182028
1.0,4.917235076172923
