alpha,s
0.0001950893798453332,0.0
0.013156800324197334,2.012602739726026
0.09202288576914895,3.06849315068493
0.09431301959546937,3.730958904109592
0.5912068002402908,6.435068493150685
1.0,9.4986301369863
