alpha,s
0.8469378975587789,0.0
0.8293719692827342,0.12296472720983014
1.0411040407892835,0.2929494684972972
0.8741729228696448,0.504623302164541
0.9672706416507029,0.965620482173201
1.0,4.340864189535941
