alpha,s
30.51760560173638,0.0
3.9575829834625424,0.004862085092967281
2.754832501591948,0.054752046201205704
1.9658545131615506,0.1622339720471716
1.5242603943741249,0.4364391991948397
1.0,4.316497163574767
