alpha,s
1.1287301467694266,0.0
1.1269292059255505,0.11094930722766742
1.1311112077202639,0.2644127450324497
1.0387072679142262,0.503246345121794
1.126588921632839,0.9940499174908546
1.0,3.907601464720064
