alpha,s
0.7738626330754501,0.0
1.0544617154315068,0.14814671198850815
1.3386961735884382,0.3021487506560018
0.8507548258662312,0.48006717449994935
1.08914739958957,1.0022033788169795
1.0,3.6577304623375873
