alpha,s
3.852736747575309,0.0
2.0990012276392447,0.03075237652202762
1.636428067371916,0.11505204852913162
1.4700223822038694,0.28869797349632215
1.4119977439255478,0.6199263658171418
1.0,2.812609323257347
