alpha,s
4.602151546314104,0.0
2.7244155436074062,0.038297013535808506
1.3613690505916434,0.12259576291462956
1.8572005533896732,0.362850066798445
1.7073314730551863,0.6749804749604333
1.0,3.382350380038776
