alpha,s
0.005957129988268582,0.0
0.008068692553299617,1.154520547945208
0.01361631506695161,2.585753424657536
0.020166639130596273,4.034520547945206
0.051636874680632786,6.320000000000004
1.0,9.4986301369863
