alpha,s
0.7583570048361008,0.0
1.2686614682557282,0.05998414052369707
0.7565244537856904,0.1373198460952466
0.9226666139185921,0.364795654238666
0.5774002125971791,0.7607136115145466
1.0,3.7554482398944367
