alpha,s
0.8401108644832402,0.0
1.1009696943306435,0.0915953340060603
0.7416821729392231,0.2080916292042175
1.265940555897348,0.4945485614543266
0.8522745783393072,0.8386827464972455
1.0,3.967938761162044
