alpha,s
16.38892313985915,0.0
2.8556357683479217,0.0030190315325958014
1.7555796949850881,0.038630992873813184
1.2790091338909595,0.1484129094830251
1.5427892363064868,0.48626410643744394
1.0,3.6440417138839543
