alpha,s
0.05536046206626863,0.0
0.2281681182659933,2.140821917808216
0.16870437505019295,3.01095890410959
0.7338153003881331,4.368219178082194
0.35437170101013465,5.15890410958904
1.0,9.4986301369863
