alpha,s
0.8946525584087268,0.0
1.0169614651975663,0.2100151455253469
1.0568459992974997,0.446057880927297
1.064047595493579,0.7611121912778854
1.1062197150431912,1.2971202982808154
1.0,5.593253071859978
