alpha,s
0.8820279219374505,0.0
1.0946205082990044,0.15624472885198845
1.2711148870629434,0.3287572350254476
1.072961736834423,0.5428547029172999
1.2476596996506386,1.036106075071371
1.0,3.69197745398313
