alpha,s
1.093152307552544,0.0
1.0926784114129056,0.1219499917571801
1.097963762916528,0.2865851436462218
1.280070138430417,0.5337707341989143
1.1153412404845575,0.9210662890427046
1.0,4.024068776392484
