alpha,s
1.3372211679645112,0.0
1.6005869689809844,0.08725510393488493
1.1593690215537868,0.1910555853671121
1.6428447157929453,0.4160444742324085
1.5896876022551782,0.7141851518335814
1.0,2.820875314476392
