alpha,s
4.036524298518289,0.0
1.6676191891754968,0.033858607218133926
1.2722674874183237,0.14519200172812177
1.3603782511751972,0.3798609112686983
0.9861797357191979,0.7537789992033272
1.0,4.93930845412709
