alpha,s
0.04020792505195477,0.0
0.0967124186747672,1.9709589041095859
0.18914454379490578,3.28767123287671
0.14302204486160258,4.2027397260274
0.757425280789798,6.144657534246575
1.0,8.22739726027397
