alpha,s
0.3883758525275756,0.0
0.6821714828440422,0.1493251204589994
0.9195072729393692,0.3124933346155091
1.2875434164323998,0.5197661584908166
0.6135993661738748,0.8061358626967795
1.0,4.185022111669452
