alpha,s
0.3674534881006914,0.0
0.5030614022345538,0.10886538822715681
0.7860987266332956,0.2831303882113496
0.7983195457980252,0.5035423638228833
1.1148964903749232,1.011015084918875
1.0,4.847796467329928
