alpha,s
1.9791703919614179,0.0
1.9620109758042727,0.1038226978938322
1.6186763102838098,0.2373699360952227
1.3992260555818876,0.4629612071734314
1.1603811455973223,0.904999471557828
1.0,4.965872847645898
