alpha,s
0.09636168472838587,0.0
0.8907188014387825,2.031232876712326
0.26840973733592866,2.36438356164384
0.2822367490900055,3.82739726027397
0.9078722015643381,5.936438356164389
1.0,8.16438356164384
