alpha,s
0.9525678845414122,0.0
1.254646767134119,0.08415896157833179
1.1802248870948269,0.18280505739186942
1.0342319798012656,0.3585008132567953
1.1615006300022497,0.7577685505580571
1.0,3.7387377045371504
