alpha,s
0.31165895467095656,0.0
0.6051281160169515,0.1157110288481052
0.602250094267386,0.2762516643077578
0.8240947861665259,0.5782503018184909
0.6990392056173317,1.01832195378867
1.0,4.312255065368016
