alpha,s
3.725987233996316,0.0
2.488511186941176,0.05227653196141945
2.5037652201096368,0.14924903605847142
1.874452909460403,0.2899755663169118
1.7959203911896964,0.6042814040973027
1.0,2.685080961126208
