alpha,s
2.4710445137169113,0.0
1.963669517439709,0.0541214405303695
1.2949065890039149,0.1452549214763537
1.1729537794979683,0.3566989587549391
1.3310156177933936,0.8370302135012683
1.0,2.8712617930621174
