alpha,s
2.694328170760804,0.0
1.5769010582920109,0.051238168312547315
1.2907202040501529,0.171465286206486
1.473245184850476,0.3949879899925493
1.0101515369147787,0.7415850407995228
1.0,4.017651495199365
