alpha,s
0.9560644304843621,0.0
0.9171485864423063,0.1066435695715294
1.0655043940672402,0.2755383939932847
0.9411864376949712,0.5106512825956976
1.108156282124206,1.0324729447867096
1.0,3.567535903212668
