alpha,s
0.4347885851068134,0.0
0.5641676458398497,0.11510431798472205
0.5762275703474783,0.3038776075813801
0.6194480800146296,0.6244339533693286
1.0301487142333605,1.2799612048394085
1.0,3.2315301222958928
