alpha,s
0.06108041447370733,0.0
0.12090183564878744,1.96712328767123
0.0884852075073844,3.10684931506849
0.2879815835128239,5.58904109589041
0.6779058632575243,7.04383561643836
1.0,9.4986301369863
