alpha,s
22.12553924192405,0.0
3.1779946106165156,0.0037744159594159
1.927349328725428,0.0463898930185042
1.0860991753325049,0.16429655273509947
1.1850200002059579,0.5610476153192683
1.0,2.6806190068781315
