alpha,s
0.45989485556580495,0.0
0.6178658484660425,0.090468149546695
0.6462840312139733,0.2452184868692415
1.0331061757443567,0.5165671945770799
0.7859130246624662,0.9136354329417147
1.0,3.5044584775337544
