alpha,s
3.6434319862756497,0.0
1.5457229264627346,0.0277229143108308
1.7096120733573072,0.127149703526711
1.1300868230080439,0.26831262160835473
0.7858290452477562,0.6617200367902412
1.0,3.242898068881197
