alpha,s
0.12488224904604855,0.0
0.449558197463636,1.82739726027397
0.29696528256824667,2.48767123287671
0.865996135228381,3.5917808219178102
0.4617525148164393,4.39452054794521
1.0,8.16438356164384
