alpha,s
1.0595014680943828,0.0
0.9860964248410702,0.1760424207309782
0.9645573365490173,0.421201200993239
1.0455717120575423,0.7701947547949255
1.0756450116862855,1.3212096464675307
1.0,4.926210957454847
