alpha,s
4.864798457241262,0.0
1.9063020699045503,0.0336734260874784
1.6692298647636277,0.1447664888669593
1.5510763785302368,0.32867282555432453
1.3707608924546555,0.6984720104773955
1.0,3.804232756541087
