alpha,s
0.9146355210211142,0.0
0.9804407585133103,0.12847632375863374
0.7745921145872002,0.28981180414268437
1.2133131148404517,0.6115769448205316
1.113185109642289,1.0079186897855805
1.0,4.0489289991718085
