alpha,s
0.9747106293953426,0.0
0.8338303913963581,0.10799172833164077
0.850340228618981,0.2803416520828712
0.9814026284992968,0.5512693592871737
0.9697424021552528,0.996568764003993
1.0,4.316714595483662
