alpha,s
0.6541518664039094,0.0
0.7627428178057972,0.09659645031611143
0.695588146891716,0.24311927380731488
1.2065488112055474,0.5217005294853521
0.8938343891662558,0.8598596041951517
1.0,4.219605357324535
