alpha,s
0.7035418854923944,0.0
0.8652379797008822,0.08689775272235205
0.7353846776661562,0.22666057304578469
0.7216392620506131,0.4712846363130786
0.7054528970480383,1.0264997969759788
1.0,4.327674420129079
