alpha,s
0.06501221027252609,0.0
0.11399026933036605,1.883287671232874
0.3114821290979585,3.74246575342466
0.20122609461726673,4.359452054794522
1.2334186303666588,6.549041095890413
1.0,8.22739726027397
