alpha,s
3.9579233314675086,0.0
1.2502753613289825,0.036650426491440735
1.2711361181838108,0.19147098530342888
1.0465469696580998,0.41344962210449493
1.299981345783125,0.8731654180758113
1.0,3.0831336833154603
