alpha,s
1.0693827451380122,0.0
0.9359773991422536,0.06872526559566826
1.5255313172732516,0.21198769754676225
0.9613563157615486,0.3585388225340884
1.0564569114288276,0.8183282179262213
1.0,3.5755916934680534
