alpha,s
0.9466436431385811,0.0
0.8776999093721424,0.08883105894624024
0.9207855844499307,0.23067712894099107
0.897475551779803,0.4555516035510378
1.1043154584461066,0.9224878061523518
1.0,3.875390641742073
