alpha,s
4.107028709114953,0.0
2.284700920459889,0.041306403816781925
1.2786168450228477,0.13814797939044707
1.283414464492454,0.38883666119666455
1.3188455778859072,0.8116080326486997
1.0,3.92590519059991
