alpha,s
2.862702420448202,0.0
1.129782981801919,0.00583751528818808
1.320717794693501,0.05838090307268943
1.1357908219126773,0.16371376991322392
0.8841293586195325,0.46561616408665624
1.0,3.642164329255974
