alpha,s
0.9381813680709956,0.0
0.8398807287088152,0.19911820483766363
1.1802867370036698,0.4895339061895932
1.2259867352695124,0.7776685778134855
1.170959072333413,1.2440382727574046
1.0,3.7374708803331416
