alpha,s
0.013823114813198402,0.0
0.03336804323343403,2.031232876712326
0.12309358735819591,3.59178082191781
0.16496921657582106,4.3227397260274
0.8909898635462942,5.94520547945205
1.0,8.17808219178082
