alpha,s
35.97122206488055,0.0
6.208413452008186,0.0061867692478509
2.743486663704093,0.0499357686211558
1.5817401576854218,0.18861828864648914
1.5162950469144867,0.6009017532703872
1.0,4.565279767696846
