alpha,s
3.108987617785943,0.0
1.145911961153933,0.0054700592107269
0.9433431729417975,0.0553647905307065
0.9492652845405609,0.17996508373372905
0.9171804885960141,0.4826644708973266
1.0,3.8321894688133247
