alpha,s
18.208236132523954,0.0
2.9847826402443838,0.006792528740637161
1.7954023219636839,0.06261959853061227
1.3940320386893579,0.21000142329669674
1.1560607842003767,0.5561112361121497
1.0,3.613740999855484
