alpha,s
0.9915229833371776,0.0
1.305519692098366,0.0465371276377706
0.9232556842798622,0.1294720751118017
1.089132279627898,0.3607705807262973
1.2346119671898503,0.7476603939649482
1.0,4.823816853960435
