alpha,s
0.98918301167849,0.0
1.0428350679426703,0.12047527104541124
0.9490018788893428,0.27551329576958994
0.9873853956406822,0.5355566367722275
1.045322703239613,0.9924530160251503
1.0,3.732943348722037
