alpha,s
1.1659891599469783,0.0
1.0586954691408654,0.16908636989589665
0.9273494955054344,0.4058559439126291
1.3522413187913087,0.7921472220505105
1.6250019749091518,1.2339030471019659
1.0,3.3238131424329675
