alpha,s
0.05160384410404251,0.0
0.11555215183016739,1.901917808219178
0.25346595665381144,2.8931506849315083
0.09092135909501563,3.74246575342466
0.5996232253273707,6.577534246575344
1.0,9.4986301369863
