alpha,s
0.0016583612645721536,0.0
0.013608626748592437,1.7287671232876705
0.011676908100380625,2.267945205479454
0.05522720153046181,3.7643835616438364
0.07741399836413587,5.194520547945203
1.0,9.4986301369863
