alpha,s
1.0340586563479022,0.0
1.02586613895628,0.1160239175196066
1.0455264087222536,0.2828428790803602
1.0771021140178303,0.5213398899602495
1.0562692789059787,0.9617259150068633
1.0,4.111219046202068
