alpha,s
1.3568340094565745,0.0
1.1835108558110692,0.0929636255958641
0.9994244665252943,0.2324205106034145
1.2047939314066127,0.48079838247972895
1.1857513689623398,0.8863843668147213
1.0,3.801090409442119
