alpha,s
1.0732653934455476,0.0
1.082672530989969,0.13170554167183454
1.2611471820924076,0.30854989728427623
1.1047287373913894,0.530597032977703
1.261411272088945,0.9994845242437427
1.0,3.6996938986860735
