alpha,s
0.2756776380338242,0.0
0.5260636876952458,0.1010034990186213
0.710324160250463,0.22735975209169235
0.9795136409054951,0.4357491660749839
1.0068841582613313,0.7962403728547846
1.0,4.673764695805421
