alpha,s
2.1749738239299705,0.0
0.797125129641516,0.004334485424665841
0.9773124168833859,0.056707024841729264
0.7579282955020289,0.16498292070333623
0.7701256491367322,0.4939116889778812
1.0,3.765792011869732
