alpha,s
0.8147864764227712,0.0
1.1370878138741591,0.2457112910512313
1.3084192370334697,0.47321490808291233
1.2144380766574963,0.7360270764051202
0.9555031473373173,1.2412852261620413
1.0,4.342419676539815
