alpha,s
0.016888037038038383,0.0
0.11248881891724587,1.82739726027397
0.06700398976640894,2.28219178082192
0.15181270621221063,3.7232876712328813
0.2818551588127625,5.58904109589041
1.0,9.4986301369863
