alpha,s
2.091057959113655,0.0
1.6560086435462156,0.09533651742151561
1.5104955447279784,0.24958965267349015
1.6914785463106272,0.48336368336655
1.1562017706738168,0.8340263638096698
1.0,3.748190172557414
