alpha,s
1.1752137620896108,0.0
1.1323145062191728,0.06633269254332466
1.0823383193810177,0.18117501451212373
0.8823265131855614,0.37689650208057957
0.8100011178557176,0.8439986414828718
1.0,5.429231724436114
