alpha,s
0.0006685471744646124,0.0
0.016066558953538843,1.6301369863013706
0.023852424674013252,2.242739726027398
0.1523260952725305,4.1627397260274
0.7411336443825164,5.94520547945205
1.0,9.4986301369863
