alpha,s
3.062122365432281,0.0
1.174834531425541,0.039618424561434884
1.3556987250845802,0.1843547567558208
0.8734235746723922,0.38586389857852166
1.2526481200575208,0.9663349795412357
1.0,4.0158099993527205
