alpha,s
0.006026433606716914,0.0
0.08014637500385466,2.140821917808216
0.09413921139120349,3.01095890410959
0.5712239354717733,4.368219178082194
0.30664587010581057,5.15890410958904
1.0,9.4986301369863
