alpha,s
1.674147082245625,0.0
1.2502684449303798,0.005920110453718122
1.1554086298589537,0.041181336261324926
1.0842477189940787,0.14170694017243432
1.043626837281424,0.40153927058154026
1.0,3.035035896993314
