alpha,s
0.2926749843139256,0.0
0.539309908088395,0.11353974917807474
0.666403719073189,0.25827912583983537
0.8751870929869582,0.5013931432550274
1.2359629145015507,0.9548495506161615
1.0,3.712896067053788
