alpha,s
0.4493559818308832,0.0
0.4652700288741873,0.1061583203686804
0.9492382101814001,0.3332275653415388
0.5657158259497952,0.5127659746893191
0.7538286551986606,1.1713424155875802
1.0,3.446548969027486
