alpha,s
25.655016865078483,0.0
3.383742652580709,0.0036242329125380215
2.4323335902803866,0.042956761048548425
1.2558957592368678,0.1330538252103282
1.3069928685594046,0.49581719497981347
1.0,4.437751881640626
