alpha,s
2.4331593717546744,0.0
1.6547431083655202,0.044020487998413425
1.4224446393316483,0.140828309192449
1.9776667980727256,0.32392709762103267
1.3856598565241764,0.5855862828324836
1.0,2.70175970378786
