alpha,s
0.8561154074308521,0.0
0.8658221831745126,0.09329554746920851
0.913166474997293,0.24899762531716566
1.1337421288892742,0.5079927622867839
1.0315044444285546,0.917874565631531
1.0,3.261640510117897
