alpha,s
0.8068606384147808,0.0
0.8024645035112711,0.10801061154124163
1.1277550309317663,0.29174379991153737
1.003324613700183,0.4998039270145523
0.8865895878518018,0.9584879688883282
1.0,3.227675166162049
