alpha,s
3.968477947206731,0.0
2.2539210577349813,0.0374861836575017
1.2761697010577442,0.1261723470057485
1.502288462419345,0.3582416318492281
1.2246532056043349,0.7071066491705984
1.0,4.885286964295417
