alpha,s
23.027319895215506,0.0
3.366431152379934,0.00605417299455656
2.1569307762693315,0.06305185006861447
1.7382676164149218,0.19462062455850798
1.277760241267545,0.49420343571112724
1.0,3.893301080065821
