alpha,s
0.6960416996347596,0.0
0.8810868490291357,0.0928503722969391
1.2057677104801836,0.2213966576779457
1.5556414524219155,0.4010504543169098
0.855430474658855,0.68505176988804
1.0,2.9073575776752003
