alpha,s
2.13811135624754,0.0
1.561169113999509,0.004140510142918041
1.0902976662812502,0.038700415450046426
1.42773223402816,0.16971093033004872
1.4067917284281413,0.420539525018925
1.0,2.342395211564428
