alpha,s
0.21813488483149582,0.0
0.34093052268584384,0.1197336969717256
0.4982170913389709,0.2757568789926384
0.6013657143095915,0.5048596397959956
0.6838549290774361,0.9571577036461576
1.0,3.431154274978012
