alpha,s
1.1572198469770472,0.0
1.2487757647138806,0.11409476594667876
1.164632667785827,0.25498541553657417
1.3365290496508058,0.4818828342179021
1.1424801309836508,0.8499391884894368
1.0,4.139828374042139
