alpha,s
1.063668792317428,0.0
1.2592141144818136,0.11978395921556768
0.9884042871755916,0.26243834772206526
1.0549238221186212,0.5397321150121004
1.0806871938839073,1.0259549708890576
1.0,4.049512499269195
