alpha,s
0.991801489625282,0.0
1.0538008720840293,0.1173146443632184
0.9939752662043243,0.26682522165258976
1.4571372497221848,0.5082751805169222
0.9706293121722569,0.8360860595585061
1.0,3.780271842731081
