alpha,s
0.9754322381413537,0.0
1.1158219871922526,0.13094374273021228
0.8935820314456739,0.2823518679988445
1.0960744890674001,0.5769386441321475
0.8572425241933066,1.0063054377598177
1.0,4.371943096089455
