alpha,s
3.5567077598433987,0.0
1.7454661110504253,0.03658770029215541
1.128093165349748,0.13568789794537778
1.0797323215891987,0.3874837733356737
0.9083299478695808,0.8614228438273916
1.0,3.0702484356078394
