alpha,s
0.8274685964894045,0.0
0.927999169624919,0.1541296764686235
1.3047550458557173,0.34264139878166616
1.2147602020933188,0.5372733397583376
1.3633490383131464,0.9195853916811042
1.0,3.4952670176384832
