alpha,s
1.074481668614332,0.0
1.177589046762304,0.1027898340094501
0.9807595414723738,0.2402612670049593
1.187051628467275,0.49992280000371636
1.3039259541192219,0.9146776165726992
1.0,4.045341084609476
