alpha,s
0.25137745839376313,0.0
0.3873276067964187,0.1020561496282674
0.4750664038662487,0.2551989332818743
0.5160492040551732,0.5158412711036418
1.1302661108157523,1.0767952174611866
1.0,3.9183901170574114
