alpha,s
4.816803755341715,0.0
2.1491859180788557,0.04162203066446644
1.9741337617376213,0.16045345050043094
1.5277343884056,0.3448208635925985
1.1081490255658546,0.731555421975108
1.0,4.240532818282173
