alpha,s
0.9638034212824558,0.0
1.0556111783772708,0.1160307448704288
1.0249542504529903,0.2602462775247906
1.050552042135271,0.4971015412262378
0.9427465352652984,0.9345688514054296
1.0,4.504816517228599
