alpha,s
0.9297239305720173,0.0
1.204408248978015,0.21314067825985547
1.2692342286462472,0.4166699197587882
1.015488789510737,0.6953783353638695
1.2567935880651289,1.2920081368541279
1.0,3.571850801951796
