alpha,s
1.1071811976351307,0.0
0.9293482102653113,0.08168679703381723
0.892445016101557,0.2340351378403272
1.1705373977274836,0.514937658261234
1.4225533324961461,0.8835655344345261
1.0,2.908324946200508
