alpha,s
0.006984185466605858,0.0
0.033187706440751204,2.23013698630137
0.2634942549300641,3.9473972602739726
0.22062999685446139,4.407671232876712
0.44417339861940175,6.33424657534247
1.0,9.4986301369863
