alpha,s
0.9005079411622595,0.0
0.9398325798701954,0.0834539328300586
0.793941196045922,0.2138661397548021
0.9800020039280732,0.47232324428874706
0.6640934603068793,0.8810468163890511
1.0,5.052077427247155
