alpha,s
1.112045288360799,0.0
0.9933213394843499,0.1015767857340487
1.1107542434221767,0.2532923327775402
1.2999526838056055,0.4697569035113549
1.1678659575114005,0.8136795292396255
1.0,3.317236970354886
