alpha,s
0.024103024912479162,0.0
0.03555422520632063,1.3041095890411
0.05057111443751732,2.36438356164384
0.16189316944443186,4.17260273972603
0.5140036965565239,5.94520547945205
1.0,8.17808219178082
