alpha,s
4.413595992860047,0.0
1.5519924104353533,0.039618424561434884
1.6494053115062495,0.1843547567558208
0.9906163169455688,0.38586389857852166
1.3313856356539326,0.9663349795412357
1.0,4.0158099993527205
