alpha,s
7.670122312573794,0.0
2.225621990266067,0.0061867692478509
1.4047579438486024,0.0499357686211558
1.0949896921458167,0.18861828864648914
1.3490789157036012,0.6009017532703872
1.0,4.565279767696846
