alpha,s
1.3517385753804143,0.0
1.0742943116469013,0.03134846002939756
1.2041173421510751,0.1254250853228633
0.9299921449382701,0.29461983284757026
1.0305652677729693,0.7268018177115629
1.0,2.9569197529822704
