alpha,s
23.301903987139507,0.0
4.3168991638739165,0.0061867692478509
2.082015230370967,0.0499357686211558
1.3255372818683309,0.18861828864648914
1.3961842611721555,0.6009017532703872
1.0,4.565279767696846
