alpha,s
0.0028130394691751335,0.0
0.012378056993238722,1.0997260273972562
0.028239824142343,2.36438356164384
0.06318325296190837,3.2547945205479425
0.5597309130975234,5.8252054794520625
1.0,7.16986301369863
