alpha,s
1.5745397241326162,0.0
1.47765122076782,0.0458459636681344
1.160787591289881,0.1266742617922271
0.7261841681705101,0.3006611312310466
0.7219363584588937,0.8024105614199418
1.0,4.033797197950581
