alpha,s
0.7626609680833157,0.0
0.8225078785483109,0.09242550235649474
0.7953123769658392,0.2438554051809817
0.8060574412381275,0.5066503921228707
1.014483191681361,1.0331904474222084
1.0,5.453488455379521
