alpha,s
1.2804368506397188,0.0
1.202889801950395,0.03783841959838552
1.0605996599782372,0.12561661789983225
1.2645110855672996,0.32222550680957346
0.9142146001975785,0.6833933398908931
1.0,2.7004486824809937
