alpha,s
1.2519796413627953,0.0
0.8656267622012809,0.1466242318061811
1.025705256756293,0.4309744492068213
0.8168719579092016,0.7588194188585043
1.4180671118265948,1.4398903215117775
1.0,3.7322340470133737
