alpha,s
1.1064378922898837,0.0
1.175319490975054,0.1038226978938322
1.0717060077561416,0.2373699360952227
1.0308448431916175,0.4629612071734314
0.9576938769201356,0.904999471557828
1.0,4.965872847645898
