alpha,s
1.169198532512003,0.0
0.8553962777990326,0.09060422164930515
0.839717433923583,0.26262980044247014
0.8627933455212041,0.5396150378516095
1.2872484257345105,1.0835487399693111
1.0,3.370102729460239
