alpha,s
0.7877138375658327,0.0
0.9785509472697823,0.1544136657720502
1.0461476025060825,0.32322255815555034
1.0943547645605158,0.5652046273003734
1.2749836658242386,0.9929587855054874
1.0,3.319434117331544
