alpha,s
1.2692448294570098,0.0
1.3763548983653004,0.0642932134547165
1.2470753826628744,0.16656753976860608
1.1252700047427981,0.3514079711368856
1.0899368036816457,0.740992751336175
1.0,3.8578344144253927
