alpha,s
0.2651626264174954,0.0
0.43152670639720286,0.11540520992304716
0.7387776573577585,0.26985575317218136
0.8063522648260809,0.448392202900843
0.9565759029147534,0.859568959651252
1.0,3.404904994946825
