alpha,s
0.05459697129621801,0.0
0.07526424362343609,2.23013698630137
0.48536681365905143,4.000547945205483
0.3235747082956911,4.489863013698629
0.7335567529094977,5.697534246575343
1.0,8.17808219178082
