alpha,s
1.0050049821179712,0.0
0.9603895660925492,0.1909262030808269
1.0627882035700695,0.4478035910278244
1.1415623262865282,0.7818936984249504
1.3453530236150923,1.3083318365609715
1.0,4.078612617415845
