alpha,s
0.9106013884595899,0.0
1.3507333778166637,0.08152878399429973
1.182251234223957,0.17779631157970172
1.139945088518352,0.3606731572510296
0.9454250045035255,0.731974430780117
1.0,3.1493625465317048
