alpha,s
1.0060108822773945,0.0
1.0262157469908504,0.1848643583839314
1.057566032961395,0.4184486655667228
0.947947020106486,0.7327958801385922
1.0229198315482784,1.3170702130551035
1.0,4.954879312729949
