alpha,s
0.8212575967439731,0.0
0.5715196568487169,0.052154778767602786
0.8161343117193813,0.23523835437041157
1.2003676074259224,0.4700087582525802
0.9986822489725975,0.8373782292781878
1.0,3.543979631192573
