alpha,s
2.077467638509147,0.0
1.0014471902884408,0.005976581037283241
0.8121529930902073,0.04977919176584035
0.8519043723147051,0.18422681151004533
0.9777654203970264,0.5197161916100516
1.0,4.825804190556182
