alpha,s
0.23977016182305932,0.0
0.3807651861817531,0.102848254953083
0.49071635403692015,0.245841066347362
0.8585189187133115,0.4937821395738648
0.9519023358862988,0.8594580389595472
1.0,4.739103083059691
