alpha,s
0.020046977955137966,0.0
0.052217564135045275,1.960000000000002
0.06884432427016259,3.039452054794522
0.09767588589043524,4.407671232876712
0.3243482670856553,6.320000000000005
1.0,9.4986301369863
