alpha,s
1.0968226132581618,0.0
1.0656878282477253,0.07487012628276099
1.0116887683127576,0.18877299169882597
1.0743211651880826,0.3832542953157225
1.0140240977394182,0.7585899763213559
1.0,4.966074652752827
