alpha,s
0.8971654547282172,0.0
0.8543372988277782,0.07225892267583467
0.913775042738808,0.2086561061823833
0.8462179940995557,0.4303637551766744
0.9021915219593849,0.9147324450089626
1.0,4.042042363010777
