alpha,s
0.8846982705519015,0.0
1.0521686057593949,0.11786241943297954
0.985488435846339,0.26765084359814134
0.9382925126662115,0.5188937121514785
0.8756521659364626,0.9901845167047133
1.0,4.254455606804626
