alpha,s
1.7746834070571393,0.0
1.4515436141231168,0.11214886924905101
1.2351881968734237,0.28960158526663893
1.2286310861815415,0.576358158706333
1.2530358903781427,1.0475069097858458
1.0,4.065463240262313
