alpha,s
29.71477365520602,0.0
3.246205592857013,0.00401478563665482
2.098565652071894,0.054431759213727705
1.0625000759754568,0.17612130401952855
1.4445312935581274,0.6556386790013078
1.0,4.125182163700378
