alpha,s
1.1972551445297208,0.0
1.0622440988887103,0.10046291174283314
1.1323526140327211,0.2547211362511946
1.1780910252173211,0.4723131513886267
0.8302228718499678,0.8545331078548933
1.0,5.400846682474524
