alpha,s
33.700165570447204,0.0
4.12520552716057,0.0041686939259852
2.092689892224062,0.051444346250044584
1.6010407195218506,0.19245530816700604
1.3110405423115163,0.5293678066905743
1.0,3.363205768805829
