alpha,s
0.5338062255986225,0.0
0.5777344269957121,0.12281778476429801
0.7146400052099025,0.29919676283114427
1.0262537127867395,0.5474966013577607
1.4174840582332553,0.910930736035318
1.0,3.346407538340067
