alpha,s
0.42785407968788036,0.0
0.5376825073752928,0.13179221587790302
0.6528864038159395,0.29364968271056785
0.7025878970681501,0.5332407044421361
0.9622893201583583,0.9979356942684579
1.0,4.703104856402371
