alpha,s
0.9627843386831076,0.0
0.999390131084178,0.1311264574522158
0.962596223517508,0.3000485488184163
1.0124835283526947,0.5620236931872491
1.0745390246214808,1.0401459099095511
1.0,3.618485204088106
