alpha,s
1.0701212446039519,0.0
1.1062129778332184,0.12567943337084164
1.051130745572454,0.2894665280642836
1.012515928857947,0.5418123658907756
1.0656815518068479,1.0199616705780985
1.0,5.009413691517104
