alpha,s
1.1791043938332308,0.0
0.8533569877830661,0.04472209280052012
1.0368984280546718,0.15688695785521992
1.2775976720497515,0.316016682593161
1.3781783275694377,0.6496753372622789
1.0,2.39507050942888
