alpha,s
0.010572388347296345,0.0
0.08742589277306131,2.242739726027398
0.09426787889718745,3.08219178082192
0.7333694654277843,4.184109589041098
0.18919072679329849,4.6
1.0,9.4986301369863
