alpha,s
0.9723570824033908,0.0
1.1618230772936162,0.2007709535583474
1.1336194491469962,0.42147553579654806
1.531927981918057,0.7410934402019415
1.1459652527394364,1.1508165071772498
1.0,4.01555681599533
