alpha,s
0.5171057920545347,0.0
0.6724947013588028,0.09779964114006162
0.7363989567336805,0.25535868709402687
0.6668305577049678,0.5143307546341739
0.7885216694153663,1.1221889023232725
1.0,3.2254069194262667
