alpha,s
0.9609088580178274,0.0
0.9885722727990038,0.20554015154689878
1.0664383493932643,0.45467659195399757
1.1098543537316012,0.7934187045761011
1.272817575972051,1.3564944325629424
1.0,3.767249550488637
