alpha,s
1.1126428197442129,0.0
1.0557464140936406,0.11093263152513783
1.1169926118944502,0.26982164922133495
1.0740059569335385,0.4956958648749857
1.01201005103773,0.9365287285805267
1.0,4.584279691000848
