alpha,s
0.9864409128428037,0.0
0.8340014042518425,0.1271799909936631
1.2060781363577218,0.33052117541522746
0.8216357180310375,0.540873904590384
0.8803599966938028,1.0995014662939477
1.0,4.812694357406893
