alpha,s
0.03673530560168794,0.0
0.10145746834096407,2.01917808219178
0.16003325511584449,3.01095890410959
0.11170818132558316,3.818630136986305
0.3876068592753275,6.349041095890412
1.0,9.4986301369863
