alpha,s
0.643605971332741,0.0
0.8520311781505134,0.06962000203786123
0.5344144942390628,0.18615915201030697
0.6724771664051796,0.534286351184498
0.8810363587987549,1.1160192040296368
1.0,5.112968125379846
