alpha,s
27.822174943299324,0.0
5.112163270535656,0.005087850941304226
2.4017699827740806,0.04334764248904361
1.4025337068495685,0.16317682963093846
1.382127414455219,0.5502594660628984
1.0,4.614667434589394
