alpha,s
1.0553052259483002,0.0
1.016098255214879,0.10245718375570366
0.9579960089663162,0.24897315931063171
1.2200329528358649,0.4959066027129468
1.0247259418289996,0.8763387424394471
1.0,3.621733414529841
