alpha,s
1.1571366980366848,0.0
1.0825944610950606,0.10617792220042552
1.165436541034803,0.2600607532939751
1.2194097630842973,0.48062571983225155
1.3049755950643624,0.8933198308404704
1.0,3.9183596899589626
