alpha,s
0.38490986202875876,0.0
0.521083573288549,0.0934304755196742
0.566208274351953,0.247168986957949
0.7780209642911033,0.5357047778282572
1.1833490834266833,1.0240167506383528
1.0,3.956723617854938
