alpha,s
1.122436688360519,0.0
1.1507229542793074,0.17314722957099746
1.0606313995074808,0.3865268352890258
0.963563354734496,0.7192051156104364
1.3906898146185922,1.3497801316753861
1.0,3.9129152174299953
