alpha,s
2.7258067621111426,0.0
1.1692338612377882,0.004023193713953281
0.780035133240614,0.04009961555633232
0.9577436669587851,0.17800052726344479
0.8298779870017636,0.48204941792039796
1.0,3.440460989955171
