alpha,s
1.1093365851522445,0.0
1.067200257735915,0.1104173829278182
1.148139061689208,0.2655343836183632
1.0330794249549868,0.4852025444659154
1.0922627733870969,0.9452741007164134
1.0,4.481917488718149
