alpha,s
0.42084529477438676,0.0
0.6406863473333175,0.1325816922631453
0.8707454460663839,0.30011531274932113
0.8186767695248889,0.5313182023159712
0.8173129800621797,1.0099260546312119
1.0,3.463230141760615
