alpha,s
0.02982223824159956,0.0
0.08159173724358043,2.16712328767123
0.16734477508113307,3.238356164383558
0.17835787086201757,4.2027397260274
0.3551565970365981,5.94520547945205
1.0,8.17808219178082
