alpha,s
0.816470534396039,0.0
1.3930599422093235,0.1466920012452973
0.9071875715619587,0.2602206535892385
0.7666479338899684,0.5168824355864124
0.8513534020028505,1.0908753873650463
1.0,5.438671564249122
