alpha,s
43.41408450611456,0.0
7.2968354806081335,0.005087850941304226
3.184406592882675,0.04334764248904361
1.6984744611254543,0.16317682963093846
1.4861148032300813,0.5502594660628984
1.0,4.614667434589394
