alpha,s
3.8471579840979486,0.0
1.5305434096930473,0.02857096995334702
1.2347125958209324,0.14344316577829186
1.5857712991456114,0.35968166292109344
1.381250348169356,0.677786230474475
1.0,3.0735397591789657
