alpha,s
2.418557217623521,0.0
1.2748602739563457,0.006688539672248503
1.2129703986335902,0.050813406063970216
1.1577613049948376,0.15960106237831892
0.9149260453457692,0.4470462179705585
1.0,3.3735247487592166
