alpha,s
1.5523212733425198,0.0
2.024681614240146,0.13057533743830607
1.7388187522784364,0.2575041974348618
1.2790834456306972,0.464566142799497
1.206178634997371,0.9471651582867262
1.0,3.992785544729096
