alpha,s
12.602237517879606,0.0
2.1253575794237696,0.004862085092967281
1.787073677816646,0.054752046201205704
1.4793447873647798,0.1622339720471716
1.335840434666893,0.4364391991948397
1.0,4.316497163574767
