alpha,s
0.7086981734030295,0.0
0.7624765478699951,0.09057213848352602
0.8635037830352091,0.24435926435170133
0.6471126362356144,0.48818693746415853
1.1546241523499403,1.109349782654296
1.0,3.1105445692279194
