alpha,s
5.561057952877074,0.0
3.4112894425688443,0.0378817408069878
1.6861447532544687,0.11359635305399232
1.4172497132614252,0.32398955912184935
1.3050897069743688,0.7470161125878914
1.0,3.792975622128803
