alpha,s
0.11423164516081223,0.0
3.2505213864940385,1.95342465753425
0.2836034459015157,2.03561643835616
0.3836242911161161,3.74246575342466
0.6264778429328162,5.15890410958904
1.0,8.22739726027397
