alpha,s
11.969584816586416,0.0
2.6769074467778142,0.0046996983338131
1.6613258821102512,0.0428665011668144
1.1862132078804033,0.15659762039306613
1.1187337212543935,0.4892982378278096
1.0,3.374826243365679
