alpha,s
1.6616844029586082,0.0
1.322398311645762,0.08354057212715389
0.8777172646123744,0.22603455124247962
1.2871170473973361,0.5547564271186456
1.3655172655346766,0.9485456313307811
1.0,3.599287853046281
