alpha,s
0.009316340770247872,0.0
0.012643174715176253,1.3041095890411
0.1163437165512351,3.793424657534246
0.14321523044923404,4.810410958904111
0.48634059195690016,6.806575342465755
1.0,9.4986301369863
