alpha,s
1.4083090257455102,0.0
1.1151942149464062,0.05523483506092058
1.0149845916822313,0.1762314966275943
1.0619260554755396,0.3970345059648035
0.9301425038807065,0.8014515866091383
1.0,3.3022112312387546
