alpha,s
0.07211785654904024,0.0
0.17548965256489285,2.01917808219178
0.22276567305195374,2.9063013698630145
0.34461278596943956,4.193972602739728
0.8028313268439673,5.748493150684935
1.0,8.16438356164384
