alpha,s
0.9520775237625468,0.0
0.9172762255915619,0.1370150205134968
0.9530658775878645,0.3275334025983222
1.0438529448893448,0.5988201175584805
0.7950668345871635,1.027908907393078
1.0,5.258730694070658
