alpha,s
1.5024140886602928,0.0
1.2179215986329008,0.03604999409594828
1.1329323249919305,0.11475278679856803
0.971546306117562,0.26421192585006753
0.9965157273483632,0.6410925061451375
1.0,3.801707919904729
