alpha,s
3.147968306945088,0.0
1.491197477182406,0.005581424562466482
1.2163413782662518,0.047318427566286944
1.2285219414124908,0.16328716508459246
1.1387694443067027,0.4518919056491037
1.0,3.915907018967277
