alpha,s
1.0776128747980842,0.0
1.093480577122798,0.12230730327532514
1.0564378688955183,0.28528524393899757
0.9369348414536443,0.5266231365780065
1.1076208605016675,1.0222780224255528
1.0,4.835133844272173
