alpha,s
1.0827529879723363,0.0
1.0758665195526285,0.10786689297044182
1.01691826373741,0.2566591595958861
1.1022920309541522,0.5113839125764232
1.2027509313125149,0.9371804030517236
1.0,3.908334319217357
