alpha,s
0.8877034344241671,0.0
1.1336561724819256,0.12490323562344582
1.0073922122705838,0.260948192876008
1.028071579482674,0.4973531979620984
1.0837123189292284,0.9305891639908127
1.0,3.633126448747181
