alpha,s
0.9960973658093984,0.0
1.1110752932557206,0.18816855856907813
0.959856711342362,0.4042116914154448
0.9937466825986547,0.7504618499789362
0.8360213509612876,1.3212830982058694
1.0,4.664481042747633
