alpha,s
1.0666264692071994,0.0
1.1841257471881046,0.12165938202644902
1.3796798957381977,0.27139396357099405
1.0403163308683445,0.4707677642466705
1.1570081127943892,0.9489562059429493
1.0,5.37999093128056
