alpha,s
1.164708261113805,0.0
0.975910893089152,0.11061163429337466
0.8712363686555977,0.29698943193840144
1.3315492012903016,0.6004307113455029
0.9024773649502855,0.9622473340926635
1.0,4.02199331565018
