alpha,s
1.3674958342290173,0.0
1.1979741207160997,0.09550229823678383
1.0695199785150946,0.24021710275802813
1.2297821877669208,0.48904399285132844
1.070059193334508,0.8925011440438594
1.0,4.262421936248389
