alpha,s
0.35758667432995533,0.0
0.5309757360659231,0.09550229823678383
0.6588740829049323,0.24021710275802813
1.0030576916693446,0.48904399285132844
1.0732671174381931,0.8925011440438594
1.0,4.262421936248389
