alpha,s
0.03829552848278816,0.0
0.12214330316403285,2.288767123287674
0.12769340307876087,3.3895890410958893
0.2820438027143972,4.915068493150685
0.962111394471612,6.73972602739726
1.0,8.16438356164384
