alpha,s
1.2513171650381623,0.0
0.5720207750225079,0.0347563466888258
0.6371623838043922,0.1827957960898793
0.5193195206771075,0.4164962916821477
0.5949207889766414,1.014600787742266
1.0,4.100310636068182
