alpha,s
0.007735543442020849,0.0
0.09954044785945103,2.232876712328768
0.07091443916397835,2.818082191780825
0.17870444876355612,4.196164383561646
0.2091379729296943,5.697534246575343
1.0,9.4986301369863
