alpha,s
0.04979958396225683,0.0
0.05844308230795913,1.3041095890411
0.1525922346107195,3.04109589041096
0.2527121328954856,4.123287671232881
0.34546446232001243,5.85479452054795
1.0,9.4986301369863
