alpha,s
1.9146455979612549,0.0
0.8385280291345195,0.08391194399518884
1.1402157763427105,0.3260477914451368
1.3173580245642458,0.5943512211828341
1.3734716545168872,1.0210914537117115
1.0,2.811960346137906
