alpha,s
1.2972511104776108,0.0
1.3590572982120586,0.10336493523834415
1.1559443752031842,0.23490378431480033
1.2966493180496583,0.47248598209682274
1.0595979825434625,0.8499933761912652
1.0,3.419853169531741
