alpha,s
0.8354329833064454,0.0
1.0777681017646588,0.0620169315148452
0.9429507675292571,0.1473065644281196
1.1223302984431882,0.3283831801869974
1.0577020483748178,0.670461474520458
1.0,4.946532338927547
