alpha,s
0.7657114437822402,0.0
0.9102119459526693,0.11200379752896064
0.8268852110727556,0.24777051239268852
0.9700604212237248,0.49240377757315335
1.0780396480795296,0.8921689922563675
1.0,4.642399142313996
