alpha,s
1.0783892159560844,0.0
0.7708522106442962,0.0863018978343402
0.890299994061513,0.2644366533497658
1.291361740881511,0.5288993447287325
1.0453216932520861,0.8943258888906161
1.0,2.8363250287065944
