alpha,s
0.8317955315407916,0.0
0.8707362965908324,0.0764327462533295
1.0436897982996154,0.19919767609414465
0.5381687927966334,0.37835987776546115
0.9673563687522425,1.1041496544473934
1.0,4.24458103045639
