alpha,s
0.01410027007685554,0.0
0.5709421566860577,1.95342465753425
0.07293058750093902,2.03561643835616
0.18045517422094853,3.74246575342466
0.367539610070326,5.15890410958904
1.0,8.22739726027397
