alpha,s
0.04703157621847654,0.0
0.0890223042630143,1.96712328767123
0.06342076691589951,3.10684931506849
0.19467453181816954,5.58904109589041
0.3946437073143655,7.04383561643836
1.0,9.4986301369863
