alpha,s
1.78838101707173,0.0
1.0829839476727967,0.0439743433681079
1.1843473728544178,0.1633126642777093
0.9711552565907046,0.35019680592949154
1.0612327024525134,0.8231525542872554
1.0,5.189630692766486
