alpha,s
0.23510065330028665,0.0
0.49234488484165784,0.12385030654917764
0.7558386885731702,0.278561688969134
0.735797982415672,0.49347474606878566
1.1242568886568962,1.0080631134198406
1.0,3.309381013435481
