alpha,s
0.007712148500338887,0.0
0.02425340096406229,1.95342465753425
0.07752527971585464,3.815342465753422
0.3216652980118091,5.731506849315067
0.7523525302003455,7.04383561643836
1.0,8.17808219178082
