alpha,s
0.009905251230019028,0.0
0.03582194593198564,1.82739726027397
0.05382116457836019,2.6860273972602773
0.04597090845428722,3.82739726027397
0.1725423455716054,6.33972602739726
1.0,9.4986301369863
