alpha,s
1.496675349627921,0.0
1.07928666986059,0.007964491252015623
0.8057797443444646,0.053053230738884134
1.04618067179923,0.19632843796123742
0.8132559328735622,0.48917934888063025
1.0,4.985617281927788
