alpha,s
1.1217745373508536,0.0
1.7213058944481814,0.0851405496438665
1.5259014912551874,0.1740035392061215
1.2210094004765977,0.33289630204606774
1.2765776840242666,0.7450634425600753
1.0,2.477000164021571
