alpha,s
1.1241513889289683,0.0
1.4818870481097954,0.10222718018551452
1.524931945878791,0.2135947547216976
1.3107663026651675,0.37628450459581864
1.1999297877737307,0.7330303701403376
1.0,4.084484810612052
