alpha,s
0.26933673553375787,0.0
0.3983788257071398,0.12294177580740784
0.37924997764781276,0.2880409351239524
0.5897137465348036,0.6031783810111475
0.7008665156181888,1.0450137233398025
1.0,4.429218192359362
