alpha,s
0.5499598259490154,0.0
0.5598191189858287,0.11214886924905101
0.5796345250459872,0.28960158526663893
0.7054035173255604,0.576358158706333
0.9251381368172812,1.0475069097858458
1.0,4.065463240262313
