alpha,s
0.7356249072877721,0.0
0.9062502049807942,0.06516895732583473
0.5579257242277178,0.16216051447040228
0.700109086803279,0.4622057156704801
0.6722575486637059,0.9187747277551093
1.0,4.62964685721725
