alpha,s
1.0268349526159846,0.0
1.0808272218888413,0.12543678975998215
0.9870752218536869,0.28828728910607354
1.1986018484349057,0.5591498535653286
1.101586916758774,0.9582118702943798
1.0,4.9155605341075095
