alpha,s
0.8163300812055875,0.0
0.6995573592677257,0.039470937965181
0.7499827506267475,0.1459290125318408
0.5225219497667366,0.33337609316397954
0.47047633422055063,0.8605425760198038
1.0,3.9024728553349
