alpha,s
0.8552562173377668,0.0
0.9465471159753879,0.1275373638206041
1.0571499769862058,0.2885936387106375
1.0169230582488675,0.5071270986950261
1.0191853462668012,0.9243384272419618
1.0,3.6987531904422326
