alpha,s
0.7167304836987352,0.0
0.8771713569633603,0.0986233983832635
1.407275205121889,0.24436558685580925
1.4740504210599048,0.4112813208982979
1.4037858876536289,0.7333521239785504
1.0,2.0574740512343244
