alpha,s
1.0367676589446901,0.0
0.9205803836706817,0.17937103615837774
1.1107326713014851,0.43613406819052164
0.9429824348045391,0.7341473159670113
0.911011147411786,1.3285822716089262
1.0,4.679143762594671
