alpha,s
1.1228542691050296,0.0
1.166286212706844,0.16943789986374563
1.0265932839123662,0.3787428376143947
1.1506732400280302,0.7098262542956818
1.137224167145163,1.215588015893618
1.0,4.728823149711387
