alpha,s
0.040974900955399345,0.0
0.10522167677184723,2.01917808219178
0.1771667636410911,3.01095890410959
0.17433370760256747,3.9473972602739726
2.1637574002285227,6.185205479452055
1.0,7.16986301369863
