alpha,s
52.535014868826195,0.0
5.982129412684369,0.004258430269413061
2.753264591827454,0.05043480385764528
1.8575321322122986,0.1878621804484304
1.5153488281938812,0.5469609976996307
1.0,4.501707356007143
