alpha,s
0.9602460237874492,0.0
0.9884288418523229,0.0653350273721827
0.9946093623282692,0.1886318061781302
1.147810876311278,0.40016422704157173
1.1774039939735936,0.8121387541322647
1.0,4.375583479395198
