alpha,s
0.8809802893348101,0.0
0.8549533460324837,0.1178933235669838
0.9499950661103201,0.2971091848239218
1.3229254269941548,0.554648910078256
1.0139380741293431,0.906354493427436
1.0,3.557329358267608
