alpha,s
0.003780136930445305,0.0
0.036303900404481594,1.95342465753425
0.0277730333740708,2.383561643835618
0.03455839198912708,3.727123287671236
0.08626500595478172,6.33424657534247
1.0,9.4986301369863
