alpha,s
1.26274096875588,0.0
1.0953816444218043,0.0967058760489169
0.986115734158792,0.25117629845272893
1.15139590351787,0.5069271692854617
1.5206616851326407,0.9453297609830007
1.0,3.950100110939682
