alpha,s
5.627683194877151,0.0
3.9635876431741335,0.03833869538538384
2.0714912008028987,0.10432745948209828
1.6098889299242631,0.2819021601666555
1.1606409406452407,0.6625985727414203
1.0,4.143769209682702
