alpha,s
0.3280336175584956,0.0
0.5018616941804833,0.1309422065485658
0.7000603915651084,0.2911018646140385
0.734409291522856,0.5098756486574495
1.002024739550903,0.9781655436259852
1.0,4.420430769481478
