alpha,s
0.43304832658488845,0.0
0.5720267811502833,0.13201380930480935
0.7154200406772442,0.2956008874881754
0.9109106817462816,0.5340952164192767
0.9452410542484848,0.9102530924089373
1.0,4.123846064166905
