alpha,s
1.1959176146762955,0.0
0.9982043712079226,0.10916581569823594
1.100296605589889,0.2841535564692492
1.017965436139033,0.5216646954874051
1.0279309818424835,0.9889953118690868
1.0,3.884596524872768
