alpha,s
0.8217297474558436,0.0
0.8466908619576913,0.102848254953083
0.817998349083987,0.245841066347362
1.1471404412254715,0.4937821395738648
1.0896660419645605,0.8594580389595472
1.0,4.739103083059691
