alpha,s
1.712994317684954,0.0
1.171396546163303,0.043604760405950724
1.0653283643980374,0.15500234179781108
1.2387640801613184,0.34697242252017757
0.9965210298116807,0.6988019200539525
1.0,2.6609237082234376
