alpha,s
0.7563366885791393,0.0
0.8971446178722811,0.06516895732583473
0.5251007082108503,0.16216051447040228
0.6325714737106078,0.4622057156704801
0.53525421337572,0.9187747277551093
1.0,4.62964685721725
