alpha,s
3.8389056891257076,0.0
1.7571621239009247,0.04162203066446644
1.6542474637146543,0.16045345050043094
1.3024795799440623,0.3448208635925985
0.9332592200261638,0.731555421975108
1.0,4.240532818282173
