alpha,s
0.01772546188001882,0.0
0.050926687537952674,2.01917808219178
0.10003950079815578,3.01095890410959
0.13302186080631812,3.9473972602739726
2.0293856829557226,6.185205479452055
1.0,7.16986301369863
