alpha,s
0.22726565172619997,0.0
0.38567230514600637,0.1102896570415637
0.509298427383889,0.2627232613222821
0.6853812105258892,0.5061271229883896
0.6972751156134921,0.9213716643447812
1.0,4.190145343609309
