alpha,s
1.8078214093184966,0.0
1.4621269703104878,0.047844544810927724
1.0038361850174613,0.14106499225056693
0.7322583151846095,0.36430985063256405
0.8987086612808771,0.9608000473518108
1.0,3.9738524273670057
