alpha,s
1.2639323262090982,0.0
0.9865636716661722,0.08929946857829356
1.0140727709121962,0.24696607519901642
0.9680511430457917,0.48929704453002143
1.2471558674995489,0.9463625482317065
1.0,3.6778547261404193
