alpha,s
1.405920054662531,0.0
0.5291766820739428,0.0040226437735003
0.4658054434207422,0.0603308529012826
0.45481365627559106,0.21312007173044903
0.3226783123039132,0.5886099946124347
1.0,5.272203104117514
