alpha,s
11.494827868297097,0.0
1.9210094559791884,0.00401478563665482
1.5695888165679044,0.054431759213727705
0.9380098291839006,0.17612130401952855
1.4446515275409202,0.6556386790013078
1.0,4.125182163700378
