alpha,s
3.6981505673252717,0.0
2.5548921175044375,0.03351659035163022
1.3195300132897347,0.10242506634735159
1.363399228940269,0.31799343292311444
1.0085164829278055,0.6792108914064486
1.0,3.4426995844969346
