alpha,s
1.0606252993599556,0.0
1.0260959817121034,0.10615939816941852
1.0895666004462183,0.26152982398229163
0.9298871776713374,0.48613159312913945
1.2651100925639756,0.9765960394160604
1.0,3.4922626472079097
