alpha,s
0.0004649759234245306,0.0
0.025067908267453896,1.974794520547942
0.07508361744512104,3.01095890410959
0.11232628032616217,3.7594520547945223
0.332632122963468,6.066849315068491
1.0,9.4986301369863
