alpha,s
30.872835294037767,0.0
4.523433940930092,0.004067179406949581
2.41030536356934,0.04162532834790053
1.2238277617669493,0.15095099134372236
1.2050600025605172,0.5519552674244494
1.0,3.7731463706284063
