alpha,s
4.122727276138891,0.0
2.292659009120769,0.041306403816781925
1.2825053415947385,0.13814797939044707
1.2863788632631548,0.38883666119666455
1.3206033195077562,0.8116080326486997
1.0,3.92590519059991
