alpha,s
1.9170793386498772,0.0
1.0509256127807802,0.04924359075648902
0.983626571454423,0.1883540708355697
1.7610614408722087,0.4250349155227674
1.1060648284774535,0.6920720002704064
1.0,3.4763786039064035
