alpha,s
0.06049547549729641,0.0
0.14674949935961504,2.01917808219178
0.18787004073245958,2.9063013698630145
0.30413314312205003,4.193972602739728
0.7372960646644112,5.748493150684935
1.0,8.16438356164384
