alpha,s
0.8401940313810389,0.0
1.056977025589465,0.11822899144412538
0.9721886237364504,0.2478737822708244
0.951915671657955,0.46337013668561755
1.0611415234326569,0.9121167725263357
1.0,3.1393878535420114
