alpha,s
8.902013121236356,0.0
2.499310464989456,0.005488296658645001
1.8371162178153466,0.047393368953765
1.2770327856880443,0.15117778190590628
1.3576258149899356,0.5073753235407699
1.0,2.882773966889824
