alpha,s
1.5635255287457202,0.0
1.2218457092608894,0.030357074037276437
0.9341171176439753,0.10971068225273267
1.652921360995537,0.31439598849621575
1.272805405052669,0.5882134633004121
1.0,2.230821444916792
