alpha,s
1.0125549237140854,0.0
0.994510452529458,0.1227181241598333
0.9672006617887782,0.29876502161029994
0.873767344036779,0.5708978440602409
1.1005427958836411,1.1224055870459335
1.0,5.771488915266263
