alpha,s
1.2639009550946423,0.0
1.2180420331043407,0.0708381706310462
1.1251762395012865,0.1783928778474305
1.0850077265719094,0.3706178244781948
1.0708425123191614,0.7708415090334608
1.0,5.011323277248458
