alpha,s
1.6940064070682128,0.0
1.5529384663222192,0.1160239175196066
1.476176359640426,0.2828428790803602
1.361685461951285,0.5213398899602495
1.1821527862504968,0.9617259150068633
1.0,4.111219046202068
