alpha,s
0.35858836323793364,0.0
0.4223980365999229,0.08578498789214854
0.745224628249943,0.25421489301147593
0.7599519739980896,0.4510094505173924
0.9121565229503485,0.9083082961669887
1.0,4.892579515717912
