alpha,s
1.0203484102206923,0.0
1.1087347091702477,0.055287207897830225
1.0185778998909472,0.14188093596024232
1.0063183926255264,0.31611603875126654
0.9991292468576747,0.6955795696214294
1.0,4.3848539740442805
