alpha,s
3.7926995990145254,0.0
1.0938151315616247,0.0148134173426706
1.1631444346083961,0.1241115744550808
1.1376814298868059,0.305899493972847
1.6929053974280672,0.7083426629033193
1.0,2.2703949517237385
