alpha,s
1.0048705967180922,0.0
0.9428638341279382,0.10585852218593014
0.9128610269012376,0.27097911190781554
0.9714660953691102,0.5385631986685827
0.9889063622006035,1.0249721668353897
1.0,4.507703185550143
