alpha,s
1.0989141151005142,0.0
1.3216462063310381,0.07617601637938501
1.2831130917982274,0.17430072374037808
1.3172968516741994,0.3379137608061966
1.1672994985767684,0.668437916495759
1.0,3.2467391373789747
