alpha,s
1.5982425187307476,0.0
1.1212136452020796,0.07163289425441337
1.1900330394124106,0.211575795983641
0.8905197548538325,0.41677711330947026
1.4385415484464021,0.9461418766175362
1.0,4.364185845613903
