alpha,s
1.100743972417199,0.0
1.5150365635705652,0.10692074827488594
1.032734141727888,0.2146070279358668
1.092006431499546,0.4630201845790892
1.372847484398823,0.9154358024748299
1.0,3.55432385605462
