alpha,s
1.2516835581552028,0.0
1.3660896491671028,0.01302730987406292
1.4684378414615187,0.06369663264632451
0.9754455636833763,0.16085300336039138
0.7962431532257238,0.48975416857926285
1.0,4.646353796895816
