alpha,s
2.0669397326491077,0.0
1.7203555140014144,0.05958902071433571
1.2904947272884189,0.16104621375275632
0.8465117629989908,0.36950399176641646
1.332052908951777,1.00056981587796
1.0,4.502574740572897
