alpha,s
0.011775310795824263,0.0
0.08526081942653005,1.4723287671232843
0.06039849105881756,1.98630136986301
0.15395090201376108,4.193972602739728
0.8435985197944057,6.305753424657539
1.0,8.22739726027397
