alpha,s
0.3810129737006314,0.0
0.5175360582006275,0.09315383810415535
0.6999816051667181,0.24250672805865997
0.9411889201319645,0.47007906675180355
1.0528815559842282,0.8769991363651186
1.0,4.381500630545231
