alpha,s
0.30947989138458126,0.0
0.4220260771961011,0.10470807664165174
0.7815288130131784,0.29181691725844544
0.926867924375583,0.4892336054732319
1.1561141480489225,0.9082966046314598
1.0,3.0697876298431783
