alpha,s
0.05082877810642836,0.0
0.19764456087783044,1.82739726027397
0.10118829358477541,2.290958904109592
0.14669900912379055,4.13315068493151
0.5464746063052671,6.349041095890412
1.0,9.4986301369863
