alpha,s
1.0082344802998966,0.0
1.1011650854400712,0.12982568726565163
1.049077309794759,0.2886155692268951
1.058845458512794,0.5419481966570905
1.0986917396584783,1.0053813977296657
1.0,4.403497803548617
