alpha,s
0.0006871851110541904,0.0
0.009768624642051462,2.204931506849314
0.010437062006720777,3.20547945205479
0.04380430835866201,4.1035616438356195
0.2445540581260472,5.85479452054795
1.0,8.16438356164384
