alpha,s
0.28705446523221484,0.0
0.4452898530662757,0.12281778476429801
0.6496753287578808,0.29919676283114427
1.0098261583955934,0.5474966013577607
1.4826830015263883,0.910930736035318
1.0,3.346407538340067
