alpha,s
5.785358094074331,0.0
2.3961680210519556,0.0364128446532506
2.485181928832208,0.143893782527181
1.048961436800359,0.283584107466607
1.1018919148546205,0.8433129188037979
1.0,3.943608578259452
