alpha,s
34.312370495460556,0.0
4.7856437759908985,0.0034518809160966
2.2101544498523324,0.038674443079637
1.5034838634894847,0.15320480047865598
1.1107854017527299,0.4779028361593567
1.0,5.122983962125218
