alpha,s
0.018656990613268656,0.0
0.055453198389724546,2.04876712328767
0.06178239129798647,3.20547945205479
0.18406285426302726,4.4953424657534224
0.4898631395720379,6.144657534246575
1.0,9.4986301369863
