alpha,s
2.3439066034031915,0.0
2.085470480012891,0.03986866971089018
1.3254288875154316,0.11086104944145596
0.7948680380275467,0.29081613708193343
1.2751528902747418,0.8048487942452807
1.0,2.832264554545353
