alpha,s
2.563277560431003,0.0
1.8101643078309835,0.038297013535808506
1.0318373817762703,0.12259576291462956
1.5492897291358927,0.362850066798445
1.5693476113022333,0.6749804749604333
1.0,3.382350380038776
