alpha,s
0.0631992376349841,0.0
0.38434633378444366,1.95342465753425
0.1365431683253525,2.307397260273976
0.41541756645214006,3.786301369863012
0.3616229541722042,4.823561643835617
1.0,8.16438356164384
