alpha,s
1.587597764240531,0.0
1.7555817565925553,0.12808860931601967
1.737837885950693,0.2768652351483266
1.6671580040771192,0.48871275383914586
1.724950037974857,0.8558407715821508
1.0,3.895024915038829
