alpha,s
0.3326365427970694,0.0
0.5390589504572644,0.1160239175196066
0.7215466801730792,0.2828428790803602
0.9199004114038178,0.5213398899602495
1.0722148610358484,0.9617259150068633
1.0,4.111219046202068
