alpha,s
4.701109756060112,0.0
2.449764530100748,0.04428785385967971
1.8325485970347304,0.15110857993077337
2.0687737629155465,0.35436224758278434
1.2056550331400386,0.6158281636433327
1.0,4.212611453393179
