alpha,s
2.866521822411696,0.0
1.571232120569079,0.004705321666195063
1.2541283350349546,0.039554701407173806
1.1490395403310538,0.14461828378214758
1.1379202891458466,0.42469698549567714
1.0,3.360715362884355
