alpha,s
1.7013891892357156,0.0
1.1554359449054252,0.0432751049532225
1.4203506061942934,0.1531305852260708
1.0958791360844045,0.3100156653191593
1.1116001204490338,0.7295199222355776
1.0,3.49519736697562
