alpha,s
0.9677441018907746,0.0
1.2991718373130952,0.1994230244907581
1.0685256694097474,0.3896996487852501
1.078479400037525,0.7112830061674914
1.0751812566037984,1.26164595857549
1.0,4.53963218368799
