alpha,s
3.569383187442704,0.0
2.0764202949680164,0.04810664324719048
1.5346563719537485,0.15461935606353353
1.711702433482787,0.35185333891815923
1.0837552654720541,0.6744087525326858
1.0,3.789521963153752
