alpha,s
1.1518804835415497,0.0
1.1401117787021962,0.1154657094513598
1.1002714105076958,0.27078325526995134
1.0142447972785082,0.509384100635245
0.9301341734943526,0.972197342504064
1.0,4.678208999936119
