alpha,s
0.25568368519827345,0.0
0.4476369350458868,0.1197336969717256
0.6597893892192009,0.2757568789926384
0.7878156571533819,0.5048596397959956
0.9068511866142144,0.9571577036461576
1.0,3.431154274978012
