alpha,s
0.5701609653727094,0.0
0.6163570248738544,0.1037858423723805
0.42522626738334324,0.24592356182709083
0.4598117825942213,0.6139241020512687
0.2864200575075676,1.2082354520677974
1.0,5.329038037509501
