alpha,s
1.3345326285233856,0.0
1.1279425165222552,0.09533651742151561
1.1055904536521535,0.24958965267349015
1.3466516314074173,0.48336368336655
1.0055949738323122,0.8340263638096698
1.0,3.748190172557414
