alpha,s
1.1666230721625388,0.0
1.3380197476066857,0.1060226042241053
0.8536010596934847,0.2297564203411723
1.26708156657853,0.5217097936065386
1.1387967321122834,0.8877877753386658
1.0,3.0840085317306314
