alpha,s
1.2748872644480829,0.0
1.08117524428361,0.09276549312651351
1.3616539715015579,0.2412866665661659
0.8862941072996009,0.4237320869092412
1.0378993366540654,0.9570048849578415
1.0,3.692184336972968
