alpha,s
1.0180000202956576,0.0
0.9758573462628336,0.04801333556141446
1.0604616648360827,0.13516923534683156
0.8349888557985196,0.29331911042339187
0.9822204098501107,0.7414291385815701
1.0,4.731685863556975
