alpha,s
0.8772389246301886,0.0
1.1088354477872395,0.08892494152964019
0.9330457585109873,0.18901603301093925
0.8642589741905655,0.3895709720792509
0.9269538487885159,0.8224123449890272
1.0,3.686550243094701
