alpha,s
0.9266544324410202,0.0
0.914103133611594,0.1294462892424473
1.1831257656534921,0.3067729384343048
1.0606781274127906,0.531537961997657
0.8235795785905243,0.9559615884815209
1.0,4.051793329753433
