alpha,s
0.0023762141893297686,0.0
0.026180579564965518,1.95342465753425
0.023524235928772088,2.383561643835618
0.0339287427031449,3.727123287671236
0.11814000892292581,6.33424657534247
1.0,9.4986301369863
