alpha,s
1.009452889810476,0.0
0.8591171711959319,0.1306595457239276
0.8933140646080332,0.33738974968136076
1.1568527940251387,0.6271952575440907
1.0918249838344727,1.0634847466836166
1.0,4.079261275428769
