alpha,s
0.7570510679188868,0.0
0.801933527040662,0.06638298185728016
0.919262372131622,0.20203141950562364
1.0906534849727594,0.43450864400051237
1.0432483844290918,0.7962411701476161
1.0,4.175389618444618
