alpha,s
0.744821788812588,0.0
0.7022527733183618,0.08145780760925155
0.6715921376095789,0.23813113444991796
0.596321400462268,0.5099322597411585
0.7532249596488645,1.1284197570356753
1.0,3.32332762608125
