alpha,s
0.8487894334239491,0.0
0.7345101765944556,0.14823940361769944
1.1153969752955868,0.3819871663633213
0.896685325997068,0.6119110066152195
1.200550653381542,1.1492368767010652
1.0,3.4925784847417507
