alpha,s
0.044130957461999507,0.0
0.07994070574039377,1.0997260273972562
0.10514622366263383,2.36438356164384
0.14935573016771614,3.2547945205479425
0.9829906200149857,5.8252054794520625
1.0,7.16986301369863
