alpha,s
1.452860766880197,0.0
2.1389988774606117,0.1073371564397486
2.168378921834783,0.2012630603259331
0.8868386687884328,0.3401040312669632
0.7802684617062543,0.8922673561119175
1.0,3.33109280154805
