alpha,s
0.7255470617515448,0.0
1.0054634151408217,0.08349170222156811
0.7338658388268965,0.20526183221301686
1.0667559580734487,0.4911422998947706
0.8037863636535376,0.8810698397570998
1.0,5.328432974824344
