alpha,s
0.6605708845078068,0.0
1.1767086604207186,0.09065441393749783
1.0027414071572351,0.1833081493936205
0.9031499227401333,0.3738887136818066
0.9148240392120829,0.8019125558803938
1.0,3.5661181606285592
