alpha,s
1.0327563324166635,0.0
1.2906550857766392,0.08377273699250427
1.4370227869404286,0.18739172685906405
1.0115610212037902,0.3353501620903467
1.0006123738839332,0.7676685589340453
1.0,3.677133049987884
