alpha,s
2.2737583066295026,0.0
1.1900243922718445,0.033858607218133926
1.0097089798406493,0.14519200172812177
1.1523189444177497,0.3798609112686983
0.8523068572303666,0.7537789992033272
1.0,4.93930845412709
