alpha,s
1.035688611918862,0.0
0.9729189052699045,0.11873580218489484
1.106581111856238,0.2883727223973801
1.1401169766486685,0.5110523369031889
1.2356285720136468,0.9131952197758788
1.0,3.114198589596156
