alpha,s
0.20753284387601786,0.0
0.39227876489675556,0.1109636461760583
0.5758720886832264,0.260368082340131
0.6147665137097418,0.46942912968315215
0.7733128147348566,0.9305832877500956
1.0,3.5826815921772344
