alpha,s
0.00024178482303813468,0.0
0.006448270401023209,2.288767123287674
0.018558220483111506,3.3895890410958893
0.10186192543677523,4.915068493150685
0.6814980354407971,6.73972602739726
1.0,8.16438356164384
