alpha,s
1.70994942443421,0.0
1.6458622959426537,0.1197336969717256
1.5903210653511628,0.2757568789926384
1.3545316224545807,0.5048596397959956
1.1600683161992396,0.9571577036461576
1.0,3.431154274978012
