alpha,s
51.07888973003737,0.0
6.1027264106287005,0.00264605335833064
2.251297496829073,0.032219017653889084
1.66639763005214,0.15283354694541065
1.301546118156605,0.46022484095022753
1.0,3.126401106022233
