alpha,s
0.014878811294345803,0.0
0.05167315455083892,2.29315068493151
0.10666333697905392,3.28767123287671
0.11157774614384412,4.19178082191781
1.6437742881060917,6.26301369863014
1.0,8.17808219178082
