alpha,s
0.2016987713166441,0.0
0.4484711039256871,0.1327476496797719
0.5709536741915393,0.29647860851435187
0.915788502970122,0.5569958357434245
1.077546430640055,0.9410798566939651
1.0,3.0092554246791696
