alpha,s
0.29550097584674523,0.0
0.5323041125908025,0.12392761983484181
0.5923312382344312,0.280385582143044
0.815851411823972,0.5605595719988961
0.94511379703703,1.0025574833071
1.0,4.994575506562667
