alpha,s
0.6248638690652802,0.0
0.8541144093246438,0.08075147031262175
0.7790208479148913,0.20463197792021862
0.9100643295084766,0.4308982519716658
0.9627409669971753,0.8885203683075308
1.0,2.9369469487536666
