alpha,s
2.6791749834763325,0.0
1.4267305601442906,0.04465097313951786
1.5350158634074924,0.16383682039806
1.2743724077004588,0.32804591277441414
1.085391997627538,0.7111880622690125
1.0,4.835546020635269
