alpha,s
0.00697966429534625,0.0
0.03409864926614626,2.00712328767123
0.16861982051077085,3.82739726027397
0.17242023942355938,4.407671232876712
1.550919784288039,6.10739726027397
1.0,8.03561643835616
