alpha,s
45.29913526914894,0.0
5.128389677997402,0.002909037591462281
2.4884155494586073,0.038322322111087125
1.6132215960448957,0.14578144820300928
1.1072783260086119,0.4485409204546227
1.0,3.6595089084927857
