alpha,s
1.2385369596043847,0.0
1.0034594390427465,0.1507277314529173
1.1969841896500228,0.39401364522636434
0.9273686126032731,0.6782105080625475
1.0879773508151316,1.2826251156830972
1.0,3.696405598424093
