alpha,s
28.34610403860233,0.0
5.525241803404394,0.0077915480663787425
2.958230937238077,0.05761911818109182
2.6470275093822377,0.1838089569437817
1.2838181881028743,0.4167500998462136
1.0,4.470434697868591
