alpha,s
31.734328597804556,0.0
4.986240383143216,0.00439858896861946
2.3470279148740887,0.04218497935149218
1.502636304160929,0.1614073429620945
1.335979857729417,0.5085358999627897
1.0,3.816270046028389
