alpha,s
2.2298648549689646,0.0
1.2817074496947458,0.05360889881880571
1.1273073372857376,0.18382855715050417
0.9033109866471747,0.4102339006404755
1.0540084921096828,0.9361081113040453
1.0,3.294117950676512
