alpha,s
0.9791928847502419,0.0
1.2916425888962688,0.08519508617303276
1.1343547142762134,0.18446683918397813
1.322540834839659,0.3699002758701225
0.8808478864167262,0.6699580006371373
1.0,3.675634182084326
