alpha,s
4.176329034793078,0.0
1.9690389235550636,0.04116472312647044
1.585170242361154,0.15239259622099477
0.9337452551419482,0.35824062199273404
1.324192988289876,0.9463375735200205
1.0,3.683181649191428
