alpha,s
0.006618035521699294,0.0
0.04681699812203422,1.960000000000002
0.09361835711167213,3.039452054794522
0.16637869293808816,4.407671232876712
0.621644763046852,6.320000000000005
1.0,9.4986301369863
