alpha,s
0.9928577495449783,0.0
0.835706872537687,0.0911495812393536
1.1499980637302682,0.2569904027413967
0.805634301847811,0.4568887580420847
1.0404412768567035,1.008801762767123
1.0,5.587759748208434
