alpha,s
0.6997355869917231,0.0
0.6060199507567819,0.09673530487634985
0.8026623556034529,0.2751957124761496
0.7562155784399195,0.4997576881778018
0.9131628155566971,1.0293024163608675
1.0,4.238640553272335
