alpha,s
0.6638495437514016,0.0
0.8145577198369022,0.09363061295326078
0.7101515458376316,0.21272682500785864
0.608804793354636,0.44520520602792274
1.0406959601178296,1.0252462518814187
1.0,3.155722726049724
