alpha,s
1.0749389106478326,0.0
1.1514526184471894,0.1032806112944625
0.9331645388956911,0.238472770353102
1.1229325561981862,0.48993391559996535
1.0428147944776267,0.8816328443143007
1.0,5.394593423344385
