alpha,s
2.1007274388575343,0.0
0.8747425075576803,0.0041686939259852
0.7440950923787981,0.051444346250044584
0.8149989490945992,0.19245530816700604
0.8596030024792358,0.5293678066905743
1.0,3.363205768805829
