alpha,s
1.0931159628988538,0.0
0.9526941089712214,0.11676822232608511
1.0877226119479249,0.2973573045341208
1.0336122627408573,0.5414946714898589
1.1075699185677257,1.0083499566453626
1.0,4.559395330244795
