alpha,s
0.02508664031595246,0.0
0.1796401206796571,2.01369863013699
0.04601063613556862,2.42191780821918
0.08898380897289261,4.17260273972603
0.21596983024189131,6.33424657534247
1.0,9.4986301369863
