alpha,s
0.8716487516379239,0.0
1.1117372169263886,0.14999076025629
1.364895032647948,0.31318239644076246
1.1656395654023317,0.5216120111678063
1.5799894746746166,0.9504563362175567
1.0,2.8370874126096437
