alpha,s
1.2206358379713633,0.0
1.2232211302567226,0.11136512738943366
0.8772655691160458,0.25939926957039033
1.2288949001506821,0.575983702645876
1.070489365300517,0.9778296940136324
1.0,3.4854798677956778
