alpha,s
2.5766854635377894,0.0
1.2595806354013352,0.0336734260874784
1.2330706824410151,0.1447664888669593
1.242589363632057,0.32867282555432453
1.1493914322142007,0.6984720104773955
1.0,3.804232756541087
