alpha,s
0.0012192036673622233,0.0
0.005025005645252013,1.23561643835616
0.014612573188252922,2.23013698630137
0.11056898424332409,4.17260273972603
0.31840913616503774,5.58904109589041
1.0,8.22739726027397
