alpha,s
6.533883558950055,0.0
2.525190071778285,0.00500558393931212
1.5984003530896393,0.03813812135994093
1.5001096746847544,0.1439360442302811
1.1572102610671053,0.40662757808821604
1.0,2.9959410619159703
