alpha,s
0.8548879458352622,0.0
1.0609419985852249,0.0833891897148568
0.922579841544676,0.21066595617789124
0.853363954289641,0.44278777904494554
1.1722854188255585,0.9626860457446186
1.0,4.220644982016196
