alpha,s
0.8855042213689839,0.0
0.9931884839171657,0.08755935465876809
1.0134573626628978,0.22670130429007407
1.1128367707204823,0.44898662014129215
1.3730683652756954,0.8630990231325326
1.0,3.462693262039332
