alpha,s
1.641094851659859,0.0
1.2165374380447258,0.045671876981512906
1.0619397238559298,0.15205357264895025
1.1275310764120128,0.3536313374737041
1.0275017749097899,0.7378134861235297
1.0,3.66669422355036
