alpha,s
0.6121150457627446,0.0
0.6853988085083338,0.09461504691131051
0.6134446831705316,0.22928714597822
0.7230106325970376,0.4937256754005418
0.7462774830804927,0.9656853243719402
1.0,4.319297740070597
