alpha,s
0.5483942637011864,0.0
0.6618617917996845,0.10052649574882828
0.7262227837125352,0.2425973342378562
0.7055005487471255,0.4726389623877142
1.2070264386902603,0.9628545196933201
1.0,2.5460136874153907
