alpha,s
1.0614818774454648,0.0
1.0106515687886748,0.1107267850013205
1.108702207495015,0.2677380709934235
1.0021894028165246,0.4866334228253605
1.0513078683099673,0.9369730552643806
1.0,3.809867318888948
