alpha,s
1.2278607564758446,0.0
1.0552151491224193,0.05648934319386799
1.1876533982104291,0.17721024506529665
0.8291417951011586,0.3429337371592077
0.4984376361045832,0.8011079503038303
1.0,4.849927514018924
