alpha,s
0.286669337668976,0.0
0.5763490314543392,0.1469179380753903
1.0036554907383939,0.2942052838319819
0.556569047891331,0.4400255270323265
0.4613375421000802,0.9376870577442286
1.0,4.505586021424279
