alpha,s
6.460486696030705,0.0
2.3461157416937373,0.0327291693516059
2.2757805469542505,0.1442345569474772
1.2724905609108415,0.3033209469660927
1.1908364655884867,0.7529271967530446
1.0,3.610859719316204
