alpha,s
0.017518476424777198,0.0
0.05281723472468725,1.901917808219178
0.15337540311551914,2.8931506849315083
0.09514796890895319,3.74246575342466
0.8294574198347999,6.577534246575344
1.0,9.4986301369863
