alpha,s
0.5674818096689733,0.0
0.6965630619572578,0.11353974917807474
0.721386522080028,0.25827912583983537
0.841045023227845,0.5013931432550274
1.1069978008980335,0.9548495506161615
1.0,3.712896067053788
