alpha,s
0.49681093478877375,0.0
0.6625977237143557,0.1166525121135885
0.9514585796101918,0.250260346940966
0.6889368711143945,0.41874819081850073
0.8889979952331013,0.9020170263469324
1.0,4.000278584410863
