alpha,s
1.83378505785904,0.0
1.4538370830447926,0.10799172833164077
1.3308715672670772,0.2803416520828712
1.349728041922446,0.5512693592871737
1.1354411918298797,0.996568764003993
1.0,4.316714595483662
