alpha,s
0.2832213964641255,0.0
0.46180953839557354,0.12165938202644902
0.7253332855649152,0.27139396357099405
0.6952790778263682,0.4707677642466705
0.9319411824493066,0.9489562059429493
1.0,5.37999093128056
