alpha,s
0.8771093434225411,0.0
1.3477100342360482,0.11460288935715764
1.4811613660234968,0.2239653904351908
1.079117697435933,0.3881352601641672
1.4031993921272286,0.7905823513686467
1.0,3.146525648564914
