alpha,s
0.3085493574200786,0.0
0.5180222986490207,0.11538572032153778
0.7162773781828652,0.26625346580048076
0.6012850381096924,0.5038191169639455
0.8170304728768479,1.0015188569192366
1.0,3.197648222068504
