alpha,s
1.7839664188830615,0.0
1.3688606395858465,0.0606454588042959
1.0914581026498964,0.17301480126157326
1.3500133453797591,0.407182115789538
1.0758928608548124,0.765409015272276
1.0,3.573594736231
