alpha,s
1.2421518375410154,0.0
1.2268221494181766,0.048970906441182904
1.1232126841832983,0.13190303779850993
1.0848671345318024,0.29603289357078094
0.9012564077049627,0.6467126723164142
1.0,5.220793784291554
