alpha,s
1.2350586495344504,0.0
1.189878913143029,0.0686930370409823
1.115546664361395,0.17622089660564438
1.0651142114690215,0.3651898142672148
1.1590748048301196,0.773179397136599
1.0,4.455846472967516
