alpha,s
0.011047848975213678,0.0
0.05088468176464168,1.2904109589041122
0.08448189624267856,2.3358904109589083
0.151438865054827,4.19178082191781
0.5503411507718603,6.277260273972606
1.0,8.22739726027397
