alpha,s
0.30339586364849,0.0
0.44200345230311855,0.10283408000108846
0.6528253870077262,0.25742394335662216
0.8054008243000813,0.48156978544887236
1.2767831527826012,0.8686493191868443
1.0,3.3507703652903693
