alpha,s
0.27653662915333943,0.0
0.5702050439077049,0.1207933119088727
0.7783298609986289,0.2584706665631004
0.9321811884534655,0.46094778019891336
1.0951079517013576,0.8793986213876817
1.0,4.723335741612782
