alpha,s
1.023269556534503,0.0
0.9639043865444206,0.1827665645676255
1.0606805221791153,0.4309968452006154
0.8905382287497514,0.7473718096340268
1.0322340378345367,1.3765000312810305
1.0,4.617488219302442
