alpha,s
3.8047198466372336,0.0
1.9827386590920815,0.054303371087120855
1.7754306012872536,0.18746946603119305
1.28601223087766,0.3872930097845031
1.33525034093705,0.8805209241074503
1.0,2.935187104324536
