alpha,s
1.059904859901285,0.0
1.1276727527967032,0.1925120261800109
1.1164530658863843,0.4212097294018083
0.9843265483768726,0.7479098350784025
1.5437540339437765,1.3909776379418974
1.0,4.805037123989259
