alpha,s
0.02314090108749418,0.0
0.19168731525412747,1.95342465753425
0.08762629353713827,2.307397260273976
0.36921517238852486,3.786301369863012
0.4063125059138798,4.823561643835617
1.0,8.16438356164384
