alpha,s
2.9425347860205666,0.0
2.4071425299920732,0.07087312214790001
1.8892709387995075,0.18152392216333813
1.6931312753872878,0.38318730974313236
1.7221659398777902,0.7431908897137416
1.0,3.686750306679903
