alpha,s
1.0824401040730964,0.0
1.0868336909001886,0.10625488866755627
1.1399015332618887,0.2517015314246934
1.2093212048218887,0.47171388851893253
1.2425743250930612,0.8448915522081116
1.0,4.516073847752743
