alpha,s
0.20415344975026362,0.0
0.3342828289097149,0.13875045033598815
0.42081238326839954,0.3241319862972222
0.4180135646950283,0.6277994569952531
0.4587946789132263,1.27417465963263
1.0,3.607042334323475
