alpha,s
2.3023956221604496,0.0
0.9938234892927184,0.0403367214307466
1.3548348672648025,0.1856867232145784
0.9743594285525322,0.35784706168656216
0.6872817142410802,0.7854953161827702
1.0,4.342733187546769
