alpha,s
0.8264914255335098,0.0
0.728580594255536,0.0834632033624422
0.7877362730399503,0.2366015632485826
0.7479141541428933,0.47273935251024884
0.6770439072317075,0.9771768141653924
1.0,4.964333802930437
