alpha,s
1.2028846500983157,0.0
0.8403274643614963,0.1644412127007676
1.3842536169393806,0.45983433362526915
0.9126986244534274,0.7250280244760902
1.4193576682679203,1.3683565198071013
1.0,3.4282319345965537
