alpha,s
0.6365812771002662,0.0
0.7566365463081235,0.13201380930480935
0.8730969406101763,0.2956008874881754
1.0438497384294545,0.5340952164192767
1.0212233553473429,0.9102530924089373
1.0,4.123846064166905
