alpha,s
0.6102229465045985,0.0
1.0489609172921517,0.1319511945626767
0.695650251528993,0.25787067888905707
0.7230776720809221,0.5362020958642932
0.6698682913840901,1.1374026717701482
1.0,4.250747078459559
