alpha,s
56.0734907933886,0.0
8.002130138844421,0.003936045840516662
2.5823395565084457,0.03808443407435503
1.9454717273339133,0.18125948161341238
1.2566060852254877,0.5075340154823993
1.0,3.284993381939961
