alpha,s
0.06890863366689977,0.0
0.16114218177971712,1.901917808219178
0.3449307350762411,2.8931506849315083
0.14451744099199984,3.74246575342466
0.9323299678911309,6.577534246575344
1.0,9.4986301369863
