alpha,s
0.8154099207720502,0.0
1.0636183721263404,0.15446656596769912
0.9360450036005994,0.31474162267272554
0.9721863615380018,0.5748179684465498
0.8648745990492028,1.037083171756413
1.0,4.329068946907556
