alpha,s
0.10477671555582943,0.0
0.1240901888286346,2.16712328767123
0.43097796726026383,3.74246575342466
0.3117039954262859,4.600000000000001
1.04717408831321,6.73972602739726
1.0,8.17808219178082
