alpha,s
4.098329037235832,0.0
1.6445362695760872,0.03586559595760924
1.9029933159804284,0.15481175215276133
1.771554146707047,0.3134530631281794
1.949826191641195,0.6287098838466717
1.0,3.0253747241858227
