alpha,s
0.35892274976084676,0.0
0.6921496664866805,0.1284787922507682
0.6923166768944603,0.2706624418411544
0.9328703425043344,0.5497298843585561
1.1288954235272401,1.0354325896537044
1.0,3.8609474460247233
