alpha,s
1.080498140682927,0.0
1.0254848459998689,0.1753319731801948
1.1059812736970451,0.412422246276559
1.0044698807300736,0.7196499679384991
1.031665437561915,1.2943905077926696
1.0,4.611716878917424
