alpha,s
0.7098114184504016,0.0
0.8442504940798646,0.07361357551273569
0.6960340522551461,0.18916772482993194
1.032433021852588,0.4712781798180561
0.9682763193871918,0.8390751519178363
1.0,4.122654026431821
