alpha,s
1.1625381609054364,0.0
0.8889811784400807,0.050845278829371704
1.2331170104605804,0.16608926198745438
1.1330093796952716,0.3134065560177848
0.9467728365874639,0.6558322796240162
1.0,3.0424885067449177
