alpha,s
0.9017622332415542,0.0
0.6756628830992071,0.05574483252930652
0.7310344903822081,0.21239086453997585
0.9238999153743043,0.4709695386999435
1.1355307383602147,0.9007574999597148
1.0,3.3702119626530243
