alpha,s
0.007502461109088936,0.0
0.05084353641180528,1.98630136986301
0.11338654360608173,3.1068493150684944
0.2723321428857114,4.41643835616438
0.49501849778579204,5.85479452054795
1.0,9.4986301369863
