alpha,s
0.45708847881020265,0.0
0.46435562714251366,0.08898892807308528
0.4135179227528175,0.23245032738849458
0.4518424826508494,0.5018285278093606
0.20293506429235877,0.8920085298212626
1.0,4.456184545115095
