alpha,s
0.013822566545117182,0.0
0.03525668687339479,1.316164383561648
0.1270399321178779,2.9304109589041105
0.25486050572384916,4.208219178082195
2.326287650778011,6.13150684931507
1.0,7.07397260273973
