alpha,s
0.7958185558460248,0.0
1.0153514816741311,0.09781879360339088
1.0365208569052893,0.23286812635326923
0.9952692660250366,0.45430893298864916
1.4687096795162597,0.9278328530038102
1.0,3.5632019841147446
