alpha,s
0.3839220107906872,0.0
0.46339391251421463,0.1130628143122296
0.47470058233746343,0.2728455192206029
0.8863664918390637,0.5732218149621955
1.1273429537004263,0.9501126951843354
1.0,3.164880413279162
