alpha,s
0.5076516012744753,0.0
0.4406598703624865,0.0906324628291549
0.5886306257541433,0.2547949158646525
0.5166278265911113,0.4563038433780112
0.44329913305229296,0.9227599005529699
1.0,5.583390420342542
