alpha,s
1.2197193707600325,0.0
1.0181032335043554,0.045774861697460416
1.2754205097834175,0.14593574855781657
1.0639233943891977,0.2900214040084958
1.3199713505498099,0.6575968632259521
1.0,2.759584076546882
