alpha,s
0.2853367900514206,0.0
0.6002662000401079,0.102554697375303
0.5810020872568405,0.2212330329975909
0.7936649229615216,0.473974416708404
1.172491624739905,0.9280756034117684
1.0,3.476719948226652
