alpha,s
0.28045476948076725,0.0
0.563281070357276,0.1187646885479542
0.5460215442348534,0.25309470273903384
0.8381479484622151,0.5239067787143987
0.9435719398656232,0.9586206352691092
1.0,4.826991628370492
