alpha,s
0.8482151764047625,0.0
0.822234088503371,0.040028606847660624
0.7474102943350937,0.12692937806297547
0.9846732957735692,0.32619463806736393
1.3173666126320955,0.6938796637082268
1.0,3.11190737679788
