alpha,s
2.9882460196988463,0.0
1.2672912977841952,0.00662967417590056
1.2390575105605832,0.053384668043249824
1.0120705967555714,0.15823428883877633
1.0970595227526083,0.4865315838158703
1.0,3.439286472782219
