alpha,s
1.1317095340018897,0.0
1.0918290913111437,0.1699479394748578
1.094545819784438,0.39775052666518795
1.038216901004513,0.7198871336831089
1.3624374482682193,1.2833635713192488
1.0,4.0244141699682725
