alpha,s
5.9395699767318275,0.0
2.7963575892431902,0.030835271273028278
2.4550035252094755,0.11210530219980745
1.7458459770717867,0.24976543687734382
1.128136936216412,0.5597024593942066
1.0,3.7218382374915335
