alpha,s
1.1509915308017,0.0
1.295859834502925,0.11328948911723727
1.30712226777916,0.24708399110413573
0.9630574353281522,0.4450443261644885
1.2802673414938692,0.9641169083778243
1.0,3.945398841773504
