alpha,s
0.7522380890421823,0.0
0.7780960527685322,0.08836765041054608
0.7979325765934299,0.23933959687308937
1.0315185678309422,0.501916574965769
1.1191538545333015,0.9123888314249177
1.0,4.5524182859160565
