alpha,s
0.7703133988482088,0.0
0.995626883394812,0.1081178753817632
0.921547313052624,0.2469075451249335
1.1907742364485578,0.48594234144783593
1.5188991355023487,0.9157772386786402
1.0,2.619758737750639
