alpha,s
1.1041768638647251,0.0
1.3038564536427846,0.11879502616160796
1.0007234264297138,0.25814718052373337
1.1005550076315729,0.5304918009686396
1.3442070928488967,0.9911309810944722
1.0,3.4364944181850703
