alpha,s
0.9762604810831019,0.0
1.052629401241888,0.07902643368839805
0.910274253492178,0.18831540987215808
1.033190499849382,0.39809979295362125
1.248236842641312,0.7803239380758485
1.0,3.1292811499420283
