alpha,s
2.4420881462495556,0.0
1.3007464084466658,0.02983330574565066
0.9997185432952896,0.1272713682353731
1.037861410135935,0.3460141527890504
1.3734377551683572,0.7899198004657013
1.0,2.630502213321056
