alpha,s
0.0636306726531076,0.0
0.17695368773098205,2.290958904109592
0.528438457059887,3.670684931506852
0.47190217130175066,4.403287671232878
0.7178019463074169,5.94520547945205
1.0,9.4986301369863
