alpha,s
0.10671316240018998,0.0
0.2811117454355646,2.01917808219178
0.3937139953004267,3.01095890410959
0.2527522709715486,3.818630136986305
0.6921441145997312,6.349041095890412
1.0,9.4986301369863
