alpha,s
0.00823378370682376,0.0
0.03184735627854076,2.186849315068494
0.034441123185451526,3.6115068493150666
0.4754978674581301,6.2915068493150725
0.32315668135132125,7.04383561643836
1.0,9.4986301369863
