alpha,s
0.10880547630561264,0.0
0.15328775939031836,1.168219178082196
0.1134966567858611,2.190136986301368
0.24742915681216,4.198356164383564
0.5582893763599777,6.128219178082195
1.0,8.22739726027397
