alpha,s
1.7878296131491447,0.0
1.7698720527821534,0.1115829032813573
1.5780506785245103,0.2519159693111881
1.189522008326978,0.46900752495686493
1.1137184839176058,0.9583195319576814
1.0,5.151442703850677
