alpha,s
2.4189232018380546,0.0
0.8230328641265219,0.003563478526192141
0.9044268202255867,0.051279709768351285
1.059354223281492,0.1579072756531227
0.939641898482275,0.4114665023626015
1.0,4.004838277862147
