alpha,s
1.1107500314495298,0.0
0.7997684951791474,0.10250688009789559
0.960799117293299,0.2947696244083531
1.182603741276733,0.5455452287304963
1.3849056774540174,0.9417538324336658
1.0,3.7034310861554687
