alpha,s
0.3989868952458153,0.0
0.4684094773221652,0.10589407173937729
0.7560177294559597,0.2621797941363664
0.47202479539166264,0.43249238646837845
0.8727124366408656,1.07071818953442
1.0,3.806533688210988
