alpha,s
0.6580621398543062,0.0
0.6503374560634546,0.09305802675608905
0.7312541375664555,0.24721459548211142
0.9384952752364139,0.48020651679541926
0.8109720409219742,0.8633011682262045
1.0,4.640130843602332
