alpha,s
1.0381046216817615,0.0
1.1670435631481457,0.11393705936943026
1.3453817105695374,0.26045054619155683
1.1645319747826293,0.4489488545899884
1.3460748694924232,0.8647453647689013
1.0,3.642720684610076
