alpha,s
1.907110506709913,0.0
1.686264438473964,0.10748123960254331
1.5649789057398875,0.2615000493549945
1.740194031773121,0.4907971826618034
1.306950082098776,0.8458680994546899
1.0,4.479004169491691
