alpha,s
0.8653112692517,0.0
0.831506668873654,0.08073987139081049
0.9365038216166907,0.22736872477402675
0.9221845854662146,0.4576374876583678
0.880367353374907,0.8959204442464576
1.0,4.559052452781207
