alpha,s
0.9196242987976191,0.0
0.46566869932948934,0.048690605619637804
0.6356201048534124,0.2502328204951164
0.947840003022181,0.5228430158945678
1.2185121364457192,0.9242889664777515
1.0,2.8836556035221386
