alpha,s
1.0623504148691538,0.0
0.9417191062683418,0.0579870476505613
0.8409929738605192,0.1783849666899873
1.0229136716067007,0.4200504445764769
1.0260813336385917,0.8297323797398413
1.0,3.924346327313703
