alpha,s
1.110099792835156,0.0
1.1013020652897147,0.08415938347324443
0.9437832406681279,0.21111109452327909
0.9975813199686079,0.4588586119017098
0.8589790416027154,0.9002753040201221
1.0,4.782162892905599
