alpha,s
0.8444034603384147,0.0
1.2084316785290976,0.1361996264848774
0.9342146524493989,0.2656355056037185
0.9994156605802795,0.5269890977979426
0.9997988104545559,0.9919234190541298
1.0,4.922849623675086
