alpha,s
0.89436418516142,0.0
1.055818889032796,0.13527939623215576
1.2754248844837606,0.2969925071373398
1.0273882672170265,0.5002295025107037
0.9148783662123737,0.968301745278512
1.0,4.158933675064472
