alpha,s
1.5963939373423106,0.0
0.9515259075147593,0.04924359075648902
0.9298835595656906,0.1883540708355697
1.7250185019555155,0.4250349155227674
1.1084479968830911,0.6920720002704064
1.0,3.4763786039064035
