alpha,s
3.632167346361406,0.0
1.53471585465089,0.0030332412181838407
0.8197896800941806,0.037192488763817005
1.2489086285733009,0.19126698519269322
1.0980000757171402,0.4550006078714817
1.0,3.534425613493713
