alpha,s
3.5282582264176225,0.0
1.57402510091811,0.04924359075648902
1.3213406175205493,0.1883540708355697
2.1315376606197325,0.4250349155227674
1.2456078162613993,0.6920720002704064
1.0,3.4763786039064035
