alpha,s
0.7770397305045994,0.0
1.2635003126134539,0.0869769733076566
1.1149438343095601,0.1697657918734348
0.9242510854636393,0.3282777129901137
1.314413380429304,0.7678089548048709
1.0,2.9294235089004297
