alpha,s
0.9318520267203346,0.0
0.9118193173182138,0.10617792220042552
1.020911242433383,0.2600607532939751
1.11791174759621,0.48062571983225155
1.231688345363676,0.8933198308404704
1.0,3.9183596899589626
