alpha,s
2.2482471789002876,0.0
0.9661580297414969,0.004242935071261962
0.8998212339258462,0.050560450733392645
0.9490617661245501,0.17535923247364357
0.8359577024854773,0.4752247469652515
1.0,4.424852157860208
