alpha,s
0.20934660730577936,0.0
0.5809977010449024,0.1502044783112517
0.5844349033374203,0.2734602889575167
0.9473715836309239,0.5322712178843964
0.6840492558228275,0.8802562642915719
1.0,5.1194200143050255
