alpha,s
0.3491810626869807,0.0
0.5151664783176999,0.11723447978231996
0.7976715495726784,0.28862664347515377
0.6791396627713706,0.5069916242414022
1.0868118933003421,1.0860165416818812
1.0,3.475175199554605
