alpha,s
1.2163137824238681,0.0
1.1327607881658424,0.04593506398102918
0.9846051368310716,0.12832447075634562
0.9897022008742462,0.3030823053771702
0.9595640421407745,0.6726408109936444
1.0,5.1736198434562
