alpha,s
0.40162094085014816,0.0
0.5854134701450086,0.1245137311113527
0.6341752201814624,0.2602292677863143
0.636779614792905,0.4903979108810862
0.8457940096275401,0.985020746817345
1.0,4.493345910591978
