alpha,s
0.7580088170008834,0.0
0.7081565601546781,0.08812259667223592
0.8100927279124591,0.23409453579375214
0.7714694264094378,0.44676666572371543
0.9107597543992478,0.9178112580259068
1.0,4.371995086285702
