alpha,s
3.821958809944416,0.0
1.9339673055939373,0.046699973596372804
2.0925689085740347,0.16197602731382763
1.2627598687538406,0.322167659594514
1.1695043340161815,0.7760905794324798
1.0,3.343349552670907
