alpha,s
1.0431170146071342,0.0
0.8992646316848697,0.1813497351716404
1.1818301163627067,0.4506070971899938
0.998713577799461,0.7381701600613115
1.0693061446446603,1.3109830248822836
1.0,4.609101634025565
