alpha,s
1.0490195181545405,0.0
0.877759943585739,0.010615222620895043
0.9313162726347314,0.07219962625012687
1.0157694914499564,0.2324996872946343
1.0921308276275143,0.5771757549308403
1.0,2.463394970884131
