alpha,s
0.4202325538818438,0.0
0.45162045996781386,0.10808856987253176
0.8305334800650005,0.30272676957295913
0.7979803325763122,0.5036427521782186
0.8463162320420297,0.9621797617534515
1.0,4.316814209145159
