alpha,s
0.27730769650976866,0.0
0.775917309969639,0.13775909093283847
0.4699084407850639,0.25032312706296483
0.5051235267455804,0.6266387611327656
0.983231765799884,1.3513164177102586
1.0,4.049229227663679
