alpha,s
4.417455715219453,0.0
1.5528841355615544,0.039618424561434884
1.6499981152441137,0.1843547567558208
0.9908654631980301,0.38586389857852166
1.3316825546813544,0.9663349795412357
1.0,4.0158099993527205
