alpha,s
0.33191101969124653,0.0
0.7085126425812718,0.1183842262817611
0.698120001767557,0.24564465596236287
1.0828208110546056,0.4939950601403598
1.1398704740376513,0.904852883675656
1.0,5.573011396035069
