alpha,s
1.3884573925850414,0.0
2.1702822495432548,0.13775909093283847
0.9629168966190027,0.25032312706296483
0.8764012597172818,0.6266387611327656
1.4984740104376042,1.3513164177102586
1.0,4.049229227663679
