alpha,s
1.0605821150531158,0.0
1.4761031672358633,0.0839736583053987
1.2036810684454218,0.1790845836501493
0.9550357902519604,0.3634813045229973
0.8284678148580388,0.8130508899306618
1.0,3.619744407871695
