alpha,s
1.0779978933155807,0.0
1.114456078419179,0.08716777993866998
1.282104287601029,0.21813042404494884
1.0827982452081204,0.40657257578799755
1.0144162463412312,0.8294376025644035
1.0,4.079844552652603
