alpha,s
1.0238674767728677,0.0
0.9293003336794627,0.05242600065405939
1.2665412430976286,0.17030680949540894
1.162615466176438,0.34133029868507553
1.0070554889996992,0.6968052564404913
1.0,2.8899090551164863
