alpha,s
0.8951252989344278,0.0
0.9157174551280024,0.1141058111997844
1.0823933199918208,0.27828363066960365
0.902270609858317,0.495914416215228
0.8613456099511748,0.9784105192213084
1.0,4.622070238539038
