alpha,s
2.57819294171408,0.0
1.652765236343813,0.0654560227990503
1.3079833142913948,0.1974710942896118
1.002207458821986,0.4292206762364384
1.4697249547281477,0.9921233392471528
1.0,3.357180834790992
