alpha,s
2.907021258178749,0.0
1.2233037657776573,0.0038981478970560603
0.9852564237550387,0.04267442635807703
1.0709967921165966,0.168849315788092
0.8529781310534612,0.44964968923791443
1.0,3.6391224829422337
