alpha,s
1.1550975835935073,0.0
1.2417548266755967,0.16965539226817566
1.1591064278084475,0.36654373261720674
1.0241986437315453,0.6682044138320721
1.0890646099872283,1.2348290508843776
1.0,4.365906598155989
