alpha,s
1.3741440762282793,0.0
1.4689767944581822,0.0465371276377706
0.9707420451815801,0.1294720751118017
1.1216166049963316,0.3607705807262973
1.2382984833283295,0.7476603939649482
1.0,4.823816853960435
