alpha,s
1.1443350408761677,0.0
1.2868422961816692,0.11634053162252041
1.138147930852583,0.2506843293505921
0.9678847575601061,0.4735969691286289
1.0657524802011429,0.932015064847837
1.0,4.283762652800328
