alpha,s
0.9782448744287567,0.0
1.0864592046795523,0.1351229266152327
1.098783865492934,0.2989044429607803
1.021486578495254,0.5420909225017438
1.0385798670332433,1.025241754222033
1.0,5.543621268146137
