alpha,s
4.180340406963367,0.0
1.8091968537296632,0.05014110009272
1.72911437533715,0.18804261314072057
1.1301719351168549,0.39539231497749067
0.9877573518454719,0.9178432209362162
1.0,3.5152874049639125
