alpha,s
0.37007433417266555,0.0
0.6212049316807274,0.10486019697001127
0.6847690591465939,0.23863843145315133
0.9424150217474616,0.4924631194640745
1.2945776965379263,0.9206635486275762
1.0,3.6839267922668864
