alpha,s
0.22527073879321782,0.0
0.4507355146786594,0.11285687073975681
0.69959209913716,0.2623638400710011
0.8819506465662565,0.4857632905816496
1.337489683309047,0.884687738757814
1.0,3.94341039030752
