alpha,s
3.6824114270451047,0.0
1.2475335200462967,0.00408040222071852
1.088138439729578,0.050416226850317866
1.0445166072785337,0.16917519282916035
0.9149780041739566,0.47479744871620494
1.0,4.980269443795029
