alpha,s
9.468228684594157,0.0
3.103929992820651,0.00911859905805628
1.6800429097574288,0.051344518338278564
1.4589631443708282,0.18255255710733673
1.064444793534787,0.4928545605956517
1.0,5.417777165788888
