alpha,s
0.9998094993128006,0.0
1.03388849900442,0.05640110288807422
1.0332109457389795,0.1496186520876699
1.0355136935558147,0.318831250942912
1.1268405958973713,0.6891136363673855
1.0,4.166271059813992
