alpha,s
1.5819934112397345,0.0
1.9900740011064884,0.12744333028324184
1.4275970711516612,0.25576562875364045
1.26503605616115,0.5053384831260623
1.196384422832422,0.9667526555651349
1.0,3.6481968958717057
