alpha,s
1.024541024304735,0.0
0.9173558945571478,0.04484706761651576
0.8949768566166287,0.152149809781808
0.711871468662516,0.3473735080353431
0.7121684416106405,0.815859080855315
1.0,4.729421699518467
