alpha,s
0.3735022924915361,0.0
0.5402766859219958,0.09305802675608905
0.7146457233426987,0.24721459548211142
1.001534587486747,0.48020651679541926
0.9393539511379061,0.8633011682262045
1.0,4.640130843602332
