alpha,s
1.0620206306139626,0.0
1.1406081826748742,0.06645389977449351
0.9920996747976368,0.1738583499388542
0.9547423686933901,0.38032977827406866
1.1430507953169649,0.8301186391227829
1.0,4.050202131588862
