alpha,s
0.9852632837856943,0.0
0.9507553576504949,0.08300980569162765
0.8621952226680824,0.22221803124401995
0.962007484090951,0.4762798595524136
1.0218819097811924,0.9599642495045448
1.0,3.373647367657056
