alpha,s
0.8804939989339574,0.0
0.742192131615788,0.0779013721142578
0.6454853408980282,0.2498896838282442
1.0950066384606547,0.5954261628543358
1.4038872906198954,1.002824875589717
1.0,3.035702672155045
