alpha,s
0.6168791254700235,0.0
0.7941683579714792,0.10984320787936983
0.741030784800777,0.24885564568997304
1.1025092927331086,0.5037101779460172
1.1424276425163593,0.8818341724354765
1.0,4.268482492243935
