alpha,s
0.5976460448064723,0.0
0.6678725403639871,0.10209840068115227
0.9117356258331211,0.251013415388944
0.8686792565362692,0.4405514013105714
0.8472924693245693,0.8358323584141698
1.0,4.822145655798697
