alpha,s
30.921542123092937,0.0
3.9272336265518826,0.002909037591462281
2.055303054325095,0.038322322111087125
1.4218368726457002,0.14578144820300928
1.0395384842238329,0.4485409204546227
1.0,3.6595089084927857
