alpha,s
4.2850683167987675,0.0
2.4090829872002524,0.04810664324719048
1.7355986184374088,0.15461935606353353
1.8673902049632642,0.35185333891815923
1.1391988507090776,0.6744087525326858
1.0,3.789521963153752
