alpha,s
1.5666373177892885,0.0
0.9970044950193403,0.04183520030177193
1.1057177321592,0.15875947651207267
1.1210626380574338,0.34707198887965285
1.1850108330736675,0.7301178531657654
1.0,3.753147189056501
