alpha,s
2.5585014934582953,0.0
1.1900465552113835,0.0018047940653931405
0.9861866756084058,0.03411137538408366
0.8869584408271699,0.14017748040845945
1.0025554341470773,0.4861782186724274
1.0,3.420288277992957
