alpha,s
1.3649776920347838,0.0
1.0480023898765045,0.044538039268147145
0.9134472906459551,0.15373593629210996
1.008298091269246,0.3741675054506542
0.9098730459317964,0.77222113433122
1.0,3.4441905698313318
