alpha,s
54.79861502956918,0.0
7.3004896316376735,0.004067179406949581
3.472904463332202,0.04162532834790053
1.577695465687396,0.15095099134372236
1.3561553869885095,0.5519552674244494
1.0,3.7731463706284063
