alpha,s
1.1506039444091083,0.0
0.8645851241328624,0.0632731234810008
1.0650882070474732,0.211099907737754
0.8415598446522272,0.41726244766172915
0.938708183897528,0.9189218870902672
1.0,3.72906500423305
