alpha,s
0.9984191018378965,0.0
1.0080896650542657,0.10973894919434377
0.8433742249997566,0.2674755005290343
1.0135089828353319,0.5626151836872194
1.4426397608664552,1.0516278393011473
1.0,4.49605974893398
