alpha,s
3.3932633072625795,0.0
1.348458808861715,0.004235200375295682
1.101833009863908,0.04381375940843959
0.9995324456367924,0.1607805110162542
1.0284931469118712,0.4738299974806144
1.0,3.923424705188135
