alpha,s
4.052075363301113,0.0
1.6205318848015409,0.041946990614048926
1.350109223684568,0.17924698930595057
1.385698366598246,0.4127333436653424
1.4303745176376634,0.8023504039287976
1.0,3.388748827639392
