alpha,s
0.9479610715364731,0.0
1.004543843515611,0.13711993601437034
0.9951735385127338,0.3057350561295904
0.90142078537785,0.5677922159212035
1.1021471115362504,1.0736389337910413
1.0,4.225709456753607
