alpha,s
0.3454711781965663,0.0
0.5278757669336603,0.09191707103822352
0.4000112506188573,0.2525841462161956
0.5194026567859538,0.7159416782583562
1.1615927567935278,1.3740772683765292
1.0,3.6198647960064942
