alpha,s
1.4036038713481473,0.0
1.3876808618298737,0.0362652189335844
1.0771563980994354,0.11964217996219573
1.0368046958918644,0.3198617574772071
1.2187871184555161,0.7579033408523613
1.0,4.361409473464636
