alpha,s
0.9906466105113073,0.0
0.7329070807315714,0.08622656528917436
0.7982679356489027,0.28164019781894706
1.2191957505874795,0.5944702872989365
1.1187401197095164,0.9571985962891817
1.0,2.8613832105551693
