alpha,s
0.2478360842086215,0.0
0.5297143220222876,0.11879502616160796
0.5805502906341579,0.25814718052373337
0.8249326389289677,0.5304918009686396
1.2435751149660694,0.9911309810944722
1.0,3.4364944181850703
