alpha,s
0.0708914875258124,0.0
0.07686489984592426,1.316164383561648
0.17761165541648782,2.9304109589041105
0.26854958005614527,4.208219178082195
2.2931736254356974,6.13150684931507
1.0,7.07397260273973
