alpha,s
31.086585685362806,0.0
5.694335234631287,0.004705321666195063
2.792941105254059,0.039554701407173806
1.8920139531347284,0.14461828378214758
1.4958402107093698,0.42469698549567714
1.0,3.360715362884355
