alpha,s
13.733274837551479,0.0
2.540825673692351,0.004735541948180801
1.732144857858701,0.0486931847406529
1.813741445183436,0.16638530615846975
1.197757345018578,0.40035784073525355
1.0,3.5089279981268127
