alpha,s
6.1930059179488754,0.0
2.810959831772489,0.033719052579219456
1.8984049534729452,0.1245285472325692
1.8273999836565016,0.3179058954999696
1.2573261820814332,0.6419668171478055
1.0,4.540256284302601
