alpha,s
0.28688607181849474,0.0
0.4301244902939887,0.12487395232768957
0.7327296703968291,0.3204080719405544
0.8449283602335733,0.5504933669156575
1.4855297536416339,1.0081773099550932
1.0,3.2272984015104247
