alpha,s
1.0583047549917288,0.0
0.9986555502976184,0.1235631931487701
1.2185870367643235,0.3009884076185787
1.0053618482839108,0.5137506927367393
1.0977613669130686,0.98899487469567
1.0,5.172562042032128
