alpha,s
0.8690892152725262,0.0
0.7638510317570343,0.0973995472578857
0.5477008574433514,0.2601532118171613
0.8882245472025458,0.6350306331777081
0.705540921311873,1.0588414956209145
1.0,3.3729651083187706
