alpha,s
1.0559710893733583,0.0
1.0221144712144563,0.12558870405984063
1.4939883648073848,0.29956422347604195
1.1664543083462315,0.47502191894435747
1.21315907825144,0.901272576040105
1.0,3.9574784705601656
