alpha,s
1.5113595885228575,0.0
0.8733012101926892,0.041288341160850194
1.2271307461480883,0.17556165814095276
0.9680553358432652,0.34886025790944136
1.0995052989046323,0.7800914178367123
1.0,2.9736159006829825
