alpha,s
1.1925480237847625,0.0
0.8525008269852424,0.1004246940546066
1.3029013733315116,0.2890360027845476
1.14916423898378,0.4779689541918739
1.0293420779279532,0.8768330450420992
1.0,3.80011485226848
