alpha,s
0.9557606324692199,0.0
0.8441063092445593,0.0731662364651668
0.7888620872190218,0.22297913875339223
0.9559795049664155,0.5059926507317531
1.420682751803101,0.9520403112916626
1.0,4.538212885355732
