alpha,s
1.2711140833278516,0.0
0.8535043727771928,0.07284685686319034
1.480540216898169,0.25207615755306145
1.1613089300637158,0.40640621666025706
1.5407674247397998,0.8109442617269608
1.0,2.4535614133593517
