alpha,s
0.0031528693417682296,0.0
0.013884467115128717,1.550136986301371
0.04106802628279919,3.087123287671234
0.07792871156099662,4.41643835616438
0.7402006759991577,6.2915068493150725
1.0,8.17808219178082
