alpha,s
0.027645371933355894,0.0
0.07901241292023167,2.290958904109592
0.24329238382956256,3.670684931506852
0.22666287158170623,4.403287671232878
0.3394343913196165,5.94520547945205
1.0,9.4986301369863
