alpha,s
0.6420612187717322,0.0
0.6713255017374296,0.09272410980422315
0.616482199042824,0.28439802894759975
0.7328901444523246,0.6066359174830713
0.9451971750884951,1.151579231282854
1.0,3.251472069480809
