alpha,s
0.001212190325356291,0.0
0.007339450199297901,1.23561643835616
0.028143763642377872,2.4104109589041123
0.0697119272556139,4.23232876712329
0.27703661043426325,6.26301369863014
1.0,9.4986301369863
