alpha,s
1.0506746136062959,0.0
1.0831699689034822,0.180888349452352
1.226880494910463,0.4071371806271395
1.1585827210563306,0.6855723579960781
1.1637452721725623,1.1659864033746559
1.0,4.242235433174304
