alpha,s
0.5110388238424074,0.0
0.7599388280985079,0.12895524898348207
0.8406230834843119,0.286317601727441
0.7279445269435906,0.5331683828943985
0.7755203319710636,1.0585903825483436
1.0,3.6142382420381
