alpha,s
3.033640642395294,0.0
1.3117183576789277,0.00435704131108562
1.1185433000302454,0.04488582655868843
1.1336222210606062,0.16184337618133984
0.9988846082033324,0.46803183205886595
1.0,4.665690730262019
