alpha,s
3.17355009035968,0.0
2.49318596514826,0.05555352030279258
1.5539678064673907,0.14675596815812747
1.5198202566489036,0.34994973162142523
1.3710620331446706,0.7498772779578474
1.0,3.034540826800277
