alpha,s
0.913036584483405,0.0
1.0113266796256453,0.06340854441973315
1.008791934869532,0.17801546427211612
0.8263055070254719,0.39958238160775883
1.1095428473134732,0.9275769130286128
1.0,3.8248501571294913
