alpha,s
17.84741668534933,0.0
3.8047286637276874,0.007984399214140963
2.068915623741626,0.05885656637931038
1.450760047104954,0.19321380271369262
1.3851380924467873,0.5580887194382861
1.0,3.1426852108961336
