alpha,s
0.0012243261652954741,0.0
0.010187628760649567,1.2904109589041122
0.03142199730765874,2.3358904109589083
0.0926269924248823,4.19178082191781
0.5073275395914176,6.277260273972606
1.0,8.22739726027397
