alpha,s
2.3854707589836033,0.0
1.4548721142152892,0.039775760662727665
1.7027397400009818,0.13319664955966
0.9121642136816493,0.27470226792105623
1.0165097759386381,0.7590852757275791
1.0,3.461809903397085
