alpha,s
0.9612845266831681,0.0
0.9181455204915712,0.1984119249429391
1.0485260097036946,0.4696473963871665
1.0518076494718767,0.801086592898321
0.964667772331659,1.3681938615637337
1.0,4.214390685978221
