alpha,s
1.3827266989244498,0.0
0.8781940329992847,0.06540552125361324
1.0053212082949765,0.22626474889131992
1.2193720937497758,0.462090803768525
1.3540333347619962,0.827972930736059
1.0,2.196010053178592
