alpha,s
0.04963884977884645,0.0
0.43342762383328676,1.9709589041095859
0.06805919880016574,2.29315068493151
0.13780388436516564,4.3769863013698656
0.5108100947025033,6.97534246575342
1.0,9.4986301369863
