alpha,s
0.0076140507758960425,0.0
0.08510773277875086,1.8295890410958944
0.028833428207839996,2.29315068493151
0.0716393643079145,4.155068493150689
0.12102918649480462,6.26301369863014
1.0,9.4986301369863
