alpha,s
0.3040809294871913,0.0
0.44776965355722076,0.11838979703899598
0.545180701537441,0.27336907842300767
0.9369220615553496,0.5325896090616383
0.8786653677587549,0.8835827458539612
1.0,4.097687078114716
