alpha,s
0.4926116617465721,0.0
0.5941695823523859,0.11845593799889552
0.7375073632796413,0.27742182835240087
0.9242628532403756,0.5071448042073151
0.9954916948557089,0.8930455310849112
1.0,4.838411122192686
