alpha,s
0.15941580631081204,0.0
0.2725165507403874,1.2630136986301361
0.35010407845004493,2.23013698630137
0.2847999458419073,3.28767123287671
0.7192505574137544,5.133698630136983
1.0,8.22739726027397
