alpha,s
0.90293733907945,0.0
0.9696768175184803,0.09827545891146573
0.970757174117612,0.24243754087378916
0.7730614453256294,0.47414765990091934
1.0424445813749799,1.069041324450833
1.0,3.9699377276019896
