alpha,s
0.048423321486213054,0.0
0.05831129018832374,1.95342465753425
0.12300992473274831,3.815342465753422
0.37927350867110476,5.731506849315067
0.7768857007074653,7.04383561643836
1.0,8.17808219178082
