alpha,s
0.0016940676513523838,0.0
0.009479768142160899,1.3041095890411
0.0809689282804794,3.04109589041096
0.20876297130059934,4.123287671232881
0.4300684255098935,5.85479452054795
1.0,9.4986301369863
