alpha,s
12.83520924727069,0.0
3.3359081571720255,0.00500558393931212
1.7942770258009386,0.03813812135994093
1.5177845199904787,0.1439360442302811
1.098470038140288,0.40662757808821604
1.0,2.9959410619159703
