alpha,s
0.9816939663021956,0.0
1.282126026778592,0.19388044540565882
1.0143743178463005,0.38341217816163164
1.1152154415289521,0.7140030285975242
1.114847739055405,1.2111389573192726
1.0,4.068849678576373
