alpha,s
41.81047217419304,0.0
6.81759929920198,0.00529933097394684
2.879177874931346,0.044981701749766755
1.8632866418591352,0.17307989344241068
1.3899037681852364,0.5205143144178094
1.0,4.569716671557845
