alpha,s
2.018280140861536,0.0
1.0156770006332465,0.02394245128332292
0.9249634538348122,0.12299052373305201
0.7944984981667578,0.3122029888277015
0.9585218266201123,0.765711365046892
1.0,2.67016696223194
