alpha,s
0.11942594494187957,0.0
0.5502813796341316,1.95342465753425
0.31252522066515837,2.383561643835618
0.27841591288359196,3.727123287671236
0.6370787709842546,6.33424657534247
1.0,9.4986301369863
