alpha,s
1.2872561341607394,0.0
1.036493775637758,0.04859299800886176
1.189252140860142,0.1464570694220314
1.1228190927034216,0.2956133283102619
0.9987474633435988,0.6355820726288088
1.0,4.635301692794607
