alpha,s
1.0355624536075185,0.0
1.0314169592858042,0.1058340606825552
1.0375682043481695,0.2648964461608031
1.1190363709756344,0.5146123294604242
1.0232441045957665,0.9362787208956408
1.0,4.40040854167147
