alpha,s
0.08513102765693945,0.0
0.09742356043050392,1.95342465753425
0.2003978571806338,3.04109589041096
0.23999986467902812,4.191780821917811
0.6039033621033816,5.94520547945205
1.0,8.22739726027397
