alpha,s
0.6561813775307812,0.0
0.8106387790480638,0.11538572032153778
1.005056385042121,0.26625346580048076
0.7967108492303085,0.5038191169639455
1.1392574626070617,1.0015188569192366
1.0,3.197648222068504
