alpha,s
1.7825972033010515,0.0
1.359518293125719,0.04415408714121984
1.1398934373017071,0.14261201046886526
1.2984871592995069,0.3391456558483502
1.2053909568960282,0.687061282669931
1.0,2.7530008293688524
