alpha,s
0.6856259450549445,0.0
1.1886415846019118,0.0839736583053987
1.0378542458033344,0.1790845836501493
0.8644287718398729,0.3634813045229973
0.7649038678510013,0.8130508899306618
1.0,3.619744407871695
