alpha,s
2.0738865592571636,0.0
1.0949869328429616,0.00425651937104954
0.9174640438261161,0.04254648828204175
0.9188772429728425,0.16577259418620752
0.8373131226716485,0.4797942675570688
1.0,5.0074330477440006
