alpha,s
1.0718655081209534,0.0
1.1182685048748342,0.17705542779248326
1.0393156565965054,0.39166631104429306
0.9596379645762794,0.7167453236086312
0.9662043144202427,1.309282562496195
1.0,5.416329784700607
