alpha,s
3.2065196815253305,0.0
2.025174447851642,0.04375547608183522
1.4619602482006728,0.13909707620666978
1.097110628678083,0.33909740186559484
1.9610023500968237,0.860980464541449
1.0,2.7704438381131
