alpha,s
1.3819271382628526,0.0
2.1820852523882985,0.11278601515819246
1.2598170116562928,0.20973221987860569
1.247990720870909,0.45326941194825665
0.7988294982179056,0.8527992283168613
1.0,3.398722201815151
