alpha,s
15.788836077331602,0.0
3.028845195040493,0.0053057265074722
1.733289805274839,0.0501801530446782
1.391597863891713,0.17901361324134932
1.2047719880122527,0.490177434952823
1.0,4.132544402020455
