alpha,s
14.23423811680748,0.0
3.6220343601342413,0.00976261539537296
2.1255252684762853,0.06228284013543712
1.5157523498681373,0.19473608562947425
1.1607187937301384,0.5278338876722198
1.0,4.66665240301618
