alpha,s
0.9185483730361763,0.0
1.0639187920726807,0.20765413246524855
1.240180637405857,0.4353867627818072
0.8147254376763807,0.7120570723348437
1.2289503140201206,1.4119472049508106
1.0,4.580748814791621
