alpha,s
1.037220028583434,0.0
0.8834498135837856,0.08596781293993395
1.0784332754206072,0.2453016396302853
1.1315227717553693,0.4610938996657075
0.9638438221271465,0.8638687408614648
1.0,3.6923356740658586
