alpha,s
1.261347335663393,0.0
1.1455047697417677,0.06827481303546343
1.146846530188121,0.17850480065614793
0.9736833711866585,0.35800847172385925
0.9325606295723039,0.7785468511824041
1.0,5.234855563463494
