alpha,s
0.2838422476678021,0.0
0.5313904991676052,0.12165938202644902
0.8696744264019222,0.27139396357099405
0.8413906355583228,0.4707677642466705
1.1419425615576881,0.9489562059429493
1.0,5.37999093128056
