alpha,s
1.2861059904488763,0.0
1.0038297088716672,0.09838486418650118
0.9951060906248781,0.26746572279780123
1.2373236102403133,0.5207609899862854
0.9261042112619458,0.9007748376930306
1.0,4.469755756875091
