alpha,s
0.7350528565063215,0.0
0.8918739055502417,0.08037757727591698
0.7212351077916579,0.21896494682681583
1.360351020621241,0.5052987430926218
1.2915683182717697,0.8313688701119221
1.0,2.4290830545012407
