alpha,s
0.24950182488100528,0.0
0.5285254615721402,0.1207933119088727
0.7489767873519013,0.2584706665631004
0.9291330719713744,0.46094778019891336
1.1229773724587173,0.8793986213876817
1.0,4.723335741612782
