alpha,s
1.107482759345135,0.0
1.2084605050373534,0.05194673113456504
1.06251153305311,0.13294954649501703
1.0096887820899727,0.3014148914504061
1.0534233982080532,0.705965247986989
1.0,3.766203691268179
