alpha,s
3.3545508561351296,0.0
1.1050048562080024,0.004862085092967281
1.1673395193554257,0.054752046201205704
1.100389550210041,0.1622339720471716
1.0921364802693285,0.4364391991948397
1.0,4.316497163574767
