alpha,s
7.347864807992713,0.0
3.141115757645448,0.006921182937258202
1.5674087061900042,0.0364020145593174
1.331083832486926,0.14986002613572566
1.5141399187196878,0.47420111733306297
1.0,3.347942241855292
