alpha,s
1.2829951531844188,0.0
1.0408803592877707,0.1232717421989685
1.474785944767243,0.3253144131291475
1.4705251739960197,0.5261279837473692
1.197202439132427,0.8772675670457817
1.0,3.251113625333873
