alpha,s
1.002030085020479,0.0
1.2212508892086396,0.0869966277633802
0.8962860880031622,0.19954902613345532
0.9349871742321416,0.44998490861215595
0.7645849899817456,0.9050152963598501
1.0,4.552279399268539
