alpha,s
1.4085016518644755,0.0
1.1311258350142903,0.0387699975462593
0.9952349874960976,0.1315937806908819
0.7460751073459426,0.32858320713001654
0.6333624732356005,0.8491775041349494
1.0,3.5176584623348863
