alpha,s
0.9904954909221755,0.0
1.0349947850601977,0.12844662545478197
1.1143358447573302,0.2942671177785564
0.9937377778657984,0.5219173518368556
0.8917905925292089,0.9806945283722108
1.0,5.253670372533908
