alpha,s
1.7628621078398221,0.0
1.1881296547403737,0.0035481323975430808
1.0738598132116015,0.03990361700382702
0.9036817358905683,0.13023438178098237
1.1470423823947153,0.4481973060982746
1.0,3.4420628285063417
