alpha,s
0.9689565870375532,0.0
1.1591289012791741,0.12426997916859299
0.9301430139349213,0.26387393499642403
0.9573131268799183,0.5298406383575962
1.839339199737863,1.0168796506708568
1.0,4.287741923439163
