alpha,s
1.5551827658987911,0.0
1.2316598152093645,0.040635776475474006
1.5605137762731935,0.1420615743918099
0.9622438340588148,0.28240433132285214
1.504946770591421,0.7268970770445313
1.0,1.9721595542862624
