alpha,s
0.782060912588037,0.0
0.9267597210557228,0.057771288689536
1.0343470120689717,0.1464164374912117
1.0970957617954658,0.2971776933134862
0.9561414750085528,0.6229724321768835
1.0,3.3411835586247967
