alpha,s
0.3459340550658163,0.0
0.6389536786271227,0.08514018386737138
0.6676319507372588,0.20605055849563889
0.9603852015595858,0.4337018408457181
1.0487116732452502,0.8256135128541822
1.0,4.36523437328383
