alpha,s
0.3003242104092501,0.0
0.4879005339573553,0.102848254953083
0.6080444108836432,0.245841066347362
1.0238221067577085,0.4937821395738648
1.0930367623856223,0.8594580389595472
1.0,4.739103083059691
