alpha,s
0.3405019363224828,0.0
0.5299934351180893,0.1024289689105532
0.5658720017293953,0.2383406718813612
0.7660090779853981,0.5113007128802499
0.7791742543502442,0.9399071700608213
1.0,3.790933643596948
