alpha,s
0.19946598582980282,0.0
0.5751158073651939,0.13124045698724376
0.5710558475246341,0.24703228522485932
0.8433116233215299,0.4962501575328422
0.876910084766342,0.873765698172514
1.0,4.665601708462206
