alpha,s
0.9768164642603903,0.0
1.1237438191472604,0.13340737623851998
0.9824615797097956,0.287167304220207
0.9153180212131904,0.5432293791515299
1.1808844657894173,1.0586357762660743
1.0,3.971130020816145
