alpha,s
0.9399428664475755,0.0
1.039811475499612,0.11425961869081125
0.9875045016804321,0.25404222431654255
0.9656199784847334,0.4795455344311478
0.9331629743412836,0.9343825078998194
1.0,4.179170226320026
