alpha,s
1.1474339272174254,0.0
1.003062885857818,0.09749672666107558
0.9341028863706134,0.2508231521998753
1.0856080895616609,0.5103971646280508
0.9549321341679109,0.9113641164161456
1.0,3.7680902463582537
