alpha,s
0.9661258993841587,0.0
1.2691023162969863,0.12586274168617106
1.0697752648523389,0.2592016473972134
1.1186521949592096,0.48951602482634465
1.2458725292628086,0.9289542421800537
1.0,3.2489567574084037
