alpha,s
0.6568775060217916,0.0
0.5076090144268447,0.07406263067382711
0.9322184514579122,0.32753009400513866
0.8869104650137162,0.5459064512096301
1.9703171026705377,1.0620629687195111
1.0,2.042657399458023
