alpha,s
0.008549821875871817,0.0
0.1487418475403113,2.01369863013699
0.0551046440195943,2.42191780821918
0.12690898841987655,4.17260273972603
0.36372772614937754,6.33424657534247
1.0,9.4986301369863
