alpha,s
3.6744963815389515,0.0
2.1818364705594773,0.0362652189335844
1.4138611079237209,0.11964217996219573
1.221841702035714,0.3198617574772071
1.356227108784823,0.7579033408523613
1.0,4.361409473464636
