alpha,s
0.04461479465745999,0.0
0.4162413208985552,2.031232876712326
0.1271235257494608,2.36438356164384
0.15958054163815077,3.82739726027397
0.6354975717442519,5.936438356164389
1.0,8.16438356164384
