alpha,s
27.594373174797646,0.0
3.6627417256444446,0.004862085092967281
2.601308347639153,0.054752046201205704
1.8899055289458775,0.1622339720471716
1.4955014758057383,0.4364391991948397
1.0,4.316497163574767
