alpha,s
0.7411361124831182,0.0
1.2659461989238436,0.11465812602592908
0.7025045998017274,0.22010157438690267
1.0498067670722078,0.5658958275753477
0.8959614760783188,0.9737868484141612
1.0,3.9341794824134153
