alpha,s
1.0555937358401213,0.0
1.0456528346143652,0.12457205364985842
1.016789821388953,0.2952191734971746
1.0523206341481106,0.5537272549014352
1.0613899864286496,1.0040774928734508
1.0,5.391199533437652
