alpha,s
2.555936351816731,0.0
1.109551429791742,0.0054984968148484
0.8515662347886817,0.0502563591743518
0.9960914041594935,0.18593813934993697
0.9523647397744346,0.4925082885521079
1.0,4.861742307437988
