alpha,s
1.8809172954724231,0.0
0.7543160534381855,0.0045659615877025
0.5128060509125614,0.0640627918043865
0.9779293759720231,0.2626380417888387
1.003556255810981,0.5625676487095753
1.0,2.596297755355286
