alpha,s
1.3008135891353787,0.0
0.9385701889905171,0.08261619275290301
1.1728192953205507,0.2405173776718903
1.0817282114666642,0.4383834775129465
1.0952025485317336,0.8825474451681085
1.0,3.2512120407986487
