alpha,s
0.9401133855033564,0.0
1.025823832056316,0.12641630831801565
0.928865547096438,0.2891337900823364
0.9399579788554709,0.5584690479775063
1.0134331784558506,1.0496892190266134
1.0,3.6336114227822023
