alpha,s
4.9779609281174055,0.0
2.826532875730415,0.0422365882220638
1.598633972425822,0.1344134565598456
1.3253731585412194,0.3564322509687133
1.1644406035463382,0.7899108627345458
1.0,3.809914378536181
