alpha,s
1.0785885743510852,0.0
1.0268971831017117,0.10697579264921103
1.0394840193921944,0.26330750324168917
1.0138968760203655,0.5001838341799192
1.0324057004870646,0.9564513033721177
1.0,4.456219352799994
