alpha,s
1.3982025551292991,0.0
1.1955122985188094,0.06508949941398987
1.2608179011079506,0.17487006527423105
1.169194006978836,0.34794784498534503
1.0591832834774209,0.7001683053165669
1.0,5.338753752092329
