alpha,s
0.00024465037011413716,0.0
0.005322376584933368,1.96712328767123
0.014875156819619631,3.10684931506849
0.0910876500368938,5.58904109589041
0.33120106920877757,7.04383561643836
1.0,9.4986301369863
