alpha,s
1.9258239089764122,0.0
1.1271014122199317,0.0062361583107343205
1.1666641820110553,0.04719004353246924
0.8094128457303382,0.15090881913753465
0.937865223483784,0.5810570232662321
1.0,2.688224825866349
