alpha,s
1.0688595950643867,0.0
1.0656900733364647,0.17636289044527195
1.0496533984578613,0.4041367582962019
1.197220692154973,0.721873115139303
1.1205912143265786,1.19857244722606
1.0,5.824674350600938
