alpha,s
2.4931054272062885,0.0
1.3995096175410309,0.0061202482391449
1.2028858719839712,0.0440103836023386
1.2292675873046943,0.14583212367948603
0.8490787492014844,0.4072854961234184
1.0,4.235216534947143
