alpha,s
2.760973167017529,0.0
2.1342931065281894,0.06388929809472005
1.2202448026380397,0.16863399547779334
1.4693407484991823,0.44110627215516957
1.0761615086236194,0.8226966997745229
1.0,4.379051372720861
