alpha,s
1.0090259706077795,0.0
1.0696791961328915,0.10363870385459145
1.0318008860157488,0.24628674962234567
1.036239510641404,0.48375143104657276
1.09658141936989,0.9406632277580926
1.0,4.436587121749037
