alpha,s
0.7733427129507758,0.0
0.9380737619570089,0.10389592177112826
0.8809332589269558,0.2363862183350908
0.5075194828303285,0.4560225056824446
0.5256170202711306,1.1953080362855173
1.0,5.674980777779628
