alpha,s
0.08285186949549804,0.0
0.08649025908860282,1.316164383561648
0.19397839910724668,2.9304109589041105
0.28247338114842463,4.208219178082195
2.3358073333729417,6.13150684931507
1.0,7.07397260273973
