alpha,s
0.9663372312938746,0.0
1.0379999708468295,0.05309767517076668
1.012541396143797,0.13481978069294437
1.012984321724108,0.3001367295380109
1.2031064071120623,0.6926375724532544
1.0,3.888681409971404
