alpha,s
5.942807303236904,0.0
2.2530702929063957,0.00911859905805628
1.3559484803011888,0.051344518338278564
1.2786111997672283,0.18255255710733673
0.9931875900676964,0.4928545605956517
1.0,5.417777165788888
