alpha,s
0.5288057075183622,0.0
0.7346230553486472,0.113575536176176
0.9636944370200587,0.2686780405135937
0.8383396316027889,0.4616245318373813
0.6667141914392888,0.9315055166316978
1.0,3.446871046440124
