alpha,s
1.1620289543364917,0.0
1.0912506891820968,0.0765749135804435
1.0742895930124534,0.1972968082746733
1.0801541912560533,0.3949067147514892
0.9555773198886991,0.7887062955651728
1.0,4.765915210434477
