alpha,s
4.078041219701814,0.0
2.3199954119283572,0.0405037321457607
1.7585482478875336,0.1321796432633614
1.310515736532609,0.30698746270879523
1.0118905580529522,0.703039214909718
1.0,3.48260418514528
