alpha,s
1.1256366862733245,0.0
1.096356257538876,0.0762251332700898
1.3370419282888955,0.193277863498076
1.058155682180877,0.34922842137439647
1.0232259677116924,0.7492965699638301
1.0,4.9931808835958105
