alpha,s
6.171064558279433,0.0
2.005178506873109,0.02394245128332292
1.5174473814720333,0.12299052373305201
1.1439781929037582,0.3122029888277015
1.289821462258518,0.765711365046892
1.0,2.67016696223194
