alpha,s
19.158283734404336,0.0
4.769759730184611,0.0046020414899228
2.2483797771743497,0.0326040159648756
1.5551741953952294,0.13577109665350975
1.3304983113036073,0.4317200660653812
1.0,3.801836710239291
