alpha,s
1.8487225638851357,0.0
1.1020273714098145,0.09102676713635367
1.5231072390400713,0.30479278825918094
1.7659329459973079,0.5316173247093273
1.17353848174468,0.8577725195700879
1.0,2.934110226762647
