alpha,s
0.03311292954943735,0.0
0.1047116743522527,2.288767123287674
0.11384379147250775,3.3895890410958893
0.25332180948534433,4.915068493150685
0.830019948329446,6.73972602739726
1.0,8.16438356164384
