alpha,s
1.1369691757212104,0.0
0.9801025858828197,0.08800527557705241
0.8255920115526056,0.23896003271909944
1.215330709001686,0.5302754332426758
1.11363203964657,0.9123896916027225
1.0,4.676444992527861
