alpha,s
15.58583334324883,0.0
4.513547549931511,0.00911859905805628
2.181149383358225,0.051344518338278564
1.7210917192226858,0.18255255710733673
1.1566304026354726,0.4928545605956517
1.0,5.417777165788888
