alpha,s
7.003394791099675,0.0
3.165967771355072,0.03075237652202762
2.151761576407356,0.11505204852913162
1.7933426439983504,0.28869797349632215
1.555366210889618,0.6199263658171418
1.0,2.812609323257347
