alpha,s
1.4340339631918835,0.0
0.9203740950616145,0.007984399214140963
0.7685879312970072,0.05885656637931038
0.7450435743372779,0.19321380271369262
0.8965075993245447,0.5580887194382861
1.0,3.1426852108961336
