alpha,s
1.0691745753777782,0.0
1.0650881402417687,0.126206622598265
1.023419902192438,0.2981126686848528
1.0968288033596045,0.5592859023139654
1.0625956276243518,1.008392085697534
1.0,4.38499187341605
