alpha,s
3.292333872542734,0.0
1.2389189631154045,0.0043471817517566815
1.0689701656731996,0.04976687368531961
1.2455655728951023,0.16961974074157565
1.0771954432263933,0.4300971680282253
1.0,3.6094754351623033
