alpha,s
1.9183158264417732,0.0
1.8047670276973793,0.0378817408069878
1.0783327081522853,0.11359635305399232
1.04132875811719,0.32398955912184935
1.0917179296527808,0.7470161125878914
1.0,3.792975622128803
