alpha,s
2.4175312714372517,0.0
1.1918062550087316,0.0058476159173262
0.9186315572957329,0.0531318026773803
1.0339085692152317,0.201618178163803
0.9865902074918035,0.5294024178820699
1.0,3.714714102667967
