alpha,s
1.4773734375847554,0.0
0.7842288355412484,0.039618424561434884
1.0245727756683325,0.1843547567558208
0.7133981805368917,0.38586389857852166
1.0423561950552018,0.9663349795412357
1.0,4.0158099993527205
