alpha,s
0.42923794838899004,0.0
0.6440600837102719,0.1024289689105532
0.6789267163636458,0.2383406718813612
0.9130466948615714,0.5113007128802499
0.9400429094486858,0.9399071700608213
1.0,3.790933643596948
