alpha,s
0.9841908522453547,0.0
1.0038427481390788,0.188383104057424
0.8762194454752432,0.4250370244691105
1.104096230591194,0.8073933218738969
0.9494321499338427,1.326763286415344
1.0,5.308264671296172
