alpha,s
1.7305540767544856,0.0
1.0137131563741528,0.0350404668009016
1.0702345618390072,0.1344527801555865
1.2386335630671914,0.3015818367312195
1.1898726727323505,0.6312263036889383
1.0,4.684986628714713
