alpha,s
0.009442367695369663,0.0
0.18695724503802694,1.958904109589042
0.13416723686435503,2.3249315068493184
0.2704227168776309,3.6219178082191803
0.38499419334367163,4.89753424657534
1.0,9.4986301369863
