alpha,s
1.6817886973432323,0.0
1.5052595246809912,0.12281778476429801
1.5117795089223944,0.29919676283114427
1.719510191226371,0.5474966013577607
1.7865571938340712,0.910930736035318
1.0,3.346407538340067
