alpha,s
0.6793556221065946,0.0
0.9324131548524222,0.14924148317465596
0.956180862905498,0.30727692269275314
0.9091545545303527,0.549951670425057
0.931086127726755,1.0497938372603504
1.0,3.611461418777197
