alpha,s
1.071161663851284,0.0
1.1573333200243903,0.1067283224254167
1.0724441791034558,0.24214381919708106
0.8228249639923255,0.47090591523062053
1.3693906205255875,1.0409143850357832
1.0,3.489199838431466
