alpha,s
0.7788353837360413,0.0
0.9238028594248866,0.1309422065485658
1.07538376414518,0.2911018646140385
0.9775034416427909,0.5098756486574495
1.1768100209377348,0.9781655436259852
1.0,4.420430769481478
