alpha,s
0.8788138568685515,0.0
0.9764933278315914,0.13201380930480935
1.0537403801354683,0.2956008874881754
1.191088959217133,0.5340952164192767
1.1004905514616081,0.9102530924089373
1.0,4.123846064166905
