alpha,s
19.712889681597233,0.0
3.9577771885166313,0.00592048414394282
2.4394552633496382,0.04686959489242247
1.8167920120413914,0.15218498139544334
1.2631812563510596,0.42376310114255417
1.0,5.001886183330838
