alpha,s
0.6720937420980878,0.0
1.0963470718944204,0.13684634203069168
0.858087198428373,0.2698444659992255
0.9286353907393182,0.5587982674979268
1.189866143727371,1.0434959032447706
1.0,3.300312980237746
