alpha,s
0.07262300974772938,0.0
0.1117236056109817,1.0997260273972562
0.11668190230425052,2.36438356164384
0.14324398793313822,3.2547945205479425
0.8675109154026006,5.8252054794520625
1.0,7.16986301369863
