alpha,s
0.6086343692468836,0.0
0.705638065346349,0.1024289689105532
0.6493079661700172,0.2383406718813612
0.8274787016667158,0.5113007128802499
0.8047137284795748,0.9399071700608213
1.0,3.790933643596948
