alpha,s
0.4568686453515728,0.0
0.823255096202347,0.13124045698724376
0.6725499270874028,0.24703228522485932
0.8982004633694286,0.4962501575328422
0.8620484491227279,0.873765698172514
1.0,4.665601708462206
