alpha,s
0.953856955173869,0.0
1.1359129496113656,0.13724268115803115
1.1448072482082283,0.294597559427657
1.1479681205018548,0.5271102971862509
1.151562142423658,0.9470479394424124
1.0,5.099966058898994
