alpha,s
1.0244511712754307,0.0
1.3761843255492296,0.12313141988742456
1.1830409238366535,0.2523676245595477
0.9323645844336247,0.4658465995078671
0.9056862111107634,0.9933724403067963
1.0,3.425417881018382
