alpha,s
1.0714440722022178,0.0
1.0097243431350564,0.1217414609509906
0.9569961823915067,0.293910748236259
0.9453859960421009,0.5658362064031588
1.0295764205501494,1.0676456697467878
1.0,5.027797877556163
