alpha,s
0.04241610553571448,0.0
0.1919831033848734,1.95342465753425
0.113120698370095,2.383561643835618
0.12317442164585529,3.727123287671236
0.3079286483593176,6.33424657534247
1.0,9.4986301369863
