alpha,s
1.096169046869621,0.0
0.8715687535688919,0.11694536843145706
0.8580842619625495,0.3165677734172573
1.0098387707302254,0.6295483591315789
1.0223596576515013,1.0947093074099576
1.0,3.230600558983397
