alpha,s
0.10928711162839551,0.0
0.2676810928600919,0.14498362020708577
0.35952884552793923,0.29661999091089764
0.21158924136520457,0.5110349566564877
0.2549603527044776,1.200055381375434
1.0,4.319552788535615
