alpha,s
0.02197982100494847,0.0
0.013745523362165295,1.3041095890411
0.07828035228336604,3.793424657534246
0.09037082831668572,4.810410958904111
0.36490474194000516,6.806575342465755
1.0,9.4986301369863
