alpha,s
1.7669806985456604,0.0
1.8202591078666228,0.07674423281031537
0.9925674020121419,0.18136736953758592
1.663124491943352,0.46286745461701756
0.9728075539684878,0.804920338010295
1.0,3.551734161188981
