alpha,s
0.0008611601652445969,0.0
0.005273361555507984,1.95342465753425
0.027648660929449547,3.815342465753422
0.1771967378312591,5.731506849315067
0.6130280615234373,7.04383561643836
1.0,8.17808219178082
