alpha,s
0.48801901521166285,0.0
0.5002133355467135,0.08578498789214854
0.8220018272067486,0.25421489301147593
0.8019740604710858,0.4510094505173924
0.9221667668532775,0.9083082961669887
1.0,4.892579515717912
