alpha,s
0.22592045444792497,0.0
0.31602903246588976,0.1016924408238475
0.6867970117367116,0.313716108779846
0.7252044008263709,0.5266497172126113
1.1213870500971117,1.0281938518790277
1.0,4.625890082084629
