alpha,s
1.0488691642377206,0.0
1.255148748318685,0.0822559151045739
1.3472613781573757,0.18472071571361195
1.0072171659165803,0.3413784472020422
1.1817520010899547,0.7623788704389937
1.0,3.051451834392214
