alpha,s
3.8378774364291943,0.0
1.8438276725245117,0.04116472312647044
1.5087009080764278,0.15239259622099477
0.9031048924183745,0.35824062199273404
1.3028750879038924,0.9463375735200205
1.0,3.683181649191428
