alpha,s
0.6739569163432403,0.0
0.6287579397214809,0.0877075961198313
0.8241266310249813,0.2332363649855447
1.3385663776931043,0.4462149332246872
0.9270493232693378,0.7231322615431924
1.0,3.754313341657062
