alpha,s
0.5960544548311864,0.0
0.503128004923696,0.10808856987253176
0.8189938197955212,0.30272676957295913
0.7410903771488664,0.5036427521782186
0.7180238084434284,0.9621797617534515
1.0,4.316814209145159
