alpha,s
0.8021570538623211,0.0
1.0666138762509187,0.11279214358161375
1.0696894696051473,0.25868179130999985
1.8842483934824639,0.48831735119441116
1.425791719223993,0.7601881252974783
1.0,3.094774236743828
