alpha,s
4.652937620359121,0.0
1.418300595818118,0.036650426491440735
1.4046807808302013,0.19147098530342888
1.1219289914527941,0.41344962210449493
1.3505330196019745,0.8731654180758113
1.0,3.0831336833154603
