alpha,s
1.5547063386176732,0.0
1.3261884549820715,0.1045964981251918
1.488410816332284,0.2636467933273558
1.4781828930548868,0.46817299514118976
1.0581783552908652,0.828403804428521
1.0,4.0004170078814205
