alpha,s
0.9773931238959748,0.0
0.9591618786070963,0.10880534077849706
0.9281915239595976,0.2646420307589198
0.8449311389742402,0.530180060786764
1.0248908072550902,1.0769441817562184
1.0,4.277314891813427
