alpha,s
0.2182096845736314,0.0
0.47892690967829066,0.12808860931601967
0.7305209162285147,0.2768652351483266
0.9870981509991951,0.48871275383914586
1.3956812854002787,0.8558407715821508
1.0,3.895024915038829
