alpha,s
1.310810500437616,0.0
1.368921128139985,0.09363061295326078
1.0483498756266225,0.21272682500785864
0.7905638793721717,0.44520520602792274
1.1940382643092506,1.0252462518814187
1.0,3.155722726049724
