alpha,s
1.278261535544899,0.0
0.9628938937180933,0.09673530487634985
1.1417470163747268,0.2751957124761496
0.9463112862364169,0.4997576881778018
1.0364325875550553,1.0293024163608675
1.0,4.238640553272335
