alpha,s
0.21986975100474773,0.0
0.37168009567246735,0.09656574581274832
0.5308823019555771,0.23139717302216142
0.7445702700595244,0.4431016803054118
0.8456886466388991,0.8269997768718025
1.0,3.5463475742664903
