alpha,s
1.1548005516997777,0.0
1.3652365707402807,0.1139473212179777
1.210804918478411,0.24234189972332199
1.2031619982419826,0.46262558749830307
1.1106233501952718,0.8589707355518467
1.0,4.147117736562271
