alpha,s
1.016702535684349,0.0
1.2787642433109494,0.12995010320330513
1.0757745954542535,0.2726122495861728
1.17004420860246,0.5281962890571068
1.5415079150798054,0.9183257025649012
1.0,4.1582564942345295
