alpha,s
1.3266264476202967,0.0
1.0923979963561226,0.09282952799760259
1.1335557557338203,0.24712353048950614
1.0325187946291006,0.470890220237524
0.9998851752004574,0.9239775694690003
1.0,4.343970831602194
