alpha,s
0.002600021715442319,0.0
0.014578524089600677,1.3041095890411
0.05691525803147857,2.48767123287671
0.15472544613312575,3.7424657534246615
0.37844487715205855,6.14794520547945
1.0,8.22739726027397
