alpha,s
0.25533609375130617,0.0
0.6038195690910568,0.14498362020708577
0.8381366748984723,0.29661999091089764
0.5375070258594872,0.5110349566564877
1.0505770407695587,1.200055381375434
1.0,4.319552788535615
