alpha,s
3.8038775227169532,0.0
2.891806093357836,0.03833869538538384
1.6222015555578972,0.10432745948209828
1.3803298644416298,0.2819021601666555
1.0711148624055777,0.6625985727414203
1.0,4.143769209682702
