alpha,s
0.6511701001118897,0.0
1.052523223025436,0.13838798466546212
0.9613872952418304,0.26861396795001474
0.7317393549653318,0.48993357139809757
0.5058333452712163,0.9997837190206053
1.0,4.26891662102893
