alpha,s
0.43222956484375646,0.0
0.899670315751558,0.08201670700983821
0.7189150255626411,0.1889164426415458
0.8321658952557853,0.4520936501262867
0.9808986718409243,0.9097230490668642
1.0,3.0046370258924977
