alpha,s
1.2826942802321917,0.0
0.9099768587633278,0.051838008603633814
0.813254460364284,0.18104595719332114
0.8868256838643607,0.43319474004132447
0.8976611105316937,0.8948609223328681
1.0,4.891944951988222
