alpha,s
0.023506530586870075,0.0
0.05458930924206765,2.36438356164384
0.3886023451157465,3.644383561643838
0.1461730321424669,4.19178082191781
0.632316248400481,6.320000000000005
1.0,9.4986301369863
