alpha,s
1.027548758771181,0.0
0.9705517874564471,0.1316695858035288
1.0740374146488962,0.31991927807896964
1.43739996659728,0.5793307163206954
1.4399975912818075,0.9414740182949712
1.0,3.3878863031495645
