alpha,s
2.6168252864453008,0.0
1.2749491402735529,0.00524877348031008
1.1766609693188768,0.0512343745275623
0.9676485771917829,0.16249173084195373
0.9405757187863744,0.497614746871834
1.0,4.608661105838519
