alpha,s
3.4270058432805053,0.0
1.975557658114847,0.041306403816781925
1.1575412294085776,0.13814797939044707
1.1999526952682351,0.38883666119666455
1.2714457983642065,0.8116080326486997
1.0,3.92590519059991
