alpha,s
0.4716080040734893,0.0
1.0883666220228077,0.14112794718770616
0.6484046940159591,0.2626854841604552
1.127293779800797,0.5808119533118726
1.5128220845893605,0.9708494926038808
1.0,3.532527618414572
