alpha,s
2.7879713092270015,0.0
2.2881415072900015,0.03986866971089018
1.4330972380983298,0.11086104944145596
0.8516034755998526,0.29081613708193343
1.3635268836703853,0.8048487942452807
1.0,2.832264554545353
