alpha,s
1.1291061446144968,0.0
1.0560929899607823,0.11564531730878318
0.9552701149452416,0.2867193647969872
1.1748388161770758,0.5630059715984936
1.0725360292677026,0.9854767232352354
1.0,4.000350348286708
