alpha,s
21.662432512484813,0.0
3.319823785082208,0.006049266521950981
2.458310031494997,0.05946426817316742
1.5809711093931667,0.16638564657026927
1.0669440967869621,0.49255730034289735
1.0,3.3579817408413586
