alpha,s
3.80645353757954,0.0
2.7052046418808504,0.0458459636681344
1.8135917863264923,0.1266742617922271
1.011586743979084,0.3006611312310466
0.9545109144673855,0.8024105614199418
1.0,4.033797197950581
