alpha,s
0.6498925318768908,0.0
0.9210810671146111,0.1497180960189438
0.8877175885271924,0.3117218497482597
0.689262130668668,0.5769124448380555
1.7542237313471691,1.304915967711732
1.0,2.4773912685956043
