alpha,s
2.9563867706384093,0.0
1.4992770505799566,0.05926401946674486
1.4078685049717277,0.20710498553963155
1.3622399829590417,0.45288383255232845
1.5014216501925115,0.8661541968280049
1.0,3.673031050273887
