alpha,s
1.8295738253270954,0.0
1.18059705409773,0.04601481790176104
0.8044814220901951,0.16652269253821164
1.0609232823574766,0.4687483163629132
1.3143367559557455,0.9123787758548995
1.0,3.2369489007909635
