alpha,s
1.0559132974436223,0.0
1.0965216131807978,0.07878249051613757
1.3401162200583225,0.19289494841157184
1.0434336738455723,0.3453303594586896
1.267844493519353,0.7254740445068428
1.0,3.674664549677385
