alpha,s
0.9271206822691106,0.0
1.0477955765617248,0.13027022886405334
1.0371398476297,0.2835584456075083
0.8932099741785924,0.5076586770651579
1.516859067414684,0.9953858967435961
1.0,3.0055366533455463
