alpha,s
0.8470640741352037,0.0
0.8283337206085999,0.0923550706498474
0.7604082679326428,0.2563674917274036
0.8849552742491059,0.5538750973456437
1.4000250082800365,1.0412761517720877
1.0,3.316592021911768
