alpha,s
1.1748795740992248,0.0
1.1302443859332454,0.048225312128840944
1.0348263831321607,0.13305370147584206
1.1668401101399482,0.303644977111817
1.0107733514100858,0.6447958499822866
1.0,5.368161966157942
