alpha,s
0.529118694901888,0.0
0.558320476664818,0.08027405196909916
0.7854840875894141,0.2440573714930138
0.5264945037045726,0.4553527078304641
0.8927370870264205,1.1301346706987396
1.0,3.388000860088934
