alpha,s
7.344076582070956,0.0
2.3903378787857896,0.02857096995334702
1.7201601161256428,0.14344316577829186
1.9545308970928414,0.35968166292109344
1.5526346263837916,0.677786230474475
1.0,3.0735397591789657
