alpha,s
0.04477354181506466,0.0
0.405947285674365,2.031232876712326
0.12047077941630292,2.36438356164384
0.14845501247259213,3.82739726027397
0.5862002952070126,5.936438356164389
1.0,8.16438356164384
