alpha,s
1.482400750314348,0.0
1.0255814753811714,0.0292654251728869
0.8961372416167691,0.125410475222165
0.9317858023264559,0.324274997939369
0.8856618179381966,0.7586770939828122
1.0,4.561936483942456
