alpha,s
0.027444402455087405,0.0
0.032052913849513524,1.316164383561648
0.08414668054793978,2.9304109589041105
0.18938472748138777,4.208219178082195
2.0361114496143533,6.13150684931507
1.0,7.07397260273973
