alpha,s
0.11465131243222985,0.0
0.22689019278677586,1.7287671232876705
0.314360211492601,3.20547945205479
2.4059697333856978,4.180273972602742
0.6730111645262334,4.453150684931504
1.0,7.04383561643836
