alpha,s
0.03915444399855006,0.0
0.14629357889457037,2.318904109589044
0.17680668248186904,3.20547945205479
0.33411088573301445,4.19178082191781
0.3646374355740877,5.15890410958904
1.0,8.22739726027397
