alpha,s
1.0606553558535312,0.0
1.221754093495822,0.12161163299593253
1.0833256259997976,0.26503655943387455
0.9938681020273838,0.48989062100849595
0.8835215240573335,0.979119399271088
1.0,4.457413688640412
