alpha,s
1.058368413823707,0.0
1.032936779947772,0.12706906934523324
1.1896801924638212,0.30522104857848736
1.170414741049293,0.5340833630731463
1.192518745789202,0.9527617723863603
1.0,4.686150635087349
