alpha,s
0.9580367100270571,0.0
1.0996536801429204,0.13452891492943164
1.1543557578287813,0.2914647159101086
1.0164091393106796,0.5135905438744814
0.8819791062057705,0.9796595372709979
1.0,5.266105535762521
