alpha,s
0.630968279647293,0.0
1.0176298202449194,0.09431649227052402
0.8776008887535323,0.21265623677732606
0.8071846865764941,0.4440513657596101
1.120222621704388,0.9949846384787577
1.0,4.240140869608553
