alpha,s
1.1365486033190733,0.0
0.9002879111497453,0.09902704467942611
0.9757403252813267,0.2675198338499858
1.1308649508364788,0.5139826495807726
1.309853916252613,0.9029300205933652
1.0,3.9312434337659248
