alpha,s
0.00015771960499253517,0.0
0.006425924442532889,1.978630136986298
0.02005175477289858,3.01095890410959
0.03403813070588026,3.82739726027397
0.141341826393316,6.344109589041098
1.0,9.4986301369863
