alpha,s
1.244216544108875,0.0
0.911376491523894,0.00612872915591666
0.8205714158867923,0.04819910504720307
0.6474097522593495,0.1628166455493372
0.6785358207428966,0.5400786174701911
1.0,4.115818308260454
