alpha,s
0.26782787059450874,0.0
0.5884910749694195,0.14498362020708577
0.7488425027971615,0.29661999091089764
0.4456680016584365,0.5110349566564877
0.7391545175276201,1.200055381375434
1.0,4.319552788535615
