alpha,s
1.1503342057873887,0.0
1.0212703202796674,0.1259544825944834
1.0100035334271353,0.3107050706411877
1.0119536898971768,0.5879596338534044
1.4367775944918293,1.0983648251745557
1.0,3.677497683336184
