alpha,s
0.00022361402007505077,0.0
0.012976605690343269,1.038356164383564
0.02492942385257035,1.9605479452054788
0.0907845352172526,4.2027397260274
0.4270314548477748,6.020821917808222
1.0,9.4986301369863
