alpha,s
1.2345076847818484,0.0
1.1936674980355026,0.02918461996458256
1.0246872636636157,0.10743157993276808
1.0185581079449884,0.27730618243946603
0.6902162321440451,0.6399701410641104
1.0,3.246040130080787
