alpha,s
3.6687137300650607,0.0
1.08050378704133,0.0032866147937366
1.1453992475868466,0.0490699488063049
0.8731890806296861,0.1584011961502796
0.8583008667981018,0.5387616115230778
1.0,3.4375654801610485
