alpha,s
37.931472342556276,0.0
6.794448086493161,0.00592048414394282
3.662203794733092,0.04686959489242247
2.3834052242947568,0.15218498139544334
1.410092802714159,0.42376310114255417
1.0,5.001886183330838
