alpha,s
0.988852505342431,0.0
0.9930778970371117,0.13350042082656202
1.130095262826045,0.3145721699362061
1.0471647727749132,0.5547461122163376
0.9614219456284601,1.0416539926803836
1.0,4.246809828384493
