alpha,s
25.305747886854586,0.0
4.25606261874097,0.005914849818811492
2.002873181971705,0.05302540177245314
1.6958174716823655,0.19892987199250542
1.4435328240686123,0.5146753503176018
1.0,5.3925079266737805
