alpha,s
26.47832942900132,0.0
5.394141274777276,0.0054080004377888005
2.8567853451778435,0.04116422269985088
1.5196741700939513,0.13888109952766164
1.2921762691252652,0.4872379621642185
1.0,5.342098667138594
