alpha,s
1.2225612628084557,0.0
1.2911368303654338,0.0488713429048564
1.1904454069315327,0.1237726418936636
1.0591357769532388,0.27051410901215944
1.0673961220099362,0.6431674175813741
1.0,4.367261660080656
