alpha,s
1.038413401522428,0.0
1.183440217813791,0.08480625464020293
1.3079935001740726,0.2038932658645325
1.0468908028476314,0.38661907344391994
1.1087571440257167,0.8091217783071987
1.0,3.6105353133517246
