alpha,s
0.6183705911140694,0.0
1.0282271341272686,0.0671639717345879
0.8026904639436473,0.1869796789984687
1.0084013157193779,0.44674658083509833
1.5746017680138369,0.8685573598233955
1.0,2.3320825958345246
