alpha,s
1.032755073999864,0.0
1.1617586423557305,0.07358188211527332
1.0891679627630233,0.171992550705496
1.017582121595351,0.35283767756251333
0.9294356762447105,0.7434856269048582
1.0,4.494962712778817
