alpha,s
1.0881785320942012,0.0
1.1164475216076737,0.12350563534861878
0.992134818304133,0.283742105200395
1.052507555290573,0.5502705048956069
0.9986300576013655,1.0198181871434466
1.0,4.903090300967372
