alpha,s
4.040163736097241,0.0
1.300906682922632,0.003456617712801281
0.9958552096490915,0.04119735748316475
0.9481777056199224,0.15470175212091114
0.732021362840611,0.44571986597764685
1.0,3.494396023693202
