alpha,s
3.1874299746953145,0.0
1.2610730971035187,0.0052836760150203
1.108131489524249,0.0510495965510539
0.975042635275503,0.16999566140025144
1.1526569723167837,0.5335532282480744
1.0,5.773615998507341
