alpha,s
1.090436146791367,0.0
1.0775070061971048,0.12261381911478915
1.1143767971716945,0.2910871025278413
1.076371999010188,0.5315125953789009
1.0780430460734622,0.9974403057679033
1.0,3.947920271408179
