alpha,s
1.204055736971541,0.0
1.3438977770195246,0.07569584814978256
1.133822210556224,0.1754504372861661
1.055839981878159,0.3665323581074523
1.0178753782302883,0.7637965996072188
1.0,4.078583906149389
