alpha,s
22.37731523787071,0.0
4.365702789341959,0.006688539672248503
2.655021837537226,0.050813406063970216
1.845036409687387,0.15960106237831892
1.191861502546557,0.4470462179705585
1.0,3.3735247487592166
