alpha,s
18.435723069454838,0.0
4.735818399137671,0.007837725099348844
1.8687319578923935,0.04784248125161506
1.3506767326206113,0.20005498410586678
1.3032321527540665,0.5948097744799358
1.0,3.796291753477902
