alpha,s
1.0233403438756608,0.0
0.9655010945954583,0.18726952518919412
0.9880920718056521,0.43761184428717403
1.065049330953429,0.7818134405590293
1.0439599612122359,1.316307801270994
1.0,4.642308451650401
