alpha,s
0.3224799581199092,0.0
0.5263405377917735,0.10786689297044182
0.6759567404906079,0.2566591595958861
0.8907094939397417,0.5113839125764232
1.151838429349817,0.9371804030517236
1.0,3.908334319217357
