alpha,s
19.312904325961377,0.0
3.830250783499946,0.007801342372240203
2.2942963436548793,0.0587836723065428
1.5618348611671773,0.18645113147710932
1.3346070473101428,0.5372738900601121
1.0,3.4906362807518567
