alpha,s
1.105325205524118,0.0
0.9067510891531033,0.041433281975249925
0.8840195054257277,0.13386224341880254
0.8508960266527623,0.30440091863949326
1.0242665264372388,0.712615343659771
1.0,4.64992951857016
