alpha,s
0.0010443979773391346,0.0
0.0035297253063900982,1.23561643835616
0.006389824021406421,2.29315068493151
0.011486601314210115,3.619726027397264
0.02375710554259984,6.14794520547945
1.0,9.4986301369863
