alpha,s
6.257800548481086,0.0
1.8642078381813298,0.004067179406949581
1.3668350537448328,0.04162532834790053
0.8640736666398557,0.15095099134372236
1.014354264491041,0.5519552674244494
1.0,3.7731463706284063
