alpha,s
0.9375952690137034,0.0
0.7202901790903162,0.05131806303548731
0.9080471758975677,0.18960276677091212
0.7968884648932376,0.3925265675615403
0.8773707729029901,0.8690238275750292
1.0,2.969173675791019
