alpha,s
26.43034202508048,0.0
4.730761645542573,0.00817191884890426
2.459864922567594,0.0642805104032238
1.3572435842557906,0.21625888496740436
1.217973123588887,0.6600503210527926
1.0,3.4386408364369743
