alpha,s
0.3232689863735922,0.0
0.5071618016426529,0.12281778476429801
0.737586493387384,0.29919676283114427
1.1289310047280159,0.5474966013577607
1.6068135908527277,0.910930736035318
1.0,3.346407538340067
