alpha,s
1.2234323512726504,0.0
1.0523648974271347,0.06536048319435628
1.1236839975945347,0.17972744708883803
0.971654088321107,0.3573340396350159
1.0386719793019787,0.7773357494153719
1.0,3.9874146385782745
