alpha,s
0.27909495163966513,0.0
0.5649417464129576,0.11813062563241206
0.6283334022579822,0.25340116117369504
0.9553465656094833,0.5261672016633256
1.0159030391161785,0.936272664293163
1.0,5.213150347220227
