alpha,s
2.003648761750816,0.0
1.757708817919642,0.10209840068115227
1.9413893317315134,0.251013415388944
1.5192772172745033,0.4405514013105714
1.1897609661277257,0.8358323584141698
1.0,4.822145655798697
