alpha,s
21.023689976075648,0.0
4.112992783373545,0.003881098220223
1.8293590531316137,0.0347769611826371
1.2970719637283332,0.15137430544399258
1.0558674080724342,0.4847467424960685
1.0,4.321595647781233
