alpha,s
1.0694273949389566,0.0
1.1802939680761217,0.11479540458740044
0.9025620664588555,0.252989541294934
0.9777662414636774,0.5273098471976501
0.8727043602145153,1.0170413255683777
1.0,4.149942966708997
