alpha,s
0.7607065600364028,0.0
0.8208874562287851,0.08543348378509738
1.2470235713590843,0.2284442255403666
0.6699438172238475,0.3958645790897621
0.7700991233498097,1.0329676195381114
1.0,4.053453721437386
