alpha,s
0.0070115478309404145,0.0
0.056953838613981136,2.242739726027398
0.06502676185511476,3.08219178082192
0.6751670393546192,4.184109589041098
0.22723604892711802,4.6
1.0,9.4986301369863
