alpha,s
0.829725298816162,0.0
0.867219224103269,0.10786689297044182
0.8668693180443444,0.2566591595958861
0.9848174631664032,0.5113839125764232
1.1155791462216487,0.9371804030517236
1.0,3.908334319217357
