alpha,s
0.06816183482600496,0.0
0.13661003573740896,1.7287671232876705
0.21846133607356502,3.20547945205479
1.7832554231009146,4.180273972602742
0.507397824517576,4.453150684931504
1.0,7.04383561643836
