alpha,s
0.942777349302006,0.0
0.8406159100897873,0.00976261539537296
0.8514428702872708,0.06228284013543712
0.8277494222562196,0.19473608562947425
0.798670096054962,0.5278338876722198
1.0,4.66665240301618
