alpha,s
1.0363444900187788,0.0
0.78163742097284,0.05926401946674486
0.9024294908962478,0.20710498553963155
0.9899701511296248,0.45288383255232845
1.2227888884598312,0.8661541968280049
1.0,3.673031050273887
