alpha,s
0.8469016696272815,0.0
1.1016417714344096,0.1018508000472385
1.0436918876406378,0.21799746794473782
1.1328685932353935,0.419164024497976
0.9869566222081093,0.7906246971308055
1.0,4.141288281020183
