alpha,s
1.281925168672502,0.0
1.072449684298484,0.06275843554057936
1.0599540518515007,0.1794001020920745
1.2627349208515597,0.3728829092493319
0.9554371031807258,0.6977495799018206
1.0,3.972622845560652
