alpha,s
0.14434526799040026,0.0
0.19514717365692122,1.3041095890411
0.286575893709679,2.48767123287671
0.3495058018137182,3.7424657534246615
0.5408892972271118,6.14794520547945
1.0,8.22739726027397
