alpha,s
0.04720763340542249,0.0
0.12403505838736681,1.7090410958904085
0.16793150586828465,2.8016438356164386
0.21413532879204245,4.2027397260274
0.7604644601757382,6.1347945205479455
1.0,8.22739726027397
