alpha,s
23.30289336456628,0.0
4.5461551524808534,0.00612872915591666
2.4611433999415278,0.04819910504720307
1.3790567656524408,0.1628166455493372
1.191638138314067,0.5400786174701911
1.0,4.115818308260454
