alpha,s
9.278968788369985,0.0
1.9046371621418483,0.0062752205231293
1.639272655166638,0.061538347630632956
1.2765419595412741,0.18289296448158948
1.0286667902989388,0.4851416056283925
1.0,3.593678828013927
