alpha,s
1.3279940883539487,0.0
1.0843778927289478,0.0979684726687664
1.180826452712532,0.2623414254599218
0.9132466756771874,0.4880566204394317
1.0405813945443172,0.9995128613063482
1.0,4.218466346673474
