alpha,s
1.0464977834100462,0.0
1.122366220739871,0.18195963526118109
0.9490251693454127,0.39800906755679155
0.9582705376807884,0.7550456913343919
1.254454846645154,1.365845227909964
1.0,4.75322813346758
