alpha,s
0.5262745172786294,0.0
0.71154984907102,0.0952057999000283
0.4182017208382175,0.2220720213468796
0.4930486988117371,0.5740333630244863
0.4612119978602374,1.1099542472735788
1.0,3.993077419430113
