alpha,s
0.5077827750468165,0.0
0.650166776063418,0.1219847172197803
0.7748978804498405,0.3103029883306066
0.8423030716234357,0.5639676377152886
1.1786381250483366,1.1027351495410869
1.0,3.07607083205437
