alpha,s
0.7381709365888731,0.0
0.9118169055807214,0.121835211952059
0.9922399241666076,0.2784412285348406
0.9504550036374662,0.5145756329500017
0.9728811334401353,0.9705000113519692
1.0,3.667232145859373
