alpha,s
1.5153662935674748,0.0
1.190832111275436,0.039397408535983065
1.179647585821601,0.122899658018655
1.1035992621786939,0.27254248591825564
1.267858046907365,0.6310592728416199
1.0,4.561413679199545
