alpha,s
0.6836650125951192,0.0
0.7584979558529815,0.0911665206516969
1.1101339561523127,0.2362879625868105
0.946831111592867,0.4235319264386129
0.8216834569854865,0.8480374242092742
1.0,3.7622129196198135
