alpha,s
2.3345798367854216,0.0
1.1997600627788765,0.02857096995334702
1.0444775622209233,0.14344316577829186
1.435018391430151,0.35968166292109344
1.3067214559830198,0.677786230474475
1.0,3.0735397591789657
