alpha,s
15.635294884306644,0.0
3.3818843544636303,0.0077915480663787425
1.9817765336584863,0.05761911818109182
1.973459187348218,0.1838089569437817
1.1106744695401387,0.4167500998462136
1.0,4.470434697868591
