alpha,s
0.22792166014115664,0.0
0.5036697122088075,0.12744333028324184
0.5219523353392264,0.25576562875364045
0.6283735348574345,0.5053384831260623
0.7887533979062884,0.9667526555651349
1.0,3.6481968958717057
