alpha,s
1.0362019920533763,0.0
0.8362211760590772,0.1440430798555024
1.4213475203911747,0.38667512650084135
0.9312889065575158,0.5830829723834366
1.2024423471013543,1.162805702234743
1.0,3.413590557630619
