alpha,s
0.01666026096097027,0.0
0.10584941668340965,1.96712328767123
0.04668114808026528,2.36438356164384
0.09111337268309239,4.19178082191781
0.6103802879308712,6.14794520547945
1.0,9.4986301369863
