alpha,s
5.648127781212383,0.0
2.1389216145059713,0.03110859877394301
1.7001170518062554,0.134952522422645
1.2291958828417349,0.32694934674339093
0.8161232482646391,0.7657757748472439
1.0,4.201182783033947
