alpha,s
38.086582320226526,0.0
5.874701785176145,0.005770492850666182
3.0796572448401407,0.05194480713997949
2.0083215945985584,0.17447852538792405
1.351921727572707,0.49501857558648343
1.0,4.521845360289911
