alpha,s
3.780423623032957,0.0
2.0311848537507906,0.040635776475474006
2.1587149712423144,0.1420615743918099
1.18291739669472,0.28240433132285214
1.6964576443294457,0.7268970770445313
1.0,1.9721595542862624
