alpha,s
2.069241154090983,0.0
0.9385885227924301,0.0341837269417619
0.8467186609753017,0.1709564568002287
1.4899546694397239,0.44504257561671406
1.194609471255025,0.7417599006171759
1.0,2.8557632733946554
