alpha,s
1.1298688609757621,0.0
1.0994106514205413,0.1160239175196066
1.1011509402812647,0.2828428790803602
1.1088442454896854,0.5213398899602495
1.0610333775353968,0.9617259150068633
1.0,4.111219046202068
