alpha,s
1.3824346188460759,0.0
1.067958768150244,0.038202391472805505
0.9881147669072053,0.12490966848748743
1.1330882975575645,0.31059608157330576
1.4609816245538474,0.6536245451243794
1.0,2.36388401213389
