alpha,s
0.2808483710003211,0.0
0.5383201309347383,0.12385030654917764
0.788912306259613,0.278561688969134
0.7493802720816903,0.49347474606878566
1.1222836931994489,1.0080631134198406
1.0,3.309381013435481
