alpha,s
0.001300473112863978,0.0
0.04681887832380554,2.2361643835616443
0.06773036784854741,3.20547945205479
0.18892170643005923,4.385753424657538
0.8787500510879248,6.14794520547945
1.0,8.03561643835616
