alpha,s
1.134783435558475,0.0
0.9246432655262263,0.07992525608553902
1.3394313658059294,0.2317090598567781
0.9150974660907314,0.40101453868504866
0.7895672730703925,0.8858861759618404
1.0,5.639427952349438
