alpha,s
1.2453809385644778,0.0
1.1583155071982962,0.07282888266512466
1.1692314378855602,0.1886957193969946
0.9813205172505824,0.37247341706559073
0.9856167676540536,0.8217609675062475
1.0,5.156675611739051
