alpha,s
2.366217196107143,0.0
0.8423279022401339,0.0046472743599439
0.8771399989513249,0.0561150928599776
0.8976264853479937,0.1759547366664026
0.9055804083928477,0.4771476288449929
1.0,2.5640548567302326
