alpha,s
0.716484172205865,0.0
0.9078066917922434,0.09502848412422063
0.9026952782180646,0.2414776089766243
0.723873579574075,0.5060207479125098
1.694928367166141,1.100589102542088
1.0,2.174545430253116
