alpha,s
0.6307329670376243,0.0
0.7563326529879753,0.08842599969995009
0.8946688528466074,0.23770176237349452
1.1361249609260562,0.44457039972220935
1.4806869525142747,0.8192820971499283
1.0,2.177833841023101
