alpha,s
0.9619221399767826,0.0
1.0229524378170185,0.19578586769788403
1.0026976814040802,0.4341165820571138
0.8912538095323819,0.7684079838902755
1.0028460129387478,1.4031651928769022
1.0,5.185248555431379
