alpha,s
4.183120783961859,0.0
2.4524276016067015,0.044020487998413425
1.8471189214507422,0.140828309192449
2.295379982363519,0.32392709762103267
1.5031018245196865,0.5855862828324836
1.0,2.70175970378786
