alpha,s
10.127626305663773,0.0
2.9614857503453327,0.005150256909520042
1.4694198308879138,0.0360242057383596
1.5726390904082268,0.16299068067895373
1.3458738013032776,0.4136758718320238
1.0,3.4788136624161585
