alpha,s
4.523642400548957,0.0
2.3169960068405797,0.034685116329488105
1.5409701950205132,0.12898677386556656
1.2062734684340424,0.3322550726294188
0.9994986465702532,0.7576118043220411
1.0,2.9250993778087824
