alpha,s
0.7577609059887864,0.0
0.8847813059675432,0.11409476594667876
0.8915627861293137,0.25498541553657417
1.1104585401018974,0.4818828342179021
1.0272684642894903,0.8499391884894368
1.0,4.139828374042139
