alpha,s
0.030953742153432894,0.0
0.060360048624411904,1.95342465753425
0.47442235190739107,3.023013698630138
0.06729530192144252,3.28767123287671
0.4084658033327405,6.094246575342466
1.0,9.4986301369863
