alpha,s
4.580119950556691,0.0
2.1160169010644525,0.03658770029215541
1.286573854249656,0.13568789794537778
1.1788702074420494,0.3874837733356737
0.9550784397324362,0.8614228438273916
1.0,3.0702484356078394
