alpha,s
0.006917110139390598,0.0
0.04144702907232207,1.8591780821917783
0.1284761376785234,3.039452054794522
0.412268589209207,4.164383561643838
0.405751053050165,5.12602739726027
1.0,8.22739726027397
