alpha,s
0.011226352631473846,0.0
0.2093980505521726,2.23013698630137
0.059063052794375535,2.48767123287671
0.18900236299689346,4.35068493150685
0.41908815229608126,5.85479452054795
1.0,8.22739726027397
