alpha,s
0.44039175977962053,0.0
0.7800437973676956,0.1583800388069089
0.9237541653197658,0.32514192226695743
1.6459064989702665,0.593213334979128
2.070156567859503,0.8771152629811041
1.0,2.100634845828126
