alpha,s
7.4001676033406465,0.0
2.311965018596466,0.02394245128332292
1.6770471655179393,0.12299052373305201
1.223202701011913,0.3122029888277015
1.3337493350130947,0.765711365046892
1.0,2.67016696223194
