alpha,s
1.3598551790610092,0.0
0.9346046330417906,0.098037513051675
0.9932269685095009,0.28189669829326247
0.8528114981053038,0.5471979163377643
1.0205224864837856,1.0649968217929153
1.0,4.161652606036922
