alpha,s
1.1922031446735128,0.0
0.918394101549044,0.0609460112074384
1.0090113228177742,0.18332939524247815
0.9966838575708363,0.3756458614664687
0.9048454820547664,0.7710398517772737
1.0,4.922615175354915
