alpha,s
0.7236072739581836,0.0
0.761730944072997,0.05983932273469103
0.759707953881824,0.18499386227490033
1.1512010552212115,0.4013756289336589
0.9643261915360662,0.7710620856082581
1.0,2.7469478637600293
