alpha,s
0.2750938948903413,0.0
0.552049823114033,0.12808860931601967
0.7933260785290515,0.2768652351483266
1.0345765599029415,0.48871275383914586
1.4176684463034743,0.8558407715821508
1.0,3.895024915038829
