alpha,s
0.3377739389938292,0.0
0.5141422943732521,0.0986968269647446
0.5787034661107635,0.2461220311646562
0.8922101354467521,0.5119635740720142
0.8962851206388702,0.9153148478953964
1.0,4.639031586878207
