alpha,s
1.0871628626365772,0.0
1.0323129866038463,0.058226238061144985
1.333045236920491,0.17540792655598184
0.7043550069133524,0.3183411298734336
0.7772389571129046,0.9251203473347939
1.0,3.794074768912708
