alpha,s
1.0356010482639273,0.0
1.100403946791772,0.11168686205505211
1.0727030517379934,0.25371393730032715
0.9563179300547168,0.47958675710722815
1.0865785295178834,0.9582168122546336
1.0,4.40346737000371
