alpha,s
1.0079499157667349,0.0
0.8953800659000057,0.07927777875901953
0.8246191754724226,0.22944598043833403
0.89828708863369,0.5092677184232436
0.9333298388829314,0.9894537719407629
1.0,3.971919775750607
