alpha,s
0.9745035761831947,0.0
1.555763783386977,0.16328876905903045
1.5365728077716996,0.3016000404090273
1.0185231308377358,0.5028115841143488
1.4424623171004554,1.019634669983794
1.0,2.699405193773594
