alpha,s
0.010477939804431863,0.0
0.01079952991188467,1.95342465753425
0.024428044433988834,3.04109589041096
0.029183620199860146,4.191780821917811
0.06462589848306265,5.94520547945205
1.0,8.22739726027397
