alpha,s
1.0559908779301073,0.0
1.012649504610329,0.07137711481638771
1.1878036537585779,0.19307546049805846
1.2750212844445044,0.37032194550856595
0.959257980553783,0.7218728241830951
1.0,2.515416991504662
