alpha,s
13.138688216218739,0.0
2.7765449225607224,0.0062675846787772
1.6990676555936497,0.0518436642820549
1.4578436697975172,0.18438194773216743
1.24064626211198,0.5041314381240539
1.0,3.715820441480305
