alpha,s
0.9528179305923339,0.0
1.2913595166166554,0.08626318866228681
1.0359057906099869,0.18435371553879573
1.0111468031489492,0.38766326450077904
1.1825468955611458,0.8076425304861021
1.0,3.778214628239728
