alpha,s
43.11195270643153,0.0
6.504940522236084,0.005153401663127203
3.4905079225043765,0.04763225439198778
2.1681392421782433,0.1562450595870367
1.4866968484623655,0.4674097795036928
1.0,3.6209199137186654
