alpha,s
0.8607633342240247,0.0
1.451762376926904,0.09088100442938205
1.2341491342937676,0.18528984058879258
1.1160721335833736,0.3767546921361771
1.3095719684008353,0.8241357179173553
1.0,3.3764842122922083
