alpha,s
0.9688578831526815,0.0
0.9683728694591622,0.1970610965231925
0.9929929435263443,0.4474133560691191
1.0581494650939451,0.7904329723235672
1.2331273328504158,1.3376714566958112
1.0,5.329582318092234
