alpha,s
54.9744977988669,0.0
5.345256202323271,0.00401478563665482
3.077005930021252,0.054431759213727705
1.3477138123078582,0.17612130401952855
1.619670164467242,0.6556386790013078
1.0,4.125182163700378
