alpha,s
0.42012142629601035,0.0
0.4823194647148433,0.1146086499585228
0.6907397151169954,0.28060174223375195
0.8766637140842486,0.5039777603320964
0.8305432766081401,0.8727408007198347
1.0,3.563460707810003
