alpha,s
0.47830445900999846,0.0
0.7266696343039623,0.10447135419130764
0.6488201064388289,0.21900437566671033
0.7156678774066136,0.4473167954724791
0.6055169575419035,0.902632070797877
1.0,4.838054692147105
