alpha,s
1.0464508667836958,0.0
1.1255808833971594,0.12392761983484181
0.9459383738767919,0.280385582143044
1.0596264770308594,0.5605595719988961
1.0322109386541771,1.0025574833071
1.0,4.994575506562667
