alpha,s
0.9247522676763624,0.0
0.9433839340423676,0.13999938116050564
1.1640419892277267,0.3247425223381479
1.0099191512058174,0.5451420037018919
1.0589510440650292,1.0192297011578444
1.0,3.701661044941834
