alpha,s
1.8055529603972769,0.0
1.7132281559411215,0.10988086346170425
1.377980709232592,0.25701571187931327
1.3052621229719419,0.5158250098628938
1.126800032517409,0.9745370213341138
1.0,3.758618934567417
