alpha,s
4.181518634568641,0.0
2.2148274858788795,0.039775760662727665
2.2506282026576865,0.13319664955966
1.0898169146217735,0.27470226792105623
1.126133175556302,0.7590852757275791
1.0,3.461809903397085
