alpha,s
26.08339549510613,0.0
4.427067798396928,0.0051175506297473005
1.8131770145612838,0.04524341530146886
1.5921651595540476,0.19366325646303367
1.3354388031086806,0.5228431745441404
1.0,3.058985415592392
