alpha,s
0.8763147528535767,0.0
1.1761623032406885,0.049260431867313284
1.087531265371201,0.13060608441661073
1.0524669539084603,0.30231307783580474
1.0914957202436129,0.6625958560335535
1.0,2.7354236818901394
