alpha,s
1.0338107258892546,0.0
1.0044538962522913,0.1826429594305736
1.011784181406049,0.4229268099353973
1.1097406811224162,0.7545128103337511
1.0181714555403396,1.271900699232791
1.0,5.174164215613774
