alpha,s
0.014381271403536436,0.0
0.022468807104885087,2.23013698630137
0.18849027713739502,4.000547945205483
0.1937761620812628,4.489863013698629
0.6930599666231871,5.697534246575343
1.0,8.17808219178082
