alpha,s
4.415842016849787,0.0
2.2879070498777505,0.040635776475474006
2.3483156355112267,0.1420615743918099
1.2502836910177997,0.28240433132285214
1.7449157932251589,0.7268970770445313
1.0,1.9721595542862624
