alpha,s
0.01351431869264406,0.0
0.03013357760041044,1.96712328767123
0.0237113753761549,3.10684931506849
0.09440397438369671,5.58904109589041
0.30214747968723465,7.04383561643836
1.0,9.4986301369863
