alpha,s
1.1086557690324084,0.0
1.1415966953988352,0.04427985732432739
1.0406699216850972,0.12335870671133717
0.832962938828985,0.2819269650639747
0.8657885143631439,0.6842164118617846
1.0,3.785254599926928
