alpha,s
0.36258899150189683,0.0
0.7485357250170601,0.08371643159361153
0.7519351023706099,0.18591085611926003
0.8976299471463217,0.3856762140352826
0.9957988404263435,0.7835086151786647
1.0,2.251260487311354
