alpha,s
0.9771952781051207,0.0
1.2834078984360557,0.05656213555205743
1.3298588697016234,0.1243922762906321
0.9078007739498789,0.24413704960901958
0.9557100056346328,0.6424922073414414
1.0,3.3276679082844054
