alpha,s
3.1870922320570734,0.0
2.5132016906275134,0.0642932134547165
1.9313227981105288,0.16656753976860608
1.4969343297359534,0.3514079711368856
1.3103614671396804,0.740992751336175
1.0,3.8578344144253927
