alpha,s
0.8945741266580112,0.0
1.0305269030369915,0.1399621737521074
0.9659761105528254,0.3080385967233113
1.1768169070144674,0.5751390358666676
1.0397888428106241,0.9879116975602126
1.0,4.129425786510601
