alpha,s
1.4804000612209944,0.0
1.5549959979378982,0.03940910195652926
0.840704279297939,0.11373271152610769
1.2393939096725093,0.36987170141779585
1.0438882390860849,0.7155009163973433
1.0,3.3877650731705304
