alpha,s
0.04736396800759419,0.0
0.09825656367218755,1.7287671232876705
0.1555552384749857,3.20547945205479
1.3995425031443338,4.180273972602742
0.5311515093327687,4.453150684931504
1.0,7.04383561643836
