alpha,s
0.04834663301284647,0.0
0.09279185128443213,1.98630136986301
0.13749424482514414,3.1068493150684944
0.2043626053294812,4.41643835616438
0.21673625704289967,5.85479452054795
1.0,9.4986301369863
