alpha,s
1.1041334917222654,0.0
0.9293040825285822,0.10799172833164077
0.9269872777655346,0.2803416520828712
1.0432584814683172,0.5512693592871737
1.0071869573837118,0.996568764003993
1.0,4.316714595483662
