alpha,s
1.0250661517205006,0.0
1.077008505031951,0.12847632375863374
0.8326284829354305,0.28981180414268437
1.27527669893955,0.6115769448205316
1.149049735494759,1.0079186897855805
1.0,4.0489289991718085
