alpha,s
0.6972575919126679,0.0
0.7029096967742496,0.07533422536689514
0.8113666908496465,0.2305298420954699
1.327037950903511,0.47807326916561255
1.0320222453157994,0.8252539312395263
1.0,4.698047237136822
