alpha,s
1.2899863287227238,0.0
1.196010087422834,0.10495414409337002
1.1427497948824377,0.26163826998573353
1.2128138452028394,0.49576922036022475
1.0083064926950285,0.8974924661192301
1.0,4.4531845759602655
