alpha,s
1.1384695994262586,0.0
1.1675901158973432,0.11098354640904079
1.0329544692308454,0.25690994012781915
1.3724784103240648,0.5066718584647961
1.321775159590926,0.8711916720602326
1.0,3.540831722371637
