alpha,s
0.008153041220738172,0.0
0.021068091594122946,1.550136986301371
0.056649101871124194,3.087123287671234
0.08899873342058577,4.41643835616438
0.8455289718897463,6.2915068493150725
1.0,8.17808219178082
