alpha,s
0.6673981291849075,0.0
0.7980492825304363,0.0867210554451454
0.9555293423232397,0.23278795395160443
1.1726547274235772,0.44007965694726453
1.4129392530355727,0.7831280894702336
1.0,2.7179923735459512
