alpha,s
0.0069963513558598065,0.0
0.04520878662736276,1.999452054794518
0.10802030142619924,3.035068493150686
0.17814246570717054,4.453150684931504
0.48801788194611745,6.14794520547945
1.0,9.4986301369863
