alpha,s
1.2158265171716778,0.0
1.1779762262563613,0.0685840398390922
1.0281854505830328,0.1750178214339327
1.1085936219421448,0.373296075440778
0.9591997154633818,0.7401561423939235
1.0,4.817977943882933
