alpha,s
0.9003991744576875,0.0
0.9373906707434366,0.14065985263191058
1.0074414796458127,0.32251575825530343
0.9868164498033631,0.5753627201170725
1.2721213596540906,1.0562922551760099
1.0,3.971522114734739
