alpha,s
0.8595482138301849,0.0
1.1539373477901336,0.055860007941253446
1.0111060155197624,0.13184751344471105
0.8575804197928678,0.2865037909754113
0.9925923670406034,0.7696485720408953
1.0,4.431689959263529
