alpha,s
0.8990688985171403,0.0
0.9230136968732775,0.08436811150032611
1.1574618601643214,0.21591220404730638
1.005593312036085,0.38819236463404033
1.0637367548251087,0.7939994193558351
1.0,4.580993336207635
