alpha,s
1.1454482026617123,0.0
1.2806205529084362,0.07119069478274594
0.9927271657448395,0.16304213655951877
0.8262070791733952,0.36573322267202235
0.7877304758927525,0.8403409909670897
1.0,3.362752033452183
