alpha,s
1.1351731094025956,0.0
1.0023983300131678,0.1647112935999817
0.9336146832005995,0.4023919759136348
1.0499884568578834,0.7609184009163478
1.1210656310964824,1.3054757874066463
1.0,4.580847386011793
