alpha,s
0.02372582565110395,0.0
0.14291174143143776,1.8295890410958944
0.04355293432546131,2.29315068493151
0.09818134747670405,4.155068493150689
0.1643218206761126,6.26301369863014
1.0,9.4986301369863
