alpha,s
1.1069009923769861,0.0
1.0558058652038516,0.11845438380026131
1.2829449313254357,0.28756426701242893
1.1159360747028462,0.49257775566178413
1.0450339655113006,0.918535882575812
1.0,5.817743672819648
