alpha,s
0.0325920762312017,0.0
0.050389763842589703,1.95342465753425
0.11899316477866742,3.04109589041096
0.16443348782891667,4.191780821917811
0.42694159641160395,5.94520547945205
1.0,8.22739726027397
