alpha,s
6.590128484530091,0.0
2.161701944205295,0.00592048414394282
1.7051877465974565,0.04686959489242247
1.5281694585550574,0.15218498139544334
1.2039440212418828,0.42376310114255417
1.0,5.001886183330838
