alpha,s
50.30832366300291,0.0
5.5585557023487935,0.002909037591462281
2.6454366721086076,0.038322322111087125
1.6850338800458522,0.14578144820300928
1.137941466314659,0.4485409204546227
1.0,3.6595089084927857
