alpha,s
38.64458626359497,0.0
5.399473328939059,0.005827719674598763
2.773321336332263,0.057603877023737385
2.338859091981703,0.19449375376857145
1.6785692114809665,0.46863723001340285
1.0,3.410880225199895
