alpha,s
1.2560889373202209,0.0
0.9307715490854066,0.037017119913589885
1.2137839064893938,0.16466041750283036
0.8798088184545378,0.3234029212379985
0.8420919791283323,0.7504937870956837
1.0,3.0784765342956706
