alpha,s
0.8685149855592944,0.0
0.9928536355144446,0.09029462576627742
1.0193562803545593,0.22252784512993556
1.0395383208344315,0.445396848073956
1.122385744393806,0.8727475489552841
1.0,4.334454489030695
