alpha,s
0.016918917215743758,0.0
0.05172842192828975,1.7090410958904085
0.08291725506468813,2.8016438356164386
0.15306603227699697,4.2027397260274
0.7462415458520875,6.1347945205479455
1.0,8.22739726027397
