alpha,s
0.2443989498900868,0.0
0.5641912186901077,0.10906550291381177
0.7200721250460307,0.2324999112174886
0.8533685130846269,0.4288079785497118
1.1984995036861783,0.8187765174793503
1.0,4.120420532976826
