alpha,s
0.3767698158918221,0.0
0.6103002684964672,0.11576695618871224
0.8173118272163044,0.2644928800275774
1.199396550452108,0.4794156554451258
1.3185484443095759,0.8000454075555122
1.0,4.428391863272168
