alpha,s
1.9770151868251697,0.0
0.8902372900871935,0.0050787709652021
0.8815492302535537,0.0534105676467337
0.8802990312017724,0.18570281784397424
0.7799410474040791,0.5267108676301676
1.0,3.315294070892421
