alpha,s
0.3203971355132901,0.0
0.4784761416645526,0.10345848573256353
0.781890560094077,0.2611432650563093
0.9298384432402158,0.4703576580285035
1.1541291271007428,0.9008596064657117
1.0,3.2929981705875027
