alpha,s
5.596869813047889,0.0
2.9410188339327417,0.0374861836575017
1.571084989100817,0.1261723470057485
1.748415307960116,0.3582416318492281
1.3417161900425214,0.7071066491705984
1.0,4.885286964295417
