alpha,s
2.021382402399564,0.0
1.27592370790362,0.0395991988494556
1.1587984780412384,0.1418606512665548
1.103101790659934,0.3351746554438624
0.99606796980108,0.743246000794091
1.0,3.689606050115074
