alpha,s
3.3729077109638417,0.0
2.4977956667635244,0.0541214405303695
1.5476750397363606,0.1452549214763537
1.302408057079172,0.3566989587549391
1.4053452307498688,0.8370302135012683
1.0,2.8712617930621174
