alpha,s
0.9467278376868935,0.0
1.4399221396807391,0.13867284606076236
1.3657922155538118,0.2626445535880428
1.6556404100855195,0.45335967688246004
1.077434734617141,0.737525585118321
1.0,2.9457415119277983
