alpha,s
0.6767602606400306,0.0
0.6808515475604403,0.1563235242109813
0.7875170457782998,0.3760708016934508
1.1032506964425408,0.6786323567819028
1.0237101254626846,1.094590363556584
1.0,3.684090959534526
