alpha,s
0.00027880449950300554,0.0
0.014399268158794627,1.9709589041095859
0.0662376326073035,3.28767123287671
0.09521923111568267,4.2027397260274
0.8306878177699415,6.144657534246575
1.0,8.22739726027397
