alpha,s
18.752497866888582,0.0
4.324871398143428,0.007964491252015623
1.9923470023510752,0.053053230738884134
1.7978133899960735,0.19632843796123742
1.098264855104287,0.48917934888063025
1.0,4.985617281927788
