alpha,s
1.454699579967402,0.0
1.2578184362882874,0.03984898608743934
1.1990076207337101,0.11857184460734013
1.0809537734039416,0.26927429718943835
1.2380709397057477,0.6420994512977412
1.0,4.217770316344991
