alpha,s
0.9715428249305672,0.0
1.035084944503509,0.13633563136336893
0.9667154526803164,0.30558461818184923
0.9482600989114645,0.581188083451999
1.2524584582445364,1.0729089387427384
1.0,2.8005441136795377
