alpha,s
2.1969061951110267,0.0
1.189934564286085,0.0327291693516059
1.4406593111775394,0.1442345569474772
0.8989663433321543,0.3033209469660927
0.9052754370159078,0.7529271967530446
1.0,3.610859719316204
