alpha,s
1.8924398035091659,0.0
0.9169296221188551,0.005312109696107061
0.8864780246269965,0.054127986751849
0.8331073941257783,0.18611982039608807
1.0104409170560054,0.5361619742749526
1.0,4.363074621508235
