alpha,s
0.03864541705495938,0.0
0.16547081726320817,1.82739726027397
0.0915742510013925,2.290958904109592
0.14625219631989628,4.13315068493151
0.6235013128819701,6.349041095890412
1.0,9.4986301369863
