alpha,s
25.223162660641922,0.0
3.0627861806954817,0.0033786474626771
1.8048594508640756,0.0449648030405765
1.4612165643898758,0.1638151929407588
1.2605495758984682,0.4702068226232969
1.0,4.069696629752516
