alpha,s
1.6999466803508059,0.0
1.885733927826826,0.1207933119088727
1.8153867122594807,0.2584706665631004
1.5507173424721923,0.46094778019891336
1.3753321224565476,0.8793986213876817
1.0,4.723335741612782
