alpha,s
1.009489405893761,0.0
0.883226001526695,0.12300980599143903
1.0345289762375147,0.3173560505903083
1.1879826753109923,0.573124516333142
1.3005749734820835,0.9726972565361567
1.0,2.9207782133358164
