alpha,s
0.016854425656436915,0.0
0.16755697495936717,1.95342465753425
0.07178214187623903,2.307397260273976
0.27840900091163984,3.786301369863012
0.2637276168723291,4.823561643835617
1.0,8.16438356164384
