alpha,s
3.8631222242113585,0.0
2.011877639875349,0.045527571574010245
1.6693122608638602,0.16008643097264658
1.6458913091411325,0.3515988873640102
1.156260748583713,0.6965419920573089
1.0,3.5009440354892427
