alpha,s
14.565791313700245,0.0
3.535700971964607,0.009591878118089
2.181506038487278,0.0615101485448842
1.674587769714484,0.190487201413509
1.30220673135444,0.510154322552231
1.0,3.169532101175876
