alpha,s
1.7247838335667123,0.0
1.0836271663849661,0.0317335613849857
0.9062209215115886,0.1464695275807244
1.0868022505196877,0.3804748752265987
1.2877007686592328,0.8005050360875456
1.0,3.118133809121077
