alpha,s
5.314950258802247,0.0
2.086161230820762,0.029370845325227
2.106513553556678,0.12849181946852517
1.4069333222251614,0.26574113869554356
1.1773444006334104,0.6519053853662927
1.0,2.3095758583311574
