alpha,s
1.4407469324584188,0.0
1.2974318410809205,0.04122612683985954
1.1821390089292585,0.11904819613877582
1.2179371866859534,0.270358098761838
1.2894993572214732,0.6024299612758971
1.0,3.615230963453628
