alpha,s
0.9639132880811779,0.0
1.2600591934711927,0.05295486688499132
0.8163908384231708,0.12082789480333327
1.0188302408315804,0.31626124366041225
1.3738703978276838,0.6395780386281853
1.0,2.579577989655082
