alpha,s
0.0020256870222655804,0.0
0.018607902238603105,1.2630136986301361
0.05747206381691269,2.23013698630137
0.09583913877037321,3.28767123287671
0.4403236471144669,5.133698630136983
1.0,8.22739726027397
