alpha,s
1.2683985011338963,0.0
1.7087180134410656,0.10692074827488594
1.1295975174380397,0.2146070279358668
1.1614713273542006,0.4630201845790892
1.4252417969765023,0.9154358024748299
1.0,3.55432385605462
