alpha,s
1.7663791128620445,0.0
0.734036339094166,0.0037035812127463
0.9938493966521446,0.0550023959389759
0.9069137996081295,0.15465356482011894
0.6314488734527871,0.4574124528696704
1.0,4.198739161936985
