alpha,s
1.9150923527212353,0.0
1.2588210829251705,0.07533422536689514
1.1575929697262608,0.2305298420954699
1.6488204315780095,0.47807326916561255
1.1923585977573916,0.8252539312395263
1.0,4.698047237136822
