alpha,s
0.0641774434622208,0.0
0.08855505290480938,1.168219178082196
0.06931756886813645,2.190136986301368
0.16841485491915958,4.198356164383564
0.4336994211655507,6.128219178082195
1.0,8.22739726027397
