alpha,s
3.13747613663977,0.0
1.479886284183996,0.02983330574565066
1.0844314618114697,0.1272713682353731
1.086609111676115,0.3460141527890504
1.4162641987831095,0.7899198004657013
1.0,2.630502213321056
