alpha,s
1.1007766159589458,0.0
0.7914024543103498,0.16956927135908342
0.9640841448386641,0.47216075010784914
0.8373748903645121,0.8183571032710185
1.1080589884115601,1.526808116953035
1.0,5.13002286118316
