alpha,s
0.9989445450185092,0.0
0.9834484176860313,0.11747838529895506
1.0820559863392707,0.2821580595434508
1.0858752056183052,0.5062656049910564
1.1764879282466767,0.9628561384897615
1.0,2.944326162085918
