alpha,s
0.9625081367951027,0.0
1.1178234659763846,0.13335515122506708
1.2349096610979091,0.2898100381825537
1.058322696699315,0.5029067127181176
1.340795723391118,0.9724981542871018
1.0,4.14150984750306
