alpha,s
1.1926217079233905,0.0
1.088131815135425,0.048493077674264
1.0108517273956523,0.1430214251006834
1.138080947305662,0.33157336380430913
0.9354529755100102,0.6628842088797344
1.0,4.677193636340866
