alpha,s
0.0018934854983452638,0.0
0.014723234849368529,2.29315068493151
0.04954963281587805,3.28767123287671
0.07443348373850643,4.19178082191781
1.395068951756551,6.26301369863014
1.0,8.17808219178082
