alpha,s
0.03259894129619734,0.0
0.2124156832203617,2.01369863013699
0.051406231327421635,2.42191780821918
0.09365056163803355,4.17260273972603
0.2101680141882092,6.33424657534247
1.0,9.4986301369863
