alpha,s
0.26789303663321873,0.0
0.34076377304099637,0.09838486418650118
0.4615522800207372,0.26746572279780123
0.7464676095823792,0.5207609899862854
0.6954566232505577,0.9007748376930306
1.0,4.469755756875091
