alpha,s
0.0011743123858969071,0.0
0.0033467509364472022,1.3041095890411
0.0085958436051926,2.36438356164384
0.04858782628453122,4.17260273972603
0.20303404249985899,5.94520547945205
1.0,8.17808219178082
