alpha,s
0.0007529087376301266,0.0
0.029792764799990597,1.82739726027397
0.042967209302611616,2.28219178082192
0.11384056073946824,3.7232876712328813
0.213473277196442,5.58904109589041
1.0,9.4986301369863
