alpha,s
1.3973733079621695,0.0
1.0431454366061266,0.0596546944276812
0.9630280245872921,0.1815158019928908
0.8173642819386849,0.3926406752473702
1.1727650666558473,0.8802552875458057
1.0,3.926265433639305
