alpha,s
1.064940593903956,0.0
1.0324127462017954,0.18067135137216345
1.0449845116136878,0.4178386647089353
0.9867884594804923,0.7499795072803287
1.1548706824941684,1.3524700495786182
1.0,5.125968652280218
