alpha,s
0.042497470262050634,0.0
0.16116732765044706,1.82739726027397
0.07395024242198062,2.23013698630137
0.25117696244557497,3.804383561643841
0.12976597087122813,4.6635616438356156
1.0,9.4986301369863
