alpha,s
0.7897827122102541,0.0
0.9809976228539005,0.09722176092829711
1.1579217176459766,0.22854281107216756
0.6917434350638475,0.41377106822367943
0.7971461008240367,1.005302146236776
1.0,4.616375532441121
