alpha,s
3.2090039432090847,0.0
2.2111579277854596,0.051181875782125616
1.363174531048442,0.14628011409844263
1.159016653657002,0.36867321319562296
0.9682626065705994,0.8370925327810993
1.0,4.219838000948748
