alpha,s
0.035754502197157395,0.0
0.12131920718623977,2.7753424657534267
0.11008554447600521,4.17260273972603
0.4187791930574745,6.14794520547945
0.41077366643892727,7.04383561643836
1.0,9.4986301369863
