alpha,s
5.911405519215563,0.0
2.2623293290206274,0.029370845325227
2.233111711862324,0.12849181946852517
1.4620816119374005,0.26574113869554356
1.2032421461834282,0.6519053853662927
1.0,2.3095758583311574
