alpha,s
0.6013205692660467,0.0
0.5456186729046479,0.09838486418650118
0.6235954859123541,0.26746572279780123
0.8923477638849887,0.5207609899862854
0.7622563586197623,0.9007748376930306
1.0,4.469755756875091
