alpha,s
0.3386642833537633,0.0
0.5613489678110843,0.16437999024425293
0.6219741854391565,0.3361682076540757
0.5770498213639909,0.6076873762765255
1.1572971611717267,1.2861554364417154
1.0,3.71733449616455
