alpha,s
1.073866118414185,0.0
0.9693164604011101,0.17477567757993134
1.0518245826633743,0.4232003771246133
1.0357417964803206,0.7463682318559557
1.1421091788137345,1.3078343398752337
1.0,4.62328198170647
