alpha,s
1.1014276896700606,0.0
1.22910517608618,0.050252931137748445
1.0696192852468838,0.12906058512401977
1.0809833641627604,0.29192470802154624
1.2801368466556724,0.6497729006006209
1.0,4.411920043927224
