alpha,s
17.17662668799429,0.0
3.4987457236387898,0.007801342372240203
2.1470786302389087,0.0587836723065428
1.4971583241103208,0.18645113147710932
1.3032220882146774,0.5372738900601121
1.0,3.4906362807518567
