alpha,s
1.7541844947426364,0.0
1.6004576949004343,0.0458459636681344
1.2534278184679213,0.1266742617922271
0.7790420662480494,0.3006611312310466
0.784815164577192,0.8024105614199418
1.0,4.033797197950581
