alpha,s
0.8344686951071669,0.0
1.303794135102331,0.23058206361894343
1.1588120639694501,0.4241288086496917
0.7969797329503499,0.7154490568604717
1.0128846756591499,1.4666611819195345
1.0,5.078389783924678
