alpha,s
0.022579443839324656,0.0
0.10748129688832277,2.2361643835616443
0.09120162409199438,3.20547945205479
0.21708229119678435,4.385753424657538
0.9856943008642556,6.14794520547945
1.0,8.03561643835616
