alpha,s
2.167456393050421,0.0
1.079758516938923,0.0053057265074722
0.8874612166797601,0.0501801530446782
0.8685930546211833,0.17901361324134932
0.8629426996592979,0.490177434952823
1.0,4.132544402020455
