alpha,s
0.050343544670398914,0.0
0.10050499413738803,1.2630136986301361
0.14599949801937004,2.23013698630137
0.14813339348048915,3.28767123287671
0.5226044811162619,5.133698630136983
1.0,8.22739726027397
