alpha,s
2.784484355566217,0.0
1.6310662296637801,0.04484706761651576
1.3652898131791165,0.152149809781808
1.0067622623565549,0.3473735080353431
1.0321294150421934,0.815859080855315
1.0,4.729421699518467
