alpha,s
2.3640185719476707,0.0
1.2759957028570035,0.004882287412880922
0.9723130789609701,0.04112461104878309
0.8722663728914756,0.16137582738655767
0.9039400037242746,0.5132997715842408
1.0,4.030669869508386
