alpha,s
0.007200819713754775,0.0
0.04130973648611594,2.0717808219178084
0.10315128617480826,3.1463013698630102
0.16442555622557933,4.2027397260274
0.4846466572956027,5.927123287671231
1.0,9.4986301369863
