alpha,s
23.141460194386408,0.0
5.25916854122139,0.009591878118089
2.970581308297994,0.0615101485448842
2.0607685642768296,0.190487201413509
1.4429151082915732,0.510154322552231
1.0,3.169532101175876
