alpha,s
1.0193270287434666,0.0
1.072116111386831,0.12389767754255213
1.0128094214764036,0.28362284388794207
1.0079411031062615,0.5356766452353469
1.0021610834321655,1.0025759578430948
1.0,4.5798904153969815
