alpha,s
1.8446772910407927,0.0
1.0999004896754054,0.006922106651081681
0.8470163373578445,0.047671125915197614
1.0640466321540611,0.1909894877858068
1.2396752557714203,0.47490167047468385
1.0,3.471073365617555
