alpha,s
1.1840919631720035,0.0
1.0678277764360995,0.16738828805246161
0.959648104795633,0.4060877343152095
1.1373038390686514,0.7777489222628925
1.0172923208890634,1.3078685745077245
1.0,4.514139813635574
