alpha,s
0.9143140532928187,0.0
0.9469093706908581,0.20424304080515662
0.9344227618957276,0.457039501422916
0.9246218843833849,0.80909505140255
1.1735575584505327,1.4340560250557948
1.0,4.607569596014027
