alpha,s
0.04305786338049311,0.0
0.12853377957258885,2.29315068493151
0.21434396896915817,3.28767123287671
0.17562647830046335,4.19178082191781
1.7878267897431621,6.26301369863014
1.0,8.17808219178082
