alpha,s
0.4636972422578531,0.0
0.49290342541004606,0.129410218041029
0.7352506680856727,0.3197091056117945
0.9401817907064862,0.5410554090923825
0.9237233512252101,0.926770028695153
1.0,3.4466237841383403
