alpha,s
0.5082645507024234,0.0
0.655351067984638,0.1267978734024272
0.821392508301329,0.2839639970801859
0.920844276110058,0.5046996530133304
0.9141622717882356,0.9204417753999944
1.0,3.5592583913335143
