alpha,s
0.03694885860763248,0.0
0.19719718895379304,2.23013698630137
0.16269923555578883,3.04109589041096
0.6603386632036374,3.810410958904108
0.3811569104634482,4.39452054794521
1.0,7.16986301369863
