alpha,s
0.8461917942199941,0.0
0.9637692904209062,0.05038300148552148
1.1214977883162214,0.14880288633984895
1.326769084624625,0.30231755675189254
0.9536077674536205,0.5965077257705211
1.0,2.6701831316755835
