alpha,s
0.35566543911642706,0.0
0.5636884467387918,0.10988086346170425
0.6273078910764567,0.25701571187931327
0.8075857002947395,0.5158250098628938
0.9569593870707448,0.9745370213341138
1.0,3.758618934567417
