alpha,s
2.8381049495469686,0.0
1.431582772992315,0.00495679448313258
1.6041035612005052,0.043608268577388545
1.1613428952833706,0.1296751000565089
0.9819887834686853,0.4389929643760222
1.0,3.787546281258389
