alpha,s
7.363883107361932,0.0
2.4888351877459254,0.007925421622046522
1.5924680997265517,0.047754247548204676
1.0696160289780887,0.17055465125831998
1.2980429868915881,0.5471373601146525
1.0,3.8815655208443753
