alpha,s
2.4246868296322592,0.0
1.6376725721934131,0.058226238061144985
1.8632144033857332,0.17540792655598184
0.864815316316312,0.3183411298734336
0.892387084151316,0.9251203473347939
1.0,3.794074768912708
