alpha,s
1.0487774853216356,0.0
1.280333047653373,0.09814416164330167
0.893123919361559,0.21548511874128548
0.9216777673623691,0.4679181043944461
1.0197864972596846,0.956187428963469
1.0,4.3196581065758535
