alpha,s
0.04617161275857705,0.0
0.12388930326215193,2.04876712328767
0.12053464368236934,3.20547945205479
0.25906672035755357,4.4953424657534224
0.5225558002297161,6.144657534246575
1.0,9.4986301369863
