alpha,s
3.6809752963863795,0.0
2.221823462364264,0.044020487998413425
1.722001169588218,0.140828309192449
2.2040419905093733,0.32392709762103267
1.4724040023392833,0.5855862828324836
1.0,2.70175970378786
