alpha,s
0.3779179299880646,0.0
0.6751815812313955,0.10141205670719336
0.7460288731103629,0.22661398149256232
1.0606825804534898,0.4629483051706648
1.2850513938124997,0.8378375949088498
1.0,4.438945085951526
