alpha,s
0.33227466405773093,0.0
0.5575323938119895,0.13224725384146627
0.8338872053212537,0.30852418715316876
0.8852369690240769,0.5428521705315692
1.0642634210232464,0.97290739570641
1.0,2.901056845455807
