alpha,s
0.0006620091940016603,0.0
0.00508376127022103,1.98630136986301
0.028939305888389957,3.74246575342466
0.06802003116988689,4.600000000000001
0.5239458008539938,6.73972602739726
1.0,9.4986301369863
