alpha,s
8.800396903834828,0.0
2.575996481688991,0.00976261539537296
1.668390590602073,0.06228284013543712
1.283746455632209,0.19473608562947425
1.0486217769627983,0.5278338876722198
1.0,4.66665240301618
