alpha,s
5.794515640265846,0.0
3.103245547001091,0.0362652189335844
1.8096636837317277,0.11964217996219573
1.4190815765426235,0.3198617574772071
1.4757054559535054,0.7579033408523613
1.0,4.361409473464636
