alpha,s
1.1683612760401816,0.0
1.233963400785991,0.11353974917807474
1.0985668666315889,0.25827912583983537
1.1100893663092384,0.5013931432550274
1.2959607696091575,0.9548495506161615
1.0,3.712896067053788
