alpha,s
1.2417208842506406,0.0
0.7480367701039812,0.04227559912393744
0.7767593188492607,0.1740235409995473
1.0411676384975297,0.41471113241982027
0.8271272711148236,0.7781140711982134
1.0,3.675841229047687
