alpha,s
1.3603967597583204,0.0
1.1505174523338064,0.14580334692552158
0.7518525638179824,0.3617164964999938
1.176723888482728,0.8331146328582701
1.5829442610971198,1.357417397620144
1.0,3.924432573050175
