alpha,s
1.7769795615566342,0.0
0.9035479967382308,0.0049516364400299
0.9294247007209891,0.0490120893469857
0.7391469050728463,0.15980081522449796
0.7952746541219263,0.5213826685025654
1.0,3.924420212888029
