alpha,s
2.716541549156415,0.0
0.9974761983105757,0.0030290421156211203
0.8956182409122058,0.05774698980934825
1.0154464968016608,0.19985842205924256
0.9338797530238746,0.5338654601754952
1.0,2.9384532142077178
