alpha,s
0.027663345374627377,0.0
0.12798722501008725,2.02575342465753
0.08316248557047193,2.766575342465757
0.20456225429377767,4.2613698630137025
0.386764937367568,6.26301369863014
1.0,9.4986301369863
