alpha,s
1.1795915077907915,0.0
0.715981554940048,0.07307890276719826
0.6453079121134054,0.2561360234953047
0.9209462233790551,0.5848556440492944
0.8559385995618637,1.0209893241230708
1.0,3.484379012396646
