alpha,s
1.0145673031602052,0.0
1.2305951694495432,0.1326174385865455
1.0856439954637171,0.2751064980579691
0.8652422801086785,0.5132897918378744
0.9115129912171666,1.039119955923303
1.0,4.028578271411186
