alpha,s
29.807373873999673,0.0
4.395525774228796,0.00390490533411038
2.5784332967612977,0.041072689822409865
1.556637508550268,0.14032880520385116
1.1736638775317694,0.4549960066713841
1.0,4.2971045153920695
