alpha,s
0.54467397041712,0.0
0.5051871219810037,0.0848940335309319
1.2673860042369007,0.286471508354639
0.9075450362064833,0.44427943209605364
1.4330362806546633,0.9376899774580256
1.0,3.6113149084969502
