alpha,s
0.6045259508450805,0.0
0.9559482461146191,0.10048686725096383
0.7809544485971792,0.22123791720020844
0.8887393302223907,0.4589684418087938
0.47683765407844025,0.834046015694042
1.0,4.941940146637905
