alpha,s
0.05385893369266788,0.0
0.34637600576276417,1.82739726027397
0.1597473442484984,2.28219178082192
0.2607134130912896,3.7232876712328813
0.3214279211470013,5.58904109589041
1.0,9.4986301369863
