alpha,s
0.8573736077802945,0.0
0.7262250898241909,0.06492892118801745
0.9219618661135167,0.20641864157634213
0.6978199232857246,0.4019396451894073
0.6204659385686849,0.8874062071756278
1.0,4.20044222695824
