alpha,s
0.14943922504987422,0.0
0.5183654642466894,1.4723287671232843
0.1740693036354074,1.98630136986301
0.28266992040083827,4.193972602739728
1.0575096459381115,6.305753424657539
1.0,8.22739726027397
