alpha,s
0.9737923283986045,0.0
0.8795665161562602,0.05349368146966313
0.9571954558434279,0.17391373578159042
1.0884278032068844,0.3869717091890458
0.8693698410941616,0.757557796569452
1.0,3.22773418147904
