alpha,s
0.015024157096278357,0.0
0.07780703718269723,1.82739726027397
0.03372436451380996,2.29315068493151
0.11252167479140593,4.279452054794525
0.5656957202048359,6.277260273972606
1.0,9.4986301369863
