alpha,s
0.015010395300937228,0.0
0.03168207395372501,2.00712328767123
0.12921854635591504,3.82739726027397
0.13297923554879984,4.407671232876712
1.5317317816811178,6.10739726027397
1.0,8.03561643835616
