alpha,s
1.1823894313313656,0.0
1.0036244145150568,0.07708389727572035
1.1268012241736658,0.2216712100343791
1.0913312076050892,0.4289197433191674
0.9464143213054641,0.854207696884362
1.0,4.587924746075384
