alpha,s
3.6704058842175247,0.0
1.5078368698585816,0.041946990614048926
1.2775107142899436,0.17924698930595057
1.3363230120642258,0.4127333436653424
1.4027927829920412,0.8023504039287976
1.0,3.388748827639392
