alpha,s
0.10165444429582315,0.0
0.23544508777881507,0.16246352046986456
0.16906617595392331,0.29699481948397227
0.18584787997066346,0.590214554297103
0.08915383998262677,1.0027463594401909
1.0,3.8995970546039542
