alpha,s
1.6251812983943292,0.0
1.3597063560740472,0.03746137248835424
1.0970767189326218,0.12326902412500516
0.8390330876560819,0.3173137716146238
1.3849279227758144,0.845876095293355
1.0,2.951350542277104
