alpha,s
0.04136775758814417,0.0
0.06190897329035158,2.012602739726026
0.1756521466599478,4.12328767123288
0.25045430612402847,5.15890410958904
0.25086534224671525,6.33424657534247
1.0,9.4986301369863
