alpha,s
19.513051886449297,0.0
2.899271160028663,0.0043471817517566815
1.7790804917790712,0.04976687368531961
1.6934910571055761,0.16961974074157565
1.2514573123704738,0.4300971680282253
1.0,3.6094754351623033
