alpha,s
0.7803791697533223,0.0
1.2193516387402263,0.09260241994199352
0.8248302168088845,0.1916307522239073
0.7472550022309424,0.44070054626611654
1.3584829614160783,0.9939305652873522
1.0,3.2603392107738367
