alpha,s
0.9041974595136946,0.0
1.0287472654035987,0.06388929809472005
0.7406106754206295,0.16863399547779334
1.0219929631057547,0.44110627215516957
0.7776378979862324,0.8226966997745229
1.0,4.379051372720861
