alpha,s
1.392859043782413,0.0
1.1399977326298858,0.08812259667223592
1.1605185487132095,0.23409453579375214
0.9753350702886064,0.44676666572371543
1.0345698171065085,0.9178112580259068
1.0,4.371995086285702
