alpha,s
0.991653101041762,0.0
1.1970054046658514,0.1245137311113527
1.0794128320702436,0.2602292677863143
0.9181625270569825,0.4903979108810862
1.075297765858313,0.985020746817345
1.0,4.493345910591978
