alpha,s
1.1108999460721591,0.0
1.2486874020507344,0.11609673101829662
1.0169175742185925,0.26004885311727
1.1152206679997219,0.5194713980692203
1.3376510886907689,0.966266324937477
1.0,3.250689497776979
