alpha,s
4.448795086920689,0.0
2.0169477089466734,0.0471014564290143
1.5745044672811905,0.17290494098478534
1.528164753871973,0.39971251180426537
0.8778848515775626,0.779301986197046
1.0,4.269303609280385
