alpha,s
2.7549929450522463,0.0
1.8025608570314096,0.0553292370952396
1.2955431922648144,0.16926004718005913
1.0964601203603763,0.4102214612377882
1.6911271939353796,0.9267286216049685
1.0,2.621649448021886
