alpha,s
0.04136610234160353,0.0
0.07867607273270698,1.9917808219178061
0.23848280030228006,3.491506849315067
0.164214525114004,4.39452054794521
0.5559276742842917,6.107397260273971
1.0,8.22739726027397
