alpha,s
1.1021339403444745,0.0
1.0827082535650336,0.07566486305621943
1.2488088855506805,0.1938188623596896
1.1163502119528304,0.3668720856889435
1.0877256650672558,0.7504951993628892
1.0,5.555370470656967
