alpha,s
1.14714727220934,0.0
1.2202260494646262,0.07462621088702716
1.0625053702052027,0.17733440128326208
0.9335282107782673,0.37202468137580647
1.0204336133285963,0.8092476491206804
1.0,3.977574835970644
