alpha,s
0.06989866811847284,0.0
0.06718042386896174,1.154520547945208
0.09349507300690085,2.585753424657536
0.11465559913509378,4.034520547945206
0.3119205762210211,6.320000000000004
1.0,9.4986301369863
