alpha,s
3.562025832390412,0.0
2.515654313766829,0.0464559604826307
2.1897562701492244,0.1320518654581352
1.305788759716459,0.27978410627285133
1.4131373833558634,0.705472213753151
1.0,3.214587334539961
