alpha,s
2.3482662561412746,0.0
1.2373122078396062,0.0327291693516059
1.5254264541324571,0.1442345569474772
0.9496628642236479,0.3033209469660927
0.962516608236168,0.7529271967530446
1.0,3.610859719316204
