alpha,s
2.3558701526205583,0.0
1.1196471046919045,0.004435040736413622
0.8176423973289889,0.0471572804714016
0.9146666210372575,0.1912930608301212
0.945071591703988,0.527756369642314
1.0,3.769059160013608
