alpha,s
1.1901371572506718,0.0
1.0400316729530457,0.07345914928360231
1.0524332806921988,0.1980828574084279
1.0626382730751505,0.400824937052105
1.0852191732206387,0.7957949976903426
1.0,4.61075531501602
