alpha,s
3.1328936155357807,0.0
2.063719499893076,0.05283032862572395
1.6407562880003395,0.15877543563185492
1.6093845399266689,0.35078461887834844
1.2129443296805955,0.6826177780589384
1.0,3.758939145246485
