alpha,s
1.0475886508723036,0.0
1.1476808355632875,0.17902829651181468
0.994140347523183,0.38686287704785655
0.9437854386934309,0.7191484666508887
1.1415347936342748,1.3228081645265644
1.0,4.30433289985458
