alpha,s
1.0271231436069868,0.0
0.9880313673013392,0.1184908092291215
0.8675809501311132,0.2785811811469107
1.0994509475202352,0.5625823628163485
0.9492544238459182,0.9829811531304108
1.0,4.426136478329235
