alpha,s
1.4880282517396513,0.0
1.2625991778511005,0.08883105894624024
1.2072436918251666,0.23067712894099107
1.074390413801643,0.4555516035510378
1.2098762046939142,0.9224878061523518
1.0,3.875390641742073
