alpha,s
0.005504704438580817,0.0
0.08621612085910135,2.002739726027398
0.4993795694990086,3.01095890410959
0.23982770174980253,3.28767123287671
0.691988894881941,4.4767123287671255
1.0,7.07397260273973
