alpha,s
0.033751247063416735,0.0
0.14858182771441633,2.140821917808216
0.1232700957592528,3.01095890410959
0.5040898309069175,4.368219178082194
0.2298103184349911,5.15890410958904
1.0,9.4986301369863
