alpha,s
0.02642692990725033,0.0
0.09063934701837847,1.618082191780822
0.06087803749904255,2.284383561643838
0.21050561513404073,3.72328767123288
0.252049574540013,4.688219178082187
1.0,9.4986301369863
