alpha,s
2.312809062965401,0.0
1.1718654088337368,0.07037076163793049
0.9881964029767164,0.24417531283141694
0.8738052370243249,0.5406592211778134
1.4132614523247091,1.16754940207368
1.0,2.8875720935277163
