alpha,s
0.6148201211777946,0.0
0.7179509428054327,0.090468149546695
0.7024531584917412,0.2452184868692415
1.0638032439483536,0.5165671945770799
0.7760903298324171,0.9136354329417147
1.0,3.5044584775337544
