alpha,s
1.376259525126222,0.0
0.9669985197483619,0.046336678716317
1.0671140399953907,0.1532650955374486
1.0871367146293092,0.31904693469802203
1.0986306459740396,0.6852705524448778
1.0,4.780909839741844
