alpha,s
1.291177062456098,0.0
1.0594889160085699,0.09753937774354197
1.2222445758441909,0.260788263721958
1.033983649056803,0.4793027805054199
1.154855364162866,0.9576548265632182
1.0,3.596423784137336
