alpha,s
1.3683195017070384,0.0
1.17295840216885,0.09988326241412407
1.1769493825297332,0.260805830791131
1.3816688673612185,0.5021122683824466
1.4741341852996748,0.8709081565224625
1.0,3.828005141457189
