alpha,s
1.2270832458122736,0.0
0.8071945630657233,0.10624731742533965
1.001877909333628,0.3220958116146389
1.3124386515161466,0.5856998452027167
1.059059300838781,0.9468241693900022
1.0,4.140403211010355
