alpha,s
8.608297764122543,0.0
2.075808509823708,0.005429949716924741
1.5327577587425676,0.05278784767188438
1.4127465968520443,0.1753124635627123
1.175460867886531,0.48001921018051247
1.0,3.8357875633355536
