alpha,s
0.22950144333985223,0.0
0.4712467959688898,0.16179399337266848
0.6824468639612885,0.32632598544302044
0.692200344251075,0.5346896331272242
0.3371840225773103,0.9114790147672863
1.0,4.88681203759747
