alpha,s
0.009322244261470465,0.0
0.060990812041821454,1.9709589041095859
0.14756869853054358,3.28767123287671
0.142928870155966,4.2027397260274
0.9309117676277847,6.144657534246575
1.0,8.22739726027397
