alpha,s
1.4538257406418102,0.0
0.7966788626980059,0.06125629243634027
1.3766385594630357,0.24986168106142828
1.2282238681608921,0.43899011626071927
1.5296220466500783,0.8526205087029449
1.0,2.89792042503046
