alpha,s
0.0006764957455211506,0.0
0.009074578479794513,1.4723287671232843
0.013326951542755355,1.98630136986301
0.06228426567518234,4.193972602739728
0.6106729496411765,6.305753424657539
1.0,8.22739726027397
