alpha,s
0.054369984832356624,0.0
0.16760571337970756,2.022465753424656
0.615260636916741,3.04109589041096
0.20234336684157977,3.254794520547942
0.2803693130623335,5.0958904109589
1.0,8.22739726027397
