alpha,s
0.8532710001912701,0.0
1.0635934832392575,0.10573026174815339
0.7500076413213108,0.2443009713147062
1.1762595047534816,0.5381419458590352
0.8482772257855126,0.8921137590760565
1.0,3.674920294791934
