alpha,s
1.040990933411358,0.0
1.0896118428741663,0.06511206872114456
0.8900943162015011,0.16277685861926539
0.9059189652893147,0.3730833220755606
1.4659002227762203,0.8268752380361393
1.0,3.07255186563274
