alpha,s
0.3710432154696695,0.0
0.8606372309422287,0.13404889005998716
1.1933872686500042,0.2633272113607391
1.2509947081611168,0.44893976920315753
1.3427342381574603,0.8121860460564956
1.0,3.27870548921492
