alpha,s
1.3005473692906158,0.0
1.058842289141732,0.11753218323700822
0.8398118055598454,0.3041043569312043
1.2206123638250819,0.6415060159961644
1.2158535643297494,1.0347092646239302
1.0,3.9556125082015945
