alpha,s
1.0235271758890438,0.0
0.8770573855917873,0.11545646034787613
0.8350305657320964,0.2981111375316774
1.674052775390776,0.5900512359747506
1.0496959950817064,0.8797997768876615
1.0,4.5235164262432965
