alpha,s
0.041740904543802734,0.0
0.23522454307007865,1.95342465753425
0.16222230572166102,2.383561643835618
0.1758800241340452,3.727123287671236
0.48769677648447757,6.33424657534247
1.0,9.4986301369863
