alpha,s
1.0475777999601215,0.0
1.0028260280732681,0.0844656251185337
0.8764309737630916,0.2233084448466444
1.0442885871273893,0.4841217731803053
1.0053644634340204,0.9097009813078548
1.0,3.646756921785847
