alpha,s
0.09574958941278619,0.0
0.22496595514934845,2.0717808219178084
0.34467303499506635,3.1463013698630102
0.34827409862589953,4.2027397260274
0.7153749561776911,5.927123287671231
1.0,9.4986301369863
