alpha,s
1.4624012714082812,0.0
1.5049868418723238,0.0342521945718264
0.9743903644728524,0.09839880660554672
1.0643839377840258,0.2969300610083087
1.2765064270909434,0.6570606684978019
1.0,2.341787772866485
