alpha,s
0.988554804616288,0.0
1.0035891797020589,0.11995137632512923
0.9758673622208309,0.2793083423377391
1.0691118885275945,0.5412038695292031
1.1174556363825228,0.9714750265619455
1.0,3.701478477898742
