alpha,s
1.0964236781278247,0.0
1.0448234927227238,0.0515926128223379
1.0022560442077215,0.1434975709812332
1.0244550434879276,0.32120175068935053
1.0687515627508386,0.698508796639164
1.0,4.210877906698789
