alpha,s
0.0052892326927459965,0.0
0.05728622626111421,2.288767123287674
0.08493174514731092,3.3895890410958893
0.2433732321331622,4.915068493150685
0.9399477030962031,6.73972602739726
1.0,8.16438356164384
