alpha,s
0.9455148676861624,0.0
0.9525084381021796,0.13308196746277004
0.9333653537737328,0.31350705786347294
1.0247247355518567,0.5838250948485029
0.8003050639146212,1.0359337770272867
1.0,4.874937642708047
