alpha,s
1.1527293447867801,0.0
1.0735385937005988,0.11400032380288692
0.9451993296023126,0.27976903622585375
1.0918878832942496,0.5583821029855502
1.2345526208237427,1.0063879328934497
1.0,3.809660549937037
