alpha,s
0.06916586508809831,0.0
0.160857722622009,1.7090410958904085
0.21467430460798856,2.8016438356164386
0.2456927891325263,4.2027397260274
0.8229629917522557,6.1347945205479455
1.0,8.22739726027397
