alpha,s
0.010235815260451642,0.0
0.05584503008079356,2.04876712328767
0.07435207493659424,3.20547945205479
0.19394279587920504,4.4953424657534224
0.4168482524506336,6.144657534246575
1.0,9.4986301369863
