alpha,s
0.5471529706524095,0.0
1.000163231696228,0.09616288333403018
0.9478398358531944,0.2120510757162888
1.0986224292946882,0.4257207644947386
0.9408123845169302,0.8140240636856415
1.0,5.532007951762642
