alpha,s
1.3822406815234318,0.0
1.2605535813919304,0.0606818832881693
0.7830353745357531,0.16625766166905592
1.3960898905965164,0.4382665222547643
1.6817588818327474,0.7745158742768635
1.0,3.3055706688325097
