alpha,s
1.7577028481177206,0.0
2.096345946461035,0.1183842262817611
1.4838084979693924,0.24564465596236287
1.6144166323223876,0.4939950601403598
1.304401306482114,0.904852883675656
1.0,5.573011396035069
