average_execution_times,train_size,delta_Spop,delta_S1,delta_p,delta_m,average_auc_real,average_auc_FI,average_auc_MSI
32.22546749830246,500,0.022127603034034306,0.000795654882166991,0.04251694471591322,0.09895999711086535,0.735495562822392,0.7962229837872258,0.8132479913450718
35.52185627937317,1000,0.017746863696190003,0.0005490944351342501,0.034993348666929415,0.09725687764630213,0.7480164320878471,0.7886260663215947,0.8129898702790922
45.747072856426236,3000,0.013880709996632289,0.0001236998713415456,0.027082271898141087,0.09498484222487495,0.7671198991920963,0.7895169701450716,0.8217467409614236
