average_execution_times,train_size,delta_Spop,delta_S1,delta_p,delta_m,average_auc_real,average_auc_estimate
37.1809801197052,500,0.02560126601234665,0.0007388956226845329,0.03987312877690756,0.3556433338962874,0.7424713976226972,0.781364666646574
42.54600903272629,1000,0.02139592144697018,0.0004784515080913903,0.03285840756956803,0.3481750989618164,0.7578182441654743,0.785378808622159
55.2210271859169,3000,0.016909046910652016,0.000271868648486219,0.026059902482743386,0.3424449539269434,0.7661761964171849,0.7851080234241185
