average_execution_times,train_size,delta_Spop,delta_S1,delta_p,delta_m,average_auc_real,average_auc_FI,average_auc_MSI
37.1809801197052,500,0.0256012659476499,0.0007388956226845329,0.039873128678700846,0.35564333422807437,0.742473134393177,0.7996553442489994,0.822369743178947
42.54600903272629,1000,0.021395921283615404,0.0004784515080913903,0.0328584073172724,0.3481750992340534,0.75781562299943,0.7949477947435107,0.8273353720345447
55.2210271859169,3000,0.016909046860629755,0.000271868648486219,0.026059902403675443,0.34244495409957554,0.7661758571574754,0.7882738951389952,0.8259121269122641
