average_execution_times,train_size,delta_Spop,delta_S1,delta_p,delta_m,average_auc_real,average_auc_estimate
48.639927732944486,500,0.008563276123603523,0.008604774029650215,0.011829059839523912,0.4141233182374772,0.6426041944820259,0.6841026215785186
78.66351073503495,1000,0.0071650826825012635,0.009505293317135248,0.010332608987337758,0.43281294073556253,0.666544605433681,0.692521868170846
111.51380681753159,3000,0.005314591726639772,0.005888068018314424,0.007675420899432873,0.37293074195581916,0.6738181246613916,0.6923868406287481
