average_execution_times,train_size,delta_Spop,delta_S1,delta_p,delta_m,average_auc_real,average_auc_estimate
62.047844314575194,500,0.031370529541430645,0.0011165501129278012,0.03617928957726929,1.6340793741780129,0.7532551862876279,0.7823514425155791
66.56275407791138,1000,0.02689883680635715,0.0006315203786196491,0.03095787989727138,1.565592185425877,0.7587578650892935,0.7831844384933558
92.9157982993126,3000,0.02187599411806116,0.0004524276777698512,0.025127854780383627,1.5521847330996537,0.7733260125013266,0.787340722149709
