average_execution_times,train_size,delta_Spop,delta_S1,delta_p,delta_m,average_auc_real,average_auc_FI,average_auc_MSI
62.047844314575194,500,0.0313705291980441,0.0011165501129278012,0.036179289402076424,1.6340793678534071,0.7532552646681694,0.801074988389014,0.8328510689937305
66.56275407791138,1000,0.026898836912023962,0.0006315203786196491,0.030957879917565188,1.5655921853637542,0.7587565561932625,0.7931905603060059,0.831876610239569
92.9157982993126,3000,0.02187599409964126,0.0004524276777698512,0.025127854745602723,1.552184731147014,0.7733257698325623,0.7906778086468027,0.8340311570278217
