average_execution_times,train_size,delta_Spop,delta_S1,delta_p,delta_m,average_auc_real,average_auc_FI,average_auc_MSI
50.20735353946686,500,0.00782716159362097,0.010260410306955816,0.010410923967365862,0.5310052885977888,0.6439887374716957,0.6859112535106803,0.6856044421211064
66.4150312948227,1000,0.006663831902446397,0.0068552304820583875,0.008853075115790398,0.5077459366880983,0.667872625961298,0.6871002110275509,0.7007084426979583
118.48788298130036,3000,0.005244490479908267,0.004501319656055162,0.006952843639806467,0.46964783828407536,0.6725755223380552,0.6869952119502608,0.7050406952421219
