average_execution_times,train_size,delta_Spop,delta_S1,delta_p,delta_m,average_auc_real,average_auc_estimate
142.47744578838348,500,0.03756991208534515,0.00251952935360332,0.034291668675248105,157.81826519295018,0.7515532041493529,0.762824786380073
159.31715367555617,1000,0.033927387390786976,0.001228724558139358,0.031219328513779697,147.89831734820848,0.7626870505068384,0.7728709171005238
264.27204436063766,3000,0.029949084411357896,0.0007352537807305314,0.027437378062162822,142.23293925059687,0.7664117938111317,0.7837369724378321
