average_execution_times,train_size,delta_Spop,delta_S1,delta_p,delta_m,average_auc_real,average_auc_FI,average_auc_MSI
142.47744578838348,500,0.037569912096718505,0.00251952935360332,0.03429166874866625,157.8182654212971,0.7515534258521558,0.781748035249432,0.8255280006232399
159.31715367555617,1000,0.03392738748949343,0.001228724558139358,0.031219328505981095,147.89831636588173,0.7626888075580076,0.7827405559823543,0.831900410907597
264.27204436063766,3000,0.02994908435267697,0.0007352537807305314,0.027437378069362483,142.23293932053966,0.7664113090331217,0.7872424377874387,0.8362611644817127
