average_execution_times,train_size,delta_Spop,delta_S1,delta_p,delta_m,average_auc_real,average_auc_estimate
55.762512137889864,500,0.028379745959837107,0.0007893917235308057,0.03678084558999326,0.8053349386246228,0.7485430990417841,0.785485047230972
53.490696933269504,1000,0.02485711902303154,0.0005027499770469882,0.03220467894815387,0.7909254801873553,0.7557531538406009,0.7872839026903012
88.82851016283036,3000,0.020072054294374978,0.0004882160377771354,0.02552863494154611,0.769409137483041,0.7710175076543097,0.7853211208024814
