average_execution_times,train_size,delta_Spop,delta_S1,delta_p,delta_m,average_auc_real,average_auc_FI,average_auc_MSI
42.07021516084671,500,0.026834650296642205,0.0008829077929691588,0.03975918092499357,0.4468661603571006,0.7433014360692998,0.7975670084230049,0.8229269833749481
48.351774117946626,1000,0.021894930760979328,0.000634957635600412,0.032395758325741944,0.43662152879271815,0.7548407639093416,0.7923294236946444,0.8264359347188625
67.32830006361007,3000,0.017670542582245426,0.00030476367772412866,0.02582237278539548,0.4273980770228146,0.7687347052626553,0.7869223243824786,0.8269363659532687
