average_execution_times,train_size,delta_Spop,delta_S1,delta_p,delta_m,average_auc_real,average_auc_estimate
42.07021516084671,500,0.0268346504359751,0.0008829077929691,0.0397591812780782,0.4468661606089837,0.7432962335852978,0.7794689579152728
48.35177411794663,1000,0.0218949308877805,0.0006349576356004,0.0323957584789979,0.4366215286086974,0.754839435578668,0.7829492155970424
67.32830006361007,3000,0.0176705425768284,0.0003047636777241,0.025822372727668,0.4273980774294202,0.7687351889293891,0.7837533616604472
