average_execution_times,train_size,delta_Spop,delta_S1,delta_p,delta_m,average_auc_real,average_auc_estimate
40.80887208461761,500,0.025090433119132723,0.0007450502587474417,0.03913031035505274,0.35415841334113196,0.7467076068256675,0.777491023632249
44.49152545928955,1000,0.02160263026461905,0.0004948292471520357,0.033418738257108074,0.3552324566931864,0.7541399676123599,0.7850509821503274
54.194982402324676,3000,0.016851638958576335,0.0003104443979014677,0.02588862528812048,0.3523253293852211,0.7668711561233071,0.7849035785889904
