average_execution_times,train_size,delta_Spop,delta_S1,delta_p,delta_m,average_auc_real,average_auc_FI,average_auc_MSI
40.80887208461761,500,0.025090433133312627,0.0007450502587474417,0.039130310368523505,0.3541584133197017,0.7467041106986025,0.7956754107010626,0.8218348427809388
44.49152545928955,1000,0.021602630109494612,0.0004948292471520357,0.03341873805393328,0.3552324564854114,0.7541373341965515,0.7942851151889498,0.8263223906309615
54.194982402324676,3000,0.016851638995878004,0.0003104443979014677,0.025888625343129402,0.35232532943315803,0.7668720284924123,0.7881117250306656,0.8258089656362508
