average_execution_times,train_size,delta_Spop,delta_S1,delta_p,delta_m,average_auc_real,average_auc_FI,average_auc_MSI
61.37723221540451,500,0.007543213963004779,0.003579692425907669,0.009842784918181226,5.191960498767331,0.6520190917906244,0.6410425756665157,0.6640725845406388
67.05382130622864,1000,0.006504030122153539,0.002071068129643189,0.008504798283410765,7.056848577651664,0.6521310512699062,0.6377855929567161,0.663666101183564
100.36791369438171,3000,0.005999079168329314,0.0015955677512470253,0.007826589788447686,8.604017771260526,0.6670344499138487,0.635125944465401,0.6698588703789613
