alpha,s
4.715500669325568,0.0
2.2556710216134466,0.033719052579219456
1.5994135208159341,0.1245285472325692
1.626210853340873,0.3179058954999696
1.1828244105946581,0.6419668171478055
1.0,4.540256284302601
