alpha,s
0.8000966263336793,0.0
1.166453396204079,0.16313656411998628
0.8509697015456825,0.3117841634381335
1.2910717677103465,0.620350946801958
0.9980632794082843,1.010991614060641
1.0,5.038684489576768
