alpha,s
0.9021101372311331,0.0
1.0386295187326025,0.1034266966457589
0.7140811898124418,0.2393785382595792
0.906957188997069,0.5530509104599368
0.7916264240184848,1.032892169727689
1.0,5.265863182518891
