alpha,s
4.357216650575101,0.0
1.9706017217383358,0.007925421622046522
1.4005242014498511,0.047754247548204676
1.0068196921809043,0.17055465125831998
1.2568656309639765,0.5471373601146525
1.0,3.8815655208443753
