alpha,s
0.7694855938722471,0.0
0.7516027605633954,0.097712486159661
0.9376092306256234,0.27337774527560693
0.9366468476129788,0.5083318479478492
1.1312325460049641,0.9821085809793779
1.0,4.197791578045918
