alpha,s
0.7146305411620638,0.0
1.020428789682351,0.10333752058964184
1.115177823436316,0.23336973010671122
0.9892074947677114,0.44397149998449853
1.4331787976024808,0.9435812112767135
1.0,3.4410451591201405
