alpha,s
0.2916834954270082,0.0
0.6013868713818807,0.11568094907003745
0.845044639671262,0.25383241699043546
0.7637711665011987,0.448045249659875
0.7443961444354682,0.9328120546248603
1.0,4.473737361600163
