alpha,s
0.7772046637142537,0.0
0.7220869683830087,0.09896349696632674
1.0591349211173369,0.2858818039044548
0.9724097073866366,0.49503742593323496
1.0067817113763573,0.9757077497972607
1.0,3.6303019753652968
