alpha,s
0.02388334148336871,0.0
0.22834948616339346,1.958904109589042
0.13757028405437713,2.3249315068493184
0.2996161060831517,3.6219178082191803
0.4638914111377365,4.89753424657534
1.0,9.4986301369863
