alpha,s
32.16691252621312,0.0
5.513094678481623,0.00463600400321238
2.48325871844238,0.04064577140604188
2.0314420096531607,0.16264867545126424
1.2880182978801207,0.432266732303298
1.0,4.040314810830527
