alpha,s
4.5189605712660015,0.0
1.3599389875592414,0.0038656848155969605
1.1465748804949274,0.04750455073044623
0.9558277906678276,0.1682569814685391
0.8757229284143379,0.5165219328458347
1.0,3.9115510773373225
