alpha,s
1.106687329045832,0.0
1.5483687341515582,0.1246750924844407
1.4431785527813252,0.2413686677293989
1.2989717680591462,0.4314143663399447
1.1115679884383813,0.8024150279738642
1.0,3.007007367774608
