alpha,s
0.9388078146742936,0.0
1.1159314727254273,0.09079297189851612
1.1256216430362211,0.22083095936542474
1.038763298572051,0.4246958750991987
1.198789429985581,0.8747085274404632
1.0,3.357641430057331
