alpha,s
0.9294842955178872,0.0
1.2509212026206995,0.1355248933417304
0.8683911727433204,0.2716150783684823
1.1952216092499073,0.5571378603199686
1.0725256296447787,0.9623087541222723
1.0,4.054256053987064
