alpha,s
1.0428980441129432,0.0
1.251785443210065,0.1187646885479542
0.9149031381095198,0.25309470273903384
1.1126128897714187,0.5239067787143987
1.018802161251999,0.9586206352691092
1.0,4.826991628370492
