alpha,s
0.11631573766056044,0.0
0.6214465743792401,1.95342465753425
0.20573897963344726,2.3704109589041122
0.852073923902718,4.196164383561646
0.6611590981784233,5.0958904109589
1.0,8.22739726027397
