alpha,s
1.1935204391454677,0.0
1.2138085682479554,0.049247240617595
1.1640965102939116,0.13396521215082002
1.0043289771706059,0.29401060830552533
1.0395517230139426,0.6969716934303377
1.0,4.43302801650008
