alpha,s
0.8768105226631343,0.0
1.0851887923498975,0.1569546475695129
1.7557461924459454,0.3324491336225418
1.165116454226378,0.5091680011439581
0.9801721713462812,0.9854135495228397
1.0,3.481215348081178
