alpha,s
0.0007415750340972594,0.0
0.008956349279109634,2.288767123287674
0.019366139024417507,3.3895890410958893
0.10185185657682945,4.915068493150685
0.6708883004782032,6.73972602739726
1.0,8.16438356164384
