alpha,s
0.49001286588052223,0.0
0.5786213371500042,0.09225425291591864
0.7449800774823514,0.270617470772387
0.5713550855106332,0.5135058995935462
0.685245494335753,1.1449284279880216
1.0,3.537914752372038
