alpha,s
1.034914364743269,0.0
1.038981305963529,0.12688190897373433
1.1263930858823925,0.2980324439303008
1.0587906279169825,0.5363102271222123
1.3759749331872235,1.0127523290564033
1.0,3.2724379632920786
