alpha,s
1.361633297925907,0.0
1.336672270148224,0.046648663822773086
1.354266834102857,0.1263000084682723
1.1237979738270252,0.2699978138354041
1.0482070834003427,0.6352070504194467
1.0,3.0581920936864013
