alpha,s
1.1929603706706151,0.0
1.1591967265528127,0.070737264276445
1.042009465059657,0.1792973964679964
1.1610096241730743,0.37731117583702595
1.2118513673058966,0.7564878987943184
1.0,4.492655396373584
