alpha,s
1.1727673295286265,0.0
0.9917432757039701,0.10886538822715681
1.1670298038657165,0.2831303882113496
0.9358854242075071,0.5035423638228833
1.0828228450877102,1.011015084918875
1.0,4.847796467329928
