alpha,s
8.44304545234979,0.0
1.9252312451738522,0.0041677950021435815
1.4435001250778408,0.05155255338017814
1.1562166030913028,0.1805688148407749
1.0929670871876478,0.556833478310797
1.0,3.900274861755968
