alpha,s
1.237196569938671,0.0
1.0616349624168842,0.04810664324719048
0.9428402624095497,0.15461935606353353
1.2250613192612012,0.35185333891815923
0.8541695490621449,0.6744087525326858
1.0,3.789521963153752
