alpha,s
8.257704716171043,0.0
1.726417662731946,0.006792528740637161
1.2230482918060108,0.06261959853061227
1.0941462711580714,0.21000142329669674
1.0186273939860966,0.5561112361121497
1.0,3.613740999855484
