alpha,s
5.164762346814856,0.0
1.9767277349631476,0.03586559595760924
2.1849488751501625,0.15481175215276133
1.9254886071789437,0.3134530631281794
2.020883842167685,0.6287098838466717
1.0,3.0253747241858227
