alpha,s
0.9931860260523285,0.0
1.1757799582816926,0.13164940460459215
1.038743452480307,0.28237109376803193
1.0321930669578132,0.5332468137999135
0.9074185717852739,0.9941405470396955
1.0,4.536409414154083
