alpha,s
1.0605846803839876,0.0
0.8024145469772338,0.07898102032616879
0.9538031407538664,0.2471696693099279
0.8806732758122006,0.4684343942453035
0.5560619553120651,0.939338513821184
1.0,3.7916145881860697
