alpha,s
0.2616405017812063,0.0
0.5745923938760241,0.1299344920218813
0.7063249561534016,0.2681179240874358
1.0100025666429178,0.5024234963780718
1.201090496649512,0.8860256592410599
1.0,4.26312684293529
