alpha,s
1.4790659007925169,0.0
0.8933183591626486,0.006258640565045461
0.8336931922939482,0.05292217281124454
0.7651380405577445,0.18410589810042577
0.950218437333993,0.5634391373622588
1.0,3.176385533881363
