alpha,s
11.746080018444221,0.0
2.4400187480134123,0.006053055693229242
1.4042114381890127,0.05096959448262926
1.1170139342674252,0.1889031040368742
0.9826085944254687,0.54455475175491
1.0,3.1650995022923687
