alpha,s
1.0016539793020225,0.0
0.9877233681647218,0.1096988978064925
0.8576645998946734,0.2561366657121393
1.0476992457720171,0.519648894905579
1.172554810775073,0.945422189281296
1.0,4.244835529678992
