alpha,s
0.77093928736236,0.0
1.4217514493795431,0.14575950831929424
1.1332760254160137,0.2563868949279375
1.2396704374954959,0.46002842094947916
1.301582149398903,0.8204652081162819
1.0,3.5012762086486866
