alpha,s
0.9908220012890593,0.0
1.0814214062789778,0.13374971373547834
1.222550368588385,0.30033368092642343
1.2814857073517096,0.5260514328534587
1.2384986835714562,0.9027978062909234
1.0,4.757746912170096
