alpha,s
1.1519728928390898,0.0
0.9258410838545128,0.1109729428155124
1.145611742937964,0.2984253606243606
0.9237726488164433,0.5151095590531605
1.244946179900782,1.057614122196788
1.0,4.450774276866041
