alpha,s
1.2294549846298437,0.0
1.1738749980860814,0.15506655551300408
0.966568471592785,0.36291962045681414
1.0162090320916726,0.7083663559046502
1.0921382546353082,1.3015019982316087
1.0,4.223163305621977
