alpha,s
1.1423389289619852,0.0
0.7526011617285695,0.04715212776116013
1.1829910230680145,0.1911405491219243
0.8969639817387405,0.3693906060738709
0.835661262935797,0.7925410741286049
1.0,4.145840813976506
