alpha,s
1.1304840362930861,0.0
1.2191314050316202,0.10823403316422939
1.0990657529263117,0.23938471825117233
1.0019656467094704,0.4630048054411171
1.1787698872282435,0.9441477911220939
1.0,3.4800537581439985
