alpha,s
2.2080314657956617,0.0
1.0234486176373647,0.0054207477266944
0.887157907547286,0.049943299118270654
0.7977272764608142,0.17456291191888962
0.8467415778919573,0.5431380713432865
1.0,4.0688811658973165
