alpha,s
0.7993103847817555,0.0
1.062885194017778,0.14924148317465596
1.0494641265708204,0.30727692269275314
0.9609161167756839,0.549951670425057
0.9601906137587969,1.0497938372603504
1.0,3.611461418777197
