alpha,s
1.1977823001540129,0.0
1.2712133039893303,0.1067283224254167
1.1521466308398243,0.24214381919708106
0.8638020152234492,0.47090591523062053
1.4039562002927857,1.0409143850357832
1.0,3.489199838431466
