alpha,s
11.286476943042786,0.0
3.2584479984492196,0.007837725099348844
1.4124994466679912,0.04784248125161506
1.1179328892854736,0.20005498410586678
1.188907979610432,0.5948097744799358
1.0,3.796291753477902
