alpha,s
1.0415246924185482,0.0
0.9644883080721272,0.11335631112047254
1.1055483137857651,0.2797295094661691
1.1183156112079506,0.5058282073020562
1.090708494058917,0.9315141376224126
1.0,5.691562377179403
