alpha,s
1.1807113483099267,0.0
1.020172535955951,0.1145700008299162
1.1544334080647214,0.2914234744946075
1.0959222166189768,0.5287482956811195
1.1598530207799507,0.976232074406262
1.0,4.385659814784457
