alpha,s
1.014663496546353,0.0
1.099892793230204,0.07764836670830302
0.9023622913185766,0.19287020907621294
0.8964348631306773,0.44575003305039385
1.0779806355589394,0.9555205675067346
1.0,3.612024156384552
