alpha,s
0.023516187351565153,0.0
0.06771387339881543,1.960000000000002
0.09723293624818545,3.039452054794522
0.1575509812951582,4.407671232876712
0.6585893919219374,6.320000000000005
1.0,9.4986301369863
