alpha,s
1.2787163340473988,0.0
1.1427762692203864,0.09350394689651112
1.1728594343563827,0.23506906447026754
0.9203072564192329,0.4427203358762032
1.0217463342689836,0.9453882126691667
1.0,5.206238475187355
