alpha,s
1.0652264621683545,0.0
0.989870188221861,0.10676998271631649
1.0975076462566338,0.26240981671249314
0.9479543741944206,0.4781250962232818
0.9760130039427656,0.9576242966102996
1.0,4.275348330821872
