alpha,s
0.04753153246491433,0.0
0.1521694083528631,1.6887671232876706
0.14212688605709342,2.438356164383562
0.17899044741654202,3.809315068493148
0.5631034375750328,6.35890410958904
1.0,8.16438356164384
