alpha,s
0.002927461170057784,0.0
0.011933626817557927,2.0717808219178084
0.03090582690586823,3.1463013698630102
0.0659740004301939,4.2027397260274
0.3343591912307932,5.927123287671231
1.0,9.4986301369863
