alpha,s
1.0476992401895986,0.0
1.0044662472270134,0.1262908158900001
0.9918784822029753,0.3036325266937605
1.1214473372952054,0.5726539372975814
1.241949576592652,1.0070214558113273
1.0,4.125270019006493
