alpha,s
0.09617970048109585,0.0
0.22391170356176082,2.16712328767123
0.43034361323258224,3.238356164383558
0.35764807099338614,4.2027397260274
0.5181605367164284,5.94520547945205
1.0,8.17808219178082
