alpha,s
0.4006926827550621,0.0
0.8146622212098833,0.06932695803684882
0.830212168645654,0.14945672764411388
0.8501627984111387,0.3015279536614346
0.7942324751051066,0.6674121013521215
1.0,4.6710773632293785
