alpha,s
1.0717389452148505,0.0
1.1393791649961995,0.11041970030690303
1.0721013743223586,0.2538950955901357
1.0401882078289437,0.4849974980948622
1.1695286704621195,0.9347646841194343
1.0,4.804173422009531
