alpha,s
1.3605307407892928,0.0
1.0569368561482402,0.00914705595363934
0.8148813884258969,0.05284935750959143
0.6034903628868036,0.19330248790849996
0.970578523093722,0.734232998417107
1.0,2.977973456839556
