alpha,s
1.4330668186581332,0.0
0.9100824926206011,0.1061583203686804
1.5346674032932972,0.3332275653415388
0.797300524996197,0.5127659746893191
0.9877208247278286,1.1713424155875802
1.0,3.446548969027486
