alpha,s
2.2230451916527247,0.0
1.1684705635309627,0.04541755842092113
1.1337953722047396,0.1751704364585305
0.9332141274084058,0.3891802241859758
1.060243688207669,0.8953918314711251
1.0,3.2056528042738126
