alpha,s
0.07576740725684582,0.0
0.317757137239436,1.7287671232876705
0.15398831744190397,2.267945205479454
0.36433785285711884,3.7643835616438364
0.46206240070512716,5.194520547945203
1.0,9.4986301369863
