alpha,s
0.8706174298913906,0.0
0.7742791571865068,0.1022507353920619
1.1775446858970446,0.2732490076483382
1.0348059352748422,0.45410255449572023
0.9227809244917118,0.8603097267715416
1.0,4.30299106072841
