alpha,s
1.072174901815371,0.0
1.0203860036561572,0.1184297200595042
0.9567442652919831,0.2835828667626852
1.278116774795794,0.5494929426572619
1.1628084757443982,0.9128128011651132
1.0,3.153245775714665
