alpha,s
0.8864590743822914,0.0
1.1560558134983887,0.1453403549977401
1.0530952753198606,0.2974021385855988
1.1106708163922292,0.5406794524781572
0.8593470561987653,0.9585169646855358
1.0,3.860106653160863
