alpha,s
1.0490174149109668,0.0
0.9258523168649676,0.10046404663691998
1.0351022140390997,0.2694862390701742
1.0505394770807737,0.5165269988384065
1.046806035568775,0.9709755367051046
1.0,4.067940713823708
