alpha,s
0.5630543827585724,0.0
1.3323891780979769,0.1651667370275464
0.8833921330079493,0.2724830453494597
1.038644342481789,0.5346625977804863
1.1031906650416872,0.9714954993098948
1.0,3.548517404059783
