alpha,s
2.4248328777682113,0.0
1.173173455804382,0.0059416540968749
0.8879659567090538,0.056327135695337
1.0946401274621962,0.20673669807938852
1.3730156895637082,0.5036210526029787
1.0,2.9907994132394062
