alpha,s
1.8183035984358116,0.0
1.2406892136005725,0.039775760662727665
1.4987044381783006,0.13319664955966
0.8065235490796471,0.27470226792105623
0.8748614072648409,0.7590852757275791
1.0,3.461809903397085
