alpha,s
1.011419471659135,0.0
0.9061916049196079,0.129410218041029
1.169957052049461,0.3197091056117945
1.2850402213634684,0.5410554090923825
1.104981673380391,0.926770028695153
1.0,3.4466237841383403
