alpha,s
1.0813876530079043,0.0
1.1696552851487558,0.1267978734024272
1.2442238167001989,0.2839639970801859
1.202988248844539,0.5046996530133304
1.0612297036263838,0.9204417753999944
1.0,3.5592583913335143
