average_execution_times,train_size,delta_Spop,delta_S1,delta_p,delta_m,average_auc_real,average_auc_estimate
32.22546749830246,500,0.022127603119130333,0.000795654882166991,0.04251694479443834,0.09895999715565974,0.7354990275253555,0.7786900345938631
35.52185627937317,1000,0.017746863660910904,0.0005490944351342501,0.034993348691295126,0.09725687752140988,0.7480155690411494,0.7793998793231651
45.747072856426236,3000,0.013880709998602737,0.0001236998713415456,0.027082271891876775,0.09498484232475642,0.7671197541037376,0.7863726515336373
