average_execution_times,train_size,delta_Spop,delta_S1,delta_p,delta_m,average_auc_real,average_auc_estimate
48.15564547300339,500,0.009097838619249437,0.010246095021797606,0.013606918364198868,0.35406720422794463,0.6454615453240907,0.6925787016163809
67.64703997135162,1000,0.0071615248147130425,0.0048690246606064745,0.010261688018035252,0.30806334359047755,0.6635696494607362,0.6976515393722832
104.19224539518356,3000,0.00534690538327504,0.005064028943896042,0.007824838552305945,0.27390429918547043,0.6716691595916703,0.6977991709091327
