,average_execution_times,train_size,delta_Spop,delta_S1,delta_p,delta_m,average_auc_real,average_auc_estimate
0,42.07021516084671,500,0.026834650435975146,0.0008829077929691588,0.03975918127807824,0.4468661606089837,0.7432962335852978,0.7794689579152728
1,48.351774117946626,1000,0.021894930887780596,0.000634957635600412,0.0323957584789979,0.4366215286086974,0.754839435578668,0.7829492155970424
2,67.32830006361007,3000,0.017670542576828433,0.00030476367772412866,0.025822372727668096,0.4273980774294202,0.7687351889293891,0.7837533616604472
