alpha,s
0.22947387922383547,0.0
0.46023027178135867,0.13201380930480935
0.6755949360272646,0.2956008874881754
0.9325674074982918,0.5340952164192767
1.0513807670085507,0.9102530924089373
1.0,4.123846064166905
