alpha,s
1.577475573498599,0.0
0.9215120445555808,0.009591878118089
0.8643495343001278,0.0615101485448842
0.8980509927761738,0.190487201413509
0.855288254748525,0.510154322552231
1.0,3.169532101175876
