alpha,s
1.9615410636281003,0.0
1.791650066791516,0.10201271725092244
1.4267670103970733,0.24496577171171155
1.6251830729296766,0.5080057312597271
1.4382481213583158,0.8941860042976718
1.0,4.364102499384303
