alpha,s
1.8533703354998006,0.0
0.9898575259891439,0.040395871920802004
1.461224141091188,0.16808222810500137
1.1320465739559353,0.3100841596320694
0.8161371627485269,0.6707984855347872
1.0,3.546886842951961
