alpha,s
0.26116921264213483,0.0
0.4867191548590134,0.1278518506342193
0.627579900737289,0.2910956738877174
0.8343510199888513,0.5552952398323039
1.1582726953965417,1.0332970428052797
1.0,4.452210190383558
