alpha,s
26.101273839619427,0.0
4.493628400081857,0.005488296658645001
2.622138884494896,0.047393368953765
1.4924703745026122,0.15117778190590628
1.3892731791786481,0.5073753235407699
1.0,2.882773966889824
