alpha,s
0.05435169541768217,0.0
0.1327910884469581,2.03561643835616
0.18590582096487135,3.10684931506849
0.2449491842349196,4.191780821917811
0.32639119025769264,6.13150684931507
1.0,9.4986301369863
