alpha,s
0.9003774956835009,0.0
1.863687922034368,0.0424398941498378
1.4185776956413745,0.09426594972166506
1.1679749654625422,0.22947525317308515
0.9224698334353105,0.5704305826497302
1.0,3.808787038827088
