alpha,s
3.215127908256166,0.0
1.6658205400913506,0.05360889881880571
1.3842151262944564,0.18382855715050417
1.038959868902148,0.4102339006404755
1.1565270671889059,0.9361081113040453
1.0,3.294117950676512
