alpha,s
0.43249506607276406,0.0
0.5389727818924993,0.1071151547781473
0.4433805248936203,0.2749730502681997
0.6819328358636343,0.6409358261188471
0.9576224656450093,1.1663311287052138
1.0,2.895365818576291
