alpha,s
0.45496341095060333,0.0
0.5885309910886003,0.11797466347401359
0.6492901399960364,0.26677084781208
0.7550177903700072,0.49823441617008457
1.0827282225625816,0.9455082092146
1.0,3.8250751072401954
