alpha,s
0.5840452424946573,0.0
0.6620297960806056,0.10201271725092244
0.6788979401253236,0.24496577171171155
0.9642036723275291,0.5080057312597271
1.125544424920557,0.8941860042976718
1.0,4.364102499384303
