alpha,s
1.115567509030619,0.0
1.322792063182039,0.1497180960189438
1.1469141205259918,0.3117218497482597
0.80876267423642,0.5769124448380555
1.908512837284298,1.304915967711732
1.0,2.4773912685956043
