alpha,s
0.09249506732339362,0.0
0.28300374420113,1.618082191780822
0.17571644229083552,2.284383561643838
0.41456305858547116,3.72328767123288
0.2900365959718232,4.688219178082187
1.0,9.4986301369863
