alpha,s
0.4782717462949906,0.0
0.6412072556135776,0.11813062563241206
0.5801666418331316,0.25340116117369504
0.7901338650620385,0.5261672016633256
0.7427305180037053,0.936272664293163
1.0,5.213150347220227
