alpha,s
0.5237906283000057,0.0
0.6392205837189749,0.12666976310257047
0.7617530898069753,0.2854229606271722
0.8045349881128004,0.5261436485720563
1.280495965862178,0.99131036889696
1.0,3.391697317826838
