alpha,s
13.705400241754905,0.0
2.867831843816757,0.0061867692478509
1.5702013918389224,0.0499357686211558
1.1196041914300061,0.18861828864648914
1.2919770575593201,0.6009017532703872
1.0,4.565279767696846
