alpha,s
0.6398306097553087,0.0
0.592454052417989,0.10799172833164077
0.6629603460257866,0.2803416520828712
0.8315586344096824,0.5512693592871737
0.8897882632254155,0.996568764003993
1.0,4.316714595483662
