alpha,s
0.012874225944631853,0.0
0.02939329783099233,1.9917808219178061
0.10110432882303068,3.491506849315067
0.13088332059584615,4.39452054794521
0.6698746626771438,6.107397260273971
1.0,8.22739726027397
