alpha,s
2.722316832293154,0.0
0.9584847076455547,0.004126750191793541
1.1248845638121392,0.05430059866441156
1.430073280383997,0.154762891193458
0.8404217386825236,0.36957296256459066
1.0,4.7861815933539305
