alpha,s
5.015498960543622,0.0
2.2045520376283236,0.03617075989533765
2.180878827002098,0.13941192424804974
1.5724287455060577,0.29169551973560687
1.628747479809588,0.6561812579368016
1.0,2.3115130505410466
