alpha,s
1.8564557654776577,0.0
0.8575131665594341,0.006049266521950981
0.9836982238451223,0.05946426817316742
0.8694968294618782,0.16638564657026927
0.7464708342686193,0.49255730034289735
1.0,3.3579817408413586
