alpha,s
14.947800747097583,0.0
4.085576801493706,0.00836734138049702
2.228197712709997,0.05138823393240775
1.273041942666973,0.16870954743929217
1.1565429248483277,0.5513814603208447
1.0,4.270544588425384
