alpha,s
0.7401228748238763,0.0
0.9542635603244083,0.13435811234169198
1.194297036510147,0.2929507802814378
0.8164311945150512,0.4994049525504703
1.5597891038357041,1.0844312357673218
1.0,2.594675702608415
