alpha,s
1.068311427952119,0.0
0.6611440337515556,0.044166100501257105
0.6527927796065571,0.16459822988405182
0.5455027025078893,0.35574200193292144
0.26117325281210346,0.785490952381506
1.0,5.13455402999264
