alpha,s
0.5311274709712428,0.0
1.0459005712045863,0.10077247000708799
0.6786719774416631,0.20929860558353683
1.2941712369217604,0.5049421997903917
1.3825915479679258,0.8251047531031288
1.0,1.935320584451525
