alpha,s
0.9302051349718343,0.0
1.0752935482420998,0.20271887415800963
0.9889680471698433,0.4279776623298171
1.0386307378950208,0.7717312055758317
1.0392058136619267,1.3271557647124779
1.0,5.23870725801804
