alpha,s
0.846870562901496,0.0
0.9516896584792811,0.05068404402115571
0.8963219838702223,0.131540737685756
0.7803795582055513,0.294239630202281
0.9993942480566577,0.7640566132168158
1.0,2.9824885260741647
