alpha,s
0.31744570808050376,0.0
0.5734886552980702,0.11270219824051958
0.7703462267028837,0.25135286072141844
0.9380334384490425,0.458645127778692
1.0562640738196165,0.8555820123294137
1.0,4.364277412942912
