alpha,s
1.302587389597893,0.0
0.9140072054804695,0.04361898407706337
1.0418087561171983,0.16075965673758988
1.0659435457189026,0.344929874267202
0.7974526499126364,0.6943831998578568
1.0,3.755218168565392
