alpha,s
1.0144754315371791,0.0
1.0164694198708812,0.1275287698267578
0.9396859325793798,0.2997424724509009
0.9491326011442447,0.5759715542479872
1.2427589347362014,1.0900194615131489
1.0,4.591255347970224
