alpha,s
1.9070942478591375,0.0
1.1386073021807037,0.04465097313951786
1.294375249183986,0.16383682039806
1.1189741173745202,0.32804591277441414
0.9645856727277408,0.7111880622690125
1.0,4.835546020635269
