alpha,s
0.23284644298556179,0.0
0.48069341723443504,0.1195776610333545
0.5737158065653781,0.2686928588825185
1.0025478055062325,0.5185094094832686
0.9622359042088542,0.8741039617931934
1.0,4.17896313030146
