alpha,s
0.32109705719098314,0.0
0.466511059168599,0.10345848573256353
0.7428704822605489,0.2611432650563093
0.8693908691722264,0.4703576580285035
1.0609226845882191,0.9008596064657117
1.0,3.2929981705875027
