alpha,s
4.316686468698068,0.0
1.7497158105548347,0.04155650036127034
1.611542905377993,0.16739890733432186
1.2693577082503968,0.3637477777711053
1.2207470139520542,0.7866459647554451
1.0,3.5859469951970206
