alpha,s
0.8724936953218736,0.0
1.0904665317362283,0.14794530990372928
0.9989861001391495,0.31068387042103396
1.0324367406107209,0.5782805351126725
0.9887939104053188,1.0391499218147964
1.0,5.028450013262011
