alpha,s
0.03422136950345008,0.0
0.046016154294472894,1.23561643835616
0.06813306656574614,2.4104109589041123
0.12586326257008906,4.23232876712329
0.4641043576391567,6.26301369863014
1.0,9.4986301369863
