alpha,s
1.011725669178922,0.0
0.5244030782318758,0.0619691186742797
0.5530584011786885,0.264379819640631
0.856304713140681,0.6117690124867659
1.3503781124591885,1.0575576432072484
1.0,3.227157090721313
