alpha,s
3.2148884987414954,0.0
1.398627755775398,0.00304299199089092
0.9383213060206707,0.03338544891318268
0.9236248738596672,0.1501727870580801
0.7950532705445871,0.4674969043900154
1.0,3.978087842558704
