alpha,s
0.09454564996553066,0.0
0.12391143396582838,2.23013698630137
0.7863099552168605,4.000547945205483
0.4923804419567038,4.489863013698629
1.0549026800855354,5.697534246575343
1.0,8.17808219178082
