alpha,s
0.555728829405082,0.0
1.314381090408074,0.1139971631780048
0.7598373472952087,0.2073006415362275
1.011344277393614,0.4797411961291243
1.3645909292324259,0.9224038831184171
1.0,3.1426141343125384
