alpha,s
0.0250738429559585,0.0
0.11863739756161401,1.7287671232876705
0.06548295777950418,2.267945205479454
0.23448753902470984,3.7643835616438364
0.3894680965805228,5.194520547945203
1.0,9.4986301369863
