alpha,s
1.8797135026363239,0.0
0.7616181309930531,0.0071429986389332425
0.8476433968106604,0.07368242166419219
0.7261935012673121,0.21821945755095565
0.8739684832692135,0.6472845148766758
1.0,4.687189417031182
