alpha,s
0.8711559398996502,0.0
0.6954857154190451,0.05840883025230652
0.7693045386900309,0.20693756318027823
0.9227820925107304,0.4564360718617525
1.134723941848666,0.8919860933763774
1.0,2.6461857862691307
