alpha,s
1.0107228989108388,0.0
1.0980860708001643,0.1903477311753782
1.268549115758966,0.41466355528428
0.9795673647426134,0.6935837976021996
1.1642050459780189,1.3149321681875927
1.0,3.993932886724912
