alpha,s
1.1332314558405148,0.0
1.0918504695722564,0.0486822893685086
1.1251077014746436,0.1353051478145601
1.0101685634567286,0.2908199061493792
0.9388683227372079,0.6516883836191172
1.0,4.6478356947403885
