alpha,s
0.7243455357412076,0.0
0.9079787519525202,0.1160122870287255
0.8570393488231389,0.27424733500279386
0.8805515831796045,0.5046184191664435
0.6755378215906159,0.9344506825073812
1.0,3.8449762942174073
