alpha,s
0.017796264125457623,0.0
0.04033469037016873,1.98630136986301
0.13088752715648544,3.74246575342466
0.1439748966944951,4.600000000000001
0.5008787141318621,6.73972602739726
1.0,9.4986301369863
