alpha,s
0.5418825975369832,0.0
0.6835716000503359,0.0951507917297895
1.3095730125392933,0.2258158008201315
0.7012995096019512,0.3595844999325696
0.5801313864039083,0.8593984658283474
1.0,3.469276212590679
