alpha,s
0.7946526977193049,0.0
1.026511424649587,0.07093486531744378
1.6932153030159507,0.18106770345449785
1.200279007139833,0.30508370138510316
0.9973418237284376,0.6634491911689512
1.0,4.219234517926044
