alpha,s
0.34204322946352783,0.0
0.526992915920372,0.10899136476929062
0.5502343388274895,0.2683098355925693
0.9051478719740998,0.5911299759459478
1.0786428277410023,1.0353873684016996
1.0,4.277097010063101
