alpha,s
1.1446365506170524,0.0
1.1775876997046495,0.11285687073975681
1.2296661014312635,0.2623638400710011
1.2075121319578423,0.4857632905816496
1.4834222087336475,0.884687738757814
1.0,3.94341039030752
