alpha,s
1.838945531250346,0.0
1.476952992893208,0.0441962860540762
0.9698096191617073,0.1337489822865838
1.02464373666671,0.36405952488283855
0.955873607560911,0.8026290101902008
1.0,4.517854231766014
