alpha,s
0.587305967682896,0.0
1.013594231190208,0.08544991174735607
0.7556091253753741,0.17618627404476747
0.7876272212687725,0.38558973903747523
0.3855635271789384,0.767294978470257
1.0,4.840806069294255
