alpha,s
1.0817149502953567,0.0
0.8162314976499654,0.09698479308483021
1.2637497631809351,0.2872006321425599
1.10043218699708,0.48243699280111685
0.9902446014906804,0.9026080405154683
1.0,4.56361876523179
