alpha,s
4.249728436605605,0.0
1.6782413765781934,0.041946990614048926
1.3864805358168366,0.17924698930595057
1.4102675792646606,0.4127333436653424
1.4411159342720383,0.8023504039287976
1.0,3.388748827639392
