alpha,s
0.9688781962330764,0.0
0.9778718461831354,0.193670976230169
0.9811322029721989,0.4367211894939451
0.995940018913045,0.7823461123246495
1.049470399630449,1.3621866238559217
1.0,4.270226653589425
