alpha,s
7.724005448115906,0.0
2.7827988032939075,0.0054080004377888005
1.919239688684523,0.04116422269985088
1.2821865009328892,0.13888109952766164
1.2963045084708442,0.4872379621642185
1.0,5.342098667138594
