alpha,s
0.9821665629787862,0.0
1.0749602085456962,0.0814769678608147
0.9147630301125578,0.20753872441363208
0.976034126238824,0.455063787763873
0.9710362788971171,0.9047499288174876
1.0,4.573262393743117
