alpha,s
0.23552307804507314,0.0
0.48456535055020095,0.13263911982888676
0.7855036854669718,0.3005721093006554
1.1238555129573462,0.5154889999997512
1.2455234612949697,0.8662589187924871
1.0,3.797283100969428
