alpha,s
0.2871741032903264,0.0
0.4747926760244849,0.1197336969717256
0.6772259051033206,0.2757568789926384
0.7841170516243289,0.5048596397959956
0.8818771123815278,0.9571577036461576
1.0,3.431154274978012
