alpha,s
0.32371806978791756,0.0
0.25519514410962985,0.07171880391934363
0.2691297649215414,0.23370671583507732
0.26457970959648697,0.46189143787650144
0.07290733647752023,0.8259142127422353
1.0,5.568546854562922
