alpha,s
0.06723826861750681,0.0
0.20810943437075574,1.618082191780822
0.1291563255731804,2.284383561643838
0.34271397371797113,3.72328767123288
0.3216910945068437,4.688219178082187
1.0,9.4986301369863
