alpha,s
0.2079628110351019,0.0
0.36251246165758233,0.11094930722766742
0.5245124363337869,0.2644127450324497
0.6260919210812661,0.503246345121794
0.8232859415611989,0.9940499174908546
1.0,3.907601464720064
