alpha,s
1.1953509043573671,0.0
1.1945824424957734,0.10988086346170425
1.0127386920155521,0.25701571187931327
1.035161979650888,0.5158250098628938
0.9833617653067813,0.9745370213341138
1.0,3.758618934567417
