alpha,s
0.00021535175019597817,0.0
0.004973503544716534,1.9709589041095859
0.02138498279718452,3.28767123287671
0.03806615578592878,4.2027397260274
0.5781300798930483,6.144657534246575
1.0,8.22739726027397
