alpha,s
4.483284931450313,0.0
1.7719632436602706,0.040395871920802004
2.244513100783114,0.16808222810500137
1.5224355193242398,0.3100841596320694
1.0139292353474372,0.6707984855347872
1.0,3.546886842951961
