alpha,s
2.5671108142539607,0.0
1.6599074144631387,0.034685116329488105
1.2271995489964616,0.12898677386556656
1.0287700382594467,0.3322550726294188
0.8925309042708344,0.7576118043220411
1.0,2.9250993778087824
