alpha,s
0.9146680926552965,0.0
0.9951252112342078,0.0864798419559616
1.1991434401756993,0.2257121386190542
0.9874555814801331,0.40952478354762295
0.9058620031677175,0.8429740647130987
1.0,4.452385979563915
