alpha,s
0.00023653444144390386,0.0
0.007320618232237665,1.95342465753425
0.013504280029870456,2.383561643835618
0.03159013323424208,3.727123287671236
0.13910879644718774,6.33424657534247
1.0,9.4986301369863
