alpha,s
1.1900332203716182,0.0
1.2603382608222138,0.11153944737699154
1.255751240584196,0.25423090360357764
1.3476610579595965,0.4687555520716666
0.9374388442903056,0.8155961626385556
1.0,4.520379241606434
