alpha,s
1.4572678677303799,0.0
1.1838417387780076,0.0846946087899497
1.2501711038954348,0.2257724626380368
1.1841532106337727,0.4365614715689283
1.5067192536103247,0.8516464750763124
1.0,2.6780597339118035
