alpha,s
0.9713523043507334,0.0
0.8100163239314684,0.07577434519127918
1.0871610976466128,0.21551860942537593
1.2416600711164374,0.3895737299800379
1.2118657613240957,0.7351912988922027
1.0,3.3233403331134523
