alpha,s
1.0725044805946893,0.0
1.1923495677625586,0.05033208931737088
1.1347373112919812,0.1295821299807079
1.140295201922474,0.28108749167577035
1.162344593549835,0.6127839853772415
1.0,2.744643510204557
