alpha,s
0.018118043910889753,0.0
0.16726674731516433,1.985753424657534
0.08684227893578235,2.48767123287671
0.15133777493889064,4.2027397260274
0.8464780323038925,6.2169863013698645
1.0,9.4986301369863
