alpha,s
21.02155916169576,0.0
3.339363271076726,0.006792528740637161
1.9494385672571564,0.06261959853061227
1.4676286503269809,0.21000142329669674
1.183365412357163,0.5561112361121497
1.0,3.613740999855484
