alpha,s
0.9253559643673636,0.0
0.8787645993342799,0.0816652967932639
0.8752773324625115,0.2283681576142752
0.8386081283565572,0.47346366083433067
0.6694588458857679,0.9771055232023949
1.0,5.274849851058838
