alpha,s
2.079812227770422,0.0
1.9675678053855823,0.03986866971089018
1.3024947490509104,0.11086104944145596
0.8041828215218265,0.29081613708193343
1.331370607280534,0.8048487942452807
1.0,2.832264554545353
