alpha,s
0.012877037953767715,0.0
0.04067017452573734,1.33424657534247
0.24071453417825592,2.2131506849315064
0.15038241310052772,2.89205479452055
0.3123225508039689,5.12602739726027
1.0,9.4986301369863
