alpha,s
3.3667064585608326,0.0
1.501272752872634,0.05014110009272
1.500260936387912,0.18804261314072057
1.0180286417539501,0.39539231497749067
0.9196272095638649,0.9178432209362162
1.0,3.5152874049639125
