alpha,s
0.9848023733382636,0.0
1.1128393613683454,0.12209162932999652
1.1197384489115962,0.27127683728628377
1.1222292355314594,0.4984356923920281
1.2524812139681814,0.9381473230540125
1.0,4.49948601985907
