alpha,s
1.0329358238734754,0.0
1.086217311496372,0.07389081329017157
1.3360641945350955,0.18390673474795588
1.4360933144808512,0.3248519269400241
1.1385355749832733,0.6002328176347208
1.0,3.792267705922904
