alpha,s
1.1362292200586461,0.0
1.2305658713890524,0.0837002746181284
1.1012537242516354,0.2055914512126952
1.372339867886397,0.41976950254675316
0.8946612371989993,0.7498452109455371
1.0,4.561504706845383
