alpha,s
5.548601136496854,0.0
2.097062760925365,0.0319258551816611
1.5274336679733038,0.1374827053202524
0.986361680613026,0.3497851429809182
1.2852210546432705,0.9423139751362486
1.0,2.7900943385342085
