alpha,s
0.6598635287255278,0.0
0.8635564604060754,0.0937801068707201
0.8925678389180259,0.2258964750693413
0.8046501594082108,0.45513730199545444
0.895633443572204,0.9402191344341482
1.0,2.8691897781457008
