alpha,s
33.01032347151405,0.0
4.245682458004037,0.0043471817517566815
2.353890256192205,0.04976687368531961
2.004180914530658,0.16961974074157565
1.3564938642003652,0.4300971680282253
1.0,3.6094754351623033
