alpha,s
1.262968908288135,0.0
0.7258841666633031,0.0694760604195338
1.153354666048563,0.2602532172307998
1.1746931505903797,0.4576022447230502
0.9712758062082846,0.851813361559856
1.0,3.509746789643313
