alpha,s
1.3323572754574229,0.0
1.2404043416423922,0.0676872054408696
1.3824220238396245,0.1752807147881119
1.1729366913644341,0.3324743908843456
1.0726036185585,0.7024604993206638
1.0,4.767048028648901
