alpha,s
3.4412331220393892,0.0
1.8726876639889651,0.051238168312547315
1.4687097592699916,0.171465286206486
1.5970413395199594,0.3949879899925493
1.0500236592439136,0.7415850407995228
1.0,4.017651495199365
