alpha,s
0.33031414232726414,0.0
0.4681348726517608,0.09988326241412407
0.6300520336046269,0.260805830791131
0.9267598165599781,0.5021122683824466
1.230053958964762,0.8709081565224625
1.0,3.828005141457189
