alpha,s
4.545513555984477,0.0
3.126643141826945,0.0458459636681344
2.010478944660027,0.1266742617922271
1.0881773223627196,0.3006611312310466
0.9965279379224735,0.8024105614199418
1.0,4.033797197950581
