alpha,s
0.0013819710591141082,0.0
0.013127686676068298,2.018082191780824
0.02778651308313677,3.0673972602739723
0.10794691363458912,5.145753424657532
1.0637954996397008,7.04383561643836
1.0,9.4986301369863
