alpha,s
0.871524330228036,0.0
0.9746888596968298,0.12104596993874939
0.9210098974250176,0.28588756238268315
0.9700330590953754,0.5568456710262483
1.3155146699857123,1.057433344314207
1.0,4.133879293909797
