alpha,s
1.98022936663856,0.0
1.0275366528193604,0.0047442840032249
0.7713872364445945,0.0457536323242631
0.736399982665248,0.1763101012231534
0.8129202082949262,0.5441210629741547
1.0,4.180391924918898
