alpha,s
1.2330914737122782,0.0
1.0913282104912965,0.07642196929776451
1.1047090284518333,0.1997062976747316
1.0721662185971648,0.3967372153570778
1.1355764221291023,0.8022915283961201
1.0,5.02182571614934
