alpha,s
1.9939171566933773,0.0
1.5304517173752101,0.1022507353920619
2.0419384644512206,0.2732490076483382
1.5367605757609373,0.45410255449572023
1.168510805680186,0.8603097267715416
1.0,4.30299106072841
