alpha,s
0.016710633566112135,0.0
0.06543767233037875,1.0997260273972562
0.10514368576630974,2.36438356164384
0.1516126851300777,3.2547945205479425
0.9694648906031851,5.8252054794520625
1.0,7.16986301369863
