alpha,s
0.009240766169560774,0.0
0.025661623033527158,1.587397260273974
0.04606739689247239,2.9304109589041105
0.11791992151693953,4.705205479452055
0.3622008441937728,6.587397260273972
1.0,9.4986301369863
