alpha,s
0.8474224912857516,0.0
0.9452170734082729,0.12780993163055854
0.8705285344697047,0.2870262359562355
1.152013610792722,0.5549599685676272
1.2141989587408675,0.9353111723877693
1.0,3.565631889769694
