alpha,s
2.961090734700792,0.0
1.1172007864263664,0.003926893677637319
0.9800710662980184,0.047583476089743594
0.9047642089649061,0.16791402025595828
0.8621350271087741,0.5115920497868153
1.0,4.238482209232706
