alpha,s
3.802551063717594,0.0
1.982835472348741,0.048425235347110865
1.2564506741117707,0.16231105310952115
1.7054501902296242,0.4183627317013284
1.3695010862002535,0.764013900353387
1.0,4.168387418086945
