alpha,s
0.8695662555972603,0.0
0.9026937969415684,0.08707604795186262
0.7175018485878448,0.23334562031877698
0.8171290769012611,0.5437027903035391
1.2958269908604219,1.179337953155784
1.0,3.3334714671326355
