alpha,s
5.450861646878545,0.0
2.067521269527084,0.0319258551816611
1.5143411473509096,0.1374827053202524
0.9826743803254635,0.3497851429809182
1.289929258426617,0.9423139751362486
1.0,2.7900943385342085
