alpha,s
3.642180998323048,0.0
1.7075092397551266,0.0471014564290143
1.3807301336465057,0.17290494098478534
1.3781445880402667,0.39971251180426537
0.8185087489153572,0.779301986197046
1.0,4.269303609280385
