alpha,s
0.005767499240149932,0.0
0.02703500525784196,2.012602739726026
0.12543843839696622,4.12328767123288
0.23484645130420811,5.15890410958904
0.3859782201339213,6.33424657534247
1.0,9.4986301369863
