alpha,s
2.2391095362726987,0.0
0.8424836426639793,0.0054562042875487
0.916683886055552,0.0606408290723505
1.2659301589204541,0.20704173336925014
1.2877573934467754,0.5004384704190923
1.0,2.701248663708543
