alpha,s
3.012689894318923,0.0
1.5781343358187405,0.041757876044681466
1.5219864250801431,0.1565752346503096
1.0831072229837653,0.3313246782588816
1.012313979923763,0.813277421689994
1.0,4.760190859433259
