alpha,s
0.001331840116130915,0.0
0.0047729543565413046,1.95342465753425
0.04548737604317665,3.023013698630138
0.006541275180879769,3.28767123287671
0.02780072875579011,6.094246575342466
1.0,9.4986301369863
