alpha,s
0.835059075464481,0.0
1.063165448713395,0.08627352447305477
0.947714074169998,0.20822939599248377
1.1267910342198195,0.431829642196253
1.0825145264821856,0.8208173876700565
1.0,3.472588403565216
