alpha,s
0.5165802359684081,0.0
0.44877119852926367,0.0599156356338074
1.1678617927120565,0.2258631700970178
0.6913547984895638,0.34329469359689824
0.3405245961447152,0.710909333825893
1.0,4.160942456288156
