alpha,s
9.076093772038265,0.0
3.1196671900927213,0.005150256909520042
1.561656553909594,0.0360242057383596
1.6848279204125551,0.16299068067895373
1.457948169622793,0.4136758718320238
1.0,3.4788136624161585
