alpha,s
1.0085863666779942,0.0
1.2567142556489204,0.2057204248171675
1.4446053431537567,0.4112659949581538
0.9716658766055314,0.6622489447439974
1.4184841938170731,1.2972292875307048
1.0,4.281821424010538
