alpha,s
2.342524504314577,0.0
1.1755938286258492,0.03586559595760924
1.5152605721375745,0.15481175215276133
1.551991650820537,0.3134530631281794
1.8491414527443573,0.6287098838466717
1.0,3.0253747241858227
