alpha,s
0.9511874609548142,0.0
1.3758325887316991,0.11981298448872983
0.7109509077757553,0.23166149409432873
0.8951579668462029,0.5875030457968629
2.1822177946898553,1.1637724726015193
1.0,3.0890171300095304
