alpha,s
0.9799555866113128,0.0
0.7959150886061916,0.0880765602727253
0.8236865322727156,0.2629077007629433
0.9212428967605255,0.5379035681755501
0.9837675239417073,1.0283625321332133
1.0,4.427543863021279
