alpha,s
1.1533603461436759,0.0
0.8907524872702604,0.054817435791787224
0.9825194133078377,0.1766756198270767
0.7168667398106502,0.37231277648807687
0.9358834618076366,0.9154947737094491
1.0,3.684236185470212
