alpha,s
0.808798146182433,0.0
1.0264202447921622,0.12726870807713048
0.6107551602457297,0.282263505618432
0.8293792041952108,0.6475144633618265
0.6819245800587043,1.1466876668606907
1.0,3.3736957619614616
