alpha,s
0.5016455141384193,0.0
0.9936538173882347,0.11752044249940145
0.9697688910026123,0.23761431340885056
0.6859844921664812,0.4325892256535627
1.1398078970777303,1.0983590386799147
1.0,2.846016212226771
