alpha,s
1.1127320121434425,0.0
0.6747527868100421,0.045403992945983025
0.7271800898477895,0.2011614369731322
1.1596283906465832,0.4512658438108599
1.089275558957332,0.8603593330231019
1.0,2.8242373679674784
