alpha,s
0.9835859095924332,0.0
0.7748369291214947,0.0682251179432591
0.8617243203012876,0.2159680699841972
0.8879393962271206,0.4293051515174931
0.6586744502827493,0.8263800424688157
1.0,5.1631069814602375
