alpha,s
12.671114669385465,0.0
3.1592370226526856,0.009591878118089
2.0099221549946185,0.0615101485448842
1.5911424805868943,0.190487201413509
1.2679249090328617,0.510154322552231
1.0,3.169532101175876
