alpha,s
1.1725706844735124,0.0
1.0755271496430439,0.10984699680301356
1.1930340447743362,0.2683883064577866
1.031584064561712,0.47960610358768424
0.8544417411695117,0.9275625244718754
1.0,5.251739661089678
