alpha,s
2.0316493986291535,0.0
1.6160119162217041,0.050905493477097
1.1509707793818207,0.1448313092822347
1.3216948043940793,0.34965783538103773
0.9057522878541518,0.6927571182328236
1.0,3.048281295983496
