alpha,s
1.1493572977974995,0.0
0.9997365395694459,0.16268808652253564
0.9912261286488513,0.40254004443194813
1.105240736632791,0.7435105725525297
1.2526234830075944,1.2618057139720886
1.0,4.78068587393517
