alpha,s
0.8414703304333241,0.0
0.901677610921651,0.14576797439740335
0.9955256630707798,0.32594193508176134
1.1493965971840017,0.5828157821542106
0.9320666488978435,0.9854100071156728
1.0,3.6373724659363353
