alpha,s
1.0968851048627994,0.0
1.018145145963522,0.09438457131927779
1.071253352832276,0.2316508183181956
0.8813447071961665,0.44078178798900813
1.2380965004861317,0.9541954801056961
1.0,4.026034095266592
