alpha,s
5.059704502676523,0.0
2.5191599936050144,0.034685116329488105
1.6383224028556787,0.12898677386556656
1.2608398312090194,0.3322550726294188
1.0309313966235698,0.7576118043220411
1.0,2.9250993778087824
