alpha,s
0.6095358637968512,0.0
0.9181554620244035,0.0897184915933959
1.0460013142638367,0.2108969328921638
0.9562501909992407,0.42718820151180237
1.1307643468257147,0.9025153819810984
1.0,2.755488901416384
