alpha,s
49.577179354940455,0.0
6.830140478909115,0.004516152336927541
3.4789459774283844,0.04518969043408892
1.9099167377118977,0.1540682764808258
1.2874680452064169,0.4962021286729287
1.0,5.560384958802589
