alpha,s
9.225732485262133,0.0
2.6716201005124285,0.0054080004377888005
1.7526625685411021,0.04116422269985088
1.1097768407656998,0.13888109952766164
1.1317623354318471,0.4872379621642185
1.0,5.342098667138594
