alpha,s
0.011268724594277288,0.0
0.07587156013706288,1.6887671232876706
0.10093601424799072,2.438356164383562
0.15211852909223542,3.809315068493148
0.5572840370211963,6.35890410958904
1.0,8.16438356164384
