alpha,s
1.8336976850696431,0.0
1.2886489784373165,0.04384010344838954
1.022009105239861,0.14583535970200345
1.201567875856489,0.37488188628075747
0.9850168880278969,0.7767840710959858
1.0,2.819874755923508
