alpha,s
1.0719545022044097,0.0
1.1880538133306529,0.12165938202644902
1.3817426380284712,0.27139396357099405
1.0405749349209612,0.4707677642466705
1.156174214082102,0.9489562059429493
1.0,5.37999093128056
