alpha,s
30.656013894296212,0.0
5.512807120826685,0.0046864702546435
2.3196915541478895,0.0387514233802279
1.5498692377159515,0.16212633547685731
1.228971650956432,0.4945150452114129
1.0,2.8502890968368675
