alpha,s
1.1170738123121051,0.0
1.0399493927980967,0.11292896169419613
0.9422778187290407,0.282367085136173
1.1315164519970244,0.5665679064617177
1.2507416922581405,1.0073559342793672
1.0,3.1545139208696296
