alpha,s
0.07318069188468528,0.0
0.2798233532512417,1.82739726027397
0.20138669698033468,2.48767123287671
0.6383729805951487,3.5917808219178102
0.3925836911772584,4.39452054794521
1.0,8.16438356164384
