alpha,s
3.868759332667772,0.0
1.9360563178648575,0.05360889881880571
1.5688503204981177,0.18382855715050417
1.1329782228113872,0.4102339006404755
1.2236380543524088,0.9361081113040453
1.0,3.294117950676512
