alpha,s
2.6737296097121734,0.0
1.2915478391660333,0.033858607218133926
1.0679417750511708,0.14519200172812177
1.1983751406668368,0.3798609112686983
0.8806489123634151,0.7537789992033272
1.0,4.93930845412709
