alpha,s
2.6325715305676365,0.0
1.2605943452686563,0.0277229143108308
1.4789179629030265,0.127149703526711
1.0314828402362486,0.26831262160835473
0.7457096255593006,0.6617200367902412
1.0,3.242898068881197
