alpha,s
0.9080137113382281,0.0
1.0150932773791916,0.11454773129277218
1.0999947550175055,0.260331428860009
0.7871996910220521,0.4633231842802483
0.799574007507003,1.0318114206189746
1.0,5.177984654935592
