alpha,s
1.3103249930618497,0.0
1.4879353311653245,0.12108605774166548
1.8160404622635222,0.25326866939470105
1.4178383023992138,0.40563048286642656
0.7806200943055924,0.7670487032709165
1.0,3.941147759343729
