alpha,s
0.011434257168732847,0.0
0.057749594031762934,1.901917808219178
0.19888949584986546,2.8931506849315083
0.11641787557664142,3.74246575342466
0.8495617254647038,6.577534246575344
1.0,9.4986301369863
