alpha,s
0.05383302972825917,0.0
0.03520650233542205,1.3041095890411
0.18302680342221664,3.793424657534246
0.17535352362074,4.810410958904111
0.5482031382201041,6.806575342465755
1.0,9.4986301369863
