alpha,s
1.561584819795551,0.0
1.0123879952850394,0.09272410980422315
0.8286382347115014,0.28439802894759975
0.9119444099953069,0.6066359174830713
1.1017949541563616,1.151579231282854
1.0,3.251472069480809
