alpha,s
0.16639023631862687,0.0
0.23238314809956676,1.0997260273972562
0.22518955970039997,2.36438356164384
0.2376343116820998,3.2547945205479425
1.2348915230142765,5.8252054794520625
1.0,7.16986301369863
