alpha,s
1.0896880624951057,0.0
0.9856795997073915,0.0409290809590138
0.8548834361755961,0.1271395329374754
1.0743947446005084,0.31670066924746715
1.0618248110368902,0.6469790481161433
1.0,4.024033337642602
