alpha,s
1.6279016379938542,0.0
1.2551736737608752,0.036968024940117215
0.739308628940256,0.1250890242851063
0.9521643117879427,0.394962507642198
1.0496482756817038,0.8505483583185244
1.0,2.5980320804031503
