alpha,s
0.9881019659293279,0.0
0.9692979290281754,0.09099654176685325
1.4840987567451125,0.234304255896475
1.4699997702976677,0.3917483574928196
0.5762228992202401,0.6912869793405315
1.0,4.456946068377468
