alpha,s
0.00017994222128811855,0.0
0.002831081252801058,2.01369863013699
0.01300009234148167,3.20547945205479
0.07101755345662734,5.15890410958904
0.3331570124299945,6.35890410958904
1.0,8.22739726027397
