alpha,s
1.0831845937764837,0.0
1.835205053094424,0.1348125675765451
0.8092506866304741,0.2421832300553116
1.0622330327502911,0.5570987708529855
0.9194943881927302,1.0632192354645038
1.0,4.167675151984054
