alpha,s
1.515389144303974,0.0
1.3425176110440895,0.10854888581519649
2.0456784353255415,0.2881038736066874
1.2718268279126972,0.44017826145030065
0.7682638977825683,0.9356816893422366
1.0,4.2281662904810124
