alpha,s
1.5726660440090157,0.0
1.0388058422741642,0.09992221608544953
1.1595854516045625,0.29243378927026203
1.0456268425327775,0.5513836919761188
1.0773492267874978,1.0055094593188505
1.0,2.829104964099333
