alpha,s
0.9337933144984017,0.0
0.9714888579085278,0.13729958032350537
0.9347640741545951,0.31438906096170066
1.0559926891447584,0.5889251501474764
1.0980769105340977,1.0406747032024048
1.0,4.705770233000382
