alpha,s
1.7913228381297448,0.0
0.9788611728384873,0.0060395958770287
0.935903326842795,0.0528227333741652
0.9642274479796167,0.17624723688012642
0.8541628536907269,0.4831535661490771
1.0,3.952690089579186
