alpha,s
1.7744733213673978,0.0
1.6364194359444382,0.0458459636681344
1.2806373611794204,0.1266742617922271
0.7855218686924067,0.3006611312310466
0.7759257775544313,0.8024105614199418
1.0,4.033797197950581
