alpha,s
0.9996276591429245,0.0
1.0424218899581192,0.12933961180279047
0.954580922224631,0.29496038705504835
0.9651250657405694,0.5631822818758947
1.1134855366545884,1.0561547802555413
1.0,4.031809008670008
