alpha,s
1.0697864399837655,0.0
1.268738381111533,0.12631401604388778
1.0939895521553924,0.26874535118327847
1.202065622394766,0.515733115130843
1.0710668081969694,0.924363013316501
1.0,4.340213295533917
