alpha,s
0.7418867962756966,0.0
0.7617487906520751,0.09279256762532122
0.7552599824394132,0.2500801907494887
0.8934997658790251,0.5353572550862157
0.7910780076290802,1.0045052336224214
1.0,3.3386221138256804
