alpha,s
0.0071309314027659405,0.0
0.22358898434596922,1.9709589041095859
0.04811953860811663,2.29315068493151
0.12386513456069759,4.3769863013698656
0.6362651889392477,6.97534246575342
1.0,9.4986301369863
