alpha,s
3.0382750679781294,0.0
1.812533899305965,0.05736759478012039
2.02847068941649,0.1800539137157365
1.8421042764043156,0.33968161046367595
1.2487785165448384,0.6601807665236779
1.0,3.187821784353505
