alpha,s
52.7995346979923,0.0
5.864311548399671,0.0041686939259852
2.740050226214026,0.051444346250044584
1.9191496625270401,0.19245530816700604
1.4324992822463811,0.5293678066905743
1.0,3.363205768805829
