alpha,s
7.634755473642232,0.0
2.578937681309219,0.0277229143108308
2.4611783597284282,0.127149703526711
1.4539328604123185,0.26831262160835473
0.9271604254787005,0.6617200367902412
1.0,3.242898068881197
