alpha,s
1.3339810953877018,0.0
1.0038473917840856,0.060008076781597856
1.0404637543339776,0.1950902776665265
1.2647748788207982,0.41583683375799374
1.240680730343723,0.7731430036200577
1.0,3.402625744072162
