alpha,s
0.47415201379064575,0.0
0.9872559372575868,0.11210598685712142
0.9318701653297586,0.22795827526266313
0.8186338190342306,0.43873868302003843
0.7483850708634932,0.955130539188425
1.0,3.2561663736883504
