alpha,s
1.922634405003858,0.0
1.3191386518627835,0.0376427710883132
1.0942115960746615,0.12922061203597596
0.9136167836548943,0.32336449648895044
0.9242702464163156,0.7837028661705358
1.0,4.574936446794735
