alpha,s
0.6047847851340713,0.0
0.7480418665173286,0.10486019697001127
0.7123920204432505,0.23863843145315133
0.9150959344061455,0.4924631194640745
1.192663593740741,0.9206635486275762
1.0,3.6839267922668864
