alpha,s
0.6587615704672624,0.0
0.6100006443271447,0.0726146850783268
0.7041029865713443,0.21439502782803727
0.7826003641401057,0.42620889706625814
0.6735929819211125,0.8358352239788367
1.0,5.453033030809706
