alpha,s
0.00924623258846084,0.0
0.042256973179320305,1.883287671232874
0.177174447175959,3.74246575342466
0.14465946303237232,4.359452054794522
1.0459884835196704,6.549041095890413
1.0,8.22739726027397
