alpha,s
1.014918327177132,0.0
1.0193635034292403,0.1190112335160735
1.1808812967932465,0.2822891837274433
0.9688120374135806,0.4927771223900712
0.9505968378984848,0.9494577898852364
1.0,4.919022780171095
