alpha,s
0.2581402419238384,0.0
0.5919213784098046,0.12744333028324184
0.6252386275758369,0.25576562875364045
0.7586505344029115,0.5053384831260623
0.9896784189371879,0.9667526555651349
1.0,3.6481968958717057
