alpha,s
1.550361082320838,0.0
1.6600851245900936,0.03351659035163022
1.0210738770252938,0.10242506634735159
1.1583532672997503,0.31799343292311444
0.8926733730945866,0.6792108914064486
1.0,3.4426995844969346
