alpha,s
0.33116967414882353,0.0
0.4779679097998561,0.09564164138107527
0.8243403793101565,0.2781374219082228
1.085909475922047,0.4892081578132512
0.9765602721195678,0.8013073522012963
1.0,3.1245049089139934
