alpha,s
0.8987719563078506,0.0
0.9884450034760854,0.07439304094955053
0.7989982926046215,0.18307928445489668
0.7247821742728422,0.4029182124281861
0.6212737773969828,0.8613753614350973
1.0,4.608080872923895
