alpha,s
17.572207419656223,0.0
2.378279314030045,0.0047333721307145195
1.456414863812354,0.0562771548527309
1.2362518445345598,0.19443598527041644
0.9089096632509711,0.5122032094445391
1.0,3.904701708502882
