alpha,s
0.014758774415323476,0.0
0.023110609744463245,1.95342465753425
0.06040297242714409,3.815342465753422
0.26623701005992084,5.731506849315067
0.7550050959302016,7.04383561643836
1.0,8.17808219178082
