alpha,s
0.6953450755183451,0.0
1.2512372675067114,0.06302178533241272
1.2466895844758323,0.1389838882468347
0.8503978823372029,0.2933063806059202
1.0725950350031317,0.7273132912115986
1.0,2.169686131466108
