alpha,s
4.171379478774482,0.0
1.8134632870767369,0.04924359075648902
1.4778597756541432,0.1883540708355697
2.2936295194371934,0.4250349155227674
1.2980937321066854,0.6920720002704064
1.0,3.4763786039064035
