alpha,s
1.2252929484191792,0.0
1.2239331378665506,0.07373975617752956
1.1442694553852466,0.18553734828570087
1.252876095366814,0.3736465443079408
1.1007919843616212,0.7155817470566709
1.0,4.227573534446767
