alpha,s
0.7950070312631302,0.0
0.9080911313790895,0.0969823611311829
1.0101977242367024,0.2323585999719505
1.4518825697740312,0.44052232036387
0.9009943195596248,0.7398597155928918
1.0,3.238392747002522
