alpha,s
1.7643936098469615,0.0
1.7959267332749802,0.09038515432018876
1.254201682634163,0.20437934260388305
1.122797825700558,0.4370149710659515
0.8077141486748789,0.8525291225847353
1.0,4.393029788779762
