alpha,s
1.0476127627052667,0.0
1.046351171846327,0.12431162926258847
1.0709313670260843,0.29368221306683273
1.093092280535241,0.5397050285010838
1.135114404683878,0.9849387272690566
1.0,4.923429736409748
