alpha,s
0.08023565687734334,0.0
0.3490212729824236,2.204931506849314
0.18433096204202037,3.20547945205479
0.3882159337979628,4.1035616438356195
0.9052633349495145,5.85479452054795
1.0,8.16438356164384
