alpha,s
1.085420226418471,0.0
1.0625376657056693,0.0793719444608389
1.1688382899985528,0.200079423782655
1.049509873378514,0.3823463268222449
1.0641503059733226,0.7814855287728952
1.0,4.845566851176371
