alpha,s
0.780263302960176,0.0
0.8000865132081799,0.07307924114266084
0.819732141486987,0.22712562747619366
1.505125458314741,0.49610800353357143
1.0359994987663128,0.7788654346731545
1.0,2.8572922247740205
