alpha,s
0.9753767656487582,0.0
0.8850962182809157,0.09839025926180887
0.9475772194048373,0.2627016298885254
0.9051222082516653,0.5108865791008905
0.9953433902959834,1.0053796554111232
1.0,5.051808500186205
