alpha,s
1.0088080839621816,0.0
0.9399430624564629,0.13001765810882104
1.062466964591276,0.31668145980443335
1.1053823308723354,0.5624865209398607
0.8034813364873948,0.9741260224487038
1.0,4.719490973831925
