alpha,s
1.0118952192197952,0.0
0.8993558304419431,0.123079009843496
1.5683752576970085,0.3029619317603541
0.8392113138073422,0.46017316955098136
0.8772245356044691,0.9630135884111723
1.0,3.737684028416206
