alpha,s
5.531695126117123,0.0
1.9069185729795062,0.007718704250690263
1.5446061124198383,0.05767375486916574
1.3084632004138015,0.17665698087103388
1.1764230611121127,0.4955197417730973
1.0,4.334504683605838
