alpha,s
0.37732737079037815,0.0
0.6006323678874221,0.1115829032813573
0.7580985327480931,0.2519159693111881
0.7682920047943436,0.46900752495686493
0.9741517730790059,0.9583195319576814
1.0,5.151442703850677
