alpha,s
0.0957359859182991,0.0
0.12885680441039302,1.3041095890411
0.1927946349465951,2.48767123287671
0.25566874435747305,3.7424657534246615
0.44279309299845426,6.14794520547945
1.0,8.22739726027397
