alpha,s
0.801500818413335,0.0
0.7357433132418674,0.09612302198731058
1.042656438492239,0.27888416574704317
1.1431322265162935,0.4811535289913451
0.9665516811814099,0.8455108393609055
1.0,5.167138637407851
