alpha,s
1.3982844924008198,0.0
1.029224518786307,0.0063509065094131
0.9708632311166533,0.0475647056403912
0.9042768255034114,0.15548863179207964
0.7724527746115949,0.4698266315817848
1.0,4.52021635451199
