alpha,s
0.960557013503106,0.0
1.2369430184082018,0.0780072845770235
1.0657910209579868,0.17250855606188342
0.9282286541913733,0.35790345420665015
0.8324701300843599,0.7962715620568064
1.0,3.750269403918488
