alpha,s
1.4446168559766543,0.0
1.140123504882253,0.0763910611116993
1.1653870829619475,0.2146011192755844
1.1448520005476228,0.427094872480268
1.1037108900741905,0.8531308847577889
1.0,3.630205098458836
