alpha,s
0.006035839537548053,0.0
0.005691091437644461,1.3041095890411
0.050931120921176354,3.793424657534246
0.07038332515619826,4.810410958904111
0.3314473890137281,6.806575342465755
1.0,9.4986301369863
