alpha,s
1.1535361119878578,0.0
1.0625313788726447,0.10899136476929062
0.809740907963626,0.2683098355925693
1.085818257193403,0.5911299759459478
1.0458317168412672,1.0353873684016996
1.0,4.277097010063101
