alpha,s
1.0717642273711805,0.0
1.0328605579973917,0.12089742397602934
1.127755771705316,0.29424708386058696
0.9081034361038279,0.52890685343532
1.6779593111435473,1.0526848670865803
1.0,3.759953014003688
