alpha,s
0.42881802320300944,0.0
0.6552650842396832,0.09038515432018876
0.5562656524289374,0.20437934260388305
0.5362314631698158,0.4370149710659515
0.33743347874807345,0.8525291225847353
1.0,4.393029788779762
