alpha,s
1.016763008654208,0.0
1.0179224853007198,0.08155180566595346
0.9482540812472745,0.19696950535654073
1.2416472724290457,0.4075990727626542
1.060161996733069,0.7053290131959875
1.0,5.704585615041808
