alpha,s
0.8851964812295611,0.0
1.2667928213838051,0.14950435216473668
0.9358035818909998,0.296877092287225
1.3678758860012779,0.5948628463347353
1.1185574908618294,0.94508908555504
1.0,3.1848913427845056
