alpha,s
1.3247261079495145,0.0
1.414632251714627,0.1010034990186213
1.3161501557438213,0.22735975209169235
1.3650119105784684,0.4357491660749839
1.1498840921755116,0.7962403728547846
1.0,4.673764695805421
