alpha,s
1.4238680156816113,0.0
1.6326773696158479,0.04403297472562842
1.19474029823979,0.10660596466660588
1.213359724738563,0.26758080026380326
1.2655543814066355,0.614775245200764
1.0,2.9685686703587604
