alpha,s
1.1984848740725285,0.0
1.4795220065303174,0.10447135419130764
1.1075206407128613,0.21900437566671033
1.0267247709739877,0.4473167954724791
0.7688167018190407,0.902632070797877
1.0,4.838054692147105
