alpha,s
1.0841552880517025,0.0
1.0194370546318259,0.1146086499585228
1.1862704564590398,0.28060174223375195
1.2696445288221765,0.5039777603320964
1.0294342787228938,0.8727408007198347
1.0,3.563460707810003
