alpha,s
0.04550096725786343,0.0
0.16453510141817798,2.318904109589044
0.19454836688270277,3.20547945205479
0.35584769815449646,4.19178082191781
0.37731925245983616,5.15890410958904
1.0,8.22739726027397
