alpha,s
0.3007189248676816,0.0
0.5024340855169207,0.13603910478162914
0.7014173001464372,0.326197723762227
1.042963063543127,0.6021996110809664
0.8891399292974581,0.9561712053620954
1.0,3.566250967355081
