alpha,s
1.0161891688130418,0.0
0.7514200251389632,0.08578498789214854
1.0313065133343309,0.25421489301147593
0.8859524785066225,0.4510094505173924
0.9006508818000827,0.9083082961669887
1.0,4.892579515717912
