alpha,s
0.0004165945512310967,0.0
0.0028500258150517,1.23561643835616
0.012638947712402992,2.29315068493151
0.04782606216330595,3.619726027397264
0.22038586223086384,6.14794520547945
1.0,9.4986301369863
