alpha,s
1.7803021401047758,0.0
1.065186673653849,0.04117865895448737
0.8545450561910982,0.1626077745173669
1.00600640048271,0.4198849025955412
1.1744815317946997,0.8559181672625954
1.0,4.001071605587293
