alpha,s
0.29367160637378614,0.0
0.530435441827146,0.11098354640904079
0.642692889785671,0.25690994012781915
1.0675022396128022,0.5066718584647961
1.2006057418037988,0.8711916720602326
1.0,3.540831722371637
