alpha,s
0.31093398323994725,0.0
0.5017691265815929,0.10495414409337002
0.6378185860513405,0.26163826998573353
0.8528701830693289,0.49576922036022475
0.8640246694718837,0.8974924661192301
1.0,4.4531845759602655
