alpha,s
0.8781939012369129,0.0
0.8767951701838194,0.06744306113763228
1.021938137076105,0.2074002287436857
0.8588730116395757,0.4050619206242416
0.9910844151839743,0.887348244752099
1.0,2.9569704765272187
