alpha,s
0.13311926815743197,0.0
0.2703028794355398,1.82739726027397
0.3253026090929044,2.6860273972602773
0.22566081491930404,3.82739726027397
0.8047589519024523,6.33972602739726
1.0,9.4986301369863
