alpha,s
0.01873671923276144,0.0
0.05392906800300981,2.186849315068494
0.053197076101153484,3.6115068493150666
0.7413946488152721,6.2915068493150725
0.5025206219097951,7.04383561643836
1.0,9.4986301369863
