alpha,s
0.5880121291641971,0.0
0.7281034002554608,0.0986471407709375
0.6301795873714792,0.23952089403291607
0.729081868324414,0.503597851778085
0.5084179544395983,0.9093851150054332
1.0,3.95112853433656
