alpha,s
1.2607791126954098,0.0
1.7258844565430147,0.1051551536693371
1.0668198360078067,0.2090566399945871
1.3825061233709794,0.45744476530126404
1.1781301767951553,0.8345053176068586
1.0,3.827635545777111
