alpha,s
1.0825371875374579,0.0
1.041238488503742,0.11289629044194502
0.8637662921090038,0.27051571869487134
0.984478754554455,0.5415067170498665
1.0296242179888515,0.9940579462983028
1.0,4.459507929100689
