alpha,s
1.441803771113663,0.0
1.060277947134135,0.04275758139350039
1.2690018648933412,0.14703729579575228
1.0168170572766981,0.30582125182407055
0.8926101535026415,0.6970278340340471
1.0,4.714730529037852
