alpha,s
1.567991635934434,0.0
1.5914763834807553,0.0458459636681344
1.2803926534842025,0.1266742617922271
0.785592097184584,0.3006611312310466
0.7748117625091414,0.8024105614199418
1.0,4.033797197950581
