alpha,s
0.5789261421407543,0.0
0.7480043899592285,0.10141205670719336
0.7178063059620124,0.22661398149256232
0.9639597307957348,0.4629483051706648
1.1167046450340314,0.8378375949088498
1.0,4.438945085951526
