alpha,s
0.43289966420450543,0.0
0.5050894824136524,0.14164290346505454
1.0969247581986168,0.3341019530921491
0.8325496101877752,0.49207990462506723
1.2906221682242567,0.9382449496457173
1.0,2.734102351348568
