alpha,s
0.8427663634890007,0.0
0.7632655016780097,0.10145388015618395
0.9786882571199671,0.2691574352928304
1.406336136057925,0.5130398038542321
0.904330449676796,0.8057886990814546
1.0,3.4592957695376376
