alpha,s
1.1550874914567286,0.0
1.1239771244745649,0.1651989893646093
1.0281748656511198,0.38015789975386777
0.9538275263714658,0.7146464842032563
0.9496276922854365,1.3102063535585944
1.0,4.910050347431212
