alpha,s
0.8707538359829929,0.0
1.0242375882742965,0.15017160869015375
0.9382633515467911,0.3238664465114095
0.8480114144731823,0.6093638563220206
1.0501764802110813,1.2104750018012504
1.0,4.765589205532065
