alpha,s
0.25581027594307293,0.0
0.591605156199351,0.1299344920218813
0.7489498253234466,0.2681179240874358
1.0735443898815604,0.5024234963780718
1.2769521481049013,0.8860256592410599
1.0,4.26312684293529
