alpha,s
0.8005971969336637,0.0
0.8889911911695073,0.09059432825434106
1.004687407766934,0.21055469744510336
1.0333768369567609,0.38873000278738473
0.848471587917322,0.7589201127803239
1.0,5.406071763210097
