alpha,s
2.2120557495633264,0.0
1.6081603653489738,0.0044400456352458395
0.9502454905609633,0.037169916563458645
1.1285340389836802,0.17753737102626233
1.173257752804168,0.47484929021711797
1.0,2.5661004269366647
