alpha,s
0.0008671163112759733,0.0
0.024756562050529052,2.014794520547948
0.02199799457939704,2.4482191780821925
0.0799423094615153,4.2027397260274
0.393972635244881,6.14794520547945
1.0,8.16438356164384
