alpha,s
9.369823469037492,0.0
2.5380562651970866,0.003947501773509021
1.676065112376546,0.040165122957839215
1.6730034899984045,0.14908882825110883
1.114609750859999,0.40086514257771927
1.0,3.662900955199559
