alpha,s
0.5759895741871396,0.0
0.7940701851600086,0.12108605774166548
1.059251312480632,0.25326866939470105
0.8465911314193157,0.40563048286642656
0.4229829785092302,0.7670487032709165
1.0,3.941147759343729
