alpha,s
0.6084908790204094,0.0
1.0911707742839047,0.11324170261836226
0.8060520960934908,0.22093528272802004
0.8837976376741375,0.4870986170082975
0.725308152776757,0.9746210023298645
1.0,3.21996619771852
