alpha,s
2.9858486937823376,0.0
1.8701562222739705,0.030835271273028278
1.8728472504170066,0.11210530219980745
1.4646299779673349,0.24976543687734382
1.0035823348504942,0.5597024593942066
1.0,3.7218382374915335
