alpha,s
0.8619506611288245,0.0
0.9458669235536955,0.11340190297028607
1.0742481509571118,0.26593294991154387
1.1218316958558394,0.48431676372475135
0.9602176025929045,0.921894921595637
1.0,3.7449980394596567
