alpha,s
1.0076828204221948,0.0
1.1058115140276499,0.04290621362532996
0.8608385968012205,0.1329030318650494
0.958046712959224,0.3617761203717692
1.6233332931576336,0.7956407154939137
1.0,2.1320435813141634
