alpha,s
1.0481493445716068,0.0
1.1008816331983116,0.1238503807702476
1.0889094525575544,0.2870084695398299
0.9211859992514296,0.5240974940141928
1.1474947223566052,1.0706795135694955
1.0,4.0131913222278905
