alpha,s
1.575042298865347,0.0
0.8873541180950295,0.04402548572914181
1.2944171257345418,0.17940824894482388
0.9806455640445383,0.35524447555491107
1.0359777397077745,0.7676180220034874
1.0,3.454433818793861
