alpha,s
0.652094184340501,0.0
1.2467635572789812,0.10663354435745578
0.9033688931308396,0.2188108483375503
0.5743662543321753,0.45100506452388156
1.0377309916248763,1.1426929373309023
1.0,2.857138562868125
