alpha,s
0.05626792508654638,0.0
0.1711963574264271,2.012602739726026
0.39035155155819395,3.06849315068493
0.17417426652408954,3.730958904109592
0.8228223998617491,6.435068493150685
1.0,9.4986301369863
