alpha,s
0.8743144345089944,0.0
1.1161318847399966,0.08917644121795412
1.0231273539994803,0.19119233168568334
0.8194155907583168,0.38385121953634604
1.013554187155287,0.8568763535247026
1.0,4.016909056676322
