alpha,s
4.80746340389526,0.0
2.6623885518214743,0.0362652189335844
1.6132331048332114,0.11964217996219573
1.3142248363425244,0.3198617574772071
1.4078952225185184,0.7579033408523613
1.0,4.361409473464636
