alpha,s
3.9359936623049316,0.0
2.6247872869787128,0.05227653196141945
2.64107971678338,0.14924903605847142
1.9799493974779612,0.2899755663169118
1.9046731554665095,0.6042814040973027
1.0,2.685080961126208
