alpha,s
10.103602471326528,0.0
2.425777896114068,0.006688539672248503
1.7576519178096308,0.050813406063970216
1.4355538247814748,0.15960106237831892
1.0401022255083145,0.4470462179705585
1.0,3.3735247487592166
