alpha,s
1.989677457189672,0.0
0.9995856987800752,0.005264537467564981
0.9386122539441586,0.04951908444241018
0.9186221769954243,0.1699391023070016
0.8725358882273543,0.48382759190902347
1.0,5.544492157169755
