alpha,s
1.22483426020003,0.0
1.327486884073004,0.0741199592018883
1.163954411677668,0.17439585772746483
1.1470738678358565,0.3645171190922288
1.1707468903962803,0.7541698680521903
1.0,4.241706044485403
