alpha,s
0.2805887717239782,0.0
0.6129033278070164,0.13057533743830607
0.7715876897737539,0.2575041974348618
0.7520419559553653,0.464566142799497
0.9347401202459253,0.9471651582867262
1.0,3.992785544729096
