alpha,s
0.22336725588987966,0.0
0.418887473245417,0.11185955008914021
0.6320029753288599,0.28604546753587756
0.8572239385524594,0.5225792996370355
1.3068357182168546,0.9843694258957737
1.0,2.802186961650817
