alpha,s
0.028373306747220366,0.0
0.09409551064119547,2.022465753424656
0.5526333077704392,3.04109589041096
0.23958698793493066,3.254794520547942
0.3448849016940565,5.0958904109589
1.0,8.22739726027397
