alpha,s
1.2059301787808712,0.0
1.1215672674362556,0.07425351079469202
1.0586413809073507,0.19149227195573326
1.1640916769031706,0.39854399058320117
1.1384740033603782,0.778558093288418
1.0,3.943963910209491
