alpha,s
3.1626132697999103,0.0
1.296501640896001,0.004280652425268324
1.1101057680084918,0.04940471858907055
1.0711362343571043,0.1681271215267077
0.9822044854276919,0.4891759464552608
1.0,3.5098234727374544
