alpha,s
14.752862466810257,0.0
2.4489630368687108,0.0037744159594159
1.622224921172772,0.0463898930185042
0.9682372758792304,0.16429655273509947
1.1222212137264387,0.5610476153192683
1.0,2.6806190068781315
