alpha,s
1.181703469819528,0.0
1.0466862611602743,0.047398958148764
1.0114933969069781,0.1398250349284223
1.1067876003227626,0.31414846704419364
0.9944991040213472,0.6623596512166318
1.0,4.406928200966089
