alpha,s
1.68171713939363,0.0
1.0967642189027222,0.041757876044681466
1.1777241302432881,0.1565752346503096
0.9335086923023544,0.3313246782588816
0.9176473007698756,0.813277421689994
1.0,4.760190859433259
