alpha,s
1.159245243416487,0.0
1.1783784739548717,0.05223708697119699
1.0945818103379918,0.14011784056456428
1.114184527390168,0.30616369366984375
0.9866324106247041,0.6576614448081011
1.0,4.733058824518055
