alpha,s
1.0375242862180136,0.0
1.1088164797234508,0.1281503867383945
1.0688337238844436,0.29573476661701653
1.2394025878408197,0.5469289702495248
0.9745198136980744,0.9416045599006317
1.0,4.548540003316837
