alpha,s
0.00832031486236091,0.0
0.03300831476683856,1.587397260273974
0.07042420564021026,2.9304109589041105
0.15996593484944893,4.705205479452055
0.39999592316150356,6.587397260273972
1.0,9.4986301369863
