alpha,s
1.0398047745690824,0.0
0.9536195381921853,0.07530759468210257
0.9988654307085637,0.21572478985947455
0.9976930357496849,0.44591115846593965
0.9421090688888956,0.8932857162733742
1.0,4.115963326624242
