alpha,s
1.6563329636740374,0.0
1.0169999125922766,0.04541755842092113
1.0385366969503056,0.1751704364585305
0.8807079858479895,0.3891802241859758
1.0215939910572258,0.8953918314711251
1.0,3.2056528042738126
