alpha,s
0.49048134889889194,0.0
0.6536888513976876,0.1166249494214647
0.6959356857315835,0.2922959618374503
1.5218624385904653,0.6155655831252429
1.4433598136070531,0.9118453210620582
1.0,2.3219895848816923
