alpha,s
1.053078304684163,0.0
1.0489919926950546,0.1069123172462783
1.0532642485497896,0.25510752642918333
1.0246736110193675,0.4767297373249036
1.1836110511740574,0.9337859369410731
1.0,5.525924136737506
