alpha,s
0.08373615779058675,0.0
0.5185077202414519,1.95342465753425
0.17554786025052574,2.307397260273976
0.5072253286881995,3.786301369863012
0.43338461984891324,4.823561643835617
1.0,8.16438356164384
