alpha,s
3.7771495408796576,0.0
1.5675417634276585,0.0327291693516059
1.7495973005369327,0.1442345569474772
1.0549487256096797,0.3033209469660927
1.052980633311995,0.7529271967530446
1.0,3.610859719316204
