alpha,s
46.43983570417488,0.0
5.322890549868581,0.004780809597763662
2.8570212337961967,0.056015581651086076
2.2501016498477946,0.18982935045235164
1.4048969366539596,0.4750479263882583
1.0,3.318690560974832
