alpha,s
9.466743493378017,0.0
2.8442917805701136,0.0049731939830436
1.9575733247619593,0.0404823148502362
1.5378419785358126,0.144282734729476
1.4873720133134198,0.4428175428469486
1.0,2.77628289152706
