alpha,s
0.8907177907615232,0.0
1.0751438714798283,0.10511679206390649
1.0650246120458287,0.2370447825956869
1.0147970025989264,0.4583743975356595
1.2742332908682035,0.8780924143236248
1.0,3.2575713800865564
