alpha,s
1.8120872684787774,0.0
1.5463097967196364,0.0380591679919664
1.8393061181629324,0.1270035859688449
1.0713124714729405,0.25169142781662984
1.277458424545412,0.7006103143169071
1.0,3.745040329309489
