alpha,s
1.1227684831799287,0.0
1.0887291644598645,0.11714147110764687
1.1598894052925195,0.2825809885153532
1.142992610714117,0.5117540833095163
1.2553634051991793,0.9664651502594362
1.0,3.4949414837670325
