alpha,s
9.829080195822986,0.0
2.0795046890281963,0.005827719674598763
1.404379818291287,0.057603877023737385
1.4778969835552673,0.19449375376857145
1.3811497871351939,0.46863723001340285
1.0,3.410880225199895
