alpha,s
0.007397984569744058,0.0
0.05430699100545734,1.9709589041095859
0.13728184024358225,3.28767123287671
0.13635016834232702,4.2027397260274
0.9231190238032028,6.144657534246575
1.0,8.22739726027397
