alpha,s
1.3705092602186064,0.0
1.131197324789543,0.051238168312547315
1.0211281502444378,0.171465286206486
1.2589327687510443,0.3949879899925493
0.9048366187768365,0.7415850407995228
1.0,4.017651495199365
