alpha,s
0.9878798196695372,0.0
1.0844782799226564,0.1329863373867387
1.0731760102620962,0.2958273224141517
1.0368306629114596,0.5399171840458694
0.9889545610737676,0.9950455974372404
1.0,4.221249605088037
