alpha,s
8.992618555223379,0.0
2.076737573690296,0.0041686939259852
1.4087694941700122,0.051444346250044584
1.3342973883417453,0.19245530816700604
1.296166233943095,0.5293678066905743
1.0,3.363205768805829
