alpha,s
0.28706401293784983,0.0
0.7480176069277232,0.17357220359461156
0.8318783777814814,0.31121657787460383
0.9732136243839302,0.5213177992847744
0.6949802319083836,0.8920239316982725
1.0,4.479412020852481
