alpha,s
22.122619801536484,0.0
3.457017859918677,0.005827719674598763
1.9690264710555048,0.057603877023737385
1.8461496507758917,0.19449375376857145
1.5236344048369634,0.46863723001340285
1.0,3.410880225199895
