alpha,s
1.0464691292020132,0.0
0.9802542564527604,0.0472616652052497
0.9144095353622982,0.1385735473319994
0.8487699019415555,0.3145674488974467
1.0640883048918428,0.7623764789411059
1.0,3.498069520066831
