alpha,s
0.8719546732378887,0.0
0.9431896280350072,0.13881219614375842
1.3447583845227837,0.3166321834361343
0.9172099657538004,0.5068423108704547
1.199908762247463,1.021119374214679
1.0,3.5998397501248154
