alpha,s
0.0012628745433143288,0.0
0.024539444531156772,2.002739726027398
0.19267686234440493,3.01095890410959
0.12451498330555046,3.28767123287671
0.5237268919783591,4.4767123287671255
1.0,7.07397260273973
