alpha,s
1.0284984431527187,0.0
1.2402511473570368,0.11743109076387545
1.1256392431064781,0.2514168527846456
1.0037363821891576,0.4760246094730918
1.37214010389591,0.9442749660692527
1.0,3.971258058875096
