alpha,s
1.6206557579914325,0.0
1.433723475974939,0.05066247861926768
1.2947791760599336,0.14762524903532595
1.6045172333143491,0.33567424423346254
1.4091893176936359,0.6307687074786784
1.0,2.2918374400050388
