alpha,s
0.9622440902976485,0.0
0.9348007810306213,0.17219113716553378
2.004644726661061,0.39976133116804136
1.0561501741751413,0.5514792200905116
1.1681662076296326,1.1152122920552423
1.0,4.643169331847175
