alpha,s
0.7062730003112064,0.0
1.1496617355631635,0.1442987822260108
1.9705096297015858,0.2816993853688754
1.0553810045807441,0.40152976947471336
0.9028087339765035,0.8493180580999741
1.0,3.421847387598845
