alpha,s
1.2483020629762371,0.0
1.0100786684225724,0.09920655737654763
1.3031301354402376,0.26366863363728066
0.9677255807984826,0.46192037439521433
1.4910759347085472,0.9706210167914252
1.0,3.968331108389764
