alpha,s
0.07325925800312152,0.0
0.26838847167996327,1.6301369863013706
0.11546768398243801,2.242739726027398
0.30154541150669667,4.1627397260274
0.9638521055562543,5.94520547945205
1.0,9.4986301369863
