alpha,s
0.8668443520989629,0.0
0.8387516245177911,0.05029549253262702
1.0307579459863003,0.14986714381432747
0.7788881939742023,0.3092419009438688
1.0903271459446957,0.7899026268124157
1.0,2.8113257072929274
