alpha,s
2.139006044151327,0.0
1.2108822453574375,0.0046864702546435
0.9569932547366073,0.0387514233802279
0.8718694385855018,0.16212633547685731
0.8802672203355322,0.4945150452114129
1.0,2.8502890968368675
