alpha,s
0.2505648851831113,0.0
0.5337572980456801,0.1497180960189438
0.6135803114155667,0.3117218497482597
0.5500650492690481,0.5769124448380555
1.5208595273179188,1.304915967711732
1.0,2.4773912685956043
