alpha,s
1.057404576758549,0.0
0.927915229641875,0.1163414422241392
1.1928355664350951,0.29580590643366594
0.9858245230427113,0.5070073131176922
0.7327821786535086,0.9676004310549388
1.0,4.8994552088433565
