alpha,s
1.2424722759653062,0.0
0.8734262567018132,0.10499451608754129
1.1538814143788945,0.30746833876671453
1.1270447793018887,0.5354418744841386
1.4357163107002655,0.9803573317516157
1.0,4.049254154536485
