alpha,s
0.02173892034023599,0.0
0.035121021672344106,2.16712328767123
0.1472292757944355,3.74246575342466
0.1492503087650051,4.600000000000001
0.7791658044694417,6.73972602739726
1.0,8.17808219178082
