alpha,s
1.9217705780207208,0.0
0.8880917941841455,0.00554076606618644
0.9465263588691908,0.05719675477845122
0.896454695083107,0.18709544481452473
0.9822857443549932,0.5385756094803658
1.0,3.154662723322612
