alpha,s
5.31805533521531,0.0
2.0433673417310194,0.0336734260874784
1.7544623808093005,0.1447664888669593
1.5954444294702999,0.32867282555432453
1.3821114091164444,0.6984720104773955
1.0,3.804232756541087
