alpha,s
28.81243105878431,0.0
5.823303225563316,0.00500558393931212
2.6716414959469184,0.03813812135994093
1.9424241479983522,0.1439360442302811
1.2572126546077664,0.40662757808821604
1.0,2.9959410619159703
