alpha,s
3.862277065367684,0.0
1.9107221473286777,0.00402657223816528
1.2936932106333177,0.034592883258900184
1.4426694454650921,0.1405079235948335
1.4312207161507937,0.3932398523033069
1.0,4.493850008328173
