alpha,s
1.0579076197008506,0.0
1.1461617742108727,0.1286577780193865
1.168212547428533,0.28587569669400015
1.0638025131086422,0.5143686192440783
0.9768185392343635,0.9680033822292201
1.0,4.927855863346903
