alpha,s
5.177429686288902,0.0
1.8097825790800408,0.0403367214307466
2.1419525725058377,0.1856867232145784
1.400869550909645,0.35784706168656216
0.9614412093269205,0.7854953161827702
1.0,4.342733187546769
