alpha,s
0.9895042931356481,0.0
1.0897760692015015,0.13006921693763868
1.0397027979486217,0.28876435557936136
1.0058296999722474,0.5394465276706787
1.1043848346235283,1.0064483605612915
1.0,4.298672786445236
