alpha,s
0.8870844860127267,0.0
1.032944658674281,0.1343396569966672
1.2623778153937235,0.29522526201111504
1.143679543289624,0.4945190755660874
1.189674621823817,0.9062992632078211
1.0,4.845250801211251
