alpha,s
0.9956389996032182,0.0
1.0439755433721924,0.047590825685011995
0.952908705312852,0.13135038732344834
0.9497870453987376,0.29953255796361555
1.0196192848676957,0.6867168811149217
1.0,4.565927992109143
