alpha,s
0.3655919695560988,0.0
0.5214819110708403,0.11753218323700822
0.5086874036548059,0.3041043569312043
0.8647196833093517,0.6415060159961644
0.9545707401542456,1.0347092646239302
1.0,3.9556125082015945
