alpha,s
0.9069316519282477,0.0
0.8208912185762763,0.21862032914851837
1.0969376558499289,0.5189394143412286
1.274446343917316,0.8609224651612143
1.246163603715236,1.3587404864054708
1.0,4.912008434753115
