alpha,s
1.2682816536427992,0.0
1.0130284390205402,0.1103205718128373
1.1332443469031903,0.2946532263141859
1.4707134186067854,0.545263377031854
1.1619002541813206,0.8956314561713525
1.0,4.582523807701754
