alpha,s
1.055549232076097,0.0
0.9566276448328125,0.0429428082893423
0.7576255312095401,0.1202869588681065
0.6178718850533658,0.3075658389200047
1.1124591099560839,0.8376646971470315
1.0,3.402363557718337
