alpha,s
0.9774902761069507,0.0
0.750033259069438,0.1315284294022514
0.9498720446648153,0.3623605292073665
1.0131260250420295,0.6390372095538938
0.9870867084303095,1.1122023820062596
1.0,3.537063961469959
