alpha,s
1.1581241667851225,0.0
1.1461921761434137,0.09656574581274832
1.1643468902505032,0.23139717302216142
1.2408401556654194,0.4431016803054118
1.1742372991786438,0.8269997768718025
1.0,3.5463475742664903
