alpha,s
1.8729487652651204,0.0
1.1849045327150065,0.03658770029215541
0.8649515849292032,0.13568789794537778
0.8916134106398731,0.3874837733356737
0.7811597783222236,0.8614228438273916
1.0,3.0702484356078394
