alpha,s
5.4478781222060615,0.0
1.824943425677642,0.02394245128332292
1.4190602969479365,0.12299052373305201
1.0927790783112188,0.3122029888277015
1.2556292423452682,0.765711365046892
1.0,2.67016696223194
