alpha,s
19.205782096287727,0.0
3.816119344092605,0.007801342372240203
2.2888969560483643,0.0587836723065428
1.5597130855905126,0.18645113147710932
1.3333327770930885,0.5372738900601121
1.0,3.4906362807518567
