alpha,s
0.047691254121236086,0.0
0.07468206643067071,2.36438356164384
0.39324884922405623,3.644383561643838
0.13754309975342371,4.19178082191781
0.5810729514864525,6.320000000000005
1.0,9.4986301369863
