alpha,s
1.0650324650047442,0.0
1.1719213379373834,0.07279201126580774
1.0484895176076905,0.16972732090831316
0.8694394886063753,0.36476444188632323
1.2236860944023287,0.8512387382663296
1.0,3.671286694789383
