alpha,s
1.096667500949649,0.0
1.0220828932910813,0.10986740852926892
1.072468328164964,0.27012517683987963
1.1522738142863667,0.5072603703903812
0.9741984218570912,0.9128119131932819
1.0,5.499707275389388
