alpha,s
0.9932051972291034,0.0
1.037690953495063,0.19238087838138626
1.1272679057294197,0.4239457964755128
0.9847697632626445,0.7252963632250906
1.0422640742378682,1.3110184132615523
1.0,4.9701876536442375
