alpha,s
0.8731467766885234,0.0
1.1246913220040407,0.05440422025775985
1.4678161213076362,0.15148626608914123
1.0830917237032485,0.2861408232503658
0.903019285332008,0.6812515783932619
1.0,4.311797207651969
