alpha,s
2.631268380302966,0.0
1.1079460831383512,0.003562568664181741
0.9977969989742136,0.04113800581054136
1.0675671272433056,0.14399823106264115
0.7320507478184427,0.3991343996823597
1.0,4.282552741252622
