alpha,s
1.0577602039696488,0.0
0.9731221036160247,0.11972236588577119
1.0238636089230102,0.2964962727976999
1.108879981838988,0.551031724831235
1.1314868073471018,0.9815369790328352
1.0,4.178723520257138
