alpha,s
10.849738472677364,0.0
2.3798288030993215,0.005914849818811492
1.3283721447802568,0.05302540177245314
1.3101596123657955,0.19892987199250542
1.262148969390226,0.5146753503176018
1.0,5.3925079266737805
