alpha,s
0.008040666400677332,0.0
0.05055914149942545,2.012602739726026
0.14487681565157898,3.06849315068493
0.0779660962215659,3.730958904109592
0.33024494558500217,6.435068493150685
1.0,9.4986301369863
