alpha,s
0.9210834330709445,0.0
0.985677821335086,0.11026025910988783
0.928987021857126,0.267098447681407
0.8675681418586424,0.5249397005500345
0.9531545803611604,1.049025611824913
1.0,4.825617436904137
