alpha,s
1.380213938906479,0.0
1.2168889714383488,0.09350394689651112
1.2337876806142072,0.23506906447026754
0.9569490614683914,0.4427203358762032
1.0531105355361148,0.9453882126691667
1.0,5.206238475187355
