alpha,s
1.2070181549035337,0.0
1.0960933290621502,0.10676998271631649
1.1907983653132161,0.26240981671249314
1.0034983993369926,0.4781250962232818
1.0075437686393953,0.9576242966102996
1.0,4.275348330821872
