alpha,s
0.7296129839459339,0.0
0.9010548802028328,0.11609673101829662
0.7942123224309268,0.26004885311727
0.946605611226675,0.5194713980692203
1.2218946043153296,0.966266324937477
1.0,3.250689497776979
