alpha,s
0.983678066416837,0.0
0.978531594818286,0.10882753970942166
0.9619876310273565,0.2730776581009538
1.0431021250848593,0.5322546243051716
1.0093714880257032,0.9686917568844502
1.0,4.265986804326858
