alpha,s
0.46307414696199356,0.0
0.8846529647244892,0.11116792116818845
1.0479193629208046,0.21571908271682516
0.9624977875856886,0.3977783520674112
1.0487549429404968,0.8186870944675281
1.0,2.928620127257747
