alpha,s
1.2716658449551625,0.0
1.2362124247135882,0.04276710219942408
1.2791781862389962,0.12038161485448318
0.976981734470324,0.25594968582638006
1.0254241941925328,0.652345667917481
1.0,4.158230852746224
