alpha,s
1.7005172776735347,0.0
1.8081855896151642,0.03351659035163022
1.0757279088686669,0.10242506634735159
1.1958756530013959,0.31799343292311444
0.9074277879955451,0.6792108914064486
1.0,3.4426995844969346
