alpha,s
0.7540895572661331,0.0
1.0629781832217033,0.07087312214790001
1.1184971958372336,0.18152392216333813
1.1971903506693116,0.38318730974313236
1.4505190244824908,0.7431908897137416
1.0,3.686750306679903
