alpha,s
2.3076598696483708,0.0
0.8254312887742817,0.0204130523766593
1.2043564356881027,0.1508129515973368
1.2989301034251513,0.30280152997791004
0.9849509405858041,0.6304163647785168
1.0,3.17069218444642
