alpha,s
1.3823164397580026,0.0
1.875037446915531,0.11752044249940145
1.5270758008701368,0.23761431340885056
0.8900401506850342,0.4325892256535627
1.30804144187795,1.0983590386799147
1.0,2.846016212226771
