alpha,s
0.49951998258997377,0.0
0.5874573823848522,0.1197336969717256
0.7177481046546484,0.2757568789926384
0.7781453691270637,0.5048596397959956
0.8364743651824341,0.9571577036461576
1.0,3.431154274978012
