alpha,s
0.3903061418901721,0.0
0.5501969104761448,0.13263911982888676
0.7987857720787271,0.3005721093006554
1.0941805164800498,0.5154889999997512
1.1867865268290083,0.8662589187924871
1.0,3.797283100969428
