alpha,s
19.3827330618168,0.0
5.0188244823456,0.007925421622046522
2.505285808325397,0.047754247548204676
1.4266258923659125,0.17055465125831998
1.4631015867829347,0.5471373601146525
1.0,3.8815655208443753
