alpha,s
1.4480583730978651,0.0
1.0857194308353009,0.0412723583205991
1.3762890601065674,0.1458035610397717
0.8546615100485921,0.29199566126713006
0.7556897232192127,0.7910538908946604
1.0,3.6958205054419175
