alpha,s
27.21673803002939,0.0
4.4310070338122705,0.00439858896861946
2.1535386030372208,0.04218497935149218
1.4263260615941922,0.1614073429620945
1.309551214122671,0.5085358999627897
1.0,3.816270046028389
