alpha,s
0.04536316773652843,0.0
0.15173091108786607,2.7753424657534267
0.1431115029648449,4.17260273972603
0.5807698066018682,6.14794520547945
0.5131375826181849,7.04383561643836
1.0,9.4986301369863
