alpha,s
1.1268533571007138,0.0
1.1566297998623234,0.1105972448027277
0.9241961637676563,0.25623622226391246
0.8975124473755062,0.5336863552202183
1.1751942482803803,1.0795278634321983
1.0,3.5031854464959187
