alpha,s
0.272698001858553,0.0
0.4315579155549473,0.10209840068115227
0.7034242636994558,0.251013415388944
0.7392654607416111,0.4405514013105714
0.7659471103933462,0.8358323584141698
1.0,4.822145655798697
