alpha,s
0.33930571096336815,0.0
0.49940413114859655,0.1232717421989685
0.882797966184138,0.3253144131291475
1.0508148017203336,0.5261279837473692
0.9602101227220604,0.8772675670457817
1.0,3.251113625333873
