alpha,s
13.72426704349098,0.0
3.1314882408626077,0.003881098220223
1.5346882566582887,0.0347769611826371
1.1466572558504997,0.15137430544399258
0.9827136407904701,0.4847467424960685
1.0,4.321595647781233
