alpha,s
0.9889903579548405,0.0
1.0626403659769745,0.07287327456862407
1.0016139882390254,0.1795191663525442
1.0166136645115282,0.36296613569190816
1.0124744951965279,0.735386664810762
1.0,3.952118015108488
