alpha,s
73.74169484817783,0.0
9.194448243913094,0.00304299199089092
3.3635962600492775,0.03338544891318268
2.1441650339660088,0.1501727870580801
1.295189081927131,0.4674969043900154
1.0,3.978087842558704
