alpha,s
0.9155114743338418,0.0
1.0125312981393573,0.2114742843832845
1.1767513277778914,0.45575158443276775
0.9963462124566467,0.7576823872535431
1.2390839463148673,1.3633077715524637
1.0,3.9884993695019233
