alpha,s
1.4084691820500956,0.0
1.1431239672194804,0.1406345629801834
1.2878885948351264,0.3675378558472711
1.3205156972805652,0.6401820550005505
0.9658643034847659,1.1022688886855803
1.0,3.822941662243006
