alpha,s
1.7957394604798849,0.0
1.5069200415961932,0.05066247861926768
1.337983990439708,0.14762524903532595
1.6299938253692214,0.33567424423346254
1.4126392125610203,0.6307687074786784
1.0,2.2918374400050388
