alpha,s
1.3126295400123498,0.0
1.5502880850243868,0.04965943913603422
1.2925661835900835,0.1181983758011952
1.3883173869490308,0.26455541205126404
1.127853976984348,0.5703569607474314
1.0,4.851624929709324
