alpha,s
1.5106031555504449,0.0
1.4140219135721714,0.12192241497869764
1.8403009862640185,0.28937623457004946
2.1232197995337247,0.4788404709254907
1.4946014923138382,0.7497804700819878
1.0,2.0578637542798823
