alpha,s
0.9241101465622124,0.0
0.8175794216524038,0.04319837038160818
0.7530496841677654,0.1361576520235989
0.8054429119379712,0.3266510882648675
1.3822070656135648,0.7764530390198134
1.0,3.594196785397169
