alpha,s
48.30514352073928,0.0
7.181949684833252,0.0046607442419630005
2.628664524708234,0.04267523658514742
2.4796956396347283,0.19045646175262324
1.618085921714029,0.4453530329798233
1.0,2.7731995250021497
