alpha,s
2.425649440746328,0.0
1.5369449072631614,0.00500558393931212
1.115764153896163,0.03813812135994093
1.1211953613380015,0.1439360442302811
0.9038962292189936,0.40662757808821604
1.0,2.9959410619159703
