alpha,s
0.8321040007750228,0.0
0.8326604323686173,0.0946173775611927
0.9473997077899764,0.2379054232149743
0.9435242215401335,0.45159148771515323
1.1020827804059508,0.8810372719061141
1.0,4.954296749221991
