alpha,s
1.7264647724762616,0.0
1.204779201799878,0.09612302198731058
1.5160395963658404,0.27888416574704317
1.522214900675975,0.4811535289913451
1.237782066654284,0.8455108393609055
1.0,5.167138637407851
