alpha,s
2.967184496274712,0.0
1.8042784231587854,0.04810664324719048
1.372330482287911,0.15461935606353353
1.5865331693511942,0.35185333891815923
1.037048820649592,0.6744087525326858
1.0,3.789521963153752
