alpha,s
4.503219044087784,0.0
2.1527718469152677,0.04601481790176104
1.2316771499748354,0.16652269253821164
1.3878880564363174,0.4687483163629132
1.5111991100107744,0.9123787758548995
1.0,3.2369489007909635
