alpha,s
0.007205707321908282,0.0
0.048803480134046104,2.01369863013699
0.08513030964245064,3.20547945205479
0.25381063900820344,5.15890410958904
0.6183495934307466,6.35890410958904
1.0,8.22739726027397
