alpha,s
1.1957484240689784,0.0
1.1989339749657066,0.1106228744292457
1.3206503498986988,0.2603769666251401
0.9501689444325087,0.46735897437262597
1.1747026851097269,0.9717770459350176
1.0,3.791401113441705
