alpha,s
0.5107620491288518,0.0
0.7836837595342901,0.09502848412422063
0.8224989724092068,0.2414776089766243
0.6897549388886175,0.5060207479125098
1.6526915376607785,1.100589102542088
1.0,2.174545430253116
