alpha,s
0.07660838237813813,0.0
0.16262581372780396,1.8591780821917783
0.25846430327544284,3.039452054794522
0.5853770251114637,4.164383561643838
0.46583048309617786,5.12602739726027
1.0,8.22739726027397
