alpha,s
9.334405498617608,0.0
1.7610468511088013,0.003968486775973
1.7336667014306477,0.0535230860407758
1.4712495312235132,0.15628058212428297
1.3272469862066494,0.4464579496696848
1.0,2.7802521236928053
