alpha,s
3.1982165971414167,0.0
2.0212394575059047,0.0553292370952396
1.404035253677039,0.16926004718005913
1.1513554680221343,0.4102214612377882
1.7379439849084584,0.9267286216049685
1.0,2.621649448021886
