alpha,s
0.05994719685960395,0.0
0.14214059214456976,2.0717808219178084
0.23273112571667298,3.1463013698630102
0.2664613369485722,4.2027397260274
0.6357758718072188,5.927123287671231
1.0,9.4986301369863
