alpha,s
0.9289834058220173,0.0
0.8588043439775713,0.043848097690379985
0.8734932746034089,0.14180312609187187
1.0802334896722965,0.32267965254417696
1.1295536477126031,0.6548380036568706
1.0,3.998780247162767
