alpha,s
1.0555521289537437,0.0
0.9830482761387346,0.1791701333282576
1.0175518864766315,0.42152703275483083
0.8853942956828867,0.759348624865463
0.99306073533451,1.385047705956263
1.0,5.236460153409943
