alpha,s
0.33211891791645703,0.0
0.5866592628252203,0.1038226978938322
0.7058725603698863,0.2373699360952227
0.8280484788882613,0.4629612071734314
0.8856513952845677,0.904999471557828
1.0,4.965872847645898
