alpha,s
0.2997955985566578,0.0
0.38636413210547343,0.09060422164930515
0.5205434294867111,0.26262980044247014
0.6528580641835066,0.5396150378516095
1.1120029413227208,1.0835487399693111
1.0,3.370102729460239
