alpha,s
0.8838550152439066,0.0
1.0202553838572164,0.10924011586416246
0.8347831775213691,0.2552489562288275
0.9171885883025075,0.5350840023462675
1.0987709240714996,1.0242334319563786
1.0,4.713092211027995
