alpha,s
0.12640366564245362,0.0
0.6965350877547555,1.82739726027397
0.258979615303999,2.28219178082192
0.36816216099606036,3.7232876712328813
0.400954619351149,5.58904109589041
1.0,9.4986301369863
