alpha,s
0.42347133103087153,0.0
0.45031897581129376,0.09673530487634985
0.6686420019579764,0.2751957124761496
0.6833695723470564,0.4997576881778018
0.8738852127256934,1.0293024163608675
1.0,4.238640553272335
