alpha,s
0.010542070341394864,0.0
0.04475850230447374,2.0717808219178084
0.09640236064216501,3.1463013698630102
0.13212441778806228,4.2027397260274
0.35855406186078675,5.927123287671231
1.0,9.4986301369863
