alpha,s
1.0528532151184296,0.0
0.8887765807014468,0.1828661621959911
1.0734564389733263,0.4649386954412967
0.8825011483142283,0.7867229331399036
1.1462299887680636,1.4332904251158094
1.0,4.123385624036554
