alpha,s
0.9727548409282892,0.0
1.0901419724871915,0.13788163981544108
0.9484859863333678,0.3045307108171584
1.022404792278746,0.5914058695800531
1.080632029731327,1.0723619044489823
1.0,3.90024067429732
