alpha,s
10.962285546189717,0.0
2.8730145923817387,0.007964491252015623
1.478745769896421,0.053053230738884134
1.4957831975443396,0.19632843796123742
1.0026042531687334,0.48917934888063025
1.0,4.985617281927788
