alpha,s
0.00038969713536385244,0.0
0.006994576877111187,1.82739726027397
0.007292387603640706,2.29315068493151
0.04811966997727905,4.279452054794525
0.3861526517525427,6.277260273972606
1.0,9.4986301369863
