alpha,s
1.2017140559510615,0.0
1.2011948703799509,0.0477899917307714
0.9527656659707352,0.128163866003406
0.9462094879955114,0.30714466234379073
1.0132989552661251,0.7090668194932522
1.0,4.330804597964662
