alpha,s
1.1613121696861923,0.0
0.9104014542993291,0.16266665802785385
1.0214600508162006,0.4250584508591449
0.8610916122912452,0.7596878514418487
1.2189177862784262,1.4040756904046223
1.0,3.7567099976877056
