alpha,s
1.0081188204062081,0.0
0.9565796835487567,0.11628940683274488
1.1104728266433617,0.2840989602395726
0.8499074435565772,0.5075814728692848
1.156548471334929,1.053138496874456
1.0,3.909596540980843
