alpha,s
1.061509254493112,0.0
0.9719208878722294,0.1077147072026012
1.0828114759209355,0.26938807293857986
1.0662927411910912,0.49516490533701935
1.009237435685755,0.9283625321452744
1.0,5.6461364632430895
