alpha,s
1.09635344810997,0.0
1.032541885912149,0.1740571566869213
1.025191839279765,0.4073429850852148
1.0630918315279907,0.7343641571173039
1.0979799968396906,1.2765483357418634
1.0,5.202981060869995
