alpha,s
0.28736691707291556,0.0
0.5318322786842389,0.12779668856441773
0.6942170562734991,0.2845795076353209
0.900537508878228,0.526816168625689
1.1021986800147268,0.9819131067144495
1.0,5.05636707940329
