alpha,s
0.17277722436608925,0.0
0.24669436162120262,1.33424657534247
0.5899070749615574,2.2131506849315064
0.28096829333742085,2.89205479452055
0.4769273599584367,5.12602739726027
1.0,9.4986301369863
