alpha,s
0.20767623182451714,0.0
0.3215413572997764,0.10844110311395753
0.5048303490776439,0.2698448704076621
0.6607800754226847,0.489534141176496
0.721497686394184,0.9171981367360025
1.0,4.125250631454199
