alpha,s
0.051732257841128094,0.0
0.12081192144784111,2.04876712328767
0.11553042686372905,3.20547945205479
0.1865788607559902,4.4953424657534224
0.3037345875992653,6.144657534246575
1.0,9.4986301369863
