alpha,s
1.1111399352962208,0.0
0.9612613694852399,0.07474367761312908
1.089396157466459,0.20603604419472815
1.1997019573084786,0.40165560563503583
0.9894296890608011,0.7413572216988565
1.0,4.611406121522349
