alpha,s
30.84049370776899,0.0
4.732063452540183,0.004070502003609661
2.104195142011085,0.04115897468383446
1.5261642101741442,0.16653092925286528
1.1945471457726629,0.5054530692041305
1.0,4.343476413502546
