alpha,s
1.0990226523915159,0.0
0.977835197552204,0.07735033050775769
1.0950769056315284,0.20855569725194187
0.8937510957995736,0.3984600955168307
1.1343546260409396,0.8771835787044888
1.0,3.3339695317790063
