alpha,s
0.023622000665445998,0.0
0.04044516069029784,2.23013698630137
0.2516978589412699,3.9473972602739726
0.15893205672096497,4.407671232876712
0.25979537482923787,6.33424657534247
1.0,9.4986301369863
