alpha,s
1.5254824612111832,0.0
1.6721526677191287,0.13335515122506708
1.7049643989972125,0.2898100381825537
1.3416985190322996,0.5029067127181176
1.5598133646988077,0.9724981542871018
1.0,4.14150984750306
