alpha,s
27.43881016852269,0.0
3.8385604335974084,0.0050787709652021
2.1420363225493677,0.0534105676467337
1.5146974541491331,0.18570281784397424
1.0597579723278896,0.5267108676301676
1.0,3.315294070892421
