alpha,s
0.006795264843332794,0.0
0.086391472815646,1.038356164383564
0.07093071233667933,1.9605479452054788
0.16282104347573184,4.2027397260274
0.5470056904492541,6.020821917808222
1.0,9.4986301369863
