alpha,s
2.2353256030282043,0.0
1.5601344881481527,0.07200827638368576
2.1042422225281974,0.2083348310875038
1.3801070101553559,0.3649623077240676
1.9030593859638234,0.7826184471540982
1.0,1.8770576370557357
