alpha,s
1.2615303229008499,0.0
1.2053852422292466,0.10675276384655852
1.0297388004168013,0.2555777791522767
1.172256630159766,0.5137084631844717
1.1083762715245702,0.932592731347674
1.0,4.262889186584066
