alpha,s
1.849667989785147,0.0
1.7210191958467376,0.0464559604826307
1.7312879105186898,0.1320518654581352
1.1153880280694592,0.27978410627285133
1.2924475220986706,0.705472213753151
1.0,3.214587334539961
