alpha,s
57.942447150942925,0.0
7.501251067040995,0.00390490533411038
3.8540612917710217,0.041072689822409865
2.0342020748654073,0.14032880520385116
1.3715731727039322,0.4549960066713841
1.0,4.2971045153920695
