alpha,s
2.5360113140342344,0.0
1.5188977566233157,0.055000302530562
1.0691683611308525,0.17929680720554927
1.0121041344443713,0.4579853492261379
1.536062597014172,0.9678789720526633
1.0,3.5496932208328644
