alpha,s
32.38563954180637,0.0
4.0062958927036085,0.004180498094419142
2.1887410250747945,0.050015965241800325
1.5740175492062285,0.17579419174730515
1.2600090449816541,0.5100491130104803
1.0,3.683262664382828
