alpha,s
0.038305342077908866,0.0
0.16069567022489561,1.974794520547942
0.18966115218075558,3.01095890410959
0.16568405524822552,3.7594520547945223
0.3518526877823655,6.066849315068491
1.0,9.4986301369863
