alpha,s
1.1373737843625638,0.0
1.1320160001022668,0.05281706521587808
0.8689964216489348,0.15149338394142015
0.7269057585821677,0.36979860959515004
1.1485768395480356,0.9533729801049294
1.0,4.04281104817922
