alpha,s
20.00764301323433,0.0
3.1996257629874147,0.0036907403769321214
1.614059217903223,0.0399452712279014
1.315455056321566,0.1693506737971961
1.0681851842660788,0.49645619873165026
1.0,3.661145766158557
