alpha,s
0.7654695534410714,0.0
1.4619912524711973,0.2574359759994759
1.070974272290406,0.4302887194202004
1.0135740522001042,0.7551463820959072
1.0363874610044206,1.336210298630729
1.0,3.626978679807861
