alpha,s
1.0133576526768513,0.0
0.9915927336963611,0.1122787115305216
0.9998852899359254,0.26990379980126766
0.996857877918875,0.5076779364326174
1.0557148658891975,0.9766319031332389
1.0,4.207420121670847
