alpha,s
0.5244680327296153,0.0
0.8442283310788773,0.09845602397275492
0.6511499197685597,0.22265527200974689
0.8320427413793194,0.5169063645564544
1.135991596694085,1.061224521366749
1.0,3.3640035976890927
