alpha,s
61.84237632035031,0.0
6.913001586256117,0.0036242329125380215
4.15563571385533,0.042956761048548425
1.8030570764509246,0.1330538252103282
1.5446696375199958,0.49581719497981347
1.0,4.437751881640626
