alpha,s
1.8454843866097872,0.0
1.3104309290459042,0.04810664324719048
1.0893594714697554,0.15461935606353353
1.3464529267635998,0.35185333891815923
0.9145721007097863,0.6744087525326858
1.0,3.789521963153752
