alpha,s
1.596038741091295,0.0
1.6783605735208138,0.1071810140604976
1.1145586609407725,0.2388614841892235
1.1313859270446522,0.5255480675100748
2.1633375877943384,1.0087740140534684
1.0,3.221462761065101
