alpha,s
1.084454528721477,0.0
1.03777893706962,0.1768735684889058
1.0695956633346158,0.4128177666106923
1.036352409914212,0.7299817858494638
0.9817733500710324,1.2773697263381718
1.0,4.772068456600566
