alpha,s
0.39458827187882517,0.0
0.5825986844148782,0.0946173775611927
0.7973126489585679,0.2379054232149743
0.888978409962526,0.45159148771515323
1.1366718985054098,0.8810372719061141
1.0,4.954296749221991
