alpha,s
1.0879152609153182,0.0
1.2721084401139102,0.12808860931601967
1.343504249579682,0.2768652351483266
1.3904522462131423,0.48871275383914586
1.5800700019920255,0.8558407715821508
1.0,3.895024915038829
