alpha,s
1.0028753674009216,0.0
1.0227003893572937,0.1309314011670022
0.9735531960681313,0.30210866036267153
1.137556528641033,0.5721827284358395
0.9246548920502026,0.9868673470699547
1.0,4.744149678746933
