alpha,s
3.952845715471576,0.0
2.882443578067181,0.03986866971089018
1.6900551335497527,0.11086104944145596
0.9539580045735675,0.29081613708193343
1.4540740643460006,0.8048487942452807
1.0,2.832264554545353
