alpha,s
9.370494714182398,0.0
2.181500069429446,0.00817191884890426
1.4394870061007334,0.0642805104032238
0.9530473877839432,0.21625888496740436
1.0053132537477525,0.6600503210527926
1.0,3.4386408364369743
