alpha,s
0.011877314594085808,0.0
0.037608034657160394,2.290958904109592
0.13014391982302143,3.670684931506852
0.19411811965515216,4.403287671232878
0.5366834458649843,5.94520547945205
1.0,9.4986301369863
