alpha,s
0.026054605936507456,0.0
0.11173906776584,1.6301369863013706
0.05677242280072019,2.242739726027398
0.2022676633593693,4.1627397260274
0.8353389990929908,5.94520547945205
1.0,9.4986301369863
