alpha,s
1.1183148735225044,0.0
1.0006783478695893,0.07252166811367375
0.995025853866427,0.19260852028227235
0.9450818263717055,0.3892251495918803
0.8787015899499274,0.8042641376682547
1.0,4.994719160317551
