alpha,s
0.49484464418575036,0.0
0.8713506902006856,0.11961798953749836
1.1579978455459505,0.25279950948643043
0.6753226471365249,0.4052761516145588
0.6814132009471299,1.0182213800521365
1.0,2.93229468004562
