alpha,s
1.0728620464448808,0.0
1.14164907857184,0.12636178721668742
1.1245428544620188,0.286798815343076
1.1457866635645502,0.5253345313257015
1.1650731400746002,0.9627461981847427
1.0,3.678615015957543
