alpha,s
1.2868708196872123,0.0
1.121595934576091,0.10858590738408348
1.0542066346082053,0.2817242644545043
1.2638085531200192,0.5403275025050617
1.3785793284226144,0.9439717578423709
1.0,4.173668983387762
