alpha,s
0.04080302758885245,0.0
0.0758645875418807,2.00712328767123
0.2698714991029278,3.82739726027397
0.21169677159971512,4.407671232876712
1.4228698321996824,6.10739726027397
1.0,8.03561643835616
