alpha,s
1.079874626455918,0.0
1.2574304463268853,0.0714686408075039
1.0083502333673393,0.1658792207303197
1.3987843345519224,0.37097659952588724
1.0184778937566534,0.648426823178805
1.0,3.198526595563628
