alpha,s
0.007942092977781598,0.0
0.058975410202656696,1.7090410958904085
0.1205399964938634,2.8016438356164386
0.19279743647494146,4.2027397260274
0.736205114724571,6.1347945205479455
1.0,8.22739726027397
