alpha,s
0.3044025400354002,0.0
0.465261485191491,0.09753937774354197
0.7351329693512559,0.260788263721958
0.7707654202749574,0.4793027805054199
1.0144508705556932,0.9576548265632182
1.0,3.596423784137336
