alpha,s
0.3634447249730558,0.0
0.5258392414261385,0.09988326241412407
0.7057944320351568,0.260805830791131
1.0285287353229473,0.5021122683824466
1.3335620137785105,0.8709081565224625
1.0,3.828005141457189
