alpha,s
3.0876553933953987,0.0
1.3145177503860581,0.0040374047130737
1.011630460893659,0.04158872939165493
0.9309575612649208,0.15840816518040132
0.8982942916245985,0.4724466259819598
1.0,3.567893198852966
