alpha,s
1.1244981781991188,0.0
1.2794518186358146,0.06586325772503794
0.9525301788859929,0.16031162495954895
1.2187947953557983,0.40969161303820917
0.9896296953316501,0.733963432155574
1.0,3.879048936519797
