alpha,s
0.521293451845636,0.0
0.6562583454880305,0.09068257474486338
0.8525389491010431,0.2419721335192285
0.7257303592483262,0.4509437173522563
0.7986228012431538,1.0153599140289098
1.0,3.129641085866111
