alpha,s
2.66498463739753,0.0
2.0742577077569377,0.06388929809472005
1.1965600772184706,0.16863399547779334
1.4474714229924779,0.44110627215516957
1.0602814103035627,0.8226966997745229
1.0,4.379051372720861
