alpha,s
2.885993785990594,0.0
2.204939043261562,0.05958902071433571
1.544424702499711,0.16104621375275632
0.9451159133832553,0.36950399176641646
1.4113766296583419,1.00056981587796
1.0,4.502574740572897
