alpha,s
1.7448050985400008,0.0
1.7156751540011808,0.07781184153458526
1.145217381661342,0.18998976990515576
1.6782631076530339,0.4463138817153672
1.3821273590308323,0.7955583441025419
1.0,3.200612122597079
