alpha,s
0.29177071016779993,0.0
0.55150634166248,0.11270219824051958
0.7607072835781444,0.25135286072141844
0.9456105904561373,0.458645127778692
1.0819197488031616,0.8555820123294137
1.0,4.364277412942912
