alpha,s
1.4144354658074396,0.0
0.9336269888140051,0.09192442017012108
0.93354540220315,0.2681196661966099
0.9080477465245459,0.547099046391531
1.1135443128510543,1.0786755174154963
1.0,3.7964590381258345
