alpha,s
0.7621126241435727,0.0
1.131469795941139,0.0824821517414553
0.9526098999864862,0.1875140703805524
0.8631450084316703,0.406566736329434
1.1442371084495553,0.8909281936148352
1.0,2.76988667481158
