alpha,s
3.418006950670202,0.0
1.864399726014282,0.051238168312547315
1.4638829968218956,0.171465286206486
1.5954935755717006,0.3949879899925493
1.0532516312425224,0.7415850407995228
1.0,4.017651495199365
