alpha,s
1.6698331656714391,0.0
1.129210187388502,0.007837725099348844
0.7060181208095706,0.04784248125161506
0.7021733847457202,0.20005498410586678
0.8828852986620945,0.5948097744799358
1.0,3.796291753477902
