alpha,s
1.3584578951814235,0.0
1.5364865880486105,0.10076405120666851
0.9485346086775495,0.22004641903932629
1.0283148677512572,0.5078881733634631
1.3367306549946094,0.9535350848447354
1.0,3.8856688182265366
