alpha,s
1.1080779024095853,0.0
1.0808343287212028,0.054050856082160814
1.1485315599227595,0.1447942521449706
0.9576866803708339,0.30149207550451596
0.9654325974923488,0.7000592416903734
1.0,5.0790807744762105
