alpha,s
1.2697583925030576,0.0
1.0827624880790812,0.04170760038807838
0.9463313869891647,0.12955811748775647
0.9708077216571328,0.317240192895659
1.2851859779591883,0.7219130839080535
1.0,3.026462793831792
