alpha,s
1.966134975884394,0.0
0.8801760314465726,0.003595127916360141
0.6400729314986074,0.04024167579263951
0.5486728957310292,0.159612284940089
0.422129174148182,0.5105130098413777
1.0,4.972762416510323
