alpha,s
0.00026035823739536484,0.0
0.0324042689682499,1.9709589041095859
0.01352251701376578,2.29315068493151
0.06324287432041109,4.3769863013698656
0.4826240863072139,6.97534246575342
1.0,9.4986301369863
