alpha,s
0.8546756414153681,0.0
0.8545012626950778,0.14164290346505454
1.6205803872115203,0.3341019530921491
1.0796065975393216,0.49207990462506723
1.4701133501597017,0.9382449496457173
1.0,2.734102351348568
