alpha,s
1.1567771005200878,0.0
1.2767312542270568,0.10141205670719336
1.0601362324067278,0.22661398149256232
1.2429210640846244,0.4629483051706648
1.2987589298566191,0.8378375949088498
1.0,4.438945085951526
