alpha,s
0.5264131107324737,0.0
0.6835400996850199,0.08707604795186262
0.5897248370350299,0.23334562031877698
0.7384342640381464,0.5437027903035391
1.2392785146058536,1.179337953155784
1.0,3.3334714671326355
