alpha,s
1.1449857766542912,0.0
1.0596298897753484,0.11235694789908784
1.0961713457678777,0.2767761401705654
1.054941168730734,0.5162534170668571
1.107170045383185,0.9748224022046051
1.0,4.567541448434211
