alpha,s
1.2099806520437781,0.0
0.8588050584178103,0.0817356598842366
0.9837002136980398,0.2557244408048238
1.0042176128002491,0.5002730185786269
0.8724122548550144,0.9838729871279874
1.0,4.085231929099781
