alpha,s
36.475112457509866,0.0
4.884692036716238,0.00605417299455656
2.9012453743012148,0.06305185006861447
2.1195364126277054,0.19462062455850798
1.4036519219709591,0.49420343571112724
1.0,3.893301080065821
