alpha,s
10.867755182949848,0.0
2.399874138415996,0.0053057265074722
1.479129766558015,0.0501801530446782
1.251698069913957,0.17901361324134932
1.1392413851080132,0.490177434952823
1.0,4.132544402020455
