alpha,s
10.329207237757196,0.0
3.3055493032662504,0.00872900040271686
1.8651893383476879,0.050165406423101744
1.4427824375054756,0.16845406880559785
1.3668770140755298,0.47701285594152154
1.0,3.228476436137834
