alpha,s
1.1841130984507544,0.0
1.1185081058196855,0.10990762876946798
1.0899121508441334,0.26621656002945465
0.9992097447555088,0.5085665852617366
1.1163833530508964,0.9996428743796125
1.0,4.92902824596132
