alpha,s
1.31544837760887,0.0
1.3079998978823275,0.07459609413762053
1.0139734906974815,0.18972644055564677
1.1194317645675314,0.432793308065493
0.9954948373831835,0.8401065574351441
1.0,4.867735282475821
