alpha,s
2.8890845514892054,0.0
1.504476740973264,0.04116472312647044
1.3006042728140692,0.15239259622099477
0.818358552428175,0.35824062199273404
1.2386735935566333,0.9463375735200205
1.0,3.683181649191428
