alpha,s
1.0762622656522207,0.0
0.9505674746793261,0.09795966871395624
0.8718688572053857,0.26475810497852753
1.074125387161497,0.555850843354826
1.2837446730067263,1.0105609064718382
1.0,3.917719150196693
