alpha,s
1.2157146135399273,0.0
1.0920676660735367,0.10940420422836038
1.21169341612628,0.27251082517979397
1.0731704367031396,0.49550270884269093
1.2585875720880049,0.947924382405185
1.0,4.1809262981293385
