alpha,s
1.033940615629944,0.0
0.9843699401198133,0.0471755426459613
0.8973283817292358,0.1312181409873229
0.8993889175254027,0.31461412407516665
0.8975829896767874,0.7124903291078093
1.0,4.247714570073121
