alpha,s
2.8129080410385656,0.0
1.7580663760719433,0.05648934319386799
1.7749511573942274,0.17721024506529665
1.1652479567775158,0.3429337371592077
0.7123265897652393,0.8011079503038303
1.0,4.849927514018924
