alpha,s
1.1881369442356218,0.0
1.0942995548767367,0.049566161417408564
1.1608163045824826,0.15195308689553716
1.0364791292801685,0.32550568671535207
1.1634039228687982,0.7299038490556162
1.0,4.083992503322111
