alpha,s
1.163290054935323,0.0
1.119486224093342,0.1048764345723432
1.0641153077150858,0.2536325882652917
1.0304179678602934,0.4961686049162035
1.179528488582847,0.9482942019022368
1.0,5.391263902697416
