alpha,s
0.33474878676658115,0.0
0.5230424448809947,0.10196030375829443
0.5735996403757482,0.25087812888314104
0.8855609856480045,0.5248197327329196
0.9565687375784693,0.9674133915432404
1.0,3.667799772457904
