alpha,s
2.225831991934529,0.0
0.8951238230477508,0.004929204966420344
0.8811431817277097,0.0565564059947825
1.1252889009386016,0.1894975482379555
0.9131205910747177,0.46414677753082706
1.0,5.101930331711382
