alpha,s
0.14114655821639635,0.0
0.495291891804621,1.82739726027397
0.2227693414892801,2.290958904109592
0.2626472210037211,4.13315068493151
0.8565511208888239,6.349041095890412
1.0,9.4986301369863
