alpha,s
2.252088311958042,0.0
1.2936351044346244,0.04601481790176104
0.853849131840159,0.16652269253821164
1.1001057338069606,0.4687483163629132
1.3354263038441199,0.9123787758548995
1.0,3.2369489007909635
