alpha,s
29.007302773839534,0.0
5.864916274362641,0.00500558393931212
2.685865108784387,0.03813812135994093
1.9495777041225262,0.1439360442302811
1.2537022664049624,0.40662757808821604
1.0,2.9959410619159703
