alpha,s
1.1722944678912166,0.0
1.2844365183702189,0.11200379752896064
1.0737619223591917,0.24777051239268852
1.1694863453487354,0.49240377757315335
1.2033864475669822,0.8921689922563675
1.0,4.642399142313996
