alpha,s
0.7691536952914563,0.0
1.1030084851260102,0.1407338578008478
0.8841500468310405,0.26674611882432653
0.8370523481955569,0.5213601064232577
1.0403539469433702,1.0554516998686896
1.0,4.219805429905797
