alpha,s
0.0004423950358818262,0.0
0.006331378563367271,2.01917808219178
0.027390528588337383,3.01095890410959
0.06412312936107684,3.9473972602739726
1.4052902015277837,6.185205479452055
1.0,7.16986301369863
