alpha,s
22.438324186687364,0.0
3.647661521505514,0.006312003980533944
2.78168784720497,0.05867980715275908
1.7193039591158328,0.15886628484907447
1.4298183362880859,0.46247309299163886
1.0,2.86198137536469
