alpha,s
25.77581783273062,0.0
4.487187861509593,0.00529933097394684
2.0696974732793256,0.044981701749766755
1.4871504668064082,0.17307989344241068
1.2757939806281002,0.5205143144178094
1.0,4.569716671557845
