alpha,s
2.872198323922762,0.0
1.1409067278149838,0.0037144833351462803
1.050347655825301,0.04411342449738084
0.8253633141891046,0.14788557563870933
1.0088448473404847,0.49971146905744324
1.0,4.408815034575618
