alpha,s
0.019800703983772327,0.0
0.0379718712141729,2.23013698630137
0.252601782257778,3.9473972602739726
0.2278515333247213,4.407671232876712
0.5193875647138881,6.33424657534247
1.0,9.4986301369863
