alpha,s
1.0557433976584474,0.0
1.608000073919962,0.062354736362393186
0.813561181654987,0.14445199037887627
1.246170852620898,0.41799945917301684
0.8508151664266691,0.7854046614465204
1.0,3.80348867185753
