alpha,s
1.8396892704574284,0.0
1.2514598519344036,0.03434865271985104
1.044913359235873,0.12601597928914463
0.910114651326248,0.32464498896500305
1.028478644373725,0.8106482214230571
1.0,5.044226533524482
