alpha,s
0.03452162339386556,0.0
0.17361996599820018,1.96712328767123
0.06716354899587632,2.36438356164384
0.09245072115879954,4.19178082191781
0.3220050315723524,6.14794520547945
1.0,9.4986301369863
