alpha,s
0.5202919558166784,0.0
0.58949236310463,0.06946490446417788
0.428995667829483,0.23421630732543222
0.7318213262943264,0.6366583398807343
1.0188393198868502,1.1447996682322357
1.0,3.6241373702547386
