alpha,s
0.07875831513497325,0.0
0.3760743541292535,1.95342465753425
0.22540529503307977,2.383561643835618
0.21946823343959634,3.727123287671236
0.55855726215773,6.33424657534247
1.0,9.4986301369863
