alpha,s
0.5084832198156157,0.0
0.49614177203746773,0.07533422536689514
0.5318982748805692,0.2305298420954699
0.7622983272447591,0.47807326916561255
0.3586803081467972,0.8252539312395263
1.0,4.698047237136822
