alpha,s
0.5076122966272407,0.0
0.5550764628927685,0.0864333088343746
0.44241590339128106,0.2137433568500785
0.4182213944810603,0.4761023279097783
0.21154124230446394,0.9444177825689292
1.0,5.3478462219858
