alpha,s
11.485534562475294,0.0
1.9538397938357779,0.00401478563665482
1.596205765576761,0.054431759213727705
0.9526508542735443,0.17612130401952855
1.4663438772352613,0.6556386790013078
1.0,4.125182163700378
