alpha,s
1.5767077304631363,0.0
1.51588531380276,0.0896041575966532
1.6061483782423671,0.2165896917794283
1.1956446115685297,0.3960362023647835
1.5221044649855193,0.8597626014206173
1.0,2.7336573472942804
