alpha,s
2.5290263992467508,0.0
2.748485761093397,0.0839736583053987
1.9220685030038387,0.1790845836501493
1.3388495869652803,0.3634813045229973
1.075745247658808,0.8130508899306618
1.0,3.619744407871695
