alpha,s
1.4007034118821695,0.0
1.0558322073115538,0.05172241832983462
1.166996550251791,0.1615367431397848
0.892345239985085,0.3296883687773342
1.1549903812059803,0.7686473386770831
1.0,4.995214844254066
