alpha,s
0.9340389248800799,0.0
1.2420254691782877,0.11728631084546727
1.0482662810507677,0.23963752369327532
1.2481592310501206,0.4627606344404516
1.1273063610728842,0.8438265730980992
1.0,3.5106688943679507
