alpha,s
1.0697617168254054,0.0
1.179965865893248,0.046496950497788604
1.3400266462361068,0.14618405640222304
0.7902406674739804,0.29209162031440145
0.7870115787210784,0.7996224778688967
1.0,2.906625396304207
