alpha,s
0.24835653834825885,0.0
0.3502212239429804,0.12487395232768957
0.5917853469520736,0.3204080719405544
0.6883840366895961,0.5504933669156575
1.2087472163770427,1.0081773099550932
1.0,3.2272984015104247
