alpha,s
0.5523850841889489,0.0
0.5081355134309701,0.10470807664165174
0.8251793100362208,0.29181691725844544
0.9091634924399189,0.4892336054732319
1.097459209514543,0.9082966046314598
1.0,3.0697876298431783
