alpha,s
0.6490814388037537,0.0
0.6273740207484987,0.09315383810415535
0.7368229361782255,0.24250672805865997
0.9107407607308259,0.47007906675180355
0.9598371784604045,0.8769991363651186
1.0,4.381500630545231
