alpha,s
0.9395429671346844,0.0
1.0280969235801827,0.20316540064374475
0.9652208706677846,0.43885867272944545
1.0214736138190115,0.7963738481875589
1.1155629093258763,1.3628663898154292
1.0,5.243926486360532
