alpha,s
1.558957083113562,0.0
0.777303046146759,0.0057626767175907
0.959756938833932,0.0556959570288586
0.8855053986147183,0.15337544036150513
0.6732725128319818,0.420918768250868
1.0,3.717322290891783
