alpha,s
1.292852434036564,0.0
1.0985318406397857,0.058226238061144985
1.3676611476149716,0.17540792655598184
0.6991980316895309,0.3183411298734336
0.7485763349462936,0.9251203473347939
1.0,3.794074768912708
