alpha,s
1.1336829643541086,0.0
1.202230404378727,0.11576695618871224
1.2523850056471826,0.2644928800275774
1.5070765813560105,0.4794156554451258
1.3802477746109587,0.8000454075555122
1.0,4.428391863272168
