alpha,s
5.154753498050606,0.0
1.973594472633515,0.03586559595760924
2.1824885582725075,0.15481175215276133
1.9242893098127176,0.3134530631281794
2.020618707553477,0.6287098838466717
1.0,3.0253747241858227
