alpha,s
4.475480648129377,0.0
1.7782726634263826,0.0319258551816611
1.358026204210432,0.1374827053202524
0.916408778091827,0.3497851429809182
1.2445197350927686,0.9423139751362486
1.0,2.7900943385342085
