alpha,s
4.6606684379433885,0.0
1.8977127516450867,0.029370845325227
1.9728138563015065,0.12849181946852517
1.350619339990187,0.26574113869554356
1.1524245417735555,0.6519053853662927
1.0,2.3095758583311574
