alpha,s
22.720732432825038,0.0
3.9212232273595204,0.005914849818811492
1.8847398336889638,0.05302540177245314
1.629133841829115,0.19892987199250542
1.4142763563969865,0.5146753503176018
1.0,5.3925079266737805
