alpha,s
0.2036628088578226,0.0
0.317592653539546,0.12281778476429801
0.4728369370619038,0.29919676283114427
0.7842629571181446,0.5474966013577607
1.2078449895876922,0.910930736035318
1.0,3.346407538340067
