alpha,s
4.804157282591704,0.0
1.7623272557262744,0.001798418859848641
1.1810010026978734,0.025237431932985773
0.8626580328732643,0.11758259687586987
0.9857779193820749,0.4753416137260291
1.0,3.609203699047548
