alpha,s
0.9564486955280326,0.0
1.0639903232944268,0.0854763779370645
0.9759202191578,0.2159353391313683
1.113894207872101,0.44997780579990854
0.894671901310302,0.8511285430560274
1.0,4.0045283080268375
