alpha,s
0.9268954079868206,0.0
1.100902598284128,0.08352111149627066
1.326856972152525,0.19181402264060962
1.1889797904953023,0.35207080227423193
1.053732726846486,0.7149013401603391
1.0,4.109954291999083
