alpha,s
2.2188389358836367,0.0
1.502822661979108,0.034685116329488105
1.1383771904643927,0.12898677386556656
0.9689738630439257,0.3322550726294188
0.8437163898713366,0.7576118043220411
1.0,2.9250993778087824
