alpha,s
1.1877972682574816,0.0
1.071482799726653,0.10755576996953749
1.0748560950014183,0.2697750244825197
0.9515604008202118,0.5160787962542671
1.1554638785377735,1.0415135798898938
1.0,3.502225260156489
