alpha,s
0.014095629352264522,0.0
0.02168317753515144,2.16712328767123
0.09422429131126597,3.74246575342466
0.10826127325352776,4.600000000000001
0.7033491953409979,6.73972602739726
1.0,8.17808219178082
