alpha,s
1.1313695101057706,0.0
0.9534645314936211,0.1668281699261407
0.8461717876172645,0.4157877498920773
1.2371991291621898,0.8224727386927767
1.0960550934964648,1.3008973281169436
1.0,5.010239604065465
