alpha,s
1.1014481336605466,0.0
0.9401797920630511,0.0755146985981189
0.9720534764580051,0.2075038716842548
0.972031948366609,0.4131959293318462
0.9153798682929546,0.831563237668932
1.0,4.803662628083881
