alpha,s
6.521998392576057,0.0
1.6662734793502951,0.006792528740637161
1.2882850888475763,0.06261959853061227
1.1845044028012692,0.21000142329669674
1.1269129408344811,0.5561112361121497
1.0,3.613740999855484
