alpha,s
37.15287663431673,0.0
5.807814741832692,0.005914849818811492
2.5529353220678934,0.05302540177245314
2.001223842775042,0.19892987199250542
1.5671532725398343,0.5146753503176018
1.0,5.3925079266737805
