alpha,s
7.81148864842623,0.0
3.2886965285501875,0.007393524536195161
1.4209965125956647,0.037172801729814305
1.2434358603483577,0.17118501363467536
1.1515069118569397,0.4781438256336467
1.0,3.596146455244924
