alpha,s
3.6989188449716726,0.0
2.119896831113487,0.05736759478012039
2.3006915084092507,0.1800539137157365
2.0097953535685606,0.33968161046367595
1.3086648964097078,0.6601807665236779
1.0,3.187821784353505
