alpha,s
1.1772061129965934,0.0
1.103125768508696,0.0721626108091357
1.1019347498148633,0.1877692683315631
1.1304642532772187,0.3801731905864794
1.0546586726293181,0.745117574623608
1.0,4.017491762996672
