alpha,s
0.6816992350864345,0.0
0.8026291930523514,0.1034304757592113
1.0917423198915308,0.2510596447310517
0.8765757194697255,0.43975441341712757
0.8756050671952317,0.8817803618449327
1.0,3.188828576715716
