alpha,s
1.343438538276746,0.0
1.1332354650189578,0.09533651742151561
1.1089994606072535,0.24958965267349015
1.3489979968046604,0.48336368336655
1.0068785533082307,0.8340263638096698
1.0,3.748190172557414
