alpha,s
0.9983078608566939,0.0
0.8778082283684983,0.0760228775212345
0.9234698474854228,0.2068493677786944
0.9932353181271981,0.40580320462120684
0.9634059794514234,0.8079038821629083
1.0,4.242684328474614
