alpha,s
1.1190042731309318,0.0
1.1989528339684146,0.0886987995543796
1.1752016701857884,0.2148946506691964
1.2128707531140528,0.4260432515033385
1.0669034566112954,0.821924660855915
1.0,3.212278969455331
