alpha,s
0.9765261144480595,0.0
0.928789700435771,0.2014163539880643
1.3568845058514334,0.4673674988329005
1.1817352185067664,0.7204009953862315
0.9122942061610639,1.1834995007904203
1.0,4.602898381967826
