alpha,s
2.008214890728272,0.0
1.127623796949295,0.042974159803722656
0.9336533883997996,0.16695670725667325
1.2338955066999115,0.4146833039937873
1.1518969760132007,0.7845386621999403
1.0,3.87477732305148
