alpha,s
1.3443988207729585,0.0
1.0838755985028379,0.00769076109432524
0.8413834200883739,0.053543167039659854
1.104515020214259,0.19819647905665547
0.8754977197571384,0.48058882816337434
1.0,3.988078133551663
