alpha,s
4.11675557597049,0.0
1.9532750526350815,0.04465097313951786
1.9522590595940912,0.16383682039806
1.4887820095165347,0.32804591277441414
1.1931565688887968,0.7111880622690125
1.0,4.835546020635269
