alpha,s
35.908344557323964,0.0
5.303994177427539,0.003947501773509021
2.6076398899698527,0.040165122957839215
2.059776878609064,0.14908882825110883
1.1495695926916476,0.40086514257771927
1.0,3.662900955199559
