alpha,s
1.1135307676806638,0.0
1.2778444959662891,0.1169059277906145
1.1230243204495742,0.2509941848036374
1.1656115767423272,0.48058355562616967
1.0709688233074492,0.882211884542041
1.0,4.896637610929726
