alpha,s
1.7264991159384666,0.0
0.9699917542532331,0.0394960206350945
1.1085383590840696,0.1681384230779013
1.0341742192183383,0.35965585977911174
0.9905785044887288,0.7754347765231699
1.0,4.565177844576463
