alpha,s
2.332353787521208,0.0
0.5919009295310519,0.0035642454240025017
0.7188259862797921,0.07560645546832652
0.8323945676687928,0.21742740411320882
1.0983054217059895,0.5385974629838501
1.0,3.028635028902705
