alpha,s
1.0588292319498822,0.0
1.107567425445728,0.12196758769802453
1.0098778635857222,0.27926298171939545
1.4227970910312024,0.5479279544093544
1.1059585563529133,0.9045229104650122
1.0,4.687480062646304
