alpha,s
0.07978251295624675,0.0
0.10615522093044857,1.3041095890411
0.1614765792364717,2.48767123287671
0.2191251564938747,3.7424657534246615
0.3889976073241312,6.14794520547945
1.0,8.22739726027397
