alpha,s
0.02949601559586942,0.0
0.17225674712821268,1.985753424657534
0.08677701364662815,2.48767123287671
0.13813568485997665,4.2027397260274
0.8874331127510379,6.2169863013698645
1.0,9.4986301369863
