alpha,s
0.03245093903645386,0.0
0.10957541011508379,1.038356164383564
0.07713310025845875,1.9605479452054788
0.17304972140631622,4.2027397260274
0.630835880514616,6.020821917808222
1.0,9.4986301369863
