alpha,s
3.301368969917403,0.0
1.3575591274404935,0.0425448856751411
1.034118720731057,0.18184673984526065
0.8145523058857659,0.4481352763994459
1.1334309414938328,1.0448706707718367
1.0,4.405685667261735
