alpha,s
1.8365731433933319,0.0
1.39264161115422,0.0553292370952396
1.092875043735534,0.16926004718005913
0.9939930761665533,0.4102214612377882
1.6021010065619383,0.9267286216049685
1.0,2.621649448021886
