alpha,s
1.1345478434814344,0.0
1.1593682632083417,0.11487877486284935
1.1156159111484814,0.2654190277211028
0.9887180194859357,0.49839245776921864
1.0517233567562931,0.9665847854066277
1.0,4.686619389068559
