alpha,s
0.7822797883396326,0.0
0.9400093128244388,0.0853991213958178
0.9321280100744441,0.210920096547365
0.9130504421857022,0.43297173601177924
1.1210222258760438,0.8987261930783949
1.0,4.355411542800995
