alpha,s
2.608113363271436,0.0
1.4141898281263436,0.0062999661812555
1.2158862471249423,0.0492686244740844
1.1442761738820328,0.1637697026906911
0.9632385170292249,0.4635407287213544
1.0,3.2979294465383284
