alpha,s
1.6395862277938933,0.0
0.9756641718634211,0.0404629237599897
1.106251077084158,0.1610240761457831
0.8764758648812743,0.3474050218976738
0.9904103923210602,0.8328319690550073
1.0,5.271707325225385
