alpha,s
1.0703269551555086,0.0
1.0646684353538616,0.1102896570415637
1.0280997585031446,0.2627232613222821
1.089755115651827,0.5061271229883896
0.9040721194866037,0.9213716643447812
1.0,4.190145343609309
