alpha,s
0.8786501656335743,0.0
0.9352627940981058,0.11534571149180395
1.0502820011268599,0.26328007128399805
1.1803582096382743,0.47648884354789
1.133863742217763,0.8473283577566156
1.0,3.1446629402066177
