alpha,s
1.0646495907053644,0.0
0.811087388446369,0.04769983294504101
0.7135730710782511,0.16923073330989766
0.8367866287090602,0.41070279674026133
0.6665496496748874,0.8192399476867994
1.0,5.739946501641179
