alpha,s
1.0700429823519277,0.0
1.3509130576661588,0.1183842262817611
1.0203465793363953,0.24564465596236287
1.247182616321146,0.4939950601403598
1.1364510985527783,0.904852883675656
1.0,5.573011396035069
