alpha,s
0.8716483599143895,0.0
1.0355700574211004,0.1342945450655128
0.954132401824991,0.2935617544924552
1.3169989569249458,0.5406834187618842
0.8672319998063525,0.8767851940461565
1.0,3.532452750343045
