alpha,s
1.0082595999834785,0.0
0.970277287705734,0.1286407860240118
0.9804567996154285,0.30938556135591855
1.0569652123486142,0.5738684552892028
1.1458032229922268,1.0394906969710713
1.0,4.334890899276509
