alpha,s
0.0005765395220229449,0.0
0.0056277959641035154,1.7287671232876705
0.02221538866690251,3.20547945205479
0.49158423294630443,4.180273972602742
0.3040321973735301,4.453150684931504
1.0,7.04383561643836
