alpha,s
0.0672627785316635,0.0
1.9478955102980897,1.95342465753425
0.18228562542550086,2.03561643835616
0.30466575973650617,3.74246575342466
0.5536251305801919,5.15890410958904
1.0,8.22739726027397
