alpha,s
0.01195084673171957,0.0
0.02515951433831324,2.16712328767123
0.1072327302447137,3.74246575342466
0.09982442525861587,4.600000000000001
0.4935179421570985,6.73972602739726
1.0,8.17808219178082
