alpha,s
2.0441229008976456,0.0
1.470818673254556,0.0422365882220638
0.9755919373031811,0.1344134565598456
0.9131664101703076,0.3564322509687133
0.877089177756432,0.7899108627345458
1.0,3.809914378536181
