alpha,s
3.1207198958033575,0.0
1.4446550333757224,0.04541755842092113
1.3081452324534082,0.1751704364585305
1.0211454996767368,0.3891802241859758
1.120900330069837,0.8953918314711251
1.0,3.2056528042738126
