alpha,s
24.854499980182506,0.0
4.079115777363255,0.005770492850666182
2.3447684273248086,0.05194480713997949
1.6698753368896306,0.17447852538792405
1.2414438307401237,0.49501857558648343
1.0,4.521845360289911
