alpha,s
1.909073470360414,0.0
2.7947380427951045,0.07620189475295339
1.8100859085089611,0.14864483816255236
0.8893118225600956,0.3256127121891721
1.4426301022295767,0.9571174697370248
1.0,3.096335944111991
