alpha,s
0.9324789246186468,0.0
0.938868778559658,0.07436158031262953
1.0374622279792747,0.18775917708297898
0.888022486392518,0.36276410936036374
1.0384972571781983,0.823511114111491
1.0,3.634357784978098
