alpha,s
2.0453077354893803,0.0
1.2592168229065648,0.045087827563244434
1.3083550769929198,0.15523737687169642
0.9200658249259515,0.3322414803657287
1.0650101997493,0.8370645450507349
1.0,2.6968229305320945
