alpha,s
0.05303816652900543,0.0
0.333413105221114,1.8295890410958944
0.1033680179376,2.29315068493151
0.23231659228603768,4.155068493150689
0.404684738900555,6.26301369863014
1.0,9.4986301369863
