alpha,s
0.7404009872438053,0.0
1.1219668271504726,0.07448613334059011
1.4087576669524933,0.18282266518631254
1.023955635294462,0.3347670326842347
1.0030245375448874,0.7571863986389976
1.0,3.0988218235201885
