alpha,s
3.5436541805716724,0.0
2.0905404577819877,0.0405037321457607
1.628101748221435,0.1321796432633614
1.2401948691824125,0.30698746270879523
0.9826173611601963,0.703039214909718
1.0,3.48260418514528
