alpha,s
0.967838463969317,0.0
0.9673688277357678,0.13261699090142762
0.9821952393402287,0.31250277421135697
0.927900378383279,0.5719985947570309
1.433717699187103,1.0937693101874217
1.0,3.559111565995913
