alpha,s
1.0903090634838364,0.0
1.074287819457255,0.1719419480991787
1.0183077427294949,0.3959786265043429
0.9396303205144511,0.7261638856674151
0.9501981796413411,1.3213604170085402
1.0,5.0513372080832335
