alpha,s
0.6190742271132084,0.0
0.9463402556672971,0.11961798953749836
1.2138996587175546,0.25279950948643043
0.6935658544390794,0.4052761516145588
0.6881437407482602,1.0182213800521365
1.0,2.93229468004562
