alpha,s
0.9365558962755142,0.0
1.1193856230632266,0.136763885928442
1.114228807147884,0.29303067316260895
1.0908978474582514,0.5255156098320205
1.1106373992323844,0.9662563487522564
1.0,4.527521571478324
