alpha,s
2.387486782484525,0.0
1.672200382484632,0.044020487998413425
1.4287499061235076,0.140828309192449
1.9849984911686172,0.32392709762103267
1.3927128434635319,0.5855862828324836
1.0,2.70175970378786
