alpha,s
1.3339155137298622,0.0
1.4193023071407345,0.11568094907003745
1.5517205111861796,0.25383241699043546
1.138693909050022,0.448045249659875
1.0334764549997064,0.9328120546248603
1.0,4.473737361600163
