alpha,s
0.9558506209224382,0.0
0.9846789410030106,0.07535394584377668
0.7068525208714029,0.19809220526200158
0.9614390804110305,0.49565467632670007
0.9495833553863591,0.9305859323009485
1.0,4.847590946952891
