alpha,s
0.8834893790716642,0.0
1.053240549803542,0.22200225112393374
0.8948915411783552,0.4559630847536247
1.3268437219321862,0.853598933673934
1.5090730945562039,1.317495229517706
1.0,3.927790989330686
