alpha,s
1.1620770051344598,0.0
1.137727004566777,0.10325883400726892
1.2409168223084261,0.24965974911111777
1.5018943147338193,0.45849760547880253
1.4047923409970386,0.7841298321307995
1.0,3.9221825887426234
