alpha,s
36.18638388627444,0.0
4.348176945541573,0.00401979256147952
2.361352114815612,0.04783034934712114
1.7674743874433632,0.16949873943596275
1.283884121908323,0.47403447085650313
1.0,3.4046761235624965
