alpha,s
0.9298895951463483,0.0
1.2717736230886978,0.0610555931417194
1.10025403147771,0.1608731476418068
1.0865434203949154,0.3566217807563075
1.3135200705795884,0.7705483437468423
1.0,2.893722340679532
