alpha,s
0.008030897021599247,0.0
0.04992060152932572,1.96712328767123
0.053305419788941766,3.10684931506849
0.20593156622900885,5.58904109589041
0.5312116692109708,7.04383561643836
1.0,9.4986301369863
