alpha,s
10.243638255854803,0.0
2.0486216593552036,0.0043471817517566815
1.4557437562274416,0.04976687368531961
1.4848259089668145,0.16961974074157565
1.225376072683798,0.4300971680282253
1.0,3.6094754351623033
