alpha,s
0.24368505307429503,0.0
0.3945119469962892,0.13875045033598815
0.47183512757405066,0.3241319862972222
0.44908265171977274,0.6277994569952531
0.4863360022561443,1.27417465963263
1.0,3.607042334323475
