alpha,s
0.7102376182640465,0.0
0.6933991136088478,0.10844110311395753
0.8601967307025065,0.2698448704076621
0.9310203006321756,0.489534141176496
0.9068258351328933,0.9171981367360025
1.0,4.125250631454199
