alpha,s
0.5667345972227272,0.0
0.620285689978986,0.07284685686319034
1.1939991581727933,0.25207615755306145
1.017459963862634,0.40640621666025706
1.4114388506117497,0.8109442617269608
1.0,2.4535614133593517
