alpha,s
0.895197920118667,0.0
1.098528510649253,0.11978395921556768
0.8956064029459608,0.26243834772206526
0.9919352268633019,0.5397321150121004
1.0506258766457697,1.0259549708890576
1.0,4.049512499269195
