alpha,s
1.0573408015939916,0.0
1.1581598079540285,0.11409476594667876
1.0964747740177323,0.25498541553657417
1.2787438851801287,0.4818828342179021
1.110460507521443,0.8499391884894368
1.0,4.139828374042139
