alpha,s
0.1292280652377102,0.0
0.13040026966775622,1.316164383561648
0.26476968058153166,2.9304109589041105
0.36079702824782417,4.208219178082195
2.6889122574764115,6.13150684931507
1.0,7.07397260273973
