alpha,s
0.4611071315158522,0.0
1.2156459416007408,0.1196441223826112
1.007518556411133,0.2102832930642727
0.5338839978103267,0.389226042373688
0.6993922960258279,1.0900664027769251
1.0,3.449778743477657
