alpha,s
1.3255597209388166,0.0
0.9233952541009419,0.00529247769440584
0.6545882128614319,0.03594041171579238
0.7451374253243788,0.15307845033630524
0.7278884837312884,0.47217923590535266
1.0,3.46178460497428
