alpha,s
0.39954575626598515,0.0
0.8853021937315215,0.11845321148162742
1.0922802633304431,0.24296469169674964
0.8403239406507501,0.416675652464146
1.1973867698445388,0.9209800205293323
1.0,3.470557105971805
