alpha,s
1.3287686794238247,0.0
1.2667409175686988,0.00836734138049702
1.0956329037485424,0.05138823393240775
0.8230006422294642,0.16870954743929217
0.9130909891724469,0.5513814603208447
1.0,4.270544588425384
