alpha,s
1.1503210910610135,0.0
1.0616503310547643,0.13603910478162914
1.126850236797734,0.326197723762227
1.4196857514640846,0.6021996110809664
1.0261905158999327,0.9561712053620954
1.0,3.566250967355081
