alpha,s
1.0763829215876537,0.0
1.0923525837741093,0.11108465711879319
1.0427102946407554,0.2600652874090955
1.0556840971554855,0.5021449883889543
0.9424343193824262,0.937860375626678
1.0,5.767960277464675
