alpha,s
3.634947747132616,0.0
2.3703008118396998,0.047844544810927724
1.3931924447637325,0.14106499225056693
0.918162263940067,0.36430985063256405
1.0439615657235992,0.9608000473518108
1.0,3.9738524273670057
