alpha,s
1.1289313770218705,0.0
1.0322928287610018,0.047221327670430656
1.100941064000875,0.13648855938550772
1.0480180775136358,0.28615313125313524
0.8599862463233442,0.6394560137524908
1.0,4.747733402867074
