alpha,s
0.965707053254449,0.0
0.8487310496532176,0.08150624943743778
0.63607499078642,0.23569613794271294
0.7003032125339116,0.5616265189368289
1.0428901114162104,1.191913633000585
1.0,4.864110879272679
