alpha,s
1.9644114681686655,0.0
1.4481896436863644,0.0389156111820892
1.3751892941445434,0.128810324606351
1.3238793439456351,0.289314247389304
0.9935164096160015,0.6105846875576555
1.0,3.1040444604203743
