alpha,s
1.3256726154133909,0.0
1.0520759033095004,0.04609360383207568
1.248861389620686,0.14129103926703543
1.0267127268257248,0.284193888823093
1.0113593585616285,0.6591680494771278
1.0,4.455661415255138
