alpha,s
1.1974968978482992,0.0
1.4990204257312052,0.12805080841965827
1.3501216264424263,0.26536733791037814
0.9415563610390558,0.5025149914960793
1.0540900633253212,1.1159348824911313
1.0,4.035912012674547
