alpha,s
0.3482528939788982,0.0
0.543703631833581,0.10786689297044182
0.687765752315071,0.2566591595958861
0.9058195706016582,0.5113839125764232
1.175714615315469,0.9371804030517236
1.0,3.908334319217357
