alpha,s
0.0006402694913350166,0.0
0.0031772166874740673,1.33424657534247
0.04792996437457131,2.2131506849315064
0.05395183311252315,2.89205479452055
0.21199359936307996,5.12602739726027
1.0,9.4986301369863
