alpha,s
1.5563740322095974,0.0
1.876565824020403,0.1299344920218813
1.570940710124599,0.2681179240874358
1.6328193253344205,0.5024234963780718
1.4251993177982158,0.8860256592410599
1.0,4.26312684293529
