alpha,s
2.1001407649119797,0.0
1.5210880309998795,0.0380591679919664
1.7911961704512243,0.1270035859688449
1.056016271251792,0.25169142781662984
1.2822836381038731,0.7006103143169071
1.0,3.745040329309489
