alpha,s
3.9668958316585816,0.0
1.6302359265628594,0.0034933473717234
1.2984838004422896,0.0366475986228232
0.9159081650916472,0.1392222921998378
1.2005871103872698,0.4888076522312496
1.0,2.647176298573863
