alpha,s
1.0189777961968747,0.0
0.9861345569837038,0.12565254871749557
1.101406325159557,0.30254747563552287
0.952957561402167,0.5354386949401688
1.0581766265717027,1.0378660215097255
1.0,3.9857507632468407
