alpha,s
1.2909314189110137,0.0
1.1817420235343306,0.046886515137375344
1.1411318898118161,0.13150025915403044
0.9944498619119341,0.2859737098944562
1.0917507723989912,0.6764252681655072
1.0,3.686518162480153
