alpha,s
32.474518441905744,0.0
4.825602308934335,0.006792528740637161
2.6098901192147497,0.06261959853061227
1.7981287821921013,0.21000142329669674
1.3116236480998802,0.5561112361121497
1.0,3.613740999855484
