alpha,s
1.1972716219687765,0.0
1.1261360581070838,0.06483804826728308
1.085452882925305,0.1667407962687757
1.2312096773707606,0.35830842401254254
1.547706862173426,0.6876382864137112
1.0,2.824002948795196
