alpha,s
1.1639156416729288,0.0
1.2987405492965616,0.04871366221450792
1.1173069584496298,0.12184492961366983
0.9579476375823606,0.27362196544703854
0.972970413950969,0.6569963032869548
1.0,4.551336899997743
