alpha,s
0.8734703762695987,0.0
1.2268839703974177,0.20702499225514498
0.9878062317286453,0.3998505111219119
1.1787219701580582,0.7282028105891181
0.8679664701598578,1.1834020287531213
1.0,3.9905860947934166
