alpha,s
3.5360581418157873,0.0
2.494647607453675,0.0378817408069878
1.346959177428062,0.11359635305399232
1.2065673183143606,0.32398955912184935
1.194922985271754,0.7470161125878914
1.0,3.792975622128803
