alpha,s
0.012764886216674933,0.0
0.03039990345690162,1.316164383561648
0.10114300734282386,2.9304109589041105
0.2123660306150068,4.208219178082195
2.157554333332719,6.13150684931507
1.0,7.07397260273973
