alpha,s
20.15792603845783,0.0
3.6446644037121754,0.003936045840516662
1.44162113369976,0.03808443407435503
1.3022841531117244,0.18125948161341238
1.0578162136309894,0.5075340154823993
1.0,3.284993381939961
