alpha,s
2.643674766795273,0.0
1.6381502647193589,0.0463208414685272
1.5880232010661364,0.1496382119498792
1.1650794189697031,0.31979011333715157
0.9833470257372718,0.7448916623021299
1.0,3.660346123889966
