alpha,s
4.547021720784249,0.0
2.9334759386911573,0.0378817408069878
1.5066304597120364,0.11359635305399232
1.3054879232020495,0.32398955912184935
1.250497713076112,0.7470161125878914
1.0,3.792975622128803
