alpha,s
0.623992372080306,0.0
0.9579686628216352,0.1071904181120653
0.9185817309239739,0.2345726085696123
0.8225843605537586,0.45609174193317203
1.0785976468947704,0.9476665062870784
1.0,3.0396381647622355
