alpha,s
0.9069285797377544,0.0
0.9511993935800999,0.10469900263263025
0.5705236010872942,0.24665460107126166
1.0410363649544725,0.6147165062902581
0.6172165398673792,1.0022090448110534
1.0,5.031712689019087
