alpha,s
0.28846893713263283,0.0
0.5072944791689085,0.11289629044194502
0.5634319776908363,0.27051571869487134
0.8323226572718181,0.5415067170498665
1.0399488209916485,0.9940579462983028
1.0,4.459507929100689
