alpha,s
0.7175309659558786,0.0
0.8238820875567677,0.11285687073975681
0.9504951886580758,0.2623638400710011
1.00921206765687,0.4857632905816496
1.3538240616096155,0.884687738757814
1.0,3.94341039030752
