alpha,s
1.0304023204109454,0.0
1.292114153557046,0.09130988019519
1.0243150121009752,0.20446771105955158
0.9957070800650929,0.4359502771217211
0.9516065625326823,0.8867997356996687
1.0,4.6299000647537065
