alpha,s
0.01166930830847004,0.0
0.7580790158235969,1.95342465753425
0.10664229866505963,2.03561643835616
0.23803448098617855,3.74246575342466
0.46955817062185584,5.15890410958904
1.0,8.22739726027397
