alpha,s
1.2629382472115314,0.0
1.072805401570256,0.0995203215390442
1.2045145485370694,0.25186018306298885
0.8964714331577069,0.46208512080382835
1.233087946045786,0.9838947661014701
1.0,3.368303335600628
