alpha,s
35.59888424191518,0.0
6.550932990627825,0.006412784204920043
3.7081519376928154,0.04838702172514292
1.5651649921463024,0.15141040387644356
1.6404498384533812,0.5491650843270497
1.0,3.255191905262501
