alpha,s
1.126566242163603,0.0
1.160602376853425,0.1743647283501554
0.7943821863742468,0.3849612560998527
1.2195396880630982,0.8523513341767728
1.6180051857152986,1.34683274874461
1.0,3.992137274512732
