alpha,s
2.1815060016061105,0.0
1.5138801506045636,0.058226238061144985
1.7594949618667761,0.17540792655598184
0.8392311711053432,0.3183411298734336
0.8827315300962297,0.9251203473347939
1.0,3.794074768912708
