alpha,s
0.1599010390239432,0.0
0.23562846253541445,0.10799172833164077
0.35671153857396976,0.2803416520828712
0.5414305581160832,0.5512693592871737
0.6700115281831188,0.996568764003993
1.0,4.316714595483662
