alpha,s
1.1615483384458034,0.0
1.3712238723149566,0.1139473212179777
1.2143254233047753,0.24234189972332199
1.2051682686853833,0.46262558749830307
1.1118784076803334,0.8589707355518467
1.0,4.147117736562271
