alpha,s
24.549028242626626,0.0
4.392535186917235,0.005581424562466482
2.398600740506141,0.047318427566286944
1.8237949844841383,0.16328716508459246
1.3593387002232664,0.4518919056491037
1.0,3.915907018967277
