alpha,s
0.10594388110270626,0.0
0.15878519896920326,1.33424657534247
0.41917107467608133,2.2131506849315064
0.21150693337799176,2.89205479452055
0.41481198394992935,5.12602739726027
1.0,9.4986301369863
