alpha,s
0.3776207926241017,0.0
0.7048367828792546,0.10141205670719336
0.7973322574472491,0.22661398149256232
1.133072942145873,0.4629483051706648
1.3740345206109028,0.8378375949088498
1.0,4.438945085951526
