alpha,s
1.0111711042065856,0.0
1.1516571834171783,0.11802115096578672
1.262390074249934,0.2649450575282574
1.2612804175852832,0.4681282899669645
1.0990771415353264,0.8652849169536837
1.0,4.15602959724505
