alpha,s
0.027059225869156735,0.0
0.04117540948726038,1.3041095890411
0.05910730129424274,2.36438356164384
0.18326944791794766,4.17260273972603
0.5288683101818339,5.94520547945205
1.0,8.17808219178082
