alpha,s
2.549816138009131,0.0
1.5512961200429451,0.05349368146966313
1.3652602970048613,0.17391373578159042
1.3775331031520544,0.3869717091890458
1.010619119429555,0.757557796569452
1.0,3.22773418147904
