alpha,s
0.8440209215126762,0.0
0.8621633315898337,0.10209840068115227
1.0970369192156362,0.251013415388944
0.9897229844714813,0.4405514013105714
0.9223002981072979,0.8358323584141698
1.0,4.822145655798697
