alpha,s
0.00705658057020593,0.0
0.10751330625599421,1.8295890410958944
0.05150621883326912,2.29315068493151
0.1569847838390718,4.155068493150689
0.311425676394668,6.26301369863014
1.0,9.4986301369863
