alpha,s
0.014996253255519003,0.0
0.03675835514784239,1.23561643835616
0.07805000805423652,2.4104109589041123
0.13964520830515428,4.23232876712329
0.4737556641484401,6.26301369863014
1.0,9.4986301369863
