alpha,s
0.9865087857559357,0.0
1.0349024301784975,0.1332650732435619
0.8834158538822897,0.3065172747508202
1.1013857162180993,0.6087742284353119
1.140212050753269,1.075847830799192
1.0,3.8002650508679614
