alpha,s
2.3423281499937803,0.0
1.1639175996224274,0.006857500933226243
1.0309144523084552,0.05418638497687888
0.847134624527207,0.17506329769394194
0.9606479736509712,0.5742995175284167
1.0,3.496464114610957
