alpha,s
0.8727761906964102,0.0
1.0024683576785138,0.1010034990186213
1.0150046922824585,0.22735975209169235
1.1483957395536881,0.4357491660749839
1.0364301359551904,0.7962403728547846
1.0,4.673764695805421
