alpha,s
1.0961142915052997,0.0
1.0867860647436571,0.11027434494536816
1.0827686939254857,0.2636368961342721
1.102164881763097,0.5009435715291942
1.0289003338587996,0.9389723694759564
1.0,4.648012992413274
