alpha,s
1.505549078679444,0.0
1.1391906444869258,0.039775760662727665
1.464483001769078,0.13319664955966
0.8250465596438595,0.27470226792105623
0.9485398975102454,0.7590852757275791
1.0,3.461809903397085
