alpha,s
1.0112495714918222,0.0
1.1418915440667678,0.1269953542246741
0.9218952669914275,0.2797917604722132
1.1136332499588384,0.5625706085876527
1.065565730507794,0.9836515276555226
1.0,5.401630551103413
