alpha,s
0.00043515926235418044,0.0
0.010874171383163257,2.29315068493151
0.053277603171469574,3.28767123287671
0.09307797311195543,4.19178082191781
1.5470198180771908,6.26301369863014
1.0,8.17808219178082
