alpha,s
1.0033095810310508,0.0
1.1986507999370526,0.05958902071433571
0.9923921045507473,0.16104621375275632
0.6995408087550616,0.36950399176641646
1.139396988590579,1.00056981587796
1.0,4.502574740572897
