alpha,s
0.0004280229747861728,0.0
0.010192618669085564,1.8295890410958944
0.006677630360143512,2.29315068493151
0.024463771996117763,4.155068493150689
0.0506054370737827,6.26301369863014
1.0,9.4986301369863
