alpha,s
1.6663964861924851,0.0
1.2365292466309223,0.04467668763462726
1.1794558241268074,0.14861680482872003
1.0243146019496283,0.34096169225599093
1.0102344658307292,0.7701353168590997
1.0,3.622990667583448
