alpha,s
0.3622144064909836,0.0
0.7430321530266638,0.10447135419130764
0.7500062946743186,0.21900437566671033
0.8741383206212915,0.4473167954724791
0.8125902839575988,0.902632070797877
1.0,4.838054692147105
