alpha,s
1.104449666513721,0.0
1.1092277720675177,0.07546917406481879
1.1429725559016668,0.18713398385779148
1.033760149308692,0.36635219555933846
1.0904967451203305,0.7890220215321374
1.0,3.9679305574279984
