alpha,s
7.070984269864705,0.0
1.7672520880380316,0.006049266521950981
1.640497478617602,0.05946426817316742
1.2963200238997206,0.16638564657026927
1.062803430033752,0.49255730034289735
1.0,3.3579817408413586
