alpha,s
0.9466279474942532,0.0
0.9383732920300374,0.0439781828091806
1.1076424014427815,0.1228594838334187
0.8514616582521546,0.25529412127970236
1.2763952849898137,0.6445235534998981
1.0,2.8300022704598446
