alpha,s
1.2046688514985942,0.0
1.1563020976081246,0.04854954209701707
1.0141070183738579,0.1342015022052417
1.0244191430036538,0.30638766386669525
0.8686657645679952,0.6750728766726101
1.0,4.434347939530156
