alpha,s
1.401464926090326,0.0
1.2744802504027617,0.09672422634708286
1.1759636053452216,0.23588722109547247
0.9067624985053038,0.46134587106507435
1.0293389575189942,0.9918330560637528
1.0,5.186757899751297
