alpha,s
1.408516168242682,0.0
1.157276348936295,0.0463208414685272
1.2921100540824646,0.1496382119498792
1.0342345403580204,0.31979011333715157
0.9113854057727889,0.7448916623021299
1.0,3.660346123889966
