alpha,s
1.5630926291082987,0.0
1.064626740202,0.1206810255573242
0.8478955043650632,0.340526509152347
0.812655737219562,0.7378522737384551
1.5086281924132323,1.470799849013212
1.0,4.16139583426403
