alpha,s
5.2707193017755465,0.0
1.532915959060138,0.0062752205231293
1.4831018885886071,0.061538347630632956
1.23885612180811,0.18289296448158948
1.0441081915031847,0.4851416056283925
1.0,3.593678828013927
