alpha,s
4.616121657615125,0.0
2.4340700427072353,0.04484706761651576
1.8713865978433373,0.152149809781808
1.276119676013793,0.3473735080353431
1.1834443417964382,0.815859080855315
1.0,4.729421699518467
