alpha,s
1.1647146553444585,0.0
0.7258553396361137,0.048615176577908675
0.7337277623029346,0.1953567442334218
1.138093593022985,0.4509134554170907
0.8675608075504896,0.7919562151840648
1.0,3.172409481255103
