alpha,s
2.2350934995958216,0.0
1.2453496300814477,0.03110859877394301
1.1854885477661528,0.134952522422645
0.9680790557827766,0.32694934674339093
0.7006942566485691,0.7657757748472439
1.0,4.201182783033947
