alpha,s
1.0577895169266056,0.0
1.121893643563278,0.1117641184135884
1.0315879384523197,0.2572500160945144
1.0738286614739294,0.49745060604044977
1.0127375820105524,0.9136081882707193
1.0,4.774986893691287
