alpha,s
7.122768704084283,0.0
1.6779855892469655,0.006312003980533944
1.6202521949290987,0.05867980715275908
1.2439036605407985,0.15886628484907447
1.2323866788576077,0.46247309299163886
1.0,2.86198137536469
