alpha,s
0.6715568052262727,0.0
0.9593548970470916,0.05915015522974974
1.0555404255157785,0.13733020633314105
0.8554391020018002,0.2802083785395576
1.0353694549615653,0.6940697209058236
1.0,3.685347778449673
