alpha,s
6.343717734432864,0.0
3.359630276159757,0.006921182937258202
1.7529240251074205,0.0364020145593174
1.4897947978416568,0.14986002613572566
1.6907028222897027,0.47420111733306297
1.0,3.347942241855292
