alpha,s
1.2874587322401359,0.0
1.1361983883756313,0.041650725408155724
1.0414094148748914,0.12335784326328339
1.1487523597129559,0.2925379805422488
1.123158163842411,0.6293711019224026
1.0,5.196407452564644
