alpha,s
39.310093377960335,0.0
5.120643380852142,0.0038613262580333
2.5275878248610155,0.0438445714588119
1.4798070088525597,0.1626875981998143
1.4757451162876138,0.5383862656651439
1.0,3.622526689441398
