alpha,s
0.6279933898723429,0.0
0.6408760242713499,0.11313772133783016
1.7771170005066208,0.324414143833895
1.3315621165378486,0.44546688626376607
1.463741339757475,0.7838537698604782
1.0,2.292073188006009
