alpha,s
0.8453086436737879,0.0
1.0613776777097783,0.07106707191511603
0.7692739973340652,0.17061838338542917
1.1224553046579815,0.42462359629667146
0.7342455520318971,0.7568132624969287
1.0,5.606010873602613
