alpha,s
0.0014580084760520212,0.0
0.02321474429314073,2.23013698630137
0.04801147110665436,3.04109589041096
0.32568515490230204,3.810410958904108
0.283286794939112,4.39452054794521
1.0,7.16986301369863
