alpha,s
0.005676318017201281,0.0
0.029080714921924825,2.012602739726026
0.1341505493784823,4.12328767123288
0.2557886309695551,5.15890410958904
0.4520308289781176,6.33424657534247
1.0,9.4986301369863
