alpha,s
0.5700291042295275,0.0
0.6519774070537618,0.10786689297044182
0.7127792021716418,0.2566591595958861
0.8650998441440858,0.5113839125764232
1.0459895721157073,0.9371804030517236
1.0,3.908334319217357
