alpha,s
0.41872019010789074,0.0
0.6510784656936263,0.12490323562344582
0.6882089561962923,0.260948192876008
0.7839841649851825,0.4973531979620984
0.9142949720508489,0.9305891639908127
1.0,3.633126448747181
