alpha,s
2.971678364068575,0.0
1.361284656824261,0.0025387487417689804
1.0098419476376002,0.030194539472802696
0.8677496522028858,0.1265666499968288
0.7976059389460175,0.4611824316507308
1.0,3.4946779883534225
