alpha,s
1.3342676266337747,0.0
1.3166431660713815,0.0474253313512065
1.1572378671203634,0.1263849343217661
1.0439635747763922,0.29115523875143173
1.0845399227391879,0.6777058723922965
1.0,3.715617904159114
