alpha,s
4.267953657040675,0.0
2.7806944046544086,0.050905493477097
1.7411737604461632,0.1448313092822347
1.736854202793518,0.34965783538103773
1.0948115470400825,0.6927571182328236
1.0,3.048281295983496
