alpha,s
0.18574615268924166,0.0
0.5060887745953611,0.1596808169157258
0.8835346409255986,0.31544977692480164
0.7414148590275375,0.49934771754323426
1.1748284198475942,0.9881368418599186
1.0,3.315793337046687
