alpha,s
0.38682204297790346,0.0
0.596350516665241,0.09656574581274832
0.7861706925120475,0.23139717302216142
1.0141800406537116,0.4431016803054118
1.1072028490177792,0.8269997768718025
1.0,3.5463475742664903
