alpha,s
13.484224587002204,0.0
2.210967787287972,0.004258430269413061
1.3399980735042623,0.05043480385764528
1.1751876267777088,0.1878621804484304
1.2149325294089472,0.5469609976996307
1.0,4.501707356007143
