alpha,s
1.1981701814339527,0.0
1.2711357785551078,0.1067283224254167
1.152716612228018,0.24214381919708106
0.8663833931325859,0.47090591523062053
1.4080836238696601,1.0409143850357832
1.0,3.489199838431466
