alpha,s
13.825825693178535,0.0
3.1535527737089373,0.00612872915591666
1.8834969128261105,0.04819910504720307
1.1614825020874522,0.1628166455493372
1.082553126589007,0.5400786174701911
1.0,4.115818308260454
