alpha,s
1.2069262837846135,0.0
1.1160975008953062,0.09673592999111695
1.1501266228129867,0.2426464314282967
1.104550369269051,0.4560992258652989
1.0427747316222677,0.8755479352197668
1.0,4.523047184524769
