alpha,s
5.579303555927169,0.0
2.252543095730962,0.0054080004377888005
1.6048629731468527,0.04116422269985088
1.0959371278487597,0.13888109952766164
1.1542096171071592,0.4872379621642185
1.0,5.342098667138594
