alpha,s
1.0458131215921005,0.0
0.7923976423659458,0.0695826633205573
0.8792214957955177,0.2168771268150795
1.237312307665033,0.4434413237396241
0.9728176710659657,0.7520203558889124
1.0,3.014877389659704
