alpha,s
0.4282107288439602,0.0
0.677987340686311,0.12995010320330513
0.6813621731801104,0.2726122495861728
0.850309109971645,0.5281962890571068
1.3334421364865046,0.9183257025649012
1.0,4.1582564942345295
