alpha,s
0.5039568019495491,0.0
0.7094300493038118,0.1139473212179777
0.7466683669945259,0.24234189972332199
0.8659437514224193,0.46262558749830307
0.9302290591746251,0.8589707355518467
1.0,4.147117736562271
