alpha,s
0.6696811182587794,0.0
0.5343175401292098,0.0857258543211127
0.7097243027349325,0.2966576652952397
0.9065676803299217,0.593725006446685
1.709768235525071,1.0362830346711565
1.0,2.749355477002427
