alpha,s
0.00032672275960644203,0.0
0.009710221752517668,1.8295890410958944
0.008929558830162743,2.29315068493151
0.054338792440989006,4.155068493150689
0.19650508577220752,6.26301369863014
1.0,9.4986301369863
