alpha,s
0.9424937383548524,0.0
1.1130069282341746,0.11855955385574772
1.0938487955416543,0.2540774018105849
1.0205962091892162,0.4582266796448146
0.7141846578612603,0.8582847414420535
1.0,4.971940781796585
