alpha,s
4.23046471887773,0.0
2.1239240253846314,0.049840849915252
1.3873688673079065,0.1678616757158803
1.6875070786646644,0.4282956269710981
1.774616829457991,0.803902976642814
1.0,3.308493763062955
