alpha,s
1.80558239055795,0.0
1.6831968530830463,0.11094930722766742
1.543005833133366,0.2644127450324497
1.28764597956774,0.503246345121794
1.2772398098793114,0.9940499174908546
1.0,3.907601464720064
