alpha,s
0.9454791173572886,0.0
1.4298809506584007,0.10135420669954291
0.9777733228594657,0.20593861086219373
0.9087108117600653,0.45489401177154853
0.9596694970492788,0.9472651357974435
1.0,3.082626224354263
