alpha,s
1.0545662061934429,0.0
1.0421845873986324,0.07399981008967754
1.25138707110788,0.18959936120639814
1.0703649594573066,0.35749720776217137
1.1999909525110273,0.7655550528996038
1.0,2.9842275680322388
