alpha,s
2.990498739620574,0.0
2.0890510987338753,0.051181875782125616
1.3043183784835497,0.14628011409844263
1.1189506468925778,0.36867321319562296
0.934815436840096,0.8370925327810993
1.0,4.219838000948748
