alpha,s
12.695361934298798,0.0
2.4124583953354777,0.0036907403769321214
1.3454198437729572,0.0399452712279014
1.1682644464115666,0.1693506737971961
0.986295268792031,0.49645619873165026
1.0,3.661145766158557
