alpha,s
0.6560259910499396,0.0
1.0497787105887386,0.09489962678284983
0.791578847510336,0.2082599490272409
0.9708517531305991,0.48647037860165676
0.8542568049342839,0.8914217333422392
1.0,2.602071887556174
