alpha,s
0.8904611306188176,0.0
0.8449296367273033,0.2153816187726364
1.043850155321353,0.4991379506078296
1.0129670375883058,0.8299900467484006
1.2585643608721058,1.3936865722921032
1.0,4.810609504742589
