alpha,s
8.212067945406861,0.0
1.7273746428453174,0.0046472743599439
1.429118850089274,0.0561150928599776
1.292824695350451,0.1759547366664026
1.210595550762873,0.4771476288449929
1.0,2.5640548567302326
