alpha,s
24.257043846049875,0.0
4.626027048124875,0.005087850941304226
2.2290013415721823,0.04334764248904361
1.3345211044548122,0.16317682963093846
1.3511450476927076,0.5502594660628984
1.0,4.614667434589394
