alpha,s
1.027951604338532,0.0
1.0121349274100588,0.1223967860286913
1.0456332335112721,0.2915384216199143
0.9977229386835328,0.5338110679449027
1.0411109460735635,1.0125865908866098
1.0,4.574943392881049
