alpha,s
2.4547706405567356,0.0
1.1492946943956452,0.00557445191013548
0.8315591097825159,0.05026668819858674
0.9195832908676244,0.2040300586448621
0.9402922339702613,0.5462535749994385
1.0,4.085185826933765
