alpha,s
51.42593557893181,0.0
6.110797625153985,0.0043471817517566815
3.1439859178855394,0.04976687368531961
2.4072459103634336,0.16961974074157565
1.4792575346885357,0.4300971680282253
1.0,3.6094754351623033
