alpha,s
1.0420924778870044,0.0
1.2574572244554583,0.0818410371377096
1.2716948882574521,0.18408563372253442
1.2218993828488927,0.35383832082024114
1.1993393324683355,0.7004703172460225
1.0,4.1655866665206025
