alpha,s
0.0002571350872535375,0.0
0.006795934682079229,2.23013698630137
0.10429642228586769,3.9473972602739726
0.14793311685167881,4.407671232876712
0.34588177295583944,6.33424657534247
1.0,9.4986301369863
