alpha,s
33.35745861312768,0.0
6.093277327981529,0.006688539672248503
3.42472695118595,0.050813406063970216
2.187292002414545,0.15960106237831892
1.3034600977798687,0.4470462179705585
1.0,3.3735247487592166
