alpha,s
1.039882779897473,0.0
1.1122030534061296,0.1253128776182685
1.0203061432282952,0.2828702842570044
0.9350962525340819,0.5341186208843052
0.9431955896048967,1.0431108666004634
1.0,4.804655486218194
