alpha,s
2.0847674901257216,0.0
1.6927929424031127,0.09810648121410104
1.470707269138577,0.2525029172315228
1.2675276380518055,0.504152348100641
1.3390223366413323,0.9886376833358602
1.0,4.414350925792336
