alpha,s
1.5761200689355317,0.0
1.2393824598258019,0.005734927632625481
1.1272591536551027,0.04269013801121883
0.8641283315457955,0.15247809472360177
1.2938590791180327,0.5432660373165832
1.0,2.8567230644251334
