alpha,s
0.45185877864911106,0.0
0.471982022372224,0.11061163429337466
0.5083378164387947,0.29698943193840144
0.927782583949999,0.6004307113455029
0.740357753087584,0.9622473340926635
1.0,4.02199331565018
