alpha,s
0.5355468895536466,0.0
0.6861898584721209,0.12165938202644902
0.927959379883416,0.27139396357099405
0.8003387948014195,0.4707677642466705
0.9984281655948727,0.9489562059429493
1.0,5.37999093128056
