alpha,s
0.9906580249327556,0.0
1.2215107081207655,0.0474798720148188
1.300564252214995,0.1379687840201509
1.0468619885015804,0.2865743348490262
0.9468338714960557,0.6692642279074402
1.0,3.397003333040188
