alpha,s
0.28804244472807167,0.0
0.5256696513306542,0.11164904189365582
0.7499176669614228,0.2710680715842037
1.076098830619185,0.4940156206930018
1.4087470568831373,0.8686763212795078
1.0,3.170724175779048
