alpha,s
0.34552015153502885,0.0
0.5377098069990377,0.1198867919054986
0.7370267785173692,0.2703611527129792
0.893386681029661,0.5026856879513915
1.027041609581545,0.9296096956052394
1.0,3.675679534208568
