alpha,s
1.1747643557239387,0.0
1.2382957304999194,0.11197273160634179
0.9981258465518487,0.2580306758320417
1.0044806030787696,0.5274017489263112
1.229567405728065,1.0036208874668209
1.0,3.989733228349805
