alpha,s
0.07225761012389945,0.0
0.11426095230766221,1.168219178082196
0.0936684168039972,2.190136986301368
0.21681824488026136,4.198356164383564
0.5065738211909688,6.128219178082195
1.0,8.22739726027397
