alpha,s
0.000277110333221928,0.0
0.0030581511740392494,2.318904109589044
0.006074272197778469,3.20547945205479
0.018044759591316097,4.19178082191781
0.023402941627473604,5.15890410958904
1.0,8.22739726027397
