alpha,s
6.436020078528847,0.0
2.2303601595746105,0.00199157289565552
1.4850671323328117,0.028864300190201406
1.0041193188637998,0.11743619506479074
1.130247396418317,0.45968287712786216
1.0,3.0719692853158413
