alpha,s
1.151606975037226,0.0
1.033779946211473,0.048968032073448284
1.0397402480478446,0.13973003214683313
0.9872406764956484,0.30329058606089154
0.922810841639393,0.6772772873599426
1.0,4.394581803986687
