alpha,s
0.3807348942486074,0.0
0.6710179693377785,0.1160122870287255
0.6797911667157507,0.27424733500279386
0.7402719822231142,0.5046184191664435
0.5719336710170602,0.9344506825073812
1.0,3.8449762942174073
