alpha,s
2.0435474494274075,0.0
0.9469598976563286,0.0050597522781172
0.7565241009763696,0.04411863644828924
0.6632072977117638,0.1705461753610327
0.6476435530782535,0.5269716264221974
1.0,5.425488516886483
