alpha,s
0.5369479124352761,0.0
0.6065879938791399,0.102848254953083
0.6446513945294432,0.245841066347362
0.9886740100098014,0.4937821395738648
1.0168025087544421,0.8594580389595472
1.0,4.739103083059691
