alpha,s
0.7022936578304526,0.0
0.7956012200896158,0.08514018386737138
0.7119355521991457,0.20605055849563889
0.92277297058963,0.4337018408457181
0.9543661177479765,0.8256135128541822
1.0,4.36523437328383
