alpha,s
0.030797239142107732,0.0
0.13816896214481394,2.242739726027398
0.12917091212145812,3.08219178082192
0.7773710352584112,4.184109589041098
0.1663003311890095,4.6
1.0,9.4986301369863
