alpha,s
1.721978249384024,0.0
1.272777183500991,0.0357189720790471
0.9878574491324691,0.1185557962522922
1.0924813943480647,0.3070752737841081
1.0294020317959949,0.6764314231151621
1.0,3.487205611322319
