alpha,s
0.8306174933356328,0.0
0.8657847342363646,0.06516895732583473
0.4741943096015331,0.16216051447040228
0.5364031223159088,0.4622057156704801
0.37582153191667106,0.9187747277551093
1.0,4.62964685721725
