alpha,s
1.9244070542975267,0.0
1.01250853715974,0.005338202183755081
0.7776405917846041,0.044273595076784064
0.7243258866172897,0.16740753440353143
0.8231529820430113,0.5314726123718388
1.0,4.095815944529238
