alpha,s
2.709642149073756,0.0
1.3331077719244944,0.00592048414394282
1.2443588372983285,0.04686959489242247
1.2210581071246405,0.15218498139544334
0.9914352504395142,0.42376310114255417
1.0,5.001886183330838
