alpha,s
0.10537892991925711,0.0
0.12816640210621646,1.3041095890411
0.13650988545571782,2.36438356164384
0.28148783768018293,4.17260273972603
0.5598536847476802,5.94520547945205
1.0,8.17808219178082
