alpha,s
1.1341410831014247,0.0
0.8249966019296544,0.05400048036891318
1.0829935185975477,0.18872930210863617
1.257018118837529,0.38260657495577755
1.4031505206478239,0.7275555554352816
1.0,3.3811629541331363
