alpha,s
0.4797574969650333,0.0
0.6192762337778652,0.11783945325294877
0.706558590684693,0.2648043523211883
0.8217666375368782,0.4915784615571455
0.8886773011004269,0.8882755187200772
1.0,5.103988933831208
