alpha,s
0.7260724486708222,0.0
0.735824393605802,0.08936030514481966
1.0602889895158631,0.22420701962781117
0.8938977517438534,0.3865221719101281
0.9341756308151619,0.7941141304615505
1.0,3.8921149476209225
