alpha,s
1.0896897377773687,0.0
1.0746922893924415,0.049315508657406706
1.0505795322721743,0.13687484315467613
0.9577067278357967,0.3001887545056666
0.9092389587110697,0.687685414011146
1.0,4.55818722326894
