alpha,s
0.38574927377226115,0.0
0.6242566985062408,0.11538572032153778
0.8636721076196524,0.26625346580048076
0.7264297145016917,0.5038191169639455
1.0752017110440242,1.0015188569192366
1.0,3.197648222068504
