alpha,s
0.9546405186963355,0.0
1.2252479175254751,0.0507619647161901
1.289529302793279,0.1280321366014803
0.9058472094575134,0.25132979723675936
1.2179393324679353,0.6932798759614659
1.0,2.747994331789063
