alpha,s
0.027836648458855764,0.0
0.09489044486360318,1.98630136986301
0.11780167010367383,3.01095890410959
0.2456085310962157,4.15287671232877
0.7074692040145455,5.781369863013698
1.0,8.17808219178082
