alpha,s
1.00229246478333,0.0
1.1251777821423006,0.1341785037330145
1.115056959506049,0.2952427371580237
1.1172329616804666,0.5396137500224243
1.098936979210484,0.995702944508065
1.0,4.99722541144976
