alpha,s
0.2529836082497161,0.0
0.47538142607750816,0.09656574581274832
0.6886406012198953,0.23139717302216142
0.9364881559509955,0.4431016803054118
1.068013521681624,0.8269997768718025
1.0,3.5463475742664903
