alpha,s
0.10247715001088654,0.0
0.10812751237808707,1.316164383561648
0.22949196775069441,2.9304109589041105
0.3237145351985712,4.208219178082195
2.545345546515812,6.13150684931507
1.0,7.07397260273973
