alpha,s
0.344374855189336,0.0
0.47758959852435867,0.10617792220042552
0.6637904491053841,0.2600607532939751
0.8627958612153575,0.48062571983225155
1.0764860591740868,0.8933198308404704
1.0,3.9183596899589626
