alpha,s
0.9775807936889502,0.0
1.0832392660536188,0.07352828730543413
0.8689650821688566,0.17210834508110598
0.9672641507541845,0.37924816110421017
0.8178991646511568,0.7648396151193686
1.0,3.823105803533679
