alpha,s
1.0456584219639653,0.0
0.9905494627725172,0.07210346908490413
0.94034422608029,0.1844211874641869
1.0219050022869864,0.3903749568537906
1.130434348657219,0.7807082378942365
1.0,4.779214932426344
