alpha,s
3.5067023492757965,0.0
1.6382850875983992,0.04162203066446644
1.569038670573452,0.16045345050043094
1.2564730763104346,0.3448208635925985
0.9130827472752631,0.731555421975108
1.0,4.240532818282173
