alpha,s
0.013644152006730808,0.0
0.0345591477663455,1.3041095890411
0.13705386199403755,3.04109589041096
0.2715606594173256,4.123287671232881
0.4447463664585,5.85479452054795
1.0,9.4986301369863
