alpha,s
2.0044205832579,0.0
1.0434451752691405,0.0276841184942938
1.215115085870284,0.13074670668812247
0.48445870687829656,0.2688553514180636
0.4467372498995989,0.9050266528506133
1.0,3.978896567911601
