alpha,s
0.654429159799343,0.0
0.4534406097307515,0.08560385828225199
1.1077080982046932,0.3700831583354234
1.250095026851582,0.5655866791192202
0.9725961226646858,0.9104329955971772
1.0,2.9646287065852484
