alpha,s
0.4331653514354047,0.0
0.6125883069190953,0.0991790669760753
0.8546840845455366,0.2594748516558808
0.8495958905108707,0.4809370920895328
1.0129793392526596,0.9704406068632416
1.0,3.1760905698328625
