alpha,s
8.710233845216306,0.0
3.2482413509629384,0.0046020414899228
1.8102582886998333,0.0326040159648756
1.3802232190806683,0.13577109665350975
1.2877454208594736,0.4317200660653812
1.0,3.801836710239291
