alpha,s
0.8601272976925282,0.0
1.0387408395960565,0.1378160821794541
0.922673532544926,0.2912090040320791
0.8150308652802247,0.5490906040859034
0.9828860446137876,1.11076653833947
1.0,4.227174517038198
