alpha,s
0.7068154947699504,0.0
0.7232666357808801,0.0681442652196414
0.42883050348641616,0.227381134544782
0.6877623065458084,0.6764863534221364
1.0192464190749533,1.2578395223988792
1.0,2.9189157416349145
