alpha,s
0.6169803637533635,0.0
0.7947943950601802,0.08052553445629979
0.9654624104876982,0.2144209716125818
1.405457881928843,0.44170492546639806
1.0494751068443275,0.7502507022614503
1.0,3.636834230262495
