alpha,s
1.1995320120849147,0.0
1.5770923851926733,0.10303627525333273
1.2100260430980554,0.2112762360707264
1.0365276037019957,0.42559771699396515
1.3520860110295456,0.923054659826675
1.0,3.8373066742082216
