alpha,s
0.045171250936706084,0.0
0.02569451124819631,1.3041095890411
0.11955077640667208,3.793424657534246
0.108815600248678,4.810410958904111
0.3163586499204922,6.806575342465755
1.0,9.4986301369863
