alpha,s
0.9751286161820134,0.0
1.0174269072107813,0.1109636461760583
1.1058592896266162,0.260368082340131
0.9443501770313361,0.46942912968315215
0.9964532599699517,0.9305832877500956
1.0,3.5826815921772344
