alpha,s
1.2206703869069295,0.0
1.174163053973835,0.10065809109229623
1.2249440552267854,0.24809998862369834
1.0715006334561337,0.4552934701548227
1.3897225296221654,0.9371414292905602
1.0,3.425128621892729
