alpha,s
0.5709914404979087,0.0
0.6522335431646942,0.1232717421989685
1.0460475271609413,0.3253144131291475
1.1400492864537817,0.5261279837473692
0.9906850322732803,0.8772675670457817
1.0,3.251113625333873
