alpha,s
1.1281405921414824,0.0
1.080971475231347,0.050905493477097
0.8309792159156616,0.1448313092822347
1.0107432539960644,0.34965783538103773
0.6782831357672136,0.6927571182328236
1.0,3.048281295983496
