alpha,s
0.024897302454801904,0.0
0.28908813029881086,2.23013698630137
0.07327819994421267,2.48767123287671
0.2655497791805073,4.35068493150685
0.6613366791328787,5.85479452054795
1.0,8.22739726027397
