alpha,s
0.7681158543211389,0.0
0.7785430366820132,0.06113220959672631
0.6757318454315149,0.17192414185524874
0.7660327408459011,0.4131550631343273
0.9680575128479394,0.8730811043160975
1.0,3.291489217377832
