alpha,s
1.1012205148814442,0.0
1.1095787767828855,0.05518238504364241
0.9625527477104119,0.15999243600911991
1.0328251336937762,0.3794195540568929
1.4981099415764998,0.8019879295425705
1.0,2.015885083087094
