alpha,s
31.349177495928924,0.0
5.727772848759162,0.004705321666195063
2.8034268544658545,0.039554701407173806
1.895843007025395,0.14461828378214758
1.4968397224052012,0.42469698549567714
1.0,3.360715362884355
