alpha,s
0.9120337326733272,0.0
1.3047626637396001,0.05875293572512386
1.1087763471328052,0.14280520549903997
1.0514836714923614,0.340224503917346
0.8967688937226346,0.7427124452417969
1.0,2.6869660272016644
