alpha,s
1.5522631540802394,0.0
1.8231918064570667,0.1284787922507682
1.2936546045315027,0.2706624418411544
1.3066530299280248,0.5497298843585561
1.2353706187727385,1.0354325896537044
1.0,3.8609474460247233
