alpha,s
1.2312577064006551,0.0
0.9494742057441321,0.08237996997704979
1.1397986133508027,0.23710681348162654
0.8935735189147217,0.44318144081664734
0.9470228143854266,0.938549643224396
1.0,4.472987539225017
