alpha,s
1.057568792973448,0.0
1.2859943040784994,0.07555210604246533
0.8052717076408312,0.1816519710455988
0.914116551089408,0.45360335296561216
1.1521140646087993,0.9337385905100839
1.0,4.358686513107156
