alpha,s
1.095979756021331,0.0
1.172206069971501,0.1752637327939814
0.8388226257535804,0.38470320142779013
0.9896725407030034,0.7999014347247142
1.320074385301478,1.4048323491643937
1.0,5.265030383094926
