alpha,s
1.0394928075359924,0.0
0.837516856034016,0.0471014564290143
0.8642803031101237,0.17290494098478534
0.9868366783048157,0.39971251180426537
0.6323943809930551,0.779301986197046
1.0,4.269303609280385
