alpha,s
0.7819658677775665,0.0
0.9130851349931902,0.11359222944064613
0.8449490421003776,0.264779573945038
1.1386207033512143,0.536864013484398
1.190116920591644,0.9503307778960123
1.0,3.711729505614073
