alpha,s
1.1392812106021193,0.0
0.8375269603434178,0.047367082739023146
0.8111358252044284,0.16401034957243396
0.7509604345685317,0.4065736860330516
0.7074445770418335,0.9075720952070873
1.0,3.786401636017509
