alpha,s
0.9708267178721006,0.0
1.0367083706769538,0.04400101113653218
1.0762125976412424,0.12499486793420286
1.0473559912906258,0.273681305583597
0.9568917649748147,0.6316023425419298
1.0,4.378763532481451
