alpha,s
1.1495774181661398,0.0
0.9929935428449728,0.04631720559284804
0.7993635874769952,0.13804058198556737
0.818809127779117,0.3539622490852121
1.0873318781970316,0.7878237790974112
1.0,3.7379742940870906
