alpha,s
0.022461599291832744,0.0
0.04631531169086958,1.23561643835616
0.08111142412554133,2.4104109589041123
0.1337979149454083,4.23232876712329
0.41036336523829303,6.26301369863014
1.0,9.4986301369863
