alpha,s
0.3527868111793423,0.0
0.8864526383866742,0.1079392916124763
0.8724426060689159,0.2293638868417807
1.337679334120415,0.4679285512319456
1.3364191306697313,0.7839612239898168
1.0,2.025857851742593
