alpha,s
1.0468153596132164,0.0
1.1019437984951794,0.0845095247029744
1.1345113505969822,0.20601497341646555
1.025114057339772,0.39920957671093654
1.112945749432127,0.817574204843527
1.0,5.273604922258571
