alpha,s
3.4213107781670713,0.0
1.4606004090322364,0.00552533359100854
1.1270915296327473,0.04816340712305631
0.9476989973509182,0.17082933978625173
0.9402888911192446,0.5251172940361577
1.0,4.3650538462084185
