alpha,s
2.2127239986692007,0.0
1.1698400326047143,0.03615973539330974
1.2407081309010473,0.1485527396575853
1.1163653630602475,0.3255580444113689
1.0655180132687103,0.7105790108186033
1.0,3.4564704314228445
