alpha,s
1.0896690956064357,0.0
1.3256630897416282,0.07803664378673132
0.9769549513572052,0.17358134358735416
0.920194220704201,0.3852213652036784
0.9491918983668924,0.8224285571317778
1.0,4.903293253775337
