alpha,s
2.98563629416664,0.0
2.066433187382342,0.029938504697640023
1.2181823687575861,0.10078698128026103
1.4828655422114012,0.30806324027282966
1.374748583719002,0.6570849622484527
1.0,4.235219505134836
