alpha,s
1.2114746815079498,0.0
0.8414391485204235,0.05926401946674486
0.9365943627874345,0.20710498553963155
1.0104777874422664,0.45288383255232845
1.2236970596127252,0.8661541968280049
1.0,3.673031050273887
