alpha,s
0.010346873902998445,0.0
0.07021903118032197,2.140821917808216
0.06862944679405668,3.01095890410959
0.4022173386081592,4.368219178082194
0.22941330157390308,5.15890410958904
1.0,9.4986301369863
