alpha,s
0.9675474512602301,0.0
1.1663120650768992,0.13230467456094863
0.899724495217396,0.282221124590581
1.1990123073906758,0.5654256788973712
1.1606060525772794,0.9628930457197659
1.0,3.312503232665603
