alpha,s
1.1629847984256179,0.0
1.0845475093535168,0.05082228654226329
1.1034143703584418,0.1418628764868601
1.0787509153712644,0.30672900368117584
1.0954480757218652,0.678938395809663
1.0,4.275594827659139
