alpha,s
0.009213875542039979,0.0
0.054836258421673986,2.01917808219178
0.1144409980775694,2.9063013698630145
0.23865734260810229,4.193972602739728
0.6762161125447955,5.748493150684935
1.0,8.16438356164384
