alpha,s
26.227094623065017,0.0
3.338879155975362,0.0046472743599439
2.1805422610307863,0.0561150928599776
1.6287967937734138,0.1759547366664026
1.2947005433843486,0.4771476288449929
1.0,2.5640548567302326
