alpha,s
0.2885386567446425,0.0
0.4384689955003307,0.1160239175196066
0.5702166740909715,0.2828428790803602
0.7307384166592773,0.5213398899602495
0.8597060654776879,0.9617259150068633
1.0,4.111219046202068
