alpha,s
34.790743810814256,0.0
4.959874063135008,0.0062752205231293
3.1531136872742946,0.061538347630632956
2.0093515651031164,0.18289296448158948
1.2804662674689256,0.4851416056283925
1.0,3.593678828013927
