alpha,s
1.407952455926302,0.0
1.1305989990962109,0.0405146496388308
1.097396234105978,0.1255325679629986
1.0328578983234367,0.28908482557643483
0.9175380841156986,0.6584675338059416
1.0,2.582168833559857
