alpha,s
2.3311364835892743,0.0
1.4716626304839466,0.0052666846831498
1.2081652686365458,0.0396767752336914
0.8560706242685012,0.13986776271113507
1.1319799644075046,0.4964504635240822
1.0,3.169154479962343
