alpha,s
0.8018359387458246,0.0
0.9397444794546171,0.1395490834949825
1.0686802617175286,0.29728450323327305
1.0808212489651479,0.5224527673317414
1.4965085844582322,0.9444184136507118
1.0,3.279625795146772
