alpha,s
1.1076009197838104,0.0
1.0796111579771226,0.12041156971556706
0.9824851565170545,0.28582283900621247
1.12639082176271,0.5584999940808292
1.0675610910138498,0.9781756036145418
1.0,5.080827396974883
