alpha,s
0.0014376253078745745,0.0
0.010916965808304467,1.82739726027397
0.02204141704593773,2.6860273972602773
0.02516577860874334,3.82739726027397
0.10208346431764485,6.33972602739726
1.0,9.4986301369863
