alpha,s
1.65056107595942,0.0
0.6656184468696151,0.0043239333020175415
0.7421675990770669,0.05448014450236785
0.6446568748339547,0.17144045999039206
0.5384155949968037,0.5147557212390672
1.0,4.218809999772803
