alpha,s
1.2424334536147081,0.0
0.6296514720764508,0.0062851197075090605
0.7359319533546169,0.06035930304961871
0.8858111964166243,0.1905417329984457
1.0382668549734306,0.46468777058539545
1.0,2.902527936839307
