alpha,s
1.2102373587201136,0.0
1.2475390988722803,0.10390057600845033
1.2723170466371143,0.24302324837782022
1.416527438151277,0.4502105442856583
1.409939969347596,0.8005644508003056
1.0,4.992654689234055
