alpha,s
1.1521146473777402,0.0
1.16636018699897,0.11540520992304716
1.4934530440528138,0.26985575317218136
1.2545589644738842,0.448392202900843
1.237236664562774,0.859568959651252
1.0,3.404904994946825
