alpha,s
4.0686222228522935,0.0
2.1759759769319973,0.04428785385967971
1.6795023665803843,0.15110857993077337
1.9341660808339158,0.35436224758278434
1.1586211541425873,0.6158281636433327
1.0,4.212611453393179
