alpha,s
0.32587858788312624,0.0
0.4787789047378675,0.12160342527237261
0.7382686844947535,0.29367123765426634
1.0319131186408539,0.5117921730709251
0.5930347651509659,0.8582694824388588
1.0,4.542143221595895
