alpha,s
0.9227375415349083,0.0
1.0234187342630672,0.09351921938036667
1.0031462852579092,0.2306990072343864
1.0834494139273947,0.4603657924928921
1.3920297889592361,0.8862394420479459
1.0,2.6182104429346054
