alpha,s
4.9605227288065805,0.0
2.671830732896592,0.041306403816781925
1.4299113372711414,0.13814797939044707
1.3887055608679781,0.38883666119666455
1.3622115572364484,0.8116080326486997
1.0,3.92590519059991
