alpha,s
0.252788104311294,0.0
0.5915157093254791,0.09972437296976762
0.3290735754906254,0.17829471233082042
0.31496287175850834,0.3932375529349335
0.10551563525194595,0.7284436638832037
1.0,4.781064798632381
