alpha,s
34.250211295133106,0.0
5.32169805307503,0.004303518575061541
2.176851752760311,0.04117562162134874
1.4778199628654611,0.17411840487621197
1.3779691137196042,0.5292183257566782
1.0,3.418997669807902
