alpha,s
1.5144487852089388,0.0
1.247377757360641,0.04610626879033038
1.1647984685864092,0.14470104104346676
1.2572815947063347,0.3310589140002021
1.1544023287612974,0.6820105645306607
1.0,3.696179080152376
