alpha,s
1.079530095198196,0.0
0.9646719410570836,0.17437750837355226
1.007023411778291,0.4244744979006988
1.012372519440747,0.7649697985204242
1.1117189518649317,1.3327408737145732
1.0,4.977118479797993
