alpha,s
0.0015810328557773455,0.0
0.005831903746755396,2.29315068493151
0.020181496764054098,3.730958904109592
0.0364461419297769,4.914520547945207
0.057377146062575074,6.35890410958904
1.0,9.4986301369863
