alpha,s
0.9828425649058437,0.0
0.8117437091254632,0.06971564457412734
0.9441521440110143,0.19829596681709621
0.9377082155750122,0.39498630063535023
0.9593156626570276,0.7912374422943163
1.0,3.579369635047301
