alpha,s
0.0009063269981881815,0.0
0.009732527822370997,1.587397260273974
0.039497129482756854,2.9304109589041105
0.12034951362090127,4.705205479452055
0.3643817706821014,6.587397260273972
1.0,9.4986301369863
