alpha,s
4.685805888258873,0.0
2.5502211020963625,0.0380591679919664
2.591325416082658,0.1270035859688449
1.3148944338632211,0.25169142781662984
1.4184438900623075,0.7006103143169071
1.0,3.745040329309489
