alpha,s
0.2655222161257378,0.0
0.45741476446479507,0.11285687073975681
0.6639637180076082,0.2623638400710011
0.809897893653156,0.4857632905816496
1.2180409186108048,0.884687738757814
1.0,3.94341039030752
