alpha,s
1.1727374769621748,0.0
1.0600973178508395,0.08294959866257896
1.0291813476544918,0.2214681204198081
1.0408275519115964,0.4605845478047356
1.1722928923910805,0.9157240838010043
1.0,4.841486979576064
