alpha,s
0.9908955951890215,0.0
1.1892386083343702,0.1134693304798942
1.1649676213613795,0.2485748439595213
1.1423417959188416,0.46679007119115656
0.8765884199202182,0.8711666404512631
1.0,4.6397436640902585
