alpha,s
1.9820352699691965,0.0
1.1384026836293135,0.04070017526774482
0.821636774567676,0.154320019207761
1.1682353897582505,0.41496948803034883
0.7182366304530668,0.78601098178634
1.0,4.380928959356072
