alpha,s
1.2304917446307537,0.0
1.1596564249145749,0.10748123960254331
1.1399530486441478,0.2615000493549945
1.416748577425459,0.4907971826618034
1.1686101064863963,0.8458680994546899
1.0,4.479004169491691
