alpha,s
0.8253777851956089,0.0
0.9899624880720386,0.0835784905914012
0.9736488354770442,0.18765379603429752
1.0967830670384666,0.3724448961218207
1.0239889833186762,0.7537185957867599
1.0,4.605585081044659
