alpha,s
40.96448744725039,0.0
5.746844104055493,0.005429949716924741
3.067270611873148,0.05278784767188438
2.0841661116451857,0.1753124635627123
1.3323936215455343,0.48001921018051247
1.0,3.8357875633355536
