alpha,s
0.003531967577168478,0.0
0.022902836616720063,2.022465753424656
0.18657946722355281,3.04109589041096
0.1231839094852049,3.254794520547942
0.19886261755655893,5.0958904109589
1.0,8.22739726027397
