alpha,s
3.488969839656027,0.0
1.7362499300125667,0.041757876044681466
1.6291058044807338,0.1565752346503096
1.1279692695356132,0.3313246782588816
1.040281632614282,0.813277421689994
1.0,4.760190859433259
