alpha,s
19.60428867990412,0.0
3.9500162899258586,0.006412784204920043
2.5139930296980726,0.04838702172514292
1.1941287044669133,0.15141040387644356
1.449818336238837,0.5491650843270497
1.0,3.255191905262501
