alpha,s
14.813677656398042,0.0
4.247725530935444,0.00872900040271686
2.2138439117603146,0.050165406423101744
1.6112576953188296,0.16845406880559785
1.439549610174423,0.47701285594152154
1.0,3.228476436137834
