alpha,s
4.574291372647637,0.0
2.1141727153852283,0.03658770029215541
1.2859802311319015,0.13568789794537778
1.1785366608594632,0.3874837733356737
0.9547940611769982,0.8614228438273916
1.0,3.0702484356078394
