alpha,s
1.1561152517909645,0.0
1.3106099190743903,0.0642932134547165
1.2169274931512337,0.16656753976860608
1.1208235900301486,0.3514079711368856
1.1034594373801896,0.740992751336175
1.0,3.8578344144253927
