alpha,s
0.004327503604628032,0.0
0.014567588376793617,1.618082191780822
0.008860250157393022,2.284383561643838
0.023208606788144136,3.72328767123288
0.016825468258759295,4.688219178082187
1.0,9.4986301369863
