alpha,s
1.0927278682063375,0.0
1.0024530986051796,0.1721334598879139
1.1006356061020175,0.4115621069167327
0.9878029786008873,0.7172255533860397
1.0899665233662943,1.2921890914492085
1.0,4.500966399939737
