alpha,s
0.938770303102739,0.0
1.1153849878440179,0.0831728497109593
1.0962570963265754,0.19100624222578
1.0472206440823144,0.3754331298717875
1.1255321973392174,0.794759230444087
1.0,4.574127231084051
