alpha,s
1.180730021553687,0.0
1.370220090818158,0.11023752982020868
0.9032319261367354,0.23675148869216395
1.3017090803603848,0.5311122194215104
1.0422506956482274,0.9042190894529146
1.0,3.7505602392261777
