alpha,s
0.07360531522317591,0.0
0.1325447630283104,1.2904109589041122
0.13111035578054842,2.3358904109589083
0.19671656314227765,4.19178082191781
0.6001610033621169,6.277260273972606
1.0,8.22739726027397
