alpha,s
8.05109970038655,0.0
1.9415254951172742,0.005153401663127203
1.4352658619784795,0.04763225439198778
1.2282298551292494,0.1562450595870367
1.1199153304578136,0.4674097795036928
1.0,3.6209199137186654
