alpha,s
0.001398933324947916,0.0
0.009652341772784902,2.16712328767123
0.021711629875082454,3.101917808219176
0.08857235783894957,5.0958904109589
0.4425015346759271,7.07397260273973
1.0,8.22739726027397
