alpha,s
1.1346112174975385,0.0
1.21677238634914,0.10257844770040242
1.1138895566621978,0.23379221583922438
1.0119083261000155,0.4526977562843464
1.0255899865544575,0.9155838378679604
1.0,4.539434323610522
