alpha,s
0.07789673529386255,0.0
0.12256460347727541,1.23561643835616
0.14391019601709137,2.29315068493151
0.21277824931098563,3.619726027397264
0.46989144913822145,6.14794520547945
1.0,9.4986301369863
