alpha,s
1.3343024599204572,0.0
1.054263712404105,0.09420410721122006
0.9273298766570375,0.26125084639455826
1.1216200484511902,0.5466096190287028
1.8328099093679613,0.9980588319215438
1.0,3.246226509663772
