alpha,s
0.5227967620250593,0.0
0.5451018294283791,0.10844110311395753
0.7172793262110134,0.2698448704076621
0.8214380454033049,0.489534141176496
0.8332312572775975,0.9171981367360025
1.0,4.125250631454199
