alpha,s
0.6189403759068512,0.0
0.6043301851469389,0.09605578180444588
0.6142099855866122,0.2520344796805188
0.8051421550466211,0.5245651523580478
1.0927822862568874,0.9748736785719914
1.0,2.7444289791325724
