alpha,s
4.762167662785554,0.0
2.051885020274003,0.0364128446532506
2.192651844355784,0.143893782527181
0.9574947180423053,0.283584107466607
1.0384465328588208,0.8433129188037979
1.0,3.943608578259452
