alpha,s
1.0634931174048863,0.0
1.2134889112540064,0.0487522079589488
1.0904420069525433,0.12370520239675756
1.1224705583347783,0.2808009999604889
1.3488302773757428,0.6075210391183402
1.0,4.390763131419362
