alpha,s
7.594472863573266,0.0
1.8854808913412249,0.00662967417590056
1.5511071641759027,0.053384668043249824
1.148276310816515,0.15823428883877633
1.187925758565853,0.4865315838158703
1.0,3.439286472782219
