alpha,s
1.0705184190778645,0.0
1.113392938186821,0.1768554944378002
0.8715372988219042,0.38958148968688244
1.051928318095579,0.7694920448865985
1.117652807907899,1.3094920437914574
1.0,4.68366284979285
