alpha,s
0.8835885009478359,0.0
0.7794042539358297,0.08808866446533913
1.076062099050743,0.25789678326818344
1.0256346164286605,0.46178642365154154
1.0461507866823925,0.8881224487497548
1.0,3.097985261506357
