alpha,s
1.0727382003343482,0.0
1.0416834433227056,0.07323187349781196
1.1101724701354883,0.1967846587672569
0.8819031798103971,0.38763761784450396
0.8777684565723275,0.8604984246605326
1.0,4.495833279063301
