alpha,s
0.9237531051284891,0.0
1.2474220211285894,0.12744333028324184
0.9772109722468011,0.25576562875364045
0.9647801417215589,0.5053384831260623
1.0420056042454287,0.9667526555651349
1.0,3.6481968958717057
