alpha,s
1.1649862102179127,0.0
1.4446775469897781,0.09415426447936984
0.9883650721514439,0.20568659954950888
0.9424856710693988,0.4493964586024968
0.8528321416974954,0.9415533243890623
1.0,3.804193705223169
