alpha,s
3.3471232702849036,0.0
1.4111914827590493,0.040395871920802004
1.8868742207409757,0.16808222810500137
1.3584699568744194,0.3100841596320694
0.9458725569119378,0.6707984855347872
1.0,3.546886842951961
