alpha,s
1.4258891244618397,0.0
0.781952868741269,0.09537905200633832
1.199349013502063,0.3324620586358281
1.1926021630517702,0.5669123532201749
1.4407061861951478,1.0009044452630518
1.0,3.167510521923324
