alpha,s
1.070239522107426,0.0
1.11808280687717,0.1047062745831927
0.9528220961543997,0.24204654597011657
0.9633967110447439,0.4797434863156896
0.9345292724329779,0.9207458141982707
1.0,5.215660710263511
