alpha,s
1.230162112234004,0.0
1.0915379941178929,0.0714174263555979
1.1688637213666047,0.1907121357395844
1.0125402314954743,0.3702284922016547
0.9780315475216093,0.7873752884715051
1.0,4.506820565312253
