alpha,s
0.015305676185312245,0.0
0.11448518507125804,1.6301369863013706
0.07268499518134336,2.242739726027398
0.24554107232935743,4.1627397260274
0.8489407345821383,5.94520547945205
1.0,9.4986301369863
