alpha,s
0.8428533297881963,0.0
1.0283703545712457,0.07298189770837596
0.9745201309013746,0.17773238679862008
1.3535450556907236,0.41288420197681946
1.534840148463777,0.7375913674858948
1.0,2.292045906725377
