alpha,s
69.28160781620016,0.0
5.4649787567636245,0.00324249035538028
2.9372073794250606,0.05416668919700881
1.6692239216244495,0.18266585820090264
1.6286086391273569,0.5769800952934461
1.0,3.428030802287344
