alpha,s
1.0652316996127085,0.0
1.1275286059305583,0.11337198375989294
1.058934522370992,0.2606195023662509
1.114278925568787,0.49890991555555003
1.0325530035796984,0.920116496728035
1.0,4.314345584392411
