alpha,s
0.9953386378429718,0.0
1.0410534561610008,0.18863779774167883
1.0767174698446298,0.42087471649138086
0.8946562213229502,0.7300902171145363
1.15774004524018,1.3629660780835633
1.0,5.046061905843878
