alpha,s
0.01736004809008294,0.0
0.040582100199600527,1.7287671232876705
0.07535199891653283,3.20547945205479
1.0077226837801212,4.180273972602742
0.46386456695415235,4.453150684931504
1.0,7.04383561643836
