alpha,s
3.0827097220966007,0.0
1.2550052087861852,0.0049852927183672196
1.1317200118853568,0.050808154366400814
1.0493707711854157,0.1670064467903751
0.9961162745827332,0.4801361427212873
1.0,4.499131664501873
