alpha,s
23.197052235544426,0.0
3.9202550712073103,0.0053057265074722
2.077283311925985,0.0501801530446782
1.5764397441631537,0.17901361324134932
1.2942396913895853,0.490177434952823
1.0,4.132544402020455
