alpha,s
0.7355397640882475,0.0
0.7588316724815862,0.05416181496265158
1.0048392810876172,0.14534252635168943
0.8922495827763665,0.286044589502021
1.235512234570184,0.7137775540891501
1.0,2.9082546147085573
