alpha,s
2.0680231484266343,0.0
1.7501327367120363,0.09795204126646967
1.5417275326000903,0.24567078053752095
1.6843464709006004,0.48896993227453595
1.3120284515374299,0.8547694026199917
1.0,3.840729135968613
