alpha,s
1.038977650019358,0.0
1.0111501694955334,0.11286626809984089
1.0557353561878708,0.2731193824861146
1.0350599886734977,0.4985324009853885
0.9855733893147561,0.9318772425183699
1.0,5.283158073736089
