alpha,s
0.4684141081243343,0.0
0.9311127718125871,0.14526204922257246
0.5736192300404167,0.28556423994584296
1.2305174610262388,0.6117884946174621
1.0020955025274172,0.9910636110526886
1.0,3.234925484626735
