alpha,s
0.21994688107414123,0.0
0.43323557802153995,0.11845593799889552
0.6440885296685379,0.27742182835240087
0.9119854406394666,0.5071448042073151
1.074165176666315,0.8930455310849112
1.0,4.838411122192686
