alpha,s
0.543076113302899,0.0
0.5806223810166721,0.09810648121410104
0.6553752637712539,0.2525029172315228
0.7232184029057797,0.504152348100641
0.986842446872128,0.9886376833358602
1.0,4.414350925792336
