alpha,s
0.6004461782407419,0.0
0.7511252962968975,0.10734950111197031
0.6488413607434628,0.2458618990710667
0.7557819705881113,0.5252718004201417
1.3468355648581378,1.0441761531371951
1.0,2.6322530412169205
