alpha,s
0.9975366832502229,0.0
1.1497434314613375,0.11407216684350996
1.0143141338849964,0.24746920144942802
0.9197271162509718,0.4805422666273922
1.2268402809310481,0.9734110082578409
1.0,3.415273063879025
