alpha,s
1.0351390361198447,0.0
1.3403197085674037,0.09571401401537113
0.9916279594727195,0.21128045024181136
0.910970522577019,0.4689210778973521
1.5067123300090532,1.0096897771381863
1.0,3.135730645239248
