alpha,s
1.1624657024132619,0.0
1.139116620346992,0.1123020022632879
1.0203384750956368,0.2669737972622135
1.177467914293764,0.5136570286155228
1.1457061614261281,0.9041913929793356
1.0,3.2445727175220944
