alpha,s
17.60674074876075,0.0
3.0458795926999995,0.00390490533411038
2.0212650561730623,0.041072689822409865
1.3462101573764713,0.14032880520385116
1.0814750089635559,0.4549960066713841
1.0,4.2971045153920695
