alpha,s
1.1689043291938253,0.0
0.9765561844144804,0.11481284565591059
0.9599624298888368,0.29919120130664356
1.070152103444312,0.5789937463239327
1.190340541433446,1.0340901098861752
1.0,3.609564991695625
