alpha,s
0.011342409467995128,0.0
0.09909715258226129,1.82739726027397
0.08370939260921803,2.290958904109592
0.14682688802219904,4.13315068493151
0.6573579796543717,6.349041095890412
1.0,9.4986301369863
