alpha,s
1.5536130637642604,0.0
1.4332889507849527,0.06388929809472005
0.9414739802514375,0.16863399547779334
1.2268470472891355,0.44110627215516957
0.9339628301217456,0.8226966997745229
1.0,4.379051372720861
