alpha,s
0.7294079741189742,0.0
0.584874995108634,0.08578498789214854
0.8522456831481015,0.25421489301147593
0.7752582769141761,0.4510094505173924
0.8295394474245368,0.9083082961669887
1.0,4.892579515717912
