alpha,s
0.497480692087155,0.0
0.4019411903372598,0.1016924408238475
0.7254099844677461,0.313716108779846
0.6775016684392724,0.5266497172126113
0.986297144060512,1.0281938518790277
1.0,4.625890082084629
