alpha,s
2.827298992892821,0.0
1.2069095512671248,0.00492524662335794
0.9791932100985399,0.04596299575923399
0.8795516867310691,0.17067870805063948
1.0536781233758943,0.52924888548837
1.0,4.579433841936166
