alpha,s
0.2605396705632703,0.0
0.4750031971502161,0.11094930722766742
0.6743859566257492,0.2644127450324497
0.7811394459424459,0.503246345121794
1.036292515010092,0.9940499174908546
1.0,3.907601464720064
