alpha,s
2.7404435014504713,0.0
1.4757764548763033,0.05360889881880571
1.2550127037570562,0.18382855715050417
0.9683149403847188,0.4102339006404755
1.0984253185322728,0.9361081113040453
1.0,3.294117950676512
