alpha,s
0.04074519154114929,0.0
0.13165416394250243,1.6887671232876706
0.11571436112781801,2.438356164383562
0.14749614247340803,3.809315068493148
0.4644742134050429,6.35890410958904
1.0,8.16438356164384
