alpha,s
1.0571848562537127,0.0
1.1063244726913266,0.10935028270207081
0.9456423156806305,0.2523627463166459
0.9832827754057105,0.5083080883716188
0.9080622395455037,0.9625127569775496
1.0,3.79427621483378
