alpha,s
0.8450391979866506,0.0
1.0018500937188761,0.13335515122506708
1.1340074401476556,0.2898100381825537
0.997490014784244,0.5029067127181176
1.2890564962834543,0.9724981542871018
1.0,4.14150984750306
