alpha,s
0.8563792846400933,0.0
0.8630973141047277,0.11747838529895506
0.9753529786744916,0.2821580595434508
1.014178688632071,0.5062656049910564
1.128839363153379,0.9628561384897615
1.0,2.944326162085918
