alpha,s
0.5276879649832789,0.0
0.6529653271651426,0.11098354640904079
0.6816674602660254,0.25690994012781915
1.0539137530704163,0.5066718584647961
1.152049834093814,0.8711916720602326
1.0,3.540831722371637
