alpha,s
0.6405209658930443,0.0
0.6894849786384347,0.10495414409337002
0.7564111295169265,0.26163826998573353
0.9138551005354398,0.49576922036022475
0.8546139298415836,0.8974924661192301
1.0,4.4531845759602655
