alpha,s
3.008811658078672,0.0
1.796575530046253,0.0032704109350708815
1.1761075069371192,0.03244952922376798
1.0327617959474527,0.13802696265683825
1.1144832123293333,0.44616613585896125
1.0,3.4147773481351438
