alpha,s
0.7847404659457506,0.0
1.0044235583982635,0.15992664515389596
1.0774899332805163,0.32586736388887605
0.9421127428659324,0.560035622764311
0.9686168054870332,1.0626251974560985
1.0,3.7621601395148754
