alpha,s
0.0002653223914868334,0.0
0.0017732502530649072,2.012602739726026
0.011889203132154039,4.12328767123288
0.03412012960778167,5.15890410958904
0.07560380676621799,6.33424657534247
1.0,9.4986301369863
