alpha,s
2.2134130258713767,0.0
1.5658196743470634,0.004833915652538681
1.291931479325673,0.03526699968057034
1.1308826299588766,0.1305016497166122
1.1393517643675513,0.4383130655062596
1.0,3.215656609486744
