alpha,s
1.0967896929391903,0.0
1.141406250609311,0.12018026832742741
1.0755244494024847,0.2733972561691395
1.1339392771820338,0.5119043690965176
0.9677135827956933,0.934312678708845
1.0,4.795671198328825
