alpha,s
0.8083987682155102,0.0
1.2911114518924773,0.0648877389738962
1.009934105133046,0.13802604175247749
1.1076380832697756,0.31186513001566274
1.2960576262395471,0.6660516038108371
1.0,3.7322966266460766
