alpha,s
1.3005841544358734,0.0
1.5531556815920875,0.11961798953749836
1.7646128363554041,0.25279950948643043
0.901825014383637,0.4052761516145588
0.8460484567632021,1.0182213800521365
1.0,2.93229468004562
