alpha,s
1.0799685385023055,0.0
1.3629858458989115,0.1183842262817611
1.0288835325932046,0.24564465596236287
1.2557023821724167,0.4939950601403598
1.144585252494119,0.904852883675656
1.0,5.573011396035069
