alpha,s
1.1609983271345616,0.0
1.191664256022459,0.0686052931064899
1.0047291274066672,0.1656394997069269
0.9784111562087997,0.36308233817016194
1.143122460415376,0.8180443103867059
1.0,4.5414979783394855
