alpha,s
4.254030260914336,0.0
2.287188759370185,0.04428785385967971
1.77826850474214,0.15110857993077337
2.06213849031468,0.35436224758278434
1.277781698971267,0.6158281636433327
1.0,4.212611453393179
