alpha,s
2.634966177691508,0.0
1.1102161017078525,0.0047677488292836
1.0216935937133163,0.0534989470750356
0.9676930228490287,0.1752432664411076
0.9996375483653841,0.5027943342931727
1.0,3.0162027372468487
