alpha,s
0.5940114356872418,0.0
0.8351198319460195,0.1299344920218813
0.8270696062895785,0.2681179240874358
1.0418938374668818,0.5024234963780718
1.1480040779311014,0.8860256592410599
1.0,4.26312684293529
