alpha,s
1.6177779581249456,0.0
1.6516966596156342,0.03986866971089018
1.1547162639362871,0.11086104944145596
0.7395931956422895,0.29081613708193343
1.2643055106612267,0.8048487942452807
1.0,2.832264554545353
