alpha,s
13.739546364153943,0.0
3.0565795390200017,0.00463600400321238
1.6860426408760147,0.04064577140604188
1.5969771694223913,0.16264867545126424
1.1439536694488273,0.432266732303298
1.0,4.040314810830527
