alpha,s
0.14390746788233805,0.0
0.22525798304834266,0.1037858423723805
0.16684192150137944,0.24592356182709083
0.17887562529040063,0.6139241020512687
0.09394347848274166,1.2082354520677974
1.0,5.329038037509501
