alpha,s
1.0511811366345654,0.0
1.167861040437804,0.10801258783206766
1.1963118587393737,0.24169580901496565
1.0386880373203904,0.4475921824009102
1.0064267997699967,0.8767552906553381
1.0,5.225863412942586
