alpha,s
0.018149570464396834,0.0
0.1211922763381877,1.82739726027397
0.06983918208722188,2.28219178082192
0.15293088271256086,3.7232876712328813
0.28087113998236257,5.58904109589041
1.0,9.4986301369863
