alpha,s
1.910234684997926,0.0
0.9848662394638935,0.05340053621892194
0.9919104581705229,0.2078094701605615
1.2631738748304842,0.4426505634607283
0.8185923343828532,0.8080818094597162
1.0,3.8143066556376657
