alpha,s
0.8330565213747992,0.0
0.7999656972179146,0.09810648121410104
0.8254711106995342,0.2525029172315228
0.8460845291978923,0.504152348100641
1.0875083871833273,0.9886376833358602
1.0,4.414350925792336
