alpha,s
0.6761532271040449,0.0
0.7227758855655857,0.10063543778349421
0.9082530427797796,0.26544976174351154
1.2434369984698659,0.5102318796294383
1.5373656906808222,0.834747570614892
1.0,2.123985725449029
