alpha,s
0.14259267804262046,0.0
0.15294787570606275,1.23561643835616
0.1388104901359424,2.23013698630137
0.3623840106776475,4.17260273972603
0.5509268191688398,5.58904109589041
1.0,8.22739726027397
