alpha,s
1.2437931070111365,0.0
1.3200642878211608,0.10486019697001127
1.0731088923827137,0.23863843145315133
1.189216177547163,0.4924631194640745
1.356778019331327,0.9206635486275762
1.0,3.6839267922668864
