alpha,s
2.391515342353937,0.0
1.205468013678245,0.006132379270555541
0.992649419302261,0.04737652818486314
0.9607063854460036,0.17281966605513988
0.951173378534541,0.4889647047084932
1.0,3.688289620508377
