alpha,s
0.10626845662526581,0.0
0.664074908620069,2.01369863013699
0.15689249562128244,2.42191780821918
0.251636973079155,4.17260273972603
0.552524167211645,6.33424657534247
1.0,9.4986301369863
