alpha,s
1.2294134822927532,0.0
1.0041631135587759,0.05349368146966313
1.0195489588514508,0.17391373578159042
1.1181927244502952,0.3869717091890458
0.8619907876092371,0.757557796569452
1.0,3.22773418147904
