alpha,s
1.3987614020355532,0.0
1.2636913875674685,0.0439830256343848
1.027642653397977,0.1228474391652948
0.8945629780656283,0.29432632261241504
1.012533075630338,0.709199048201972
1.0,3.3025937774543084
