alpha,s
1.5413972853801874,0.0
1.0067189053955492,0.0054034560885062
0.9489175094690931,0.0470636093945278
0.7923828802419961,0.15985260834504633
0.9305956947691808,0.52908339265679
1.0,3.4492522756843638
