alpha,s
1.9769772620430608,0.0
1.0894131525004678,0.00575484625548276
1.1099948927916827,0.04582556668679684
0.8218278531696048,0.15067454869808267
1.0357791853309914,0.5280913305954776
1.0,3.5004075851480185
