alpha,s
3.48760062153342,0.0
2.0117089877543464,0.03075237652202762
1.5986652657453466,0.11505204852913162
1.4477578264252466,0.28869797349632215
1.3954672179977003,0.6199263658171418
1.0,2.812609323257347
