alpha,s
1.0866512904255539,0.0
1.1711374740371188,0.045798540325389
1.0273448559851424,0.1219139764388182
1.012939863556675,0.28324709279517496
0.9489325460541674,0.643298720763256
1.0,4.437965611689581
