alpha,s
0.7881298382620769,0.0
1.331290366578379,0.2420435896497126
0.8192083414056213,0.4210716733831299
0.939163605250298,0.8223128843402298
1.00721692582385,1.4383095151888614
1.0,4.284985590590408
