alpha,s
0.019916676684476865,0.0
0.06456258459581797,1.2630136986301361
0.11949670992578991,2.23013698630137
0.1292560812207719,3.28767123287671
0.45533965080750216,5.133698630136983
1.0,8.22739726027397
