alpha,s
0.006859422453914625,0.0
0.013505741161769315,1.95342465753425
0.030770622663292158,3.04109589041096
0.042876041404824455,4.191780821917811
0.1079930836710562,5.94520547945205
1.0,8.22739726027397
