alpha,s
0.9419646212664708,0.0
0.9723867672035821,0.11303545530310477
0.9270105467094611,0.27688020107858224
0.9470217431002541,0.5510316335381248
1.1206159943920593,1.053811735084252
1.0,3.5855553825345714
