alpha,s
0.23941194386973494,0.0
0.2403014404416995,1.13424657534247
0.3257581466736717,2.01369863013699
0.1759364041031961,3.2054794520547922
0.9531371969168959,6.73972602739726
1.0,9.4986301369863
