alpha,s
0.9428516075876491,0.0
1.135907584708386,0.06604257067358958
0.8668815037152695,0.17185966864075072
0.7703733760688489,0.404247967337567
0.6108592710331737,0.9163528833219747
1.0,4.022185653247497
