alpha,s
19.66251791219004,0.0
6.475433667374452,0.007393524536195161
2.183028470469629,0.037172801729814305
1.6383403987568403,0.17118501363467536
1.3223346760796748,0.4781438256336467
1.0,3.596146455244924
