alpha,s
0.9725738355001823,0.0
0.8963865968705889,0.04778068576594844
1.0318661217049065,0.1359866390999936
0.9202131334315566,0.28166316804426583
0.927471035526741,0.66735058630948
1.0,4.876923236070902
