alpha,s
1.331017627717487,0.0
1.133571056838548,0.0654560227990503
0.9926113221597203,0.1974710942896118
0.8368777822726922,0.4292206762364384
1.3529179513628244,0.9921233392471528
1.0,3.357180834790992
