alpha,s
1.7689328177739811,0.0
1.192213482281268,0.05315830509585467
0.9552593313859379,0.17218666050968606
0.886984647769208,0.41192826548471645
1.1813095252966772,0.9070001712736118
1.0,3.359882287983908
