alpha,s
25.533119485215725,0.0
4.1100351351382995,0.00304299199089092
1.8704713036043332,0.03338544891318268
1.4479105513311772,0.1501727870580801
1.0737939130958891,0.4674969043900154
1.0,3.978087842558704
