alpha,s
0.56846558494365,0.0
0.4927129795738178,0.07688171505473584
0.636214756889936,0.2271977356125706
1.0098793406232875,0.4523760832533529
0.7712174254669425,0.7503396758075068
1.0,3.924984380889826
