alpha,s
0.5332732540408915,0.0
0.6959542023141758,0.11920030532895598
0.7544640005806414,0.2734758714867076
0.7222426307892289,0.5194899157167272
0.9431549497393161,1.056685806790837
1.0,4.158533550336978
