alpha,s
45.79728773374826,0.0
5.1211694828849295,0.0047333721307145195
2.6026203341073604,0.0562771548527309
1.8711576608409553,0.19443598527041644
1.135378811865485,0.5122032094445391
1.0,3.904701708502882
