alpha,s
0.007584254640304564,0.0
0.0357342215983986,2.00712328767123
0.1760896564813039,3.82739726027397
0.17247058087052658,4.407671232876712
1.5472269767050737,6.10739726027397
1.0,8.03561643835616
