alpha,s
1.19855934467672,0.0
0.9489687732254022,0.09734833303630594
1.2501775986157355,0.2653093313331663
1.0041228351067213,0.4636063357217798
0.9891920236435963,0.9476427472592261
1.0,3.732412866079872
