alpha,s
0.5368628803555386,0.0
0.5465301327914048,0.10037340611222578
0.6011170352872669,0.28755825752012437
0.8932132003363172,0.5830973357167927
0.7372744891591455,1.0035869143847171
1.0,3.751565414183584
