alpha,s
0.03754094763887822,0.0
0.09069247765474191,2.186849315068494
0.08002389099936208,3.6115068493150666
0.7939763565122674,6.2915068493150725
0.440994804920375,7.04383561643836
1.0,9.4986301369863
