alpha,s
0.020367782263807015,0.0
0.0453964528942876,1.23561643835616
0.06860843162104188,2.23013698630137
0.25667793581745574,4.17260273972603
0.48218195073404013,5.58904109589041
1.0,8.22739726027397
