alpha,s
1.130830904502024,0.0
1.1317609112801137,0.0973383461658291
1.2173784613590488,0.2413485219688887
1.1310544453594977,0.45146054902346866
1.2824510878015005,0.8798905495856614
1.0,3.678059874038429
