alpha,s
1.0304007709040635,0.0
0.9799339690558376,0.1325312866723113
1.2137219479472716,0.3196833885353708
1.0928422123131376,0.5485892529436035
1.709410426340882,1.012614449904534
1.0,3.0711036210666176
