alpha,s
1.0132017914882685,0.0
1.0282078989121592,0.12683028625062234
1.0659499348033943,0.29849135826452866
1.011274695848993,0.5417533508591543
1.0112854025653968,1.0131311884726082
1.0,4.518066825771054
