alpha,s
2.436201256657705,0.0
1.6989692730710442,0.0763910611116993
1.5505155274048004,0.2146011192755844
1.3712535414912717,0.427094872480268
1.2204380665777754,0.8531308847577889
1.0,3.630205098458836
