alpha,s
1.1117851332923443,0.0
1.1752888499504761,0.08369870646412517
0.9097480483602917,0.20565122080665954
1.1066945954011145,0.4586716214675879
0.8666928707161682,0.8668536735170226
1.0,4.891827159747357
