alpha,s
1.2065870287475258,0.0
0.8013636752546376,0.07684242568445208
1.1637935331975051,0.2572158332637587
1.1148103928941038,0.45752235552880144
0.8408228780227183,0.8539017457967583
1.0,3.922735166121925
