alpha,s
0.34891195573919553,0.0
0.5083346701714911,0.08812259667223592
0.7144503873821157,0.23409453579375214
0.7840437750797088,0.44676666572371543
0.9992330278751892,0.9178112580259068
1.0,4.371995086285702
