alpha,s
1.1799743672910619,0.0
1.2320757782361447,0.05032583064002372
0.7784771280037581,0.12928096714670698
0.8920529623277758,0.3527865763691813
0.9642795348215041,0.793996015733612
1.0,4.193857185484908
