alpha,s
0.9297500808654731,0.0
0.9621940492972619,0.0965806890970978
1.0604341783768383,0.2462887189342808
0.9781943088845634,0.4766142107934703
0.9765300962802225,0.9455882899254124
1.0,3.517536299684005
