alpha,s
0.9263223065180543,0.0
0.9055035202630487,0.09795204126646967
0.9350447836710295,0.24567078053752095
1.1795468944035714,0.48896993227453595
1.08188978734463,0.8547694026199917
1.0,3.840729135968613
