alpha,s
0.4738520357173498,0.0
1.207865936124788,0.1139971631780048
0.7210764760922819,0.2073006415362275
0.9865370543587686,0.4797411961291243
1.3556943940410422,0.9224038831184171
1.0,3.1426141343125384
