alpha,s
0.7478994260081965,0.0
0.8285616293335555,0.11540520992304716
1.1532451900356715,0.26985575317218136
1.0603431562402081,0.448392202900843
1.1242659810774323,0.859568959651252
1.0,3.404904994946825
