alpha,s
1.083868283241697,0.0
0.8788068972112799,0.1058632772072051
1.0362305997482573,0.2850929716093414
0.7470068956707816,0.5156696757957961
1.1600304694180632,1.112188364590804
1.0,3.952585264767804
