alpha,s
0.7377996206239802,0.0
0.8002478368498529,0.11845593799889552
0.908322873879188,0.27742182835240087
1.0580899182914987,0.5071448042073151
1.071618935216563,0.8930455310849112
1.0,4.838411122192686
