alpha,s
1.3630999754319364,0.0
1.4500118653689185,0.09428921655793077
1.3786635752004983,0.21276850441689277
1.1181124111826186,0.40228873529385456
1.1189772135424203,0.8294291057193204
1.0,4.240240073825563
