alpha,s
1.27950903734665,0.0
1.1529849018540261,0.1037858423723805
0.6635942061350374,0.24592356182709083
0.6673395770663201,0.6139241020512687
0.4152243630274283,1.2082354520677974
1.0,5.329038037509501
