alpha,s
0.9943134989213167,0.0
1.1692541535416625,0.13973912015381526
0.887815953147334,0.29744012171522916
1.4933664111909013,0.6154756338984871
0.6054940181736803,0.9220722394733906
1.0,3.452923502997437
