alpha,s
0.3901519574351252,0.0
0.48886920631030895,0.09550229823678383
0.5797631634389456,0.24021710275802813
0.8551339105701322,0.48904399285132844
0.8887855138089599,0.8925011440438594
1.0,4.262421936248389
