alpha,s
0.5039050906951812,0.0
0.5527794642582361,0.0858524295937382
0.8255594100434678,0.274253179981669
0.964254648188519,0.5355948335673508
1.017590293711577,0.9643288153479994
1.0,3.7106614859772566
