alpha,s
0.8780979339229609,0.0
0.9387791505424864,0.1267673374637395
1.0408906619529628,0.28912227328568035
0.8618644247479805,0.5129888318546392
1.163816671611125,1.0279258361885917
1.0,3.909517045170076
