alpha,s
0.008657672088622392,0.0
0.10217888055239045,1.974794520547942
0.16234665044739469,3.01095890410959
0.15941175419388426,3.7594520547945223
0.37476995660388335,6.066849315068491
1.0,9.4986301369863
