alpha,s
0.9792879239115824,0.0
1.046636732050238,0.1918260682158797
1.0041275464798851,0.4219637111150736
1.0174704428733818,0.7650892853003535
1.2715863365303184,1.3147313521406625
1.0,4.594026496048633
