alpha,s
0.7600102064310106,0.0
1.2570753853518715,0.05870036120168288
0.9624545240745049,0.11875703685249238
1.1481646945892656,0.27689109184720617
1.2515978335834161,0.5837375341253094
1.0,3.5905001155425773
