alpha,s
1.0559606080578448,0.0
0.9634252433712441,0.1065794439017058
0.9970681474546026,0.2680364432901059
1.0374088521061864,0.508460857654152
1.1240961747040135,0.9471701450262549
1.0,4.782285703600422
