alpha,s
0.29993809097964275,0.0
0.41931609736293174,0.10799172833164077
0.5993915561783547,0.2803416520828712
0.8532106757144909,0.5512693592871737
1.0241032474102487,0.996568764003993
1.0,4.316714595483662
