alpha,s
0.7862881222714038,0.0
0.8229649829383496,0.0673046758773328
1.6233350805781188,0.20244748831414758
0.9758145305151764,0.33060307918593335
0.8576645753980484,0.7255248890628124
1.0,2.630601876249864
