alpha,s
0.6347304195503377,0.0
0.6254427064206859,0.1209873153226856
0.9777645637820224,0.3085143762639953
0.5745054675000132,0.5243729573039021
1.0336722078053884,1.1944506454040626
1.0,3.0245828819385734
