alpha,s
4.373961319250316,0.0
1.9266067151447661,0.0364128446532506
2.0906860971159396,0.143893782527181
0.9236000396294777,0.283584107466607
1.0108612850410514,0.8433129188037979
1.0,3.943608578259452
