alpha,s
1.1676779151130778,0.0
1.068739516188189,0.1670598642205566
1.1066979724180523,0.399495275099274
1.1997465508778484,0.7162179906361744
1.2186438956842325,1.232803344543893
1.0,4.108429811599177
