alpha,s
0.4749799078974311,0.0
0.7976202042910454,0.11359840207889715
0.9661129249028021,0.25571908134490434
1.0254102934652927,0.45193401091405117
0.7471756741614658,0.8287940269501844
1.0,2.952581723255737
