alpha,s
6.618495133017497,0.0
2.3018468152976483,0.007837725099348844
1.111124343942131,0.04784248125161506
0.9558566378292052,0.20005498410586678
1.0999253866348089,0.5948097744799358
1.0,3.796291753477902
