alpha,s
3.2300015696953506,0.0
1.9891071333749657,0.0654560227990503
1.5259078456062711,0.1974710942896118
1.1087281220970198,0.4292206762364384
1.5420029956843453,0.9921233392471528
1.0,3.357180834790992
