alpha,s
0.9787452959146047,0.0
0.8870509629896356,0.07689895837619985
1.2807771110694408,0.21234411634933148
0.950271600693497,0.3725273005520242
0.9507746810457333,0.8131293871623162
1.0,4.1388717575621845
