alpha,s
0.26397703350691953,0.0
0.47541740578146935,0.11609673101829662
0.5082931892310323,0.26004885311727
0.7110637103870732,0.5194713980692203
1.0342470983655971,0.966266324937477
1.0,3.250689497776979
