alpha,s
1.0884929949842947,0.0
1.1278792556578856,0.11140241556087915
1.0151183275996662,0.25836425853640044
1.1422344161302074,0.5071082490237795
1.210201948842876,0.9210457308819017
1.0,4.470778696883029
