alpha,s
0.16033957341634042,0.0
0.17834724019030868,0.10879215435623792
0.17243208644430777,0.25593388432162617
0.10010612136855299,0.46768935224895886
0.035848161215217465,0.9977741099346455
1.0,5.4506258446908085
