alpha,s
1.0342402600679115,0.0
0.9449833458437844,0.1885465755612297
0.9756337194665339,0.4511182862163805
1.1063868426023644,0.8139283363396355
1.266163181553395,1.3483909985400286
1.0,3.887735578827984
