alpha,s
0.805825973964677,0.0
0.9218036867079902,0.0822000216371003
1.260296061797568,0.2120882221510078
0.9598418790260725,0.3702716451924519
0.8358492670979821,0.8085101589122159
1.0,5.394732513551056
