alpha,s
1.0218717007201559,0.0
1.038684193529473,0.08189476252217244
0.9052047873351339,0.20032016370882705
1.0480638760245713,0.4216593440141243
0.8916640406219584,0.8042240560246868
1.0,4.6555244290768165
