alpha,s
0.1419384886904577,0.0
0.25456143970324774,0.1012104391982118
0.3129768418783538,0.2128055121797091
0.13305948678283397,0.35585599894704
0.05873138775361941,0.8706521082914941
1.0,5.136831127950668
