alpha,s
1.0583418602491497,0.0
1.0714351322026912,0.0449800338153093
0.9778354844345731,0.12211835261467179
0.8605144341460008,0.2768983670220278
0.7463802661344983,0.6767989028091774
1.0,4.490062179178157
