alpha,s
1.3831501273008628,0.0
1.245394768572231,0.08344528644868734
1.0436175553925062,0.21168241828337026
1.1548651374205976,0.45073360407028373
1.0349458724644043,0.8566437482959685
1.0,4.7021611302861706
