alpha,s
1.4532447859083732,0.0
1.3376937858288689,0.050905493477097
1.0240907903416148,0.1448313092822347
1.2544469842984765,0.34965783538103773
0.9010772307584911,0.6927571182328236
1.0,3.048281295983496
