alpha,s
9.382738141394993,0.0
3.18976540026939,0.00500558393931212
1.8757236764871634,0.03813812135994093
1.6603073813384717,0.1439360442302811
1.2304368897107394,0.40662757808821604
1.0,2.9959410619159703
