alpha,s
1.1096825870067675,0.0
0.9660782363454633,0.11214886924905101
0.8752025278698965,0.28960158526663893
0.9385489547385507,0.576358158706333
1.0667745941335214,1.0475069097858458
1.0,4.065463240262313
