alpha,s
0.8842198797792259,0.0
0.9042066594550683,0.07873335478054502
0.7387833710465838,0.21811226825473165
0.9284389108059335,0.50810081543637
0.9576214731156539,0.9656555309243344
1.0,3.5935713599304955
