alpha,s
0.2525879324701581,0.0
0.48842412014737824,0.12641630831801565
0.603237379906622,0.2891337900823364
0.7790186521727994,0.5584690479775063
1.0291428308409407,1.0496892190266134
1.0,3.6336114227822023
