alpha,s
0.5153757667238896,0.0
0.655275533188554,0.12779668856441773
0.7264425938196825,0.2845795076353209
0.8601653624934896,0.526816168625689
0.9624939742735621,0.9819131067144495
1.0,5.05636707940329
