alpha,s
0.35655500565771925,0.0
0.4936745314386131,0.14112714266372983
0.5646317442126685,0.31317709098708685
0.8543204991374621,0.5669897350106781
0.7465409715281507,0.9367672787163972
1.0,3.986706264163076
