alpha,s
2.909259116763904,0.0
1.728323410543151,0.005150256909520042
1.0901309347038237,0.0360242057383596
1.3215305255840397,0.16299068067895373
1.2152822727250836,0.4136758718320238
1.0,3.4788136624161585
