alpha,s
0.7527710005895456,0.0
0.8960892209818236,0.1327476496797719
0.8529864426563997,0.29647860851435187
1.1582899458275202,0.5569958357434245
1.2200565114562087,0.9410798566939651
1.0,3.0092554246791696
