alpha,s
0.9171337086419649,0.0
1.0138016533814636,0.12392761983484181
0.8727919386226081,0.280385582143044
1.003043984507256,0.5605595719988961
1.0050340859483522,1.0025574833071
1.0,4.994575506562667
