alpha,s
3.2993036343240574,0.0
1.3672490483731887,0.0045814706284499
1.2399880387107618,0.048968534728761
1.0508115790450285,0.1625111723009245
1.0313684928699487,0.4972433836669185
1.0,4.007596491017682
