alpha,s
6.997604428348038,0.0
1.7390535616587997,0.006053055693229242
1.127061110990589,0.05096959448262926
0.9699207900493526,0.1889031040368742
0.9061443607601003,0.54455475175491
1.0,3.1650995022923687
