alpha,s
0.8122933032752225,0.0
0.9351350679547703,0.0921261694792691
0.9477447109990211,0.2341657691488212
0.9755555628279933,0.46559573791021586
0.944432617558449,0.8934003855245275
1.0,3.777815739586952
