alpha,s
1.0027644088572936,0.0
0.9813546367407056,0.128206991459683
1.1210363837511157,0.3047032591719845
1.0239573850318142,0.5287826968862319
0.881405465717019,0.9814061484374867
1.0,5.108107916423931
