alpha,s
1.9461943662893946,0.0
0.9277674479538778,0.00456056946710728
0.8575016028226464,0.04816777520287208
0.9368389466637994,0.16496177329415856
0.6115284519504548,0.4439120968635927
1.0,4.504008365047594
