alpha,s
1.2207889292379135,0.0
1.1015143034788915,0.0478252305469931
1.0467572674315946,0.1397364038282807
1.0748656064262176,0.30700094103751424
1.3731016344222824,0.6767636313205403
1.0,2.491917887257072
