alpha,s
48.62830244417428,0.0
9.800977053535144,0.0046020414899228
3.7013669563944194,0.0326040159648756
2.140092321637254,0.13577109665350975
1.533203362738312,0.4317200660653812
1.0,3.801836710239291
