alpha,s
1.0542251851015303,0.0
1.0778029958656794,0.0805254686696499
0.8891510294742239,0.1954750967937186
1.0282853865601647,0.4239943737499141
1.0650858209350826,0.8304132832944062
1.0,3.7540273695049295
