alpha,s
0.9929856112789252,0.0
1.053425223319095,0.07365034549828631
1.0007864737292194,0.1937839187594706
0.9902074558934341,0.40633984274813484
0.9071185980096876,0.8217325192017
1.0,4.018605629925594
