alpha,s
2.9408246898786885,0.0
1.0622411584453533,0.00431046802679776
0.8779198635282495,0.057247779966767685
1.000334159090379,0.21030082753186202
1.1852833118357964,0.5590340399990128
1.0,2.980249680110186
