alpha,s
1.0613995463677053,0.0
1.1412747652956412,0.07445202657148298
1.0391439466734687,0.17852807734630116
1.1095387830888965,0.36993980346638716
0.9762790830914815,0.7389621714112222
1.0,4.621855847149035
