alpha,s
0.00023717334272941345,0.0
0.004472130943888244,1.7090410958904085
0.022966741466727766,2.8016438356164386
0.08367702083423355,4.2027397260274
0.5480429597839073,6.1347945205479455
1.0,8.22739726027397
