alpha,s
47.094434415238695,0.0
6.362015584795624,0.00304299199089092
2.5192602008954466,0.03338544891318268
1.7529226768867412,0.1501727870580801
1.178983309275442,0.4674969043900154
1.0,3.978087842558704
