alpha,s
0.3548054864357855,0.0
0.5350001009043018,0.10196030375829443
0.5701469689848849,0.25087812888314104
0.8603707350975409,0.5248197327329196
0.9139843658222133,0.9674133915432404
1.0,3.667799772457904
