alpha,s
0.34094616240210884,0.0
0.43835770367420945,0.092241046363536
0.7154556164237362,0.27260323070003745
0.9529672813643534,0.5000524457407461
1.0331191006267348,0.871792363205597
1.0,2.6567823034582747
