alpha,s
0.802702710997439,0.0
0.9413762060285806,0.048310370646904764
0.669153155967427,0.12641544637326563
0.8628393319880517,0.356274527478615
1.2293658526278866,0.7721541738709313
1.0,4.528190941492371
