alpha,s
1.177504621500268,0.0
1.2401587628798258,0.11196442062423594
1.2603252422584867,0.25782237221596466
1.1268822604041688,0.46473054547583265
1.0559161075082057,0.9229367393763126
1.0,4.022760170207988
