alpha,s
0.04954612015046516,0.0
0.12949770012167217,2.018082191780824
0.10341014299581572,3.0673972602739723
0.24192785240748582,5.145753424657532
1.112495584733179,7.04383561643836
1.0,9.4986301369863
