alpha,s
1.7827757724468272,0.0
1.2779412015858873,0.00585602990249086
1.0906168527396074,0.0463542898937776
0.9074835039039146,0.16932228935900512
1.0037595115430493,0.5156229872097445
1.0,3.665016189344463
