alpha,s
0.7991114973166634,0.0
0.745459131280971,0.09383780493186472
0.650060247477462,0.25925306970020995
0.8439217199122003,0.5750773628365429
1.1908005076137005,1.0680589903802284
1.0,3.7022238567374313
