alpha,s
1.3427521199324197,0.0
1.175134309463232,0.12160342527237261
1.340564272820171,0.29367123765426634
1.4980499653660189,0.5117921730709251
0.8114944056698313,0.8582694824388588
1.0,4.542143221595895
