alpha,s
0.0002776028519279588,0.0
0.007201717642230212,1.9709589041095859
0.008165006028886717,2.42191780821918
0.06310770519969076,4.486575342465755
0.4452259964988725,6.14794520547945
1.0,9.4986301369863
