alpha,s
1.0926231643752267,0.0
1.0148185091063537,0.12068923136053644
0.9779339424401476,0.2903165715178727
1.1142607195178142,0.5523726754387478
0.952307042120167,0.9689319021935994
1.0,5.057205175693994
