alpha,s
1.1067420677318551,0.0
0.9105596685581322,0.0696282556536309
1.3853826285994328,0.21474149373849427
1.2385941024585918,0.35695860045974415
0.6989298913847619,0.6833433771286718
1.0,2.888456927606658
