alpha,s
1.0340954208071842,0.0
1.0518129636948284,0.07759544545836358
1.2076517092972439,0.19043919920771352
1.0219540196927652,0.36709678920238303
0.9342362030626331,0.792309286523315
1.0,5.2906483140519125
