alpha,s
3.0217906671846677,0.0
1.1826836639365699,0.0053512343892488
0.970935220673901,0.055382100689676
0.9508654554764774,0.19976732993220464
1.01550296846558,0.5496975612380799
1.0,4.0790024978651065
