alpha,s
0.05668623447538702,0.0
0.24822845737939703,1.82739726027397
0.07657964374868195,2.29315068493151
0.16418981867936688,4.279452054794525
0.4743170308470704,6.277260273972606
1.0,9.4986301369863
