alpha,s
0.7799053568185327,0.0
1.0350365947159286,0.13083550477657419
1.1110036044202647,0.27282118812994405
0.7964248016567812,0.46346571128830605
0.9676321889473941,0.9435642167639253
1.0,4.130712787910582
