alpha,s
1.028098299485353,0.0
1.2860697462491701,0.07468767190282545
1.3104950120690952,0.16296706101313058
1.1115676458031782,0.3141188002196992
1.0886818713716067,0.710160852696793
1.0,3.7667391958432432
