alpha,s
0.016369473704518432,0.0
0.0828109352303408,2.204931506849314
0.05520431303874993,3.20547945205479
0.16435963222313166,4.1035616438356195
0.7000658451854138,5.85479452054795
1.0,8.16438356164384
