alpha,s
10.121024474546816,0.0
2.638066641111504,0.003947501773509021
1.6970685955660667,0.040165122957839215
1.6507476415968263,0.14908882825110883
1.0849195409165984,0.40086514257771927
1.0,3.662900955199559
