alpha,s
1.3074524983197588,0.0
1.03807162498264,0.06984678658314616
1.0061777515758423,0.19753082527982907
0.9788642299692353,0.41419601143784784
1.02635124523635,0.8606761642818068
1.0,3.870276880456178
