alpha,s
1.3479675457592077,0.0
1.2087505909909348,0.0946173775611927
1.2426802174362137,0.2379054232149743
1.1234639521082033,0.45159148771515323
1.1992905801234137,0.8810372719061141
1.0,4.954296749221991
