alpha,s
0.004417286323203731,0.0
0.0564525985678526,2.232876712328768
0.04363229350661476,2.818082191780825
0.17139588370741707,4.196164383561646
0.25892829316611776,5.697534246575343
1.0,9.4986301369863
