alpha,s
2.4709574788419,0.0
1.0937715482773254,0.003434074904212901
0.8845377517631209,0.0387354822060235
0.9607910456792581,0.1669612300543341
0.953494610042206,0.4766352515617626
1.0,4.406316213050761
