alpha,s
0.994738400271541,0.0
0.9836939930999921,0.132846702227593
0.9830846169900314,0.3113971043640669
0.8834018247673897,0.5821737836956754
1.1265992823588686,1.1355906593836391
1.0,4.247566533159006
