alpha,s
0.0061521438959852015,0.0
0.01806228826704019,1.98630136986301
0.06591601119648026,3.74246575342466
0.10092606441459785,4.600000000000001
0.5399742690916504,6.73972602739726
1.0,9.4986301369863
