alpha,s
1.0298639457744256,0.0
1.2045481695497313,0.09038515432018876
0.9371977619116134,0.20437934260388305
0.8967932418144374,0.4370149710659515
0.6855646273547565,0.8525291225847353
1.0,4.393029788779762
