alpha,s
0.8009339336936828,0.0
1.0563196543474098,0.09342992234684151
1.1692595925728573,0.19888545040940556
0.9733364679521221,0.3676130587392419
1.2429454469337604,0.778580838992198
1.0,4.045371269849372
