alpha,s
1.1450366244580075,0.0
1.0367340551833437,0.1172176610820407
1.3064372624104486,0.2905304418296031
0.9198423668571717,0.4952210788687988
1.0284567196230026,1.0246081358626515
1.0,5.663901177038765
