alpha,s
0.0014560934557189427,0.0
0.046097812997947275,1.96712328767123
0.03324678570430187,2.36438356164384
0.07265159908465538,4.19178082191781
0.3557834427434151,6.14794520547945
1.0,9.4986301369863
