alpha,s
0.8801923762131084,0.0
1.026321204638795,0.03653661532281888
1.2320084947846257,0.1344428401759726
1.0278017752786348,0.3018989543943728
1.2414335090210304,0.6768606801478696
1.0,3.3774822586781936
