alpha,s
1.059224724467907,0.0
1.0869741178265873,0.18013377000076286
0.9547247965162075,0.4035958929996583
0.9472733198002521,0.7606479040510241
1.1938113251861255,1.3773280361639468
1.0,4.151303771896314
