alpha,s
0.9606854930217467,0.0
0.9630358638418992,0.2137100746818222
1.1635072148332606,0.4752693982968867
1.1175744528742655,0.7811369379979256
1.4767486666803844,1.3430279063705775
1.0,4.753986386174491
