alpha,s
0.31521881701585736,0.0
0.4971592913243916,0.09810648121410104
0.6523715077397763,0.2525029172315228
0.777662920976418,0.504152348100641
1.1173468431544524,0.9886376833358602
1.0,4.414350925792336
