alpha,s
0.9695413487907317,0.0
1.1103217553511775,0.1311641212910138
0.9987368249683183,0.2848432333667026
0.948489497762566,0.5452489815671763
1.2373439090161302,1.0478163320296192
1.0,2.94262480151016
