alpha,s
3.494037671346215,0.0
2.0252465301739138,0.0463208414685272
1.8300533975979845,0.1496382119498792
1.2828083977466525,0.31979011333715157
1.054064976401819,0.7448916623021299
1.0,3.660346123889966
