alpha,s
0.5425797138566103,0.0
0.7099434003223271,0.12192241497869764
1.1369289658997952,0.28937623457004946
1.5652816328136838,0.4788404709254907
1.2022625024337,0.7497804700819878
1.0,2.0578637542798823
