alpha,s
0.9923942447431615,0.0
1.1321650566291348,0.072632695126806
1.1416730305377347,0.1884027853565732
0.9719225799119343,0.3789691455433024
1.25399233166515,0.846076120192066
1.0,2.7361931054395603
