alpha,s
0.4493215451586729,0.0
0.5519625110014562,0.09272410980422315
0.5471326328243397,0.28439802894759975
0.6775408220041333,0.6066359174830713
0.9281776834805477,1.151579231282854
1.0,3.251472069480809
