alpha,s
6.582650101806384,0.0
2.4217199988291203,0.0319258551816611
1.709999600662779,0.1374827053202524
1.066186267596626,0.3497851429809182
1.3409297871963481,0.9423139751362486
1.0,2.7900943385342085
