alpha,s
0.9891048728062595,0.0
1.0489371846179343,0.1303029833593806
0.9353570504108372,0.29528000928985104
1.074683893259237,0.572251073740046
1.0678506143579602,1.0176212794127182
1.0,4.4217148798419394
