alpha,s
0.09913957854628323,0.0
0.23486624232025485,1.960000000000002
0.26387939553968004,3.039452054794522
0.3239015637264402,4.407671232876712
0.8351720378457569,6.320000000000005
1.0,9.4986301369863
