alpha,s
0.7780131652524068,0.0
0.7524643551784629,0.0880364465501524
0.9941629258253101,0.25516389263034867
1.2240665516195588,0.46365049843726086
0.8547317450263597,0.8134075868827247
1.0,3.862800512729776
