alpha,s
0.009283086412948222,0.0
0.13005586001617153,1.82739726027397
0.0981169463309377,2.28219178082192
0.1981370650096386,3.7232876712328813
0.2934524715762152,5.58904109589041
1.0,9.4986301369863
