alpha,s
1.040597346416352,0.0
1.188566295210295,0.1942135022865511
1.0544989024545837,0.4067100132183884
1.0537472533858305,0.7437809613167892
1.3335273048813345,1.313348601310758
1.0,4.5668748310001845
