alpha,s
1.1449511005795554,0.0
1.0076364893932748,0.07368998573131047
0.9690877589066786,0.19739124304151262
0.9422804247088752,0.40674116752895334
0.9498341902977856,0.8253816209980075
1.0,4.177957655519695
