alpha,s
0.06353728472437928,0.0
0.15889032496125322,2.03561643835616
0.22056710065849744,3.10684931506849
0.3283880012150207,4.191780821917811
0.5311239838801536,6.13150684931507
1.0,9.4986301369863
