alpha,s
2.2605169143804265,0.0
1.0618000795489952,0.006389691586756842
1.0567783750039974,0.056435599697104724
0.8695671133915808,0.18283947905230166
0.9178308155455297,0.5605419556202492
1.0,4.386665238852154
