alpha,s
0.9663579495455737,0.0
1.0179483462105126,0.06395413737628554
0.9739516839214821,0.18954806266595442
0.8353374900381734,0.41882663761705585
1.2660206010794026,0.9380405494770973
1.0,2.668446641093026
