alpha,s
1.1584818377241526,0.0
0.9534173722914527,0.1007412897870533
1.1169349019275832,0.2709864713267849
1.101783536196942,0.4904592933512505
1.0707698129341656,0.9157730467575808
1.0,4.927560745795219
