alpha,s
0.7772496859141015,0.0
0.8927731288941299,0.11576695618871224
1.0021853879400187,0.2644928800275774
1.3024608300418172,0.4794156554451258
1.293454512160286,0.8000454075555122
1.0,4.428391863272168
