alpha,s
0.999310575193764,0.0
1.2636980131385374,0.11775037195976909
1.3733466469377151,0.24480210002437572
0.9157215587699349,0.4156713507917328
0.9426967948319056,0.8977150479719282
1.0,4.728586083893608
