alpha,s
1.925354520772773,0.0
1.345753588397622,0.0654560227990503
1.120322384482339,0.1974710942896118
0.9071519053968791,0.4292206762364384
1.4106799098648044,0.9921233392471528
1.0,3.357180834790992
