alpha,s
1.1716474550562652,0.0
1.0464928811769376,0.10086994548365105
1.1450128533160018,0.25441865144648823
1.084743726481599,0.4714234590655259
0.9806039445830349,0.887400949803788
1.0,4.163061788097608
