alpha,s
1.0312761097044771,0.0
1.063451427932747,0.11371082738937395
1.098396349801386,0.26592756694757774
1.1998639455592977,0.48762872934893625
1.1221105409818557,0.8752459108838527
1.0,4.985028802180621
