alpha,s
1.1721774292734657,0.0
1.0794908358038793,0.045017658331772
1.0949079739881409,0.1293930211447088
0.9157434697727553,0.2840610197252396
1.0082306733395554,0.686208899967525
1.0,3.4742285575800333
