alpha,s
0.2150928786620518,0.0
0.44819498322493523,0.14112714266372983
0.5814890580264207,0.31317709098708685
0.9720769637946137,0.5669897350106781
0.8946008181207479,0.9367672787163972
1.0,3.986706264163076
