alpha,s
0.27757002937585207,0.0
0.5037805969618476,0.12779668856441773
0.6481270096408963,0.2845795076353209
0.8343515111635373,0.526816168625689
1.0046221485389586,0.9819131067144495
1.0,5.05636707940329
