alpha,s
1.3060888419722088,0.0
1.140803545869275,0.09826997896712744
0.9327701085910297,0.2500218561486819
1.1361786094661706,0.5236703259835476
1.0645443270088495,0.9612645288333318
1.0,4.601547269220898
