alpha,s
0.015206700280828525,0.0
0.04567740466783119,1.9709589041095859
0.10383414344642876,3.28767123287671
0.11132376227303038,4.2027397260274
0.9091116832472259,6.144657534246575
1.0,8.22739726027397
