alpha,s
1.1057704759325253,0.0
0.978187594486737,0.11659592014601194
0.959254341960682,0.2939651949405362
1.064432085927785,0.5636146102316476
0.9789653180778802,1.0278992618388825
1.0,3.907294844607213
