alpha,s
3.288303996984514,0.0
2.2037227130795496,0.05066247861926768
1.7123183878112123,0.14762524903532595
1.8888575251276793,0.33567424423346254
1.5310677891025921,0.6307687074786784
1.0,2.2918374400050388
