alpha,s
0.9222990717003088,0.0
1.0209591178257007,0.13220018994708166
1.0416759621346183,0.29596301661007846
1.4160118422810695,0.5262332393323883
0.9324855365636845,0.8261310274761229
1.0,4.842287648369178
