alpha,s
0.043826615513842274,0.0
0.07984440776657821,1.883287671232874
0.24007684715614083,3.74246575342466
0.16295365785348778,4.359452054794522
1.0778429652507981,6.549041095890413
1.0,8.22739726027397
