alpha,s
2.526042272585899,0.0
1.1626262841019448,0.0038754392156070444
0.9030422389948916,0.04307596421439002
0.9168902038070781,0.1661400358820703
0.8970703145097226,0.49668141025147383
1.0,3.892629346129464
