alpha,s
0.9225484223545105,0.0
1.0442041388902108,0.11409675395838138
1.0258979968457225,0.2608715855116929
1.2477030774883882,0.4999223740104935
0.8838076256175083,0.8604183493791526
1.0,5.29320866079821
