alpha,s
2.0167109622688772,0.0
0.7029061148757656,0.0352223812984175
1.0249342393302907,0.2007572215033964
0.990919496159278,0.4020122598787107
0.9284281509492142,0.8394240348688421
1.0,3.812023227490537
