alpha,s
1.1108157929525446,0.0
1.1800964552592474,0.11813518636146023
1.0973074348568577,0.2625405754718917
1.0644005423615717,0.5048275017175615
1.0739406000849,0.9399457269808372
1.0,3.856260239175623
