alpha,s
0.40184876840210365,0.0
0.43828122687440507,0.08765682671568248
0.4393384946673016,0.2452664692088695
0.5550303590291791,0.506919865110195
0.2887593842430417,0.8956238460620558
1.0,4.580954483844268
