alpha,s
1.343586178945882,0.0
1.7787072068097034,0.11116792116818845
1.6226312956536895,0.21571908271682516
1.253844551488351,0.3977783520674112
1.2357480941015693,0.8186870944675281
1.0,2.928620127257747
