alpha,s
1.2194983294607042,0.0
1.1907073568497701,0.15951930079687912
1.2997779221562382,0.36552164285968103
1.004758908071278,0.6258476590328158
1.1682364913397565,1.2358400244547767
1.0,4.963485395754572
