alpha,s
0.9714655417990091,0.0
1.2264816954294266,0.1363177678297512
1.0350591312417718,0.2827886364745168
1.3087098677540006,0.5492787546777087
1.5133335948895557,0.9558147912691192
1.0,3.342243900888157
