alpha,s
0.008898594214224145,0.0
0.07466256852061418,2.318904109589044
0.12226035410184487,3.20547945205479
0.33320622568484987,4.19178082191781
0.46816729833470294,5.15890410958904
1.0,8.22739726027397
