alpha,s
1.2394564278568545,0.0
1.14100211280721,0.09789187308565611
1.0634058036547511,0.23826803107577713
1.1736412648366015,0.47706401454883696
1.205870303759761,0.891412372744425
1.0,3.2540424603846847
