alpha,s
1.1755958045808024,0.0
1.1793114819454638,0.1047340050177333
1.166779913784183,0.2426152774519884
1.0593360106848817,0.4531909105321115
1.000678197511526,0.8853167029318313
1.0,4.604984397275785
