alpha,s
6.406511332464811,0.0
2.2384468126061843,0.0277229143108308
2.2139797039879068,0.127149703526711
1.3520535822041928,0.26831262160835473
0.8888152775038896,0.6617200367902412
1.0,3.242898068881197
