alpha,s
1.7341495372838736,0.0
1.7285713845509487,0.11576695618871224
1.691309704314321,0.2644928800275774
1.875479527973017,0.4794156554451258
1.5325215229213396,0.8000454075555122
1.0,4.428391863272168
