alpha,s
0.9927494790116136,0.0
0.799717639081338,0.11640461306495486
1.1801764379736028,0.31034055585876796
1.076459283539098,0.5239131200103526
1.2096952654844586,0.9631428469814535
1.0,4.382490065849157
