alpha,s
1.9634529587591023,0.0
1.5418948623575357,0.07839843982047497
1.3891350149127244,0.21042091408473967
1.452526828592887,0.4273674889724526
1.7198342747904005,0.7941908894191583
1.0,3.296227392535743
