alpha,s
1.2356412123911922,0.0
1.196512167350382,0.04910667625761372
1.2075175035832961,0.13233895467199908
1.0810339981171746,0.2836734349231667
1.017107278751102,0.6359880681659819
1.0,4.0328847469179
