alpha,s
0.29298224226420694,0.0
0.5494269409006498,0.1044796985530304
0.68323401760333,0.2435187726282127
0.7859985628742526,0.4726916994813692
1.0052316769069578,0.9345328443773592
1.0,3.39922732384851
