alpha,s
0.01366316544811849,0.0
0.04670516865546962,1.168219178082196
0.05307350861370141,2.190136986301368
0.19446425657849498,4.198356164383564
0.5217794648833126,6.128219178082195
1.0,8.22739726027397
