alpha,s
1.3275574713076215,0.0
1.171724705965569,0.04697094560227793
1.1223691856443663,0.13159691449742072
0.9650630693958272,0.2880779345490916
0.9297524492605986,0.6959763977760366
1.0,4.427411744265382
