alpha,s
0.43513177701295436,0.0
1.0404024058084989,0.09611377683688388
0.9212599592202216,0.18134541700768364
0.8526935733540082,0.37231790454366775
0.7785018064924124,0.7497450815571568
1.0,2.9869283850293256
