alpha,s
3.3751666597610064,0.0
2.4986646909914376,0.0541214405303695
1.5479355746636925,0.1452549214763537
1.3024184365767892,0.3566989587549391
1.4054480006412762,0.8370302135012683
1.0,2.8712617930621174
