alpha,s
0.6711830825414782,0.0
0.846828894940371,0.08064936866735595
0.8955109063920127,0.21259995825154193
0.8729353292433788,0.4371864757426678
0.9869184272585952,0.899756854757449
1.0,3.895413283643776
