alpha,s
75.64703487733972,0.0
7.721147324213199,0.002909037591462281
3.4208204790056547,0.038322322111087125
2.013318960795404,0.14578144820300928
1.2446025367534341,0.4485409204546227
1.0,3.6595089084927857
