alpha,s
2.690083743847682,0.0
1.2836972568830083,0.0319258551816611
1.0951441122343053,0.1374827053202524
0.802558712819889,0.3497851429809182
1.1480239925489533,0.9423139751362486
1.0,2.7900943385342085
