alpha,s
0.9970395367094632,0.0
1.0890423064379715,0.0871704418795196
1.0574540417357383,0.21626042342001087
1.0210340747282816,0.4304228964651048
0.8377734933336325,0.8615565853038091
1.0,4.695669252343047
