alpha,s
0.9671566161735332,0.0
0.8117323078121476,0.04142407688707057
0.8050826402741851,0.15807092144037962
0.760798001954451,0.36019664635656623
0.6685673510615521,0.7992001331298089
1.0,3.815851791986495
