alpha,s
4.065637758873398,0.0
2.3972283217158634,0.044020487998413425
1.8172725212024583,0.140828309192449
2.273268928716284,0.32392709762103267
1.4954375170109402,0.5855862828324836
1.0,2.70175970378786
