alpha,s
3.5403848421997437,0.0
2.6564245841635,0.03986866971089018
1.592687370085193,0.11086104944145596
0.9160342701976626,0.29081613708193343
1.4263186620954855,0.8048487942452807
1.0,2.832264554545353
