alpha,s
0.47204954918250963,0.0
0.6905970001554823,0.10904565627227984
0.5831170334245432,0.27311861717267427
0.8566213637570274,0.614006768520981
0.7932304700097212,1.1000866742482314
1.0,3.1114513273647733
