alpha,s
0.35760018631988155,0.0
0.6266203363831587,0.10486019697001127
0.7008502843050984,0.23863843145315133
0.9686989270854763,0.4924631194640745
1.3298503994509967,0.9206635486275762
1.0,3.6839267922668864
