alpha,s
0.8020321978327503,0.0
0.9092212971627,0.1561677753044333
1.1072585463532059,0.3432491695206416
1.1107862610905455,0.5729743582137539
1.110625432701558,1.0106043786437224
1.0,3.225441034691144
