alpha,s
0.8544612708211774,0.0
0.8209175057670147,0.10409575761557595
0.9218326117360472,0.27299456332285554
1.1812938218970732,0.522211683015315
1.011801083152542,0.9002787479614158
1.0,3.652266110859236
