alpha,s
0.8220345025220892,0.0
1.0721187000374797,0.1316715444221499
1.0506645197338926,0.2808832631372135
1.172055691130983,0.5020104072450681
0.9477373615702187,0.9217562609543075
1.0,3.7963160704275936
