alpha,s
22.41625372195073,0.0
4.405448054297332,0.006412784204920043
2.7232600654033297,0.04838702172514292
1.2577246132420246,0.15141040387644356
1.4788674942257465,0.5491650843270497
1.0,3.255191905262501
