alpha,s
0.3301788965295531,0.0
0.6227844138823496,0.11328948911723727
0.8390851641854146,0.24708399110413573
0.7852571900913693,0.4450443261644885
1.2344721927871753,0.9641169083778243
1.0,3.945398841773504
