alpha,s
29.638983710793582,0.0
5.470181649783519,0.0049731939830436
2.853125139232071,0.0404823148502362
1.8525554895493277,0.144282734729476
1.5333320877700645,0.4428175428469486
1.0,2.77628289152706
