alpha,s
0.5508178982594385,0.0
0.6185322130297931,0.1079016226211314
0.6149276829502272,0.2597788485508276
0.5779914858573806,0.526745411780475
0.36702172292953966,1.0255726007243473
1.0,5.277571421354397
