alpha,s
1.2534258615162408,0.0
1.198856286023664,0.102848254953083
1.0629738055480311,0.245841066347362
1.3747099712454098,0.4937821395738648
1.2103367516282821,0.8594580389595472
1.0,4.739103083059691
