alpha,s
1.711034311277736,0.0
1.6435727802920006,0.08514018386737138
1.2698534130108257,0.20605055849563889
1.4287588327547538,0.4337018408457181
1.307600695667609,0.8256135128541822
1.0,4.36523437328383
