alpha,s
2.965786383097087,0.0
2.2863406169867515,0.04437178051247048
2.1237962259011414,0.1213728275060942
1.403623694605808,0.2504087245939882
1.1984063994744527,0.6370003304865561
1.0,3.511814479794086
