alpha,s
1.0581559936724798,0.0
0.9685519237734568,0.06898299011132239
0.9938275970123818,0.20445199367078185
1.284389979783146,0.4232490165206524
1.1725617216000146,0.7625826519827111
1.0,3.45762665690764
