alpha,s
0.9566957216524931,0.0
0.7912549642671067,0.10470857774990774
0.8928245327663235,0.29702833664743183
1.1369605094501571,0.5698742921080967
0.970037283592087,0.9791961224657943
1.0,4.626490689189229
