alpha,s
1.1347930838966376,0.0
1.1070261834035129,0.06013255858449157
0.9423258995657531,0.16681708997766617
1.3872317597438593,0.3900087466047201
0.9874968041707957,0.6593835107943038
1.0,4.170840447843309
