alpha,s
1.001776814035108,0.0
1.0193659638795838,0.04496374889025034
0.8881599894059209,0.1451183090016146
1.341824843512093,0.34901656157653854
0.8136868783938223,0.6541647207091352
1.0,2.9493065081283807
