alpha,s
1.776006867800302,0.0
1.0658284577186479,0.04162203066446644
1.1440083242914183,0.16045345050043094
1.0003851949322824,0.3448208635925985
0.7512831756238676,0.731555421975108
1.0,4.240532818282173
