alpha,s
2.1718784508574434,0.0
1.2282386518527622,0.07284685686319034
1.9222556091775092,0.25207615755306145
1.3667152468855228,0.40640621666025706
1.6906097934244664,0.8109442617269608
1.0,2.4535614133593517
