alpha,s
1.2777984107175075,0.0
1.1264635374200576,0.06572015493499264
1.3668900840350453,0.17539832237443956
0.9511214465950806,0.32518147638548206
0.7927326346445047,0.7304290175464683
1.0,4.772288482330037
