alpha,s
1.0357565158836926,0.0
1.0525902800191995,0.11961542101882269
1.2080004358697758,0.278007256131614
1.2622228505031656,0.49918487625254865
1.0236047087607432,0.8712182121717884
1.0,4.961724996181261
