alpha,s
0.9081785905845428,0.0
1.0236426396398883,0.1399983182957584
0.9711921061020622,0.3100931088212931
1.1588572986925356,0.5688000707731196
0.9319377237341756,0.9744182064342343
1.0,4.18459138178545
