alpha,s
1.029386325652206,0.0
1.03475843718594,0.046695951613592614
0.983811692283886,0.12941980509512804
1.0134175248502657,0.2957741811990276
0.9687122175687298,0.6473235608271699
1.0,4.465573401626964
