alpha,s
0.09526898928044525,0.0
0.05626828967296806,1.3041095890411
0.2630352430507264,3.793424657534246
0.2324383136129196,4.810410958904111
0.6036240436985715,6.806575342465755
1.0,9.4986301369863
