alpha,s
39.92786207393998,0.0
5.617794986417035,0.00304299199089092
2.306028960277237,0.03338544891318268
1.6554538461741999,0.1501727870580801
1.1498246127447227,0.4674969043900154
1.0,3.978087842558704
