alpha,s
0.07307215314834527,0.0
0.07693660806767137,1.316164383561648
0.17467657004832057,2.9304109589041105
0.2919934217301049,4.208219178082195
2.452461119977041,6.13150684931507
1.0,7.07397260273973
