alpha,s
0.2633673182779709,0.0
0.5039624736680048,0.11783945325294877
0.6922898180990824,0.2648043523211883
0.8900320794880903,0.4915784615571455
1.0465381334181731,0.8882755187200772
1.0,5.103988933831208
