alpha,s
0.008969064413608677,0.0
0.04760949507568995,1.82739726027397
0.08387189571515895,2.6860273972602773
0.08949379306202451,3.82739726027397
0.4002580779376077,6.33972602739726
1.0,9.4986301369863
