alpha,s
1.1520858152956492,0.0
1.0666835941160855,0.1077586734152175
1.5018257786361715,0.2630219434272671
1.046270023378648,0.4297298866029172
0.9281754268234801,0.8844158810588844
1.0,3.393353898135388
