alpha,s
1.190372658874272,0.0
1.0647767186637878,0.09550229823678383
0.9780021713303136,0.24021710275802813
1.1571852984503594,0.48904399285132844
1.0351567567927953,0.8925011440438594
1.0,4.262421936248389
