alpha,s
0.6643238957855199,0.0
0.8551471143970567,0.1260902133861116
0.9618579905876166,0.27778567829651435
0.6900773102781789,0.48796423130713285
1.0417324946340587,1.0604148809610723
1.0,3.70455521146506
