alpha,s
0.030397187709712777,0.0
0.06306911319038146,1.9917808219178061
0.1999502976950561,3.491506849315067
0.1477467884176725,4.39452054794521
0.5290221292585725,6.107397260273971
1.0,8.22739726027397
