alpha,s
0.0010681845366185636,0.0
0.009816309915149115,2.01917808219178
0.05163423659875575,3.01095890410959
0.07173457670229566,3.818630136986305
0.44107302415358335,6.349041095890412
1.0,9.4986301369863
