alpha,s
0.9125683895757267,0.0
1.2826165804299297,0.1469179380753903
2.0333402377438365,0.2942052838319819
1.1066910379151451,0.4400255270323265
1.2478732376909654,0.9376870577442286
1.0,4.505586021424279
