alpha,s
3.265318653154313,0.0
2.1304831725591105,0.05283032862572395
1.681103888092915,0.15877543563185492
1.6377310040698525,0.35078461887834844
1.2245344625366186,0.6826177780589384
1.0,3.758939145246485
