alpha,s
55.261544822832924,0.0
6.160133439003399,0.00401979256147952
3.0796920596661517,0.04783034934712114
2.1297138846532095,0.16949873943596275
1.4117031106295088,0.47403447085650313
1.0,3.4046761235624965
