alpha,s
0.028256378482371315,0.0
0.05951555810179516,1.82739726027397
0.07533907267497028,2.6860273972602773
0.05413813660102228,3.82739726027397
0.20324900202903254,6.33972602739726
1.0,9.4986301369863
