alpha,s
0.5384865149424474,0.0
1.090677006690057,0.11403096643879124
0.9387559063041785,0.2114527189581732
0.5181756142894344,0.3932316826856398
0.4526144779940306,1.0556111866037716
1.0,4.914069648236523
