alpha,s
0.5949627604974336,0.0
0.6789616020183108,0.1311264574522158
0.7111176293435207,0.3000485488184163
0.8351502384241223,0.5620236931872491
0.9679073882461848,1.0401459099095511
1.0,3.618485204088106
