alpha,s
1.019192437037341,0.0
0.8606196176988473,0.12105197483344274
1.1932797347657251,0.31332296108703145
0.741228401200065,0.5287206825456445
0.7923835178427263,1.1636082379139392
1.0,4.68585990991134
