alpha,s
0.053787032521836295,0.0
0.13903751461862376,2.290958904109592
0.39210369909942144,3.670684931506852
0.3750422328146175,4.403287671232878
0.6162077114811865,5.94520547945205
1.0,9.4986301369863
