alpha,s
1.0896073513062399,0.0
1.1766495305645808,0.1267978734024272
1.2493082443403893,0.2839639970801859
1.206036290381897,0.5046996530133304
1.062575984738585,0.9204417753999944
1.0,3.5592583913335143
