alpha,s
3.3328795769376875,0.0
1.7217631180954542,0.045087827563244434
1.620760056215743,0.15523737687169642
1.053486723204631,0.3322414803657287
1.167901943924548,0.8370645450507349
1.0,2.6968229305320945
