alpha,s
0.2860870606676976,0.0
0.5021922548227514,0.10526650539606379
0.7007236045380554,0.2601275867001186
0.865824108334138,0.4768968959051159
1.0698425466200443,0.9154157023358446
1.0,4.603325897818464
