alpha,s
1.068360677245631,0.0
0.8477958007987969,0.0949342643418733
0.9386407483965593,0.2709161846493275
0.8439829126684262,0.5274437021089599
0.9455700601642838,1.0684966000470422
1.0,4.699879302005354
