alpha,s
1.2214182296016134,0.0
0.511302407245563,0.02462944480620204
0.7564527788393804,0.1923945432028328
0.765005184983196,0.41753113813812937
1.0267062048520341,0.8953638873596744
1.0,2.851518475975626
