alpha,s
1.1478993360684704,0.0
1.2356616893997907,0.10486019697001127
1.021700840181392,0.23863843145315133
1.151923724951062,0.4924631194640745
1.3325622359491935,0.9206635486275762
1.0,3.6839267922668864
