alpha,s
1.5648372729325786,0.0
1.1551610447378178,0.0726146850783268
1.149351363955967,0.21439502782803727
1.130712147301905,0.42620889706625814
0.8951204367154986,0.8358352239788367
1.0,5.453033030809706
