alpha,s
8.40262805305885,0.0
2.141292898919629,0.006412784204920043
1.6683802683869962,0.04838702172514292
0.9268778808409035,0.15141040387644356
1.2864314887709938,0.5491650843270497
1.0,3.255191905262501
