alpha,s
1.0731746007507683,0.0
1.2251031948736275,0.0892368817855227
1.0642090706871796,0.2100974261205094
1.14083904135065,0.43369249046368674
1.0434693448796248,0.8336369579881903
1.0,4.216437877435382
