alpha,s
0.0002443892075249992,0.0
0.004275701515308651,1.901917808219178
0.04221834548076232,2.8931506849315083
0.0703218022331173,3.74246575342466
0.669871782417905,6.577534246575344
1.0,9.4986301369863
