alpha,s
3.9778266555176356,0.0
1.64529152472209,0.0336734260874784
1.5016064360258417,0.1447664888669593
1.447942129112757,0.32867282555432453
1.3157386567951819,0.6984720104773955
1.0,3.804232756541087
