alpha,s
0.048156131376781354,0.0
0.2025087759257657,1.82739726027397
0.09407226847675307,2.315068493150688
0.17349654357860983,4.022465753424658
0.45116017075990406,6.296986301369866
1.0,9.4986301369863
