alpha,s
1.1227938917670535,0.0
0.9855518944046067,0.11731048377774073
1.101339011038034,0.2973824319275487
0.9967221083838335,0.5358264603040184
0.9686278900645305,1.0300247876465454
1.0,4.326788087210103
