alpha,s
1.084861574459402,0.0
1.1289459048922676,0.17704382720741363
0.975314179195456,0.39754820888167797
1.1954013675977044,0.7529182665514211
1.1442926943659197,1.2267968302983168
1.0,4.635821157183156
