alpha,s
2.1956188576366897,0.0
1.2716254767999824,0.07343138119569732
1.847480208944683,0.23144664157002567
2.060479517505791,0.39265634618150597
1.0513966342590069,0.6428137165942235
1.0,4.213983731932846
