alpha,s
0.5884469524831805,0.0
0.8077778229642685,0.1069151079928869
0.884069079091793,0.2332715475618113
0.9686340539180629,0.434256659785423
0.9385320573003849,0.8009825001203882
1.0,3.1901765283538195
