alpha,s
0.5090474493082209,0.0
0.6936176665761562,0.11328948911723727
0.8208280766276272,0.24708399110413573
0.7111236505404158,0.4450443261644885
1.0894316746397503,0.9641169083778243
1.0,3.945398841773504
