alpha,s
0.3015261248164823,0.0
0.45539858700309244,0.10844110311395753
0.7021379890073451,0.2698448704076621
0.8765945717921448,0.489534141176496
0.9682626955416629,0.9171981367360025
1.0,4.125250631454199
