alpha,s
0.4873286390303115,0.0
0.49198784124639217,0.06795221381355898
0.355998954798362,0.18836472874546845
0.33580086357811706,0.4472506760905105
0.14209260641788402,0.89848219161111
1.0,5.353543943629799
