alpha,s
0.00865614337572499,0.0
0.03584974920733818,2.03561643835616
0.060705309573800416,3.10684931506849
0.09246494998290236,4.191780821917811
0.12511001463496624,6.13150684931507
1.0,9.4986301369863
