alpha,s
0.03568106626764892,0.0
0.1579834748056927,1.82739726027397
0.08082179525954443,2.315068493150688
0.1729192101719167,4.022465753424658
0.4708613735095114,6.296986301369866
1.0,9.4986301369863
