alpha,s
1.0366815164758052,0.0
1.3090345335462972,0.12260997574742581
1.0698592628037984,0.25234126613832314
0.8784835845305243,0.490725789999032
1.2067249461664142,1.0391533783254856
1.0,3.566154545696889
