alpha,s
0.011894677414227162,0.0
0.05535474619442909,2.01917808219178
0.10639697788036226,3.01095890410959
0.12107983935006396,3.9473972602739726
1.8037646559492404,6.185205479452055
1.0,7.16986301369863
