alpha,s
30.330358995464522,0.0
3.7899318854550423,0.00401979256147952
2.1433313684540396,0.04783034934712114
1.6591201855939486,0.16949873943596275
1.249904424439432,0.47403447085650313
1.0,3.4046761235624965
