alpha,s
2.6202766177184884,0.0
2.144501840111251,0.0642932134547165
1.7127892225347747,0.16656753976860608
1.3883991347435596,0.3514079711368856
1.2613274771837766,0.740992751336175
1.0,3.8578344144253927
