alpha,s
4.617125114255793,0.0
2.324141283229292,0.045527571574010245
1.8753306449136846,0.16008643097264658
1.769968434562869,0.3515988873640102
1.2049629878599124,0.6965419920573089
1.0,3.5009440354892427
