alpha,s
0.597496097092109,0.0
0.5939624868220882,0.1061583203686804
1.1274291049455798,0.3332275653415388
0.6344646037183387,0.5127659746893191
0.8258835507072236,1.1713424155875802
1.0,3.446548969027486
