alpha,s
25.297102652872486,0.0
4.839771878429572,0.0049731939830436
2.612110993420858,0.0404823148502362
1.754492700277455,0.144282734729476
1.4967434125502244,0.4428175428469486
1.0,2.77628289152706
