alpha,s
0.7186809161754407,0.0
0.7151629463461608,0.07749698691491462
0.9007198720329134,0.23705152659060255
1.0896117241924017,0.47481845694503705
1.3788785403382577,0.8956512740578589
1.0,2.5148716213005726
