alpha,s
45.825896313720186,0.0
7.843812606105639,0.0049731939830436
3.7562581372325208,0.0404823148502362
2.2207120004694336,0.144282734729476
1.672001919623313,0.4428175428469486
1.0,2.77628289152706
