alpha,s
0.8334735209910895,0.0
0.8400146165303443,0.22262565191855213
1.163537063619208,0.5199789957777052
1.4789721680214916,0.8152169660801678
1.2032701055145345,1.197884616217054
1.0,5.1143673680864135
