alpha,s
0.0021653297536465364,0.0
0.028923957203651752,1.6887671232876706
0.06216173470534178,2.438356164383562
0.11855867006302333,3.809315068493148
0.4969822531953473,6.35890410958904
1.0,8.16438356164384
