alpha,s
4.416430510223801,0.0
3.1396152650318134,0.03986866971089018
1.8009843495582045,0.11086104944145596
0.995932674993833,0.29081613708193343
1.4844936959636912,0.8048487942452807
1.0,2.832264554545353
