alpha,s
8.9911357878775,0.0
2.078943641359568,0.00529933097394684
1.1994223924415464,0.044981701749766755
1.0443676741420953,0.17307989344241068
1.083611748566994,0.5205143144178094
1.0,4.569716671557845
