alpha,s
1.2916551605738589,0.0
0.9779773545425959,0.1001465845786147
1.1741910969011062,0.2803130580288684
1.0827711524194568,0.5050021900841287
1.2616784388363464,0.9680537074249288
1.0,3.9727255189086574
