alpha,s
1.173418465537281,0.0
1.016227688935349,0.09533651742151561
1.0217274931294822,0.24958965267349015
1.2759566200049004,0.48336368336655
0.9755986503407287,0.8340263638096698
1.0,3.748190172557414
