alpha,s
0.9932185829768455,0.0
1.1734319209211908,0.1060226042241053
0.7720163999318153,0.2297564203411723
1.1851031667480711,0.5217097936065386
1.088707064057136,0.8877877753386658
1.0,3.0840085317306314
