alpha,s
0.9565140135200251,0.0
0.8520837591468635,0.0885087631233073
1.0023815954367175,0.2537924237322844
1.024319650330001,0.4800308966387308
0.987595204247548,0.9270288738835132
1.0,4.0693146256816926
