alpha,s
0.9773270353495714,0.0
0.7856780603926231,0.1313292746263806
1.3899817648822772,0.3510282254214926
1.312931681812268,0.545030897689713
1.5472389212011763,0.9159820051251452
1.0,3.003082570166767
