alpha,s
1.1740860027127236,0.0
1.1685500327033507,0.07781808760843574
1.289047253836847,0.1949843218941749
1.130127089636896,0.3666644683694684
1.1838752031346105,0.7554045310441226
1.0,4.47012880277619
