alpha,s
0.8076390995932163,0.0
0.6820146689563266,0.07898102032616879
0.8460294613985501,0.2471696693099279
0.8122824685737309,0.4684343942453035
0.5240259977834917,0.939338513821184
1.0,3.7916145881860697
