alpha,s
1.171752085014509,0.0
1.142952157079663,0.10041245210730605
1.163302874873336,0.24167551828549233
0.9320191279001179,0.45543532246830437
0.9729679315099761,0.9490642271989511
1.0,5.336506831831714
