alpha,s
0.012901380941102254,0.0
0.14856221328583238,1.985753424657534
0.08526643338398857,2.48767123287671
0.14768050211275932,4.2027397260274
0.8376998821875231,6.2169863013698645
1.0,9.4986301369863
