alpha,s
0.8228621921408409,0.0
1.0063886898575634,0.090728821516771
0.671618223334346,0.22108517203839978
1.0667324461642929,0.523047646926539
0.7722342205909618,0.9385766171487233
1.0,4.418889384440503
