alpha,s
0.9844801069436808,0.0
1.1301667102012647,0.1352640337350282
1.2549676507422132,0.2932498346484645
1.0222652278077797,0.5036701066288726
1.0719711815963193,0.995555351714973
1.0,3.463235465036383
