alpha,s
0.4866511511868636,0.0
0.5633465292008131,0.08113565269790882
0.5652639644924228,0.24973625134494115
0.8171495093171892,0.5409129736122569
1.0032747954138153,1.0162152175210164
1.0,2.9760351191298486
