alpha,s
0.9972658442913359,0.0
0.9832694630201098,0.1911052280898673
1.0675891134255164,0.43868697997497097
0.9963860299478691,0.754183438035282
1.167608440188672,1.336865891808845
1.0,4.865301092889814
