alpha,s
1.14514506221203,0.0
1.0051566629645237,0.16638942332464432
1.1042581980201864,0.41140581542609633
0.8422319307739415,0.734094283603354
0.9366708738742354,1.422121803347768
1.0,4.216820143058282
