alpha,s
1.1840295197958888,0.0
0.9926602654237792,0.09605578180444588
0.8799329587079623,0.2520344796805188
1.0137110604058615,0.5245651523580478
1.2471263992238126,0.9748736785719914
1.0,2.7444289791325724
