alpha,s
1.0361016245929293,0.0
0.9380077608425179,0.10844110311395753
1.0793121428696026,0.2698448704076621
1.0804889075201969,0.489534141176496
0.9886465719574218,0.9171981367360025
1.0,4.125250631454199
