alpha,s
1.4037908699704673,0.0
1.2404705528250548,0.04007913730753122
1.06377993516858,0.11521641430754245
0.9760457579012649,0.2757719982539982
1.0990861288201386,0.6588246052106648
1.0,5.618862864128248
