alpha,s
2.400704495511942,0.0
1.7772832598240176,0.038297013535808506
1.0176752971529763,0.12259576291462956
1.5371684984779652,0.362850066798445
1.544183003184843,0.6749804749604333
1.0,3.382350380038776
