alpha,s
1.1458759041973914,0.0
1.0573478945771193,0.10899136476929062
0.8074417087673587,0.2683098355925693
1.0844801983396135,0.5911299759459478
1.0459990260065155,1.0353873684016996
1.0,4.277097010063101
