alpha,s
1.0134782378428302,0.0
1.4105755234775195,0.11933408347860598
1.2040566747561867,0.23728869173735423
1.3914878968956388,0.4468956131019103
1.148043962217255,0.777627350889756
1.0,4.201754192755516
