alpha,s
5.826331818401246,0.0
2.225636254132344,0.0020155356800113204
1.3323275049694863,0.024173343179289573
0.9939230373760585,0.11230088794117271
0.9338330486249469,0.4321659936800736
1.0,4.186331740062847
