alpha,s
11.44798052257624,0.0
3.36195039649885,0.007925421622046522
1.917734497412384,0.047754247548204676
1.2009764929838642,0.17055465125831998
1.3682754720569246,0.5471373601146525
1.0,3.8815655208443753
