alpha,s
0.9365441655714469,0.0
1.2280621595834966,0.21910141847019476
1.0721752437010343,0.43338719322339136
1.3880515758564682,0.7713920036092831
1.2023571320609223,1.2273444702791372
1.0,3.9924456251055247
