alpha,s
0.3615171871495606,0.0
0.6774493190107816,0.1589757544892985
0.7797911087456263,0.3345464832855209
1.3071417128968499,0.6148860359106348
1.5765482163949822,0.974556483185686
1.0,2.6491495741672844
