alpha,s
1.1265312743059872,0.0
0.742498666676141,0.03985500731197098
0.8499966530713448,0.1651904572918089
0.6286287730562876,0.3709583576327601
0.9908515189625332,0.9550468659399979
1.0,3.0360155903156256
