alpha,s
0.6806998799800996,0.0
0.8518192096466732,0.1434620175054259
0.8211789029136081,0.3142322684271481
0.867751302917688,0.5867944741875282
0.9024984686462124,1.102641638683428
1.0,4.252790939945011
