alpha,s
0.8212307944649259,0.0
0.8745839857785304,0.11258919961870363
0.614011482550752,0.2777093595390868
1.1616566486344482,0.6592468754837368
1.1884788912373123,1.0367627028246909
1.0,3.1170874589883644
