alpha,s
1.2657368732276124,0.0
1.0863235720459732,0.09821702326089392
0.7814679791822979,0.2514468562520359
0.7997379712594795,0.5746734088212063
1.0252821528246507,1.206728864926448
1.0,3.9846348147380746
