alpha,s
1.7183947948552876,0.0
1.0274345506677405,0.08622656528917436
1.0058288249411738,0.28164019781894706
1.4379774408301904,0.5944702872989365
1.2490714190539896,0.9571985962891817
1.0,2.8613832105551693
