alpha,s
0.36806659697093075,0.0
0.37687171530757035,0.1232080125185826
0.8531983931898995,0.3677413156453185
0.606940543090436,0.5749860022932627
0.9232249354734267,1.2144280639222498
1.0,3.7187737441263415
