alpha,s
1.9290319122440565,0.0
1.943029553647186,0.03833869538538384
1.222951224514023,0.10432745948209828
1.1214240948816614,0.2819021601666555
0.8988209842727642,0.6625985727414203
1.0,4.143769209682702
