alpha,s
1.389291215760674,0.0
1.3050678593290255,0.06207888395881493
1.2157969246172382,0.15684226994660264
1.184960799649841,0.3311023627956542
0.9005871190009598,0.6781635568328984
1.0,2.987552139199767
