alpha,s
1.0183774848105565,0.0
1.2122049441003582,0.13263565047771173
1.0542964756926545,0.2847053558077082
1.083079625593956,0.5378631196860265
1.2467455829380454,0.9908640576784853
1.0,3.930710185540871
