alpha,s
0.023730868885210563,0.0
0.06808759038753617,1.999452054794518
0.10529496940073547,3.035068493150686
0.16527499285352326,4.453150684931504
0.47569213561446155,6.14794520547945
1.0,9.4986301369863
