alpha,s
20.85672230306434,0.0
4.099640772326957,0.0046864702546435
1.8987905176503497,0.0387514233802279
1.3576719690103527,0.16212633547685731
1.1491843172243823,0.4945150452114129
1.0,2.8502890968368675
