alpha,s
12.340090144824968,0.0
2.8153465226037735,0.004919395870771461
1.5518628588008214,0.04390719451112511
1.363809438779137,0.16958334286716717
1.1188650936886264,0.47213172229929956
1.0,2.992318142422081
