alpha,s
10.605772117319203,0.0
1.989713452734005,0.0041686939259852
1.2877094366494837,0.051444346250044584
1.1891854968485456,0.19245530816700604
1.1387016996402284,0.5293678066905743
1.0,3.363205768805829
