alpha,s
0.015875211227505674,0.0
0.06391677632050566,2.7753424657534267
0.07981392848318082,4.17260273972603
0.4105475784372018,6.14794520547945
0.4210205928208652,7.04383561643836
1.0,9.4986301369863
