alpha,s
0.00031273112977311105,0.0
0.012614068605197265,2.031232876712326
0.1121470530229928,3.59178082191781
0.1789564558063176,4.3227397260274
0.9151032293713164,5.94520547945205
1.0,8.17808219178082
