alpha,s
3.0188822285684798,0.0
2.102428769797191,0.050905493477097
1.3941587714740864,0.1448313092822347
1.4987901472946388,0.34965783538103773
0.9901085774050785,0.6927571182328236
1.0,3.048281295983496
