alpha,s
0.9827092261151792,0.0
0.7653982061422913,0.04909130867698068
0.9884060012592051,0.1545724735571137
0.8357180656722076,0.3147466765653674
1.1386266234525382,0.7161510181616397
1.0,3.746940445635924
