alpha,s
1.1810364029349025,0.0
1.194637558912105,0.09758107641676868
0.8692576393699559,0.23127802778856682
0.9397119033213868,0.5196187738430972
1.3648025623881659,1.0635306311815325
1.0,2.759325669480426
