alpha,s
1.2382008557132322,0.0
1.1143564998769364,0.07032109816477326
1.095906866997096,0.1846299592831576
1.1147031261319207,0.3738008714748897
0.9854337187107126,0.755319683399467
1.0,5.230084158827127
