alpha,s
0.8099184410190344,0.0
0.6989987717121945,0.0852515976722711
0.7362348572945404,0.2637548980010711
0.9655825533018595,0.550722675236967
0.9810944116572725,0.9879441956714304
1.0,4.123392768110689
