alpha,s
0.3356586363511022,0.0
0.6104476343793609,0.11196442062423594
0.8093737711023832,0.25782237221596466
0.9365842395727572,0.46473054547583265
1.0508678492047996,0.9229367393763126
1.0,4.022760170207988
