alpha,s
13.04421517571931,0.0
2.4558021931455913,0.004067179406949581
1.6027928900937565,0.04162532834790053
0.9416393809367447,0.15095099134372236
1.0570120743480258,0.5519552674244494
1.0,3.7731463706284063
