alpha,s
1.144799200023167,0.0
1.016206600906206,0.10349697922165155
1.0473528823402836,0.2608029278902897
1.2287724923785062,0.4956737723222032
0.9619091073520541,0.8725699691519277
1.0,4.23329729075958
