alpha,s
0.0024935578912012833,0.0
0.00901342570650941,1.95342465753425
0.10609782400748229,3.023013698630138
0.019030555942966012,3.28767123287671
0.14775693985429264,6.094246575342466
1.0,9.4986301369863
