alpha,s
1.0648028600713895,0.0
1.0672076862582485,0.12014063823375416
0.9504994930600525,0.2825111893872295
1.059096304137655,0.5611214930638231
1.0384779404359992,1.0071453005001083
1.0,4.707500503010485
