alpha,s
0.604045229471963,0.0
0.6816719286423256,0.05758353713362277
1.1235358204663148,0.1931157061281462
0.8668488722754452,0.3599782993531735
0.8134612599151388,0.7365733100654981
1.0,3.84463603361729
