alpha,s
0.9628930435697524,0.0
0.9773775213199742,0.07557252350962898
0.8891380850929154,0.19101763824127685
1.2055960603137978,0.40283702704983493
0.9013993707009434,0.712053044783643
1.0,4.024937476438149
