alpha,s
1.1365086197796612,0.0
0.8850413889413099,0.1099997302924716
1.2337954363191714,0.29901048987844653
1.0318214365826024,0.5071403989424977
0.9924187591048735,0.9531403821245754
1.0,4.011033253774021
