alpha,s
1.0137415487503991,0.0
1.0669328760051284,0.0895440769298773
0.8496346400770795,0.22344419136769014
0.8922850237935829,0.49270417264997407
0.9753502326707091,0.9956864920305174
1.0,4.591117573070591
