alpha,s
0.09711564476781377,0.0
0.3841448692399052,2.140821917808216
0.2640060645137183,3.01095890410959
0.9624330314608951,4.368219178082194
0.4198417441477291,5.15890410958904
1.0,9.4986301369863
