alpha,s
1.144443759953154,0.0
1.1513962802261097,0.0499848857738951
1.2657196614397859,0.1350353273423256
1.0365590741584307,0.27477052424423787
1.211681118381901,0.6294962895532025
1.0,3.3782334544944748
