alpha,s
0.0005619610404580594,0.0
0.01243475053898952,1.7287671232876705
0.016973394966420745,2.267945205479454
0.09543846892972656,3.7643835616438364
0.13643745622997083,5.194520547945203
1.0,9.4986301369863
