alpha,s
1.7571157674734832,0.0
1.5902419344557126,0.11289629044194502
1.2418317408744526,0.27051571869487134
1.2926636435123966,0.5415067170498665
1.1778140632454057,0.9940579462983028
1.0,4.459507929100689
