alpha,s
1.2838996847403032,0.0
1.1206198215241552,0.09653454813260594
1.197511903134568,0.24192791377638648
1.0564641723022399,0.4463894955875727
1.270595962197765,0.8904920651183219
1.0,4.288747867062373
