alpha,s
0.6222906273059526,0.0
1.1040890533413537,0.10397321689202438
0.960629405631467,0.2138118428070033
0.9674340698316405,0.4313715531162512
1.150281016725077,0.9018855742703973
1.0,3.1868063019515707
