alpha,s
2.9184815681591263,0.0
1.5373880028381492,0.03617075989533765
1.6990300899841624,0.13941192424804974
1.328368036650448,0.29169551973560687
1.4646483083656208,0.6561812579368016
1.0,2.3115130505410466
