alpha,s
0.013841359797823917,0.0
0.04110928362224773,1.9709589041095859
0.0930809351237324,3.28767123287671
0.10244684958887386,4.2027397260274
0.8755989469247226,6.144657534246575
1.0,8.22739726027397
