alpha,s
0.010828165858925884,0.0
0.011678760996844366,1.95342465753425
0.02284507268563898,3.815342465753422
0.058718034552320206,5.731506849315067
0.1008686911034803,7.04383561643836
1.0,8.17808219178082
