alpha,s
0.30331883272964166,0.0
0.7541457230786137,0.11472049783365267
0.7622968525475851,0.23621656012209688
0.7686778306672071,0.4804988337101499
1.2094605395335356,1.0056719240521732
1.0,3.38486179701284
