alpha,s
1.1376246815627586,0.0
1.1425993803430734,0.06455816198586126
1.0045815928617876,0.18058556065695866
0.9006226451144956,0.40629263983513525
1.0058059372962285,0.8970908336391519
1.0,3.7401094378134734
