alpha,s
0.8892206236831643,0.0
0.817039213593316,0.111405003582623
0.8544792103178696,0.2952137143015186
0.9426369084294648,0.5770462008928718
1.0602281485540812,1.059691581197277
1.0,4.889375048385679
