alpha,s
1.0716764462993735,0.0
0.8829909798085601,0.0642665038456849
1.2272184706271647,0.194867598834276
0.7766784705558111,0.3721384730942872
0.9593277599247391,0.9275802040591572
1.0,3.800397375231381
