alpha,s
1.073255277946744,0.0
1.0478930458368332,0.18152836771128184
1.0480907316798802,0.4169399636266506
1.4327108710853473,0.7515853019163969
1.1881185946439636,1.1651207674740827
1.0,4.3800792281149885
