alpha,s
0.33144065321303456,0.0
0.6811566864410198,0.1183842262817611
0.6662172754574813,0.24564465596236287
1.0285311239460377,0.4939950601403598
1.082062781902376,0.904852883675656
1.0,5.573011396035069
