alpha,s
0.22364604630293325,0.0
0.47013408068046353,0.1342945450655128
0.5599269914617354,0.2935617544924552
0.9825740557469594,0.5406834187618842
0.785113182080623,0.8767851940461565
1.0,3.532452750343045
