alpha,s
2.3729569178020102,0.0
1.4014266634614156,0.0047103049992176385
1.1661126482331834,0.038722424472820594
1.081151537740927,0.14470385718812914
1.0193035370420167,0.43804413474709075
1.0,3.623336245949192
