alpha,s
5.823917437694975,0.0
1.9996759451028285,0.02857096995334702
1.5029722229264464,0.14344316577829186
1.7896164370028325,0.35968166292109344
1.4802765906709894,0.677786230474475
1.0,3.0735397591789657
