alpha,s
2.742007010684544,0.0
1.678248371527259,0.0038122418684001604
0.963004883341217,0.032459679244838446
1.006784397184653,0.15961719804128183
1.0474676876723727,0.46268975539061385
1.0,3.7430840705992576
