alpha,s
0.7215209256514294,0.0
0.9396158410123289,0.07978692670409653
1.1521252866684335,0.21071860207442036
0.830739997559995,0.39791136412301653
1.291138608584113,0.9355230457723285
1.0,2.3353136661819875
