alpha,s
1.1377967447721604,0.0
1.0310248216196596,0.1002207916195313
0.9901326615372946,0.2499553885958964
0.9087436708430129,0.4901685764007431
1.0799639588462984,0.9798301537917647
1.0,4.726342217865458
