alpha,s
1.3332698565955665,0.0
1.5055245175254672,0.1069151079928869
1.4071841081909149,0.2332715475618113
1.329669480400733,0.434256659785423
1.1430556318303786,0.8009825001203882
1.0,3.1901765283538195
