alpha,s
1.1628571601634257,0.0
1.3119045862187848,0.11328948911723727
1.326564169655022,0.24708399110413573
0.9780491417448506,0.4450443261644885
1.2973233556286838,0.9641169083778243
1.0,3.945398841773504
