alpha,s
1.312552515680471,0.0
1.0567698122282008,0.0877075961198313
1.188963137012048,0.2332363649855447
1.7174042134383047,0.4462149332246872
1.085644513732461,0.7231322615431924
1.0,3.754313341657062
