alpha,s
1.0520761399415068,0.0
0.7825767122190272,0.10808856987253176
1.149988869761649,0.30272676957295913
0.935925970338934,0.5036427521782186
0.8346773229966185,0.9621797617534515
1.0,4.316814209145159
