alpha,s
1.4341302692502913,0.0
1.3042109956057248,0.053580960932780836
1.2362865617846786,0.15145805847015106
1.2818531410474103,0.3334057347291801
0.9938431964890974,0.6702062081313904
1.0,2.779631431861493
