alpha,s
0.4797463391224944,0.0
0.6161626327648159,0.13875045033598815
0.6418504867221297,0.3241319862972222
0.5623277839273015,0.6277994569952531
0.5835389439694001,1.27417465963263
1.0,3.607042334323475
