alpha,s
1.1913334686376407,0.0
0.851319862790206,0.09842536561145848
1.3023655366818865,0.2953499234629192
1.443048035302778,0.49385804662928884
1.2035695370006068,0.8347416023439186
1.0,3.2358244888006147
