alpha,s
1.1462885984009317,0.0
1.2160938834073984,0.09982503830980412
1.030864285942606,0.22807939178141434
0.9414183990506633,0.46431660643671263
1.2732434125232284,0.9495714029495199
1.0,3.8659266001694745
