alpha,s
61.42988951853327,0.0
7.38216204333486,0.003595127916360141
3.105588105100514,0.04024167579263951
1.7581238107269197,0.159612284940089
1.0609039395711934,0.5105130098413777
1.0,4.972762416510323
