alpha,s
1.5387236084573686,0.0
1.69167127891997,0.1260902133861116
1.6617707386017055,0.27778567829651435
1.0317960137611735,0.48796423130713285
1.293626078574833,1.0604148809610723
1.0,3.70455521146506
