alpha,s
0.0066753159102042655,0.0
0.040011209894150274,2.031232876712326
0.17467584586761045,3.59178082191781
0.21478583052648206,4.3227397260274
0.8997801228195068,5.94520547945205
1.0,8.17808219178082
