alpha,s
35.88723644089483,0.0
6.042330531626723,0.0062675846787772
2.8941027215133417,0.0518436642820549
2.0323489545688793,0.18438194773216743
1.4530076180223936,0.5041314381240539
1.0,3.715820441480305
