alpha,s
0.013088347793084909,0.0
0.07009978088221074,2.018082191780824
0.08424866712066431,3.0673972602739723
0.22038128602377677,5.145753424657532
1.1877962730536167,7.04383561643836
1.0,9.4986301369863
