alpha,s
0.8020823689326102,0.0
1.0684388676468068,0.0469264834477659
0.8645903353625881,0.1073306397205758
0.700211124548784,0.2593033334023186
0.6969731753399034,0.7176742196394831
1.0,4.62903968266845
