alpha,s
0.32449949224005475,0.0
0.50473121365314,0.1232717421989685
0.8941195635854001,0.3253144131291475
1.0591858048714766,0.5261279837473692
0.9824861507650908,0.8772675670457817
1.0,3.251113625333873
