alpha,s
2.453348301070624,0.0
1.075981372340079,0.00519970563548308
0.9742285148968789,0.05159390359124344
0.9367087055197458,0.17546361123894402
0.8495109275651166,0.5034715475309491
1.0,4.586375271787368
