alpha,s
15.749647859898582,0.0
2.4950636767121868,0.004145451601100222
1.6818694885779566,0.05014286219675318
1.5552200764886215,0.16462309026989855
1.0260229490713062,0.44522164327835045
1.0,3.734669171285139
