alpha,s
4.802773821316277,0.0
2.660603928507196,0.0362652189335844
1.6126590604388364,0.11964217996219573
1.3140779686819946,0.3198617574772071
1.4077302345637601,0.7579033408523613
1.0,4.361409473464636
