alpha,s
3.573125168176873,0.0
1.5422706405319004,0.0039630385812455
1.2324678524426151,0.0415208285131719
1.1627106815446033,0.1526864292663179
1.1827030355160923,0.444143955642043
1.0,4.209324947637884
