alpha,s
1.9090712906958769,0.0
2.4321403813109397,0.10692074827488594
1.4838483906869182,0.2146070279358668
1.3968591299640425,0.4630201845790892
1.5610821042411183,0.9154358024748299
1.0,3.55432385605462
