alpha,s
4.480415806954653,0.0
1.7713431982194188,0.040395871920802004
2.2441592875734218,0.16808222810500137
1.5222543504749728,0.3100841596320694
1.0137056652697498,0.6707984855347872
1.0,3.546886842951961
