alpha,s
26.30865462195852,0.0
4.776306223215899,0.00541972894853358
2.7363466093074953,0.04503773559964614
1.6639807720684774,0.14922115958535784
1.2809295967356535,0.46108490299432503
1.0,3.5400163368788324
