alpha,s
1.971836403035008,0.0
0.8185659371969402,0.030789533878614706
0.8545280432380635,0.1635419766574674
1.1139677761165943,0.40381424106813263
1.0685490040062429,0.770216589579749
1.0,2.9748384742665883
