alpha,s
0.9773476414304357,0.0
1.1372685535310532,0.13086082305918623
1.0222869475456908,0.2803129307945641
0.9711184519219981,0.5384740241439405
1.2338110599454162,1.0476999833770921
1.0,3.68591756198973
