alpha,s
1.1967361437129507,0.0
0.9099698964662276,0.0906324628291549
1.0875410951406452,0.2547949158646525
0.8729887465578957,0.4563038433780112
0.7982841775509429,0.9227599005529699
1.0,5.583390420342542
