alpha,s
0.904841679012509,0.0
0.8893976072720062,0.1130628143122296
0.7556754223757852,0.2728455192206029
1.1952847480704385,0.5732218149621955
1.3175044999946552,0.9501126951843354
1.0,3.164880413279162
