alpha,s
1.046987872462818,0.0
1.0655850321220393,0.05713146739096676
0.929166367578521,0.16222198185763362
0.8876452530204619,0.4090580636170927
1.3483799236416658,0.8987386366097576
1.0,2.322044955583644
