alpha,s
0.2784227208350952,0.0
0.42742951374704946,0.11061163429337466
0.5205724067543825,0.29698943193840144
1.0034745094445805,0.6004307113455029
0.8301999103036345,0.9622473340926635
1.0,4.02199331565018
