alpha,s
0.3310995014960807,0.0
0.5602222031094243,0.12165938202644902
0.8693215685657805,0.27139396357099405
0.8164761880855761,0.4707677642466705
1.0829466262732843,0.9489562059429493
1.0,5.37999093128056
