alpha,s
0.99439709915752,0.0
0.7428845608625935,0.06664050388822512
0.7407632020404659,0.21461632029804134
0.967267367680621,0.46717209837525575
0.9479889702069993,0.8547731308462874
1.0,4.123046779529398
