alpha,s
0.33783725283103344,0.0
0.5694864049186602,0.10988086346170425
0.649947466649094,0.25701571187931327
0.8445569568822071,0.5158250098628938
1.0097643114374768,0.9745370213341138
1.0,3.758618934567417
