alpha,s
1.9169188550881073,0.0
1.7175068123037924,0.10526650539606379
1.6512622701791215,0.2601275867001186
1.4220510861969635,0.4768968959051159
1.2916946540600034,0.9154157023358446
1.0,4.603325897818464
