alpha,s
47.28956657286888,0.0
6.26888517522518,0.004735541948180801
3.3038948343502677,0.0486931847406529
2.7832426813862594,0.16638530615846975
1.4995001375648125,0.40035784073525355
1.0,3.5089279981268127
