alpha,s
0.7173099302314507,0.0
0.7379589460667589,0.09307331034482673
0.9855367268100698,0.25762138859089867
1.2652406481938574,0.47828564280099833
1.613778274193699,0.8251666293799904
1.0,3.1986109626231047
