alpha,s
1.1838826810539569,0.0
0.8599752725653086,0.10384746476506244
1.0588634106714243,0.30044651349215923
1.1202098025555982,0.5354461957953206
0.9986968189161184,0.9768841554867408
1.0,4.120537097324195
