alpha,s
0.12796218510360524,0.0
0.46004026966707634,1.82739726027397
0.20212035415717727,2.315068493150688
0.27378099677835693,4.022465753424658
0.5628477125892827,6.296986301369866
1.0,9.4986301369863
