alpha,s
0.7077266068502546,0.0
0.798889513759383,0.09795986781923066
0.7239497398576764,0.2340139931214716
0.9430179117683032,0.4932278749225785
0.9499246290361888,0.9027933472984041
1.0,3.604496210897647
