alpha,s
1.3407178686114785,0.0
0.9345665926730684,0.05080728692562344
0.9908239072483047,0.17319321556558942
0.9396150826998195,0.3780234558638582
1.0818929647950037,0.8290861154642784
1.0,4.28072723856252
