alpha,s
0.0007905497683215835,0.0
0.031165387275547306,2.002739726027398
0.2757039547187095,3.01095890410959
0.17608511731110288,3.28767123287671
0.6523120805819518,4.4767123287671255
1.0,7.07397260273973
