alpha,s
1.4422012263821564,0.0
1.4787008046976216,0.04568799210196118
1.1402325323055977,0.12715741523976953
1.1021031128930048,0.3056410367036003
0.8323673640913036,0.6828675918528468
1.0,3.743900534276513
