alpha,s
0.6999541122113442,0.0
0.9636149524674151,0.09689454726679042
1.120298927321708,0.23902116505527066
0.9739883318515955,0.44178474183222455
1.5321456767539787,0.9185464638108825
1.0,4.0946842775807095
