alpha,s
1.7907832017493672,0.0
1.0160939507453304,0.035773818557722
1.3017989245559363,0.15410005591546308
1.133029439240512,0.3199257603924392
0.9161793781822173,0.6980385760928239
1.0,3.5853264514506864
