alpha,s
0.7380997310281486,0.0
1.1594330412534772,0.0733273736541576
1.0924748805772524,0.170275395753356
1.1247419092049316,0.3499268202777303
0.8852825424384337,0.6910831938665639
1.0,4.693905420720871
