alpha,s
1.0252312205318488,0.0
1.1669629350159236,0.18554348230783183
1.2244280269754932,0.39203555999240186
0.9074387856785806,0.6678059969796806
1.0167610200971882,1.297767836768891
1.0,5.178765105137368
