alpha,s
1.0084693421297848,0.0
0.7829514479593181,0.07239065401545558
0.3718669885344014,0.22820373347443534
0.7062928627185309,0.7623180358504711
0.9348760959003823,1.3406330542130513
1.0,3.397357450958092
