alpha,s
0.8734988433996199,0.0
1.2618708657055422,0.14348751899255116
1.0642967557315315,0.27233481569746204
1.2166015582257657,0.5082179106968795
1.2248129159624104,0.9220180906621674
1.0,3.713921282450269
