alpha,s
0.7114280574397324,0.0
0.7627796786420691,0.11119826326851391
1.0756813371251028,0.2786837623935004
0.8469945225931474,0.499132316409533
1.1805515247704332,1.0423171881812106
1.0,2.6823200674886616
