alpha,s
3.6194322288782868,0.0
2.3614639306420524,0.047844544810927724
1.3885881417884944,0.14106499225056693
0.914699634235103,0.36430985063256405
1.0387787811966533,0.9608000473518108
1.0,3.9738524273670057
