alpha,s
0.0002086655310321224,0.0
0.005217888560465078,2.7753424657534267
0.028469452362113387,4.17260273972603
0.24645089619620367,6.14794520547945
0.3217153159838103,7.04383561643836
1.0,9.4986301369863
