alpha,s
0.9914551606809772,0.0
1.0367356110890014,0.0651640982741699
0.9419736456360022,0.1813514868796661
0.8988312165142349,0.39552473943795524
0.6246107302952579,0.8118189390467483
1.0,3.973924567194092
