alpha,s
0.7807848276285676,0.0
1.0362060434609537,0.13624535058175918
1.1722937944225869,0.27637481251983576
1.0298919727679157,0.46983395521304677
1.1428961880599342,0.8651066807788718
1.0,3.4711416150330314
