alpha,s
0.11495705811869338,0.0
0.2656920366884647,2.01917808219178
0.31426056768113003,2.9063013698630145
0.44183249228735666,4.193972602739728
0.9464784149313932,5.748493150684935
1.0,8.16438356164384
