alpha,s
0.7607096737608288,0.0
1.65968908656401,0.046020038547052985
0.7321639318729883,0.09765445563453849
0.5437373387919631,0.29137528781740984
0.5959974726767757,0.851298901170162
1.0,3.404457594443042
