alpha,s
0.06673647378205985,0.0
0.24924362094480162,2.002739726027398
0.9833187658441245,3.01095890410959
0.3721742155319735,3.28767123287671
0.8106232786533568,4.4767123287671255
1.0,7.07397260273973
