alpha,s
0.8936609785213274,0.0
1.0494761210898211,0.0872971382485225
0.8750611798211743,0.20301474355567717
1.1969847928434967,0.4347428752207896
1.125766424253294,0.7534288670121897
1.0,4.28149971263653
