alpha,s
1.6457072531183885,0.0
0.8642610948555046,0.0097987761424944
0.7298170684394669,0.0658358433349644
1.1455707405610605,0.220789548997343
1.2208586159710326,0.4792600309112121
1.0,3.518370897451103
