alpha,s
0.993233937187552,0.0
1.1620772837735622,0.1316332729561987
1.0486819475720235,0.2837103585902522
1.1092321898496418,0.5346285426995484
1.0603780815660115,0.965323190540878
1.0,4.547937450664927
