alpha,s
0.991843941058618,0.0
0.9960680366722365,0.18812415234879326
1.0988717916634687,0.43072139506604873
1.047649665512346,0.738829199390368
0.9501462797620411,1.2798462885180528
1.0,5.74799360710405
