alpha,s
51.13737591130507,0.0
6.097461304966789,0.00264605335833064
2.247716736006359,0.032219017653889084
1.6644966769080354,0.15283354694541065
1.303168173793289,0.46022484095022753
1.0,3.126401106022233
