alpha,s
0.024294613357000276,0.0
0.1897133436855627,2.01369863013699
0.060137798004768046,2.42191780821918
0.13518177122597116,4.17260273972603
0.4135972520046517,6.33424657534247
1.0,9.4986301369863
