alpha,s
0.26722154886630306,0.0
0.3362418460456912,0.1022507353920619
0.6286520440963393,0.2732490076483382
0.6550245009246517,0.45410255449572023
0.6358245068757091,0.8603097267715416
1.0,4.30299106072841
