alpha,s
0.09015556392410706,0.0
0.46976495523970885,2.23013698630137
0.31946114265078857,3.04109589041096
1.1643106696746433,3.810410958904108
0.5338791405240811,4.39452054794521
1.0,7.16986301369863
