alpha,s
2.0724044069986363,0.0
1.0114467222908452,0.0033163040298162414
0.6487102585340143,0.04495380389005184
1.2090950474508346,0.22600721655919748
1.098439157977397,0.46880589691870134
1.0,2.872899291661667
