alpha,s
0.038313787737044296,0.0
0.24436258525224017,2.232876712328768
0.13672742987832698,2.818082191780825
0.30954112364759834,4.196164383561646
0.3324052509087575,5.697534246575343
1.0,9.4986301369863
