alpha,s
0.5660363204639326,0.0
0.7144197216945527,0.09739583527211944
0.6967276858944489,0.26026534820576797
1.2400071979558431,0.5529504164491447
1.0322298808910402,0.8770325705924634
1.0,3.2901733898101475
