alpha,s
2.19166567474366,0.0
1.073041479689421,0.005416258736928922
0.9569279292680939,0.05115016087782272
0.948524282028945,0.17475288149741106
0.9180224437113141,0.4973795210185561
1.0,3.733088524952575
