alpha,s
3.223649823295082,0.0
1.082693501759701,0.004307004796724321
1.0182006586538923,0.05029786404554225
0.9645453882535312,0.16930717109107274
1.0444924940863698,0.4944308229995256
1.0,3.604354047488013
