alpha,s
0.4355034465379294,0.0
0.41965572117027927,0.1032867173099376
0.47870466839508813,0.3036401534163704
0.4450956364406731,0.6153585445725533
0.4139279419572265,1.247797453730647
1.0,5.104237462002692
