alpha,s
1.5899510317978438,0.0
1.3828089569469508,0.04197561559688446
1.0489899216057048,0.1278549959660054
0.9646995113381025,0.31369087460347417
0.8453229875722414,0.718989594417454
1.0,3.565341343414042
