alpha,s
0.6393744094383742,0.0
0.9210903657878965,0.0902074619165597
0.4898248479243209,0.2091330456583371
0.8171284961034854,0.5798697679384616
0.7908797970863835,1.025144445355172
1.0,4.128018094581416
