alpha,s
0.790810544267153,0.0
0.9335936441602222,0.11829769121478871
0.7554686882373713,0.27195591402248587
1.0726511891350408,0.5634697325820069
1.0081755802914056,0.9994563843630503
1.0,2.628674674433206
