alpha,s
1.1411781376260697,0.0
1.3000982012850875,0.0746849293842043
0.8943457680629913,0.1781523503303508
0.892364418928896,0.4233741087026757
1.0490757669526791,0.9088730271943268
1.0,2.7299029400184773
