alpha,s
0.8814499731910034,0.0
0.8107946833186939,0.05349368146966313
0.8851322835555522,0.17391373578159042
1.021067165367471,0.3869717091890458
0.8138526954541145,0.757557796569452
1.0,3.22773418147904
