alpha,s
0.512052124232875,0.0
0.7489233875567298,0.13605596520242913
1.100092620701176,0.31425281933309723
1.3291217343335877,0.5153339288317923
1.4786617905618733,0.8988999275209965
1.0,2.8647845421492284
