alpha,s
1.0736898300779203,0.0
1.3207312105611362,0.07051615317213092
0.9718757518979145,0.15963793223257458
1.1497489535060372,0.3676384850930278
0.9971254843719768,0.7156118880431959
1.0,3.4593144396330096
