alpha,s
1.7715899245407258,0.0
1.7191263153189105,0.1159007535192377
1.7779687987563169,0.2687775937423608
1.4888657673122705,0.4734068702079027
1.19449687928231,0.8842793002568912
1.0,5.145283434041571
