alpha,s
0.9066837423770716,0.0
0.8536657038685697,0.09988326241412407
0.9290460041506763,0.260805830791131
1.1749661636749817,0.5021122683824466
1.3690435650944817,0.8709081565224625
1.0,3.828005141457189
