alpha,s
0.8534549511085756,0.0
1.139460528176641,0.14092622745492614
0.9885157205986521,0.29253663370040245
1.0813471486538575,0.5523428689921237
1.3457128277318053,1.0050404021973722
1.0,3.610833544834773
