alpha,s
1.3276361968810944,0.0
1.3462696161219307,0.060723965891664844
1.025980034818771,0.14906498968809478
1.326669698941124,0.3407292606525447
0.9367864665152132,0.632381679427923
1.0,3.8051737988457695
