alpha,s
0.008878465899878606,0.0
0.032742702603251156,1.587397260273974
0.06372024933230697,2.9304109589041105
0.1370018666127407,4.705205479452055
0.33399468216861733,6.587397260273972
1.0,9.4986301369863
