alpha,s
21.243310398454664,0.0
3.8233478436250317,0.005488296658645001
2.326582678354833,0.047393368953765
1.3953323924928698,0.15117778190590628
1.3548036062743911,0.5073753235407699
1.0,2.882773966889824
