alpha,s
58.525729666786795,0.0
8.976140011767809,0.003881098220223
3.2346982391909966,0.0347769611826371
1.9420108273854788,0.15137430544399258
1.250594934232892,0.4847467424960685
1.0,4.321595647781233
