alpha,s
1.18792486233807,0.0
0.9744822775310146,0.0652271636354844
0.8687111628319508,0.1963043123580914
1.0932503571098067,0.44417088273334715
0.8725076123011911,0.8355548585616174
1.0,4.779638201441174
