alpha,s
0.02235319859144398,0.0
0.02734475971313259,1.316164383561648
0.07548985639002662,2.9304109589041105
0.18440451920639722,4.208219178082195
2.1366893989706663,6.13150684931507
1.0,7.07397260273973
