alpha,s
0.10748248411162815,0.0
0.1542814486859252,1.33424657534247
0.3724589324104394,2.2131506849315064
0.1853452948619154,2.89205479452055
0.30781074346648296,5.12602739726027
1.0,9.4986301369863
