alpha,s
1.1400458496042254,0.0
0.814156821345487,0.1677112360558928
0.8685125829097272,0.46662491931848016
1.039353800669388,0.8696637236834285
1.1250070032290644,1.4250902252243478
1.0,4.484946208334304
