alpha,s
1.0099306287694756,0.0
0.9582769816788418,0.08187722761233093
0.9737448028574271,0.23160573273697171
1.2649593747913368,0.4763369031627114
1.0374947111434936,0.8310099171569061
1.0,3.536368490516863
