alpha,s
36.826704828812304,0.0
5.07391632437462,0.006049266521950981
3.4113614153165965,0.05946426817316742
1.9557204597320972,0.16638564657026927
1.1844202049402728,0.49255730034289735
1.0,3.3579817408413586
