alpha,s
1.1051799349674525,0.0
0.9591478208970848,0.11777429574681042
1.1605402469208905,0.30233326354343926
1.0671282816713057,0.5377831553990006
0.9593537882042898,0.9618939695304274
1.0,4.696972382624719
