alpha,s
0.6030089159983402,0.0
0.7583451915136882,0.1044796985530304
0.7876516737550205,0.2435187726282127
0.8065763797633536,0.4726916994813692
0.9225978191934281,0.9345328443773592
1.0,3.39922732384851
