alpha,s
0.6212420241568866,0.0
0.7813851975022679,0.0972216941059212
0.6857287541303791,0.2166056699030533
1.1521387275942248,0.4671308500986932
1.030194477906361,0.7939591424345772
1.0,3.73205832091963
