alpha,s
0.4175908151495202,0.0
0.5938234375284851,0.13603910478162914
0.7746529945988149,0.326197723762227
1.109545275262199,0.6021996110809664
0.9238130813164799,0.9561712053620954
1.0,3.566250967355081
