alpha,s
0.020062620557605996,0.0
0.6707971269705204,1.95342465753425
0.07855504162107343,2.03561643835616
0.1976461551275193,3.74246575342466
0.44688234692256884,5.15890410958904
1.0,8.22739726027397
