alpha,s
0.09812375065979007,0.0
0.24348092710220176,2.16712328767123
0.21615491388662847,3.101917808219176
0.35025289210743227,5.0958904109589
0.9872560413773398,7.07397260273973
1.0,8.22739726027397
