alpha,s
1.1316368937422396,0.0
1.616591304043259,0.12436774753444847
1.1544238789894792,0.24490590630313525
1.2745723434592575,0.4975210682845672
1.0830577593788617,0.9132002987656792
1.0,3.0061147685052725
