alpha,s
0.06803064843548458,0.0
0.4569171217084331,2.01369863013699
0.11375926685895364,2.42191780821918
0.19827655851138185,4.17260273972603
0.47442688979834946,6.33424657534247
1.0,9.4986301369863
