alpha,s
22.589143121533645,0.0
4.429499836251373,0.006412784204920043
2.7318057575824017,0.04838702172514292
1.2600440171528178,0.15141040387644356
1.4803537306246972,0.5491650843270497
1.0,3.255191905262501
