alpha,s
0.8093520997440873,0.0
0.9394118257269115,0.1044796985530304
0.9232684630414647,0.2435187726282127
0.8956938991713748,0.4726916994813692
0.9811832520912552,0.9345328443773592
1.0,3.39922732384851
