alpha,s
0.05325845074330791,0.0
0.10486488303304514,1.2630136986301361
0.15166487229901754,2.23013698630137
0.15130806219378132,3.28767123287671
0.5292845799348762,5.133698630136983
1.0,8.22739726027397
