alpha,s
15.944979584653694,0.0
3.5012681375339416,0.007984399214140963
1.9434901170596726,0.05885656637931038
1.3972145780536716,0.19321380271369262
1.3587279479066932,0.5580887194382861
1.0,3.1426852108961336
