alpha,s
0.7206984348367634,0.0
0.8468462514355402,0.0766790678361476
1.3093298939786238,0.19663618005759803
0.6226301632720018,0.3307456074703258
0.5670116131486984,0.9291262158541664
1.0,4.021627676042796
