alpha,s
2.674366013553056,0.0
0.9852931006344899,0.0033819717868569807
1.0333206490103994,0.044045042202170065
0.8792459311231356,0.14488171860128177
0.8404567116318362,0.46943997707476287
1.0,4.278327107089743
