alpha,s
0.9042017564755728,0.0
1.0004510284714654,0.21362006305872347
1.118240718930174,0.46252623160730333
1.1455509304793132,0.7798828794575355
1.2081622883416596,1.298458994221417
1.0,4.672575072412691
