alpha,s
0.24748250309638994,0.0
0.5710905357563184,0.1284787922507682
0.6301912185147714,0.2706624418411544
0.90278407419716,0.5497298843585561
1.1277296703007387,1.0354325896537044
1.0,3.8609474460247233
