alpha,s
6.68098147558862,0.0
3.097060036336613,0.03075237652202762
2.156413198057548,0.11505204852913162
1.822618671731949,0.28869797349632215
1.6354699373473183,0.6199263658171418
1.0,2.812609323257347
