alpha,s
1.0256914917284912,0.0
1.3742324622954272,0.09965446119231865
1.276246182468674,0.21268201439753215
1.099312846376554,0.38711092029545513
1.4304829213773929,0.7902348677770112
1.0,3.0307304552903784
