alpha,s
1.0760742736697022,0.0
1.095293506122789,0.18569370962389783
1.574793061542274,0.41339679942443397
1.1126461460667065,0.6399491979662604
1.2162583224162113,1.162881872365758
1.0,2.990796761964545
