alpha,s
4.699624126493259,0.0
2.277270836857163,0.045087827563244434
2.006558151135133,0.15523737687169642
1.2103461314070811,0.3322414803657287
1.278308665675244,0.8370645450507349
1.0,2.6968229305320945
