alpha,s
4.560656060671855,0.0
1.6102876111949256,0.0030592186468572633
0.8706744150542443,0.03464150851164389
1.0207434865353557,0.16471522396058552
0.9007864950615532,0.4316946299141952
1.0,3.9487998845307697
