alpha,s
1.2076021225386075,0.0
1.0229011456325694,0.09930739951036306
1.0868438492863,0.2576437844070405
0.9938401036834773,0.48834932399772263
1.1542302194527911,0.9605364901418199
1.0,4.306482264117789
