alpha,s
43.51056169460237,0.0
6.1266587842209,0.005178614184949902
3.6698271914774843,0.051547859078069004
2.2720745216217857,0.15732431888517417
1.3607482531465391,0.4361581978128916
1.0,3.51930135187317
