alpha,s
1.049340717783536,0.0
1.4447283084297844,0.07755979369765553
1.1036365361033087,0.16444126512532106
1.2173618541404503,0.35716383393651674
1.097995068475038,0.700604636593664
1.0,3.472536119453665
