alpha,s
16.782540883127805,0.0
4.6701037268868495,0.00872900040271686
2.3732007981808407,0.050165406423101744
1.6862299116606982,0.16845406880559785
1.4702494127187313,0.47701285594152154
1.0,3.228476436137834
