alpha,s
1.0344911536250385,0.0
1.1126446339607945,0.1245062191238774
1.0301422476684567,0.2809266817784807
1.030480977748632,0.534173324259713
1.1460348934649378,0.9985946290836974
1.0,4.435304453294142
