alpha,s
8.546588239225063,0.0
2.4990096298554003,0.00592048414394282
1.8667331660126931,0.04686959489242247
1.5981563216870072,0.15218498139544334
1.2097752759159979,0.42376310114255417
1.0,5.001886183330838
