alpha,s
0.01611921300629563,0.0
0.060807359414933496,1.2630136986301361
0.12330425383780771,2.23013698630137
0.14786804622558364,3.28767123287671
0.5241113038151852,5.133698630136983
1.0,8.22739726027397
