alpha,s
1.1081490117032116,0.0
1.3893766818484272,0.12023513617745099
0.9281897404640401,0.2457128765204056
1.3179611629822792,0.5385538572443265
1.289489081259037,0.9018050892005813
1.0,2.972974742245813
