alpha,s
0.32556218931973696,0.0
0.5491477524681628,0.10495414409337002
0.7111992615377696,0.26163826998573353
0.9607958520771762,0.49576922036022475
1.0014009582325016,0.8974924661192301
1.0,4.4531845759602655
