alpha,s
1.7991933016936148,0.0
1.1336508922123614,0.0371287230613181
1.1003317352940414,0.1432149049073789
0.9456813209276584,0.32588416484236127
0.8438112679225085,0.7828503102777683
1.0,4.989004813079189
