alpha,s
9.510382128328503,0.0
2.169065231647532,0.0043471817517566815
1.5954851620062023,0.04976687368531961
1.6373715759165937,0.16961974074157565
1.346172242340306,0.4300971680282253
1.0,3.6094754351623033
