alpha,s
0.020097278372797258,0.0
0.03515634571441788,1.98630136986301
0.10820723713901072,3.74246575342466
0.14777104077942946,4.600000000000001
0.7800840875017189,6.73972602739726
1.0,9.4986301369863
