alpha,s
0.009631658385904884,0.0
0.09170974020065356,1.82739726027397
0.09817161197518548,2.48767123287671
0.46852356414987656,3.5917808219178102
0.3522708201336201,4.39452054794521
1.0,8.16438356164384
