alpha,s
1.3716179174560295,0.0
0.8271439296634199,0.0086008984479627
1.1261179424046965,0.0713515969506934
1.0524497015530578,0.18851781291282638
0.9198091910619111,0.5096300186075515
1.0,4.5047187647317335
