alpha,s
23.72195186847219,0.0
4.377913460615215,0.0061867692478509
2.1028655751736904,0.0499357686211558
1.3328851468956837,0.18861828864648914
1.3997529667079047,0.6009017532703872
1.0,4.565279767696846
