alpha,s
4.792104385550572,0.0
2.1510626246859528,0.04070017526774482
1.345747236111799,0.154320019207761
1.6816210319045621,0.41496948803034883
1.0272824507668727,0.78601098178634
1.0,4.380928959356072
