alpha,s
1.1286306704874036,0.0
1.4796588768105055,0.1191557591192567
1.1458262855884573,0.2423620997996729
1.1144376797566393,0.47861386986014354
1.3693040977955646,0.93018466651151
1.0,3.63829551402941
