alpha,s
58.08641813866353,0.0
6.9843796103199685,0.0038613262580333
3.1877371525735456,0.0438445714588119
1.7300134513451617,0.1626875981998143
1.5892120045758886,0.5383862656651439
1.0,3.622526689441398
