alpha,s
0.00019886011965365076,0.0
0.002470376801648499,1.2904109589041122
0.011862229866958136,2.3358904109589083
0.0434032353671134,4.19178082191781
0.3801981503705424,6.277260273972606
1.0,8.22739726027397
