alpha,s
4.215128567735097,0.0
2.0014348826336534,0.041757876044681466
1.8135643495589546,0.1565752346503096
1.2033584195800073,0.3313246782588816
1.0776922511492033,0.813277421689994
1.0,4.760190859433259
