alpha,s
3.6731036410815268,0.0
2.284902788424211,0.038297013535808506
1.2031555950127342,0.12259576291462956
1.7109841990817254,0.362850066798445
1.6475504211393635,0.6749804749604333
1.0,3.382350380038776
