alpha,s
0.6710630948818564,0.0
0.7106965453852042,0.09795204126646967
0.7880353572768672,0.24567078053752095
1.0556581241778669,0.48896993227453595
1.021633623809434,0.8547694026199917
1.0,3.840729135968613
