alpha,s
0.4401287312925954,0.0
0.501943891104405,0.1387373098749698
0.8047096397808247,0.33578715783390917
0.701647180619724,0.5614352717144285
1.0402067148167649,1.0538880877067998
1.0,4.569394408510976
