alpha,s
0.0017681235870973709,0.0
0.012463375313257185,1.2630136986301361
0.03465212688712105,2.23013698630137
0.06400504596351142,3.28767123287671
0.3452625685787799,5.133698630136983
1.0,8.22739726027397
