alpha,s
1.3069586190062206,0.0
1.195643689113987,0.10617792220042552
1.256685080906583,0.2600607532939751
1.2815770934122905,0.48062571983225155
1.3379074577356724,0.8933198308404704
1.0,3.9183596899589626
