alpha,s
1.138538839595692,0.0
1.0297244733849356,0.1649261032307199
0.9934059112497361,0.3975987825535786
1.0460406092003396,0.7359404502148643
1.0235683098516872,1.2710894547305243
1.0,4.570092916440988
