alpha,s
1.1120941911875744,0.0
1.0616861041395214,0.07897702818134653
1.0419149290963343,0.19814479307794086
1.0951186694154047,0.4006954407867316
1.1348363746516188,0.7914238320313774
1.0,4.578877765964907
