alpha,s
3.769208600125407,0.0
1.7325662548569896,0.045455709201305435
1.412003377075822,0.17021179538537282
0.9454159506036294,0.40115790362314013
0.9140912701360717,1.0047573719874678
1.0,4.155874456215472
