alpha,s
1.33313470470124,0.0
1.2379966044083337,0.0645510107393711
1.292460786040597,0.1828826890292987
1.2971218843418695,0.37006964176052654
1.4470771695875506,0.7549999999801164
1.0,4.123701733051101
