alpha,s
0.17541882122850516,0.0
0.5102808444690035,0.1820568041138136
0.7327547440451828,0.3663179449177924
0.8276007104129869,0.6502483217770358
0.9828322807615818,1.0881185359590908
1.0,3.451148187468652
