alpha,s
0.008624584365949976,0.0
0.04241005038463217,1.9917808219178061
0.16694451805726032,3.491506849315067
0.1730638661980655,4.39452054794521
0.684768254893461,6.107397260273971
1.0,8.22739726027397
