alpha,s
3.4784962870992686,0.0
1.5684482250739082,0.04541755842092113
1.3893129476878834,0.1751704364585305
1.0619286251782254,0.3891802241859758
1.1451461849334919,0.8953918314711251
1.0,3.2056528042738126
