alpha,s
0.09570366330939119,0.0
0.21019524379247748,1.7090410958904085
0.27972320533653494,2.8016438356164386
0.2916164944955609,4.2027397260274
0.9640865709467539,6.1347945205479455
1.0,8.22739726027397
