alpha,s
1.3876146340707838,0.0
1.2587497813611632,0.06440957225152551
1.6301193191752985,0.16515843297461247
1.3432659471822739,0.2962415702097769
0.9358066935745704,0.625997596892405
1.0,4.973695143616923
