alpha,s
1.19161358088313,0.0
1.066896258306533,0.0553292370952396
0.9264942980158914,0.16926004718005913
0.9076110403828845,0.4102214612377882
1.5350534762500931,0.9267286216049685
1.0,2.621649448021886
