alpha,s
2.954961305923736,0.0
2.029952641489964,0.047844544810927724
1.2469161912744584,0.14106499225056693
0.8481793152715177,0.36430985063256405
0.9941862385342012,0.9608000473518108
1.0,3.9738524273670057
