alpha,s
27.487107966705494,0.0
4.8025071938053845,0.005581424562466482
2.5611227509787073,0.047318427566286944
1.9030340519680262,0.16328716508459246
1.3837534278813937,0.4518919056491037
1.0,3.915907018967277
