alpha,s
0.9134638201127427,0.0
1.0794394805525525,0.0932223447257868
1.0797029025075018,0.2253178336357633
0.8939910862133856,0.4443645564621858
0.8611396137308058,0.9522084352328868
1.0,4.2420303150526
