alpha,s
1.2572619329833146,0.0
1.1054772861740887,0.046754250779505166
1.0399864319638068,0.13501161883652782
1.1755079820214323,0.30340320884206873
1.1340518191822615,0.6136124556894395
1.0,4.047839351949191
