alpha,s
0.520864098331136,0.0
0.662547286832956,0.13603910478162914
0.8127949950534158,0.326197723762227
1.126068705845281,0.6021996110809664
0.8956200748560073,0.9561712053620954
1.0,3.566250967355081
