alpha,s
1.1847638504330182,0.0
1.0562082455760466,0.071021667459973
0.9953632646295573,0.1884235241049029
0.9527927073405781,0.3921081911259508
0.9988387995130621,0.8450520992822527
1.0,4.709402052612052
