alpha,s
0.577281803096603,0.0
0.8666808522913798,0.12744333028324184
0.7486436649402124,0.25576562875364045
0.8059021387294545,0.5053384831260623
0.9444128277613597,0.9667526555651349
1.0,3.6481968958717057
