alpha,s
0.5136510835912288,0.0
0.7809087903902068,0.09415426447936984
0.636318591267422,0.20568659954950888
0.6996299980993063,0.4493964586024968
0.7088027049397172,0.9415533243890623
1.0,3.804193705223169
