alpha,s
1.4418363832966459,0.0
1.2630809190496528,0.0444728541992333
1.0492129938110992,0.1285277322162482
1.0577223524220127,0.3037877253772688
1.0008253456245133,0.672937608783536
1.0,4.300033425519164
