alpha,s
1.0554926418755708,0.0
0.9557233284129998,0.07547109355962801
0.9792806862044059,0.21476532629601414
0.9090879632791695,0.4376242407492206
0.9967365079296865,0.9221144861755584
1.0,4.010912299935151
