alpha,s
0.7425181429814157,0.0
0.702230252237623,0.12487395232768957
0.9538614356312314,0.3204080719405544
0.9265538621154545,0.5504933669156575
1.4268028041043004,1.0081773099550932
1.0,3.2272984015104247
