alpha,s
3.0985325263363133,0.0
1.5557319320213816,0.02640777657618084
1.18138622817064,0.11383229353862225
1.0126015651793332,0.3148937911127769
1.1005957547770364,0.7808566229148276
1.0,3.981040517273733
