alpha,s
1.0887355690011988,0.0
0.8862959565613594,0.0941745895445518
1.0676624399844037,0.2663159985907255
0.8095989474379353,0.489796052046069
0.8188251538935352,1.031729762143227
1.0,3.6630148302070618
