alpha,s
5.832770280939184,0.0
3.1366507285706935,0.029938504697640023
1.6098268895885888,0.10078698128026103
1.762973814123037,0.30806324027282966
1.5468350983052523,0.6570849622484527
1.0,4.235219505134836
