alpha,s
1.3998566188524193,0.0
1.367619376398047,0.03322086661784204
1.3071540119212477,0.11642830324648519
1.008924160218976,0.27073475098773886
1.0499004663311005,0.6510829181465101
1.0,3.3631354786995256
