alpha,s
1.0265494999285538,0.0
0.9805102827848182,0.12465607097037353
1.2445953857063372,0.3031133347434598
1.096109915016387,0.5163785699152962
0.9700808754452251,0.9397297655145694
1.0,4.419450364665282
