alpha,s
1.697962960244289,0.0
1.680982666196715,0.0969867018430578
1.4913635093236677,0.2249617987878033
0.8139156694751678,0.4290705662277679
1.304138348877407,1.072940923671168
1.0,3.1162115747529118
