alpha,s
1.0541513143011252,0.0
1.1763669630666695,0.179580921419014
0.8823676687744081,0.3823356204844219
0.9159416413729357,0.7670173648574871
1.1441185321817542,1.3894530452951215
1.0,4.350284728139624
