alpha,s
1.570151647025237,0.0
1.5764987176299337,0.1278518506342193
1.3590778567577884,0.2910956738877174
1.29315040744458,0.5552952398323039
1.3298585404130232,1.0332970428052797
1.0,4.452210190383558
