alpha,s
1.1093204072779075,0.0
0.9427792536519378,0.1158353985507784
0.7580379389291828,0.3015164337764759
0.8069961500353369,0.640782445234414
1.0103087338548988,1.2504532099020937
1.0,4.404752689380812
