alpha,s
0.00026510916552554235,0.0
0.020901507158870326,2.014794520547948
0.026617957823597053,2.4482191780821925
0.10312288829701645,4.2027397260274
0.45482885187338895,6.14794520547945
1.0,8.16438356164384
