alpha,s
32.08509184241723,0.0
6.986642846256036,0.0046020414899228
2.887503452772212,0.0326040159648756
1.8112188208627709,0.13577109665350975
1.4287059957851163,0.4317200660653812
1.0,3.801836710239291
