alpha,s
0.011692357369663214,0.0
0.049822007536604956,1.960000000000002
0.07591952719018522,3.039452054794522
0.11908457301274203,4.407671232876712
0.420755842532845,6.320000000000005
1.0,9.4986301369863
