alpha,s
0.00041310463000230783,0.0
0.008856818767988552,1.82739726027397
0.019690291426127462,2.23013698630137
0.10305045349909761,3.804383561643841
0.10416465374419441,4.6635616438356156
1.0,9.4986301369863
