alpha,s
0.9361755119050175,0.0
1.090778887768368,0.1118924136071318
1.3412319638009405,0.2543486632666785
1.3495980395149028,0.4455396780429624
1.0291342846416525,0.7916815175139162
1.0,3.226526960364386
