alpha,s
0.2233569922152951,0.0
0.9936521016901643,0.1392335520825728
0.6222049021791526,0.22663634951007924
0.6781538507372228,0.45802222517427127
0.7608221777413445,0.9456463547734547
1.0,3.021221613350692
