alpha,s
0.27881453627949954,0.0
0.48199601969817757,0.1160239175196066
0.6463934121924857,0.2828428790803602
0.8251395143932301,0.5213398899602495
0.9666663756708682,0.9617259150068633
1.0,4.111219046202068
