alpha,s
0.37224217474938975,0.0
0.5473936784817122,0.0929636255958641
0.6015065950880876,0.2324205106034145
0.9112308626665389,0.48079838247972895
1.053193641545311,0.8863843668147213
1.0,3.801090409442119
