alpha,s
0.03726770235698401,0.0
0.07004758249087104,2.00712328767123
0.24211334157841297,3.82739726027397
0.18972909222291442,4.407671232876712
1.6521078576534263,6.10739726027397
1.0,8.03561643835616
