alpha,s
3.7678598861365233,0.0
1.6826258823300948,0.045455709201305435
1.3246250647082758,0.17021179538537282
0.8592905167365851,0.40115790362314013
0.7936556972930884,1.0047573719874678
1.0,4.155874456215472
