alpha,s
1.1069168544212786,0.0
1.2319119887264673,0.12270670759229896
1.2865151269904012,0.26951790885388566
1.053556391029243,0.48607729599049526
1.2683465895196628,0.9476235257150117
1.0,4.082613288467869
