alpha,s
3.9213679510481287,0.0
2.1038148699586143,0.034685116329488105
1.4413693394321432,0.12898677386556656
1.1526492231273182,0.3322550726294188
0.9755422346991627,0.7576118043220411
1.0,2.9250993778087824
