alpha,s
1.1122024574538236,0.0
1.1310300791836378,0.07149282776698762
0.9208233452480056,0.17742815565156517
0.875629272283512,0.39586063115727826
0.9068743534923048,0.8490368442034855
1.0,4.642798980109252
