alpha,s
21.992710417148437,0.0
3.6949682204674534,0.005770492850666182
2.186092413663493,0.05194480713997949
1.593991360544586,0.17447852538792405
1.2101192767100968,0.49501857558648343
1.0,4.521845360289911
