alpha,s
0.3956534235119272,0.0
1.2321331828281334,0.1392335520825728
0.709544405511559,0.22663634951007924
0.7269556253888761,0.45802222517427127
0.7937439465767103,0.9456463547734547
1.0,3.021221613350692
