alpha,s
0.8996756281095072,0.0
0.9426012617685814,0.1043380815917508
0.8930112732525335,0.2644255501522831
0.9589832238415297,0.5341613681952871
0.9643159174236584,1.0068327327286015
1.0,4.1598608622387285
