alpha,s
3.7361909082802542,0.0
1.7174693855794099,0.0364128446532506
1.915153079365258,0.143893782527181
0.872094356233426,0.283584107466607
0.9825291013849784,0.8433129188037979
1.0,3.943608578259452
