alpha,s
1.5392573968495962,0.0
1.2647680565940145,0.039496876072426884
1.1876124563444268,0.12671794004739365
1.0023398578116904,0.2970193715921858
1.083564462256355,0.7171493097711996
1.0,2.7086655487433817
