alpha,s
0.17565810719267877,0.0
0.3455882363303239,0.11845593799889552
0.5269102683738981,0.27742182835240087
0.7531586953143615,0.5071448042073151
0.8719133779756296,0.8930455310849112
1.0,4.838411122192686
