alpha,s
5.744980191045665,0.0
1.6016717024624119,0.00817191884890426
1.1797282107590212,0.0642805104032238
0.838728601779774,0.21625888496740436
0.9302170898220729,0.6600503210527926
1.0,3.4386408364369743
