alpha,s
1.2452320209402876,0.0
1.0625309078802636,0.10472359237529286
1.1564690421626291,0.26780574602126794
0.9517074893919407,0.4990154333794053
0.9005741512874916,0.9951626281637441
1.0,4.089313902152711
