alpha,s
0.6007588029994194,0.0
0.53818711915326,0.0884848761021478
0.6683884304791033,0.3115491899244954
0.8213130381248296,0.6178900180139381
1.1505965635299038,1.124553891727993
1.0,2.785392326700651
