alpha,s
0.7787317434888454,0.0
1.0357462510500273,0.10705999119503609
1.0765384807761027,0.2410419356923737
0.9579897932169917,0.4592102225033297
0.8722650369958773,0.9287075879621951
1.0,3.92991066195194
