alpha,s
0.9013450526613214,0.0
0.71633185136078,0.10513148545848433
0.9671561291391628,0.2998644394265667
0.7189621037709362,0.546060716536487
1.3855710478364753,1.2022204015000222
1.0,2.856177056255369
