alpha,s
1.0065356334145614,0.0
1.0784437594702445,0.1115829032813573
1.045011596847732,0.2519159693111881
0.8847396375622165,0.46900752495686493
0.9332244959363215,0.9583195319576814
1.0,5.151442703850677
