alpha,s
0.9990745255227201,0.0
1.4643923626983875,0.12196465727352487
1.0964701901561236,0.2343933563645069
1.0157030582050919,0.46488134476491116
1.292819787392663,0.9448766314383557
1.0,3.5088306107429146
