alpha,s
1.334099233977355,0.0
1.1892725300902502,0.09664729297592001
1.3747569488678073,0.24033053339083596
0.9557127291458424,0.4264579736636532
0.9520322497464825,0.943463048560005
1.0,4.000835111493982
