alpha,s
1.03096039528076,0.0
1.3074206712702894,0.1299344920218813
1.1656988836896087,0.2681179240874358
1.3079041036006864,0.5024234963780718
1.2638174821117782,0.8860256592410599
1.0,4.26312684293529
