alpha,s
4.0707266619058835,0.0
2.07500449562123,0.043604760405950724
1.6275048910066459,0.15500234179781108
1.6758145882022797,0.34697242252017757
1.2438692971938843,0.6988019200539525
1.0,2.6609237082234376
