alpha,s
0.8050878652256087,0.0
0.8283746324142347,0.0878735056587134
0.8590547998663366,0.2157678305504724
0.9651745694052335,0.42377003873247704
0.8326900217813433,0.7895332641885093
1.0,4.018551097044829
