alpha,s
0.4625184521269354,0.0
0.7057042821943369,0.1284787922507682
0.6297103882534976,0.2706624418411544
0.7928377082630506,0.5497298843585561
0.9178963527462899,1.0354325896537044
1.0,3.8609474460247233
