alpha,s
1.1606384654224717,0.0
1.054174629313981,0.11354797966718157
1.0907553650633752,0.2819927411407878
1.1434898412842402,0.5279224986861242
1.094974944644145,0.9520647791173181
1.0,4.881733327782438
