alpha,s
1.0120781980669467,0.0
0.8643057933033923,0.07819455743093269
1.0326775539690067,0.2269474277044496
1.1829242753625813,0.4446226742092827
1.0148261484909142,0.8301488767287413
1.0,4.15829604061484
