alpha,s
2.6736576315497884,0.0
0.9418321855562131,0.00401979256147952
0.864523110953602,0.04783034934712114
0.9280867912999213,0.16949873943596275
0.8395455285694713,0.47403447085650313
1.0,3.4046761235624965
