alpha,s
0.37596145936615294,0.0
0.6286853883812441,0.11813062563241206
0.6262308686684072,0.25340116117369504
0.8988907173694934,0.5261672016633256
0.9094384845506263,0.936272664293163
1.0,5.213150347220227
