alpha,s
0.22744838604964257,0.0
0.4275948199198984,0.12666976310257047
0.6289149380738993,0.2854229606271722
0.7328620234272518,0.5261436485720563
1.2498410593201148,0.99131036889696
1.0,3.391697317826838
