alpha,s
0.009546868947546876,0.0
0.24385916578072986,1.9709589041095859
0.05036214922723844,2.29315068493151
0.12818997530707657,4.3769863013698656
0.6298226454505155,6.97534246575342
1.0,9.4986301369863
