alpha,s
2.3339040014827668,0.0
1.1549322874240262,0.00421440597962838
0.7886228238197358,0.04030038008230092
0.8402377124936005,0.16247859669853512
0.7286154091844844,0.45816856786270077
1.0,3.561137576483887
