alpha,s
0.9128229956974787,0.0
0.9814417172068961,0.20810488511869318
1.0343138647429464,0.4522141114813215
1.3409774021421903,0.7791635465179091
1.1164836497159891,1.1883737092081008
1.0,4.335477029872501
