alpha,s
18.968666280074835,0.0
3.383062095809612,0.004516152336927541
2.0977706998102716,0.04518969043408892
1.3883922281752976,0.1540682764808258
1.1014850281892425,0.4962021286729287
1.0,5.560384958802589
