alpha,s
0.05438640798379197,0.0
0.15577096592863562,2.29315068493151
0.2814221303188416,3.28767123287671
0.21221064922958838,4.19178082191781
1.711527453474933,6.26301369863014
1.0,8.17808219178082
