alpha,s
0.8421982660822672,0.0
0.730229131021377,0.06191994846577468
0.766212657797577,0.19434788646064213
0.9429657654292173,0.4394794940958202
0.9410070366906697,0.8467255012221866
1.0,2.9071834955360902
