alpha,s
0.664365240173249,0.0
0.8249283913249325,0.09469304582162016
0.8931271705458351,0.2325222094056112
1.0204667340134301,0.46347685803083805
1.2011346092851285,0.848937832756366
1.0,3.197601689138012
