alpha,s
2.333551145163355,0.0
0.8507963262935457,0.0049263265011849
0.8149081787368913,0.0527736409071128
0.8193881893203376,0.17872919907117102
0.6769028565374724,0.4900345399929747
1.0,5.484726632717094
