alpha,s
3.2694947933691583,0.0
1.2995378466641012,0.0046776621285184
0.9727670292473273,0.0450348854953896
0.9890044255330978,0.16885438830871205
0.994193816277685,0.4806229229737843
1.0,4.01866838217918
