alpha,s
0.00025005325424129726,0.0
0.004212472031239267,1.8591780821917783
0.04250878696924404,3.039452054794522
0.23059366037068868,4.164383561643838
0.26088319702409113,5.12602739726027
1.0,8.22739726027397
