alpha,s
0.876595905545948,0.0
1.22711374421753,0.08707952994498387
1.2439059516503652,0.19484224493284857
1.2138942915793156,0.37923974003083183
0.943766467053203,0.71398074258396
1.0,2.788414628195743
