alpha,s
2.0453452228703553,0.0
1.1245801760860157,0.004467997309365941
0.8500535884133341,0.04386647364038082
0.8721683517178067,0.18084772654297687
1.0340259172923234,0.5547710549107474
1.0,3.257156513458549
