alpha,s
6.064784195283148,0.0
2.5971076586319404,0.03617075989533765
2.481183933423413,0.13941192424804974
1.7196387513979239,0.29169551973560687
1.7117743157068457,0.6561812579368016
1.0,2.3115130505410466
