alpha,s
1.0825805330068878,0.0
1.0673136304037898,0.11773744505744581
1.1052790377828483,0.28059814035929515
1.0187568449950057,0.5108115362365292
0.9808855493924965,0.9677536531568531
1.0,5.261976545995769
