alpha,s
0.2832855315103198,0.0
0.7962454996929671,0.1275964069065903
0.7044456136716071,0.2512699456306832
1.0250584918339003,0.5318827888979812
1.1141635998154789,0.9038690985113328
1.0,2.5578789966339794
