alpha,s
0.017407678591510562,0.0
0.08131016631163862,2.140821917808216
0.11667949879078458,3.0969863013698617
0.14893453517579708,4.281643835616439
0.7082582467206471,6.277260273972606
1.0,9.4986301369863
