alpha,s
2.3101952938618826,0.0
1.425258096186954,0.055000302530562
1.021799127966605,0.17929680720554927
0.9808143858944793,0.4579853492261379
1.506316538390695,0.9678789720526633
1.0,3.5496932208328644
