alpha,s
1.063429556627211,0.0
0.9194939730328429,0.11344657354640142
0.8993532666335501,0.29532288189527084
1.1117212610736282,0.5667244961439694
1.4154844605152748,1.0097826713623208
1.0,3.735615726658912
