alpha,s
0.8766039920286725,0.0
1.0666022141476452,0.06802727979885273
0.768223152922573,0.17432377480876346
0.8712356733494484,0.43669489548451873
1.1966338883676109,0.9378292514547188
1.0,3.519332756479932
