alpha,s
0.9192736474744123,0.0
0.7709832612850479,0.08970469734655041
0.8909273802774851,0.2692158827957
1.2784405773145195,0.514901953558024
0.9211564956383429,0.852158076970006
1.0,3.284772446595486
