alpha,s
4.842883558402741,0.0
2.7559659596398016,0.044020487998413425
2.0113284541897216,0.140828309192449
2.4117221697156745,0.32392709762103267
1.5386343417692725,0.5855862828324836
1.0,2.70175970378786
