alpha,s
1.7364402824399756,0.0
1.0838053662957863,0.03864747448566043
1.1151321482005159,0.14591299945004568
0.9901766388743788,0.32564866456134883
0.7326334715734121,0.7380245060050725
1.0,4.819683645966347
