alpha,s
0.9047211470881352,0.0
0.8525507752761411,0.09713682824398592
0.8336607313023312,0.26122299162365564
0.821645859984841,0.5337113549400194
1.066865556412838,1.0975771109747212
1.0,3.3936167044081404
