alpha,s
1.0651005018837292,0.0
0.9903812800819928,0.12356577926872839
0.8611099665542911,0.3025145699832362
1.152155347267894,0.6210105118004334
1.0927197279507237,1.0488462552355524
1.0,5.172472747990607
