alpha,s
0.003595288651614488,0.0
0.008932490422011581,1.3041095890411
0.05263787956037656,3.04109589041096
0.14041069296687714,4.123287671232881
0.3131405145124891,5.85479452054795
1.0,9.4986301369863
