alpha,s
0.15739745090347854,0.0
0.32599348990636995,0.11196442062423594
0.4482530071662772,0.25782237221596466
0.537442243997054,0.46473054547583265
0.5869154830943912,0.9229367393763126
1.0,4.022760170207988
