alpha,s
1.042858070410905,0.0
0.9452461248123636,0.07203960546321096
0.9852238090161838,0.20274844092605776
1.0883949026965283,0.4185864653973623
1.081279665426846,0.8058498255089537
1.0,3.621929405624871
