alpha,s
0.7191719845400385,0.0
0.785756953149509,0.11094930722766742
0.8675181536059028,0.2644127450324497
0.8646513488311163,0.503246345121794
1.0001284247263544,0.9940499174908546
1.0,3.907601464720064
