alpha,s
0.9003825119180111,0.0
0.9366685442336871,0.1114931215569068
1.4564664636727598,0.2793924766369562
1.2181199919763745,0.44612999086373
1.1803436208661588,0.8484555050058725
1.0,3.5779559674931867
