alpha,s
16.893736214689476,0.0
4.695592634062213,0.00872900040271686
2.3844418097080786,0.050165406423101744
1.6925748589080252,0.16845406880559785
1.4694929190749222,0.47701285594152154
1.0,3.228476436137834
