alpha,s
45.16765159031069,0.0
3.8441423553022975,0.00324249035538028
2.2186850557630495,0.05416668919700881
1.3885617770815357,0.18266585820090264
1.4747689603189822,0.5769800952934461
1.0,3.428030802287344
