alpha,s
2.163049936260152,0.0
1.7999166219657194,0.09350394689651112
1.7195343278155852,0.23506906447026754
1.2130963062039135,0.4427203358762032
1.199705943993399,0.9453882126691667
1.0,5.206238475187355
