alpha,s
1.3241875535235395,0.0
1.1691499891873394,0.04596184019282626
0.9884976831009479,0.13038892799928553
1.1332081309344018,0.31658406554918417
0.9565733025553728,0.6627330071156048
1.0,4.87611361688858
