alpha,s
4.320002463038757,0.0
2.017785605795308,0.03658770029215541
1.2431551407908463,0.13568789794537778
1.1519283121548651,0.3874837733356737
0.940758972340174,0.8614228438273916
1.0,3.0702484356078394
