alpha,s
5.284510347792197,0.0
1.610487233276034,0.006053055693229242
1.070299247267468,0.05096959448262926
0.932015654809541,0.1889031040368742
0.8749853243562938,0.54455475175491
1.0,3.1650995022923687
