alpha,s
0.0005874890155297717,0.0
0.010638699527787092,1.0997260273972562
0.036767294646620305,2.36438356164384
0.09292606169258164,3.2547945205479425
0.7848975630989451,5.8252054794520625
1.0,7.16986301369863
