alpha,s
1.531624764799891,0.0
1.1399117372186058,0.03658770029215541
0.8385244430189904,0.13568789794537778
0.8728757450444471,0.3874837733356737
0.766985596363978,0.8614228438273916
1.0,3.0702484356078394
