alpha,s
12.274658706963528,0.0
2.3769012006661536,0.006312003980533944
2.0489624995834377,0.05867980715275908
1.4297844930729873,0.15886628484907447
1.3132738728684477,0.46247309299163886
1.0,2.86198137536469
