alpha,s
1.0611776952091845,0.0
1.1352475145924812,0.1151398783843027
1.048729554697913,0.2621246550161343
0.9709782590394493,0.5021901189931924
1.0189755896760164,0.985030450051839
1.0,5.252687573606252
