alpha,s
0.9125018652369582,0.0
0.9073451139373938,0.05736759478012039
1.2487812223737378,0.1800539137157365
1.366841524133221,0.33968161046367595
1.036266333149859,0.6601807665236779
1.0,3.187821784353505
