alpha,s
0.9783162197277822,0.0
1.1564026322677394,0.07879396722115628
1.2730833663398566,0.18513299216826032
0.8688036888820432,0.3391500380660093
0.7772658121282489,0.8067031886230859
1.0,4.28766345026727
