alpha,s
1.077804783580191,0.0
1.1822370376340603,0.07878813725690961
0.8659843103749109,0.18438083135755767
1.0273326824708844,0.4165257498491612
0.8241609931477146,0.7926263466896679
1.0,4.016153218959704
