alpha,s
0.22268749070150448,0.0
0.48980761665814504,0.12807129229829015
0.590962604841553,0.26835584334235524
0.6951107894811949,0.5022783673060481
0.9557750449095789,1.0123075911348989
1.0,3.031303023717491
