alpha,s
0.2922152112355346,0.0
0.4291683607585703,0.12487395232768957
0.7094025445621384,0.3204080719405544
0.8021609595722785,0.5504933669156575
1.3890984872025192,1.0081773099550932
1.0,3.2272984015104247
