alpha,s
1.2896724699799142,0.0
1.0441458108847819,0.0880019491741494
0.977373678733595,0.2375228450263786
1.1292684682100982,0.4835181521994628
1.1535335165712088,0.9044395793657912
1.0,3.83935065280452
