alpha,s
53.19409373104683,0.0
5.986524114523326,0.004145451601100222
3.231159865141598,0.05014286219675318
2.314628425514849,0.16462309026989855
1.2415720347507193,0.44522164327835045
1.0,3.734669171285139
