alpha,s
14.116153535077476,0.0
2.8037457766994924,0.002909037591462281
1.7499072155223836,0.038322322111087125
1.3591423353497651,0.14578144820300928
1.0835880107817628,0.4485409204546227
1.0,3.6595089084927857
