alpha,s
3.5029368108137455,0.0
1.7246745449703522,0.04465097313951786
1.7748192292486178,0.16383682039806
1.3938302230732182,0.32804591277441414
1.1466294213084045,0.7111880622690125
1.0,4.835546020635269
