alpha,s
4.044655049535941,0.0
1.5843581310795631,0.0425448856751411
1.1587463568116816,0.18184673984526065
0.8803307766764799,0.4481352763994459
1.1866920038833682,1.0448706707718367
1.0,4.405685667261735
