alpha,s
1.4922426340289583,0.0
0.8182001469576389,0.031194038531005507
0.892470856715942,0.1498202508249138
0.9376156290421469,0.3583717683947907
0.9156836083344793,0.7885245854812563
1.0,3.151974575510585
