alpha,s
1.059663828659582,0.0
1.0178780004346017,0.12002048949927946
0.896982783824689,0.2905054104056017
1.0031118979670999,0.5753361316983688
0.9290749650396622,1.0459853871868936
1.0,4.216583615433136
