alpha,s
1.0651333775440353,0.0
0.9021672241885736,0.09753937774354197
1.0833621004951033,0.260788263721958
0.9573525915415576,0.4793027805054199
1.114557021554678,0.9576548265632182
1.0,3.596423784137336
