alpha,s
1.2373242924640684,0.0
1.0808090327823128,0.09988326241412407
1.1044732932822312,0.260805830791131
1.3208678460430952,0.5021122683824466
1.442402235746509,0.8709081565224625
1.0,3.828005141457189
