alpha,s
1.1466156224223394,0.0
1.3472041141927242,0.04188594993173712
1.0528401919807804,0.10517301789802058
0.9239737568414784,0.2540052665334727
1.0801710667088424,0.6551844998456555
1.0,3.1667934048969344
