alpha,s
5.37881550528123,0.0
2.0264904981771967,0.0327291693516059
2.056420824259014,0.1442345569474772
1.1830780355400101,0.3033209469660927
1.1334999155520504,0.7529271967530446
1.0,3.610859719316204
