alpha,s
5.932045948430267,0.0
2.7963504222018116,0.03075237652202762
1.969072072436901,0.11505204852913162
1.6776971304717836,0.28869797349632215
1.5048299686624425,0.6199263658171418
1.0,2.812609323257347
