alpha,s
1.2624984747005525,0.0
1.0887358697547318,0.04659917744003548
1.038787409392439,0.14361303663899797
0.8356500310202384,0.32789062774555605
0.9840765503133263,0.7978471678593037
1.0,5.485306611972355
