alpha,s
2.2999561771615156,0.0
1.061231518018689,0.005120484553249227
0.8753854672591883,0.048723118182929924
0.8877016415587663,0.179618586666586
0.8543654092552178,0.518429115530306
1.0,4.182154886004051
