alpha,s
0.6184032659342422,0.0
1.002536156361312,0.11507865259631847
0.8169091642192823,0.2438577037230614
0.9859435859374148,0.5126423907156401
1.1200810120204718,0.9624790542174925
1.0,3.375602537784256
