alpha,s
14.268917538542862,0.0
2.755602046738954,0.005178614184949902
2.053996125909656,0.051547859078069004
1.5182577849618872,0.15732431888517417
1.1078809382678627,0.4361581978128916
1.0,3.51930135187317
