alpha,s
1.0427168228051265,0.0
1.3809619078652078,0.12744333028324184
1.0572704313489596,0.25576562875364045
1.0171214370165393,0.5053384831260623
1.0682994912258514,0.9667526555651349
1.0,3.6481968958717057
