alpha,s
1.292150174056873,0.0
1.5631218729432217,0.09415426447936984
1.043007183439092,0.20568659954950888
0.9738132529954482,0.4493964586024968
0.8667622922276712,0.9415533243890623
1.0,3.804193705223169
