alpha,s
2.782953103701386,0.0
1.8877622187655458,0.05283032862572395
1.5332587009166054,0.15877543563185492
1.534110031526115,0.35078461887834844
1.184141103708507,0.6826177780589384
1.0,3.758939145246485
