alpha,s
1.0786047468600488,0.0
1.2001510369646409,0.12385030654917764
1.2793533092708564,0.278561688969134
0.9762873261882504,0.49347474606878566
1.2029790573498593,1.0080631134198406
1.0,3.309381013435481
