alpha,s
0.8973509664147709,0.0
0.9647725744985375,0.07579851494149707
1.0091683575371355,0.20397759321301598
0.9876639080621379,0.41555125076121235
0.936676663184329,0.8569554792429067
1.0,3.6439000499563385
