alpha,s
12.007719864823562,0.0
2.7058054804299654,0.007801342372240203
1.7996215507585025,0.0587836723065428
1.3485563200110346,0.18645113147710932
1.2412865155050552,0.5372738900601121
1.0,3.4906362807518567
