alpha,s
0.9300159625158966,0.0
0.805398659921265,0.05959344296377486
0.8176824767270785,0.1951774667559109
0.7685238713565916,0.43274536222244187
1.2343399941608129,1.0335568304171
1.0,3.3940712461795863
