alpha,s
2.0786332891025787,0.0
1.7329454822651937,0.09550229823678383
1.441369105898561,0.24021710275802813
1.5295075397765951,0.48904399285132844
1.2230192311441483,0.8925011440438594
1.0,4.262421936248389
