alpha,s
1.0852195875854054,0.0
1.0626849833922625,0.11907414265714492
1.0435757315331875,0.282550037826993
1.008814718521159,0.5304649905162621
0.907798383857431,0.998209839520045
1.0,4.481404011053265
