alpha,s
0.23981445629778828,0.0
0.49808107964400783,0.1260902133861116
0.7040487434464948,0.27778567829651435
0.5994575437047452,0.48796423130713285
1.031014722137962,1.0604148809610723
1.0,3.70455521146506
