alpha,s
0.24868125846734312,0.0
0.7479496358685538,0.12565988812842216
0.7982030592943719,0.22896468970778133
0.7281331057499391,0.42763246602088395
1.0866356422742538,0.8964858331641571
1.0,2.959255153890997
