alpha,s
0.00952037607874187,0.0
0.054104705412540505,1.7287671232876705
0.12345341303127136,3.20547945205479
1.433956051287911,4.180273972602742
0.5185215933979739,4.453150684931504
1.0,7.04383561643836
