alpha,s
1.7405246251093325,0.0
1.055828749514888,0.0471014564290143
0.984072869752105,0.17290494098478534
1.0512979060524614,0.39971251180426537
0.6373461125947604,0.779301986197046
1.0,4.269303609280385
