alpha,s
0.05314759196156626,0.0
0.17800619349346622,1.82739726027397
0.07849885781095929,2.315068493150688
0.10827210264214168,4.022465753424658
0.26281253643108526,6.296986301369866
1.0,9.4986301369863
