alpha,s
1.0328822405994773,0.0
1.1296507691806985,0.11335883647302311
1.026012492104207,0.2563471218095198
1.069655102039224,0.502183970811337
1.0741660454989934,0.9312105575881475
1.0,4.788400839766354
