alpha,s
1.08627903927879,0.0
1.055467413849256,0.07061437228749701
0.827313262634086,0.1773540720100729
1.0949031133264044,0.4140761153047711
1.5300960014490224,0.7759992149311858
1.0,2.8829995068694148
