alpha,s
0.10174632234817449,0.0
0.17844725418779164,0.09358893521123732
0.1574698261800776,0.19560306388145554
0.10010364908110754,0.384182217405779
0.03600601550162819,0.8392256684756753
1.0,5.25066721757608
