alpha,s
0.04976878177402471,0.0
0.21839896151707175,1.96712328767123
0.08501514173323439,2.36438356164384
0.1925943491753348,3.815342465753422
0.1904864483049185,5.119999999999996
1.0,9.4986301369863
