alpha,s
1.1141093488233904,0.0
0.9122123284683287,0.0417485191774702
1.0498158961909414,0.130569869430659
0.8391905688886253,0.2773285407580363
0.8338733737539544,0.6739701269380101
1.0,3.926927977302944
