alpha,s
0.9407302334671857,0.0
1.005361771837328,0.1192212682455446
1.0693254837424908,0.2748301052699106
0.7763640163506224,0.5011687265344116
1.0752640290517845,1.0823233802156595
1.0,3.630991963463752
