alpha,s
0.9066027815572858,0.0
1.0299905471044313,0.12824955783618852
0.9962124592434737,0.28628585936469314
1.0560487218458596,0.5293713965209994
0.9359593951676397,0.9796236053044793
1.0,4.247794189553562
