alpha,s
29.29215467856625,0.0
5.068100847057931,0.004919395870771461
2.3395964327806906,0.04390719451112511
1.78960977263969,0.16958334286716717
1.279591315767884,0.47213172229929956
1.0,2.992318142422081
