alpha,s
1.3977634219386343,0.0
1.2340726766993648,0.05123196841663235
0.9357237184933846,0.14701809407071315
0.9379500696840627,0.36537652540303456
0.9308978881720632,0.7972802743515193
1.0,3.774702879309273
