alpha,s
0.5299071731462623,0.0
0.5518719451213082,0.10283408000108846
0.7204909549622586,0.25742394335662216
0.8229736029006355,0.48156978544887236
1.2706555416781677,0.8686493191868443
1.0,3.3507703652903693
