alpha,s
0.5323186537260081,0.0
0.7279058762188173,0.1207933119088727
0.8569261305216598,0.2584706665631004
0.9206024628834801,0.46094778019891336
1.0116726257554025,0.8793986213876817
1.0,4.723335741612782
