alpha,s
0.14793879506134147,0.0
0.2883809101274931,0.11723447978231996
0.5160185828305252,0.28862664347515377
0.4839299289619489,0.5069916242414022
0.8350458099983766,1.0860165416818812
1.0,3.475175199554605
