alpha,s
2.882449609963394,0.0
2.203206878710403,0.05958902071433571
1.543650124859814,0.16104621375275632
0.9448447950657857,0.36950399176641646
1.4108587767516498,1.00056981587796
1.0,4.502574740572897
