alpha,s
2.7119505252844096,0.0
1.015898658556276,0.00353168163551136
0.9221615874976968,0.051133489775143245
0.8719477140614615,0.1696055105548941
0.8337276227284247,0.4826369497687686
1.0,3.657466488923693
