alpha,s
0.0833221804808958,0.0
0.19889448185065695,2.04876712328767
0.1978581065516345,3.20547945205479
0.36679661441580885,4.4953424657534224
0.6365439185567605,6.144657534246575
1.0,9.4986301369863
