alpha,s
1.231626419592559,0.0
0.9314913235369757,0.03995083251320362
0.974293788628441,0.13211180719599921
0.7882397809588453,0.2965327580135534
1.0909116076943577,0.7428888944155575
1.0,4.170009639631715
