alpha,s
2.9800221281800163,0.0
1.275921342851946,0.003522975870658701
1.0463755520615798,0.04058552342353272
0.9055201215515774,0.15394722945969616
1.0252335305308962,0.49537575756283286
1.0,4.153178740447521
