alpha,s
0.04952051081550176,0.0
0.1886734483311538,1.4723287671232843
0.07377614995590452,1.98630136986301
0.1583631478411961,4.193972602739728
0.7358198799441832,6.305753424657539
1.0,8.22739726027397
