alpha,s
9.180427103598875,0.0
1.8750111522221442,0.006049266521950981
1.6622359182153448,0.05946426817316742
1.2384138911249822,0.16638564657026927
0.9423769577145382,0.49255730034289735
1.0,3.3579817408413586
