alpha,s
0.909637020137108,0.0
1.0597912412139399,0.0886190177640714
1.0100908583036643,0.21268938832679743
0.9249235779968923,0.4276323807113619
0.8688643404718794,0.8877812553540727
1.0,4.636510238820793
