alpha,s
1.1059646655701445,0.0
1.0909738702289058,0.0873718291559439
0.9892964899651218,0.2185293514257475
0.7819118939672303,0.4587326027466247
1.1796775144903278,1.0556539568686183
1.0,4.422206236521832
