alpha,s
0.8865444446946583,0.0
0.9621711784431319,0.14045093604426187
0.9501321975495801,0.3147656630675373
1.3670066580483096,0.5807547500389393
0.9573146458141244,0.9331766144058293
1.0,3.533500247823752
