alpha,s
1.5744355996290722,0.0
1.1140679139189211,0.04442546852225416
0.9288761930126264,0.15516453489685006
1.0170561784779908,0.38461223084939306
1.068097746700742,0.821502318158257
1.0,4.72828985920262
