alpha,s
1.0528497705113367,0.0
0.9917738002157079,0.11443469260583095
0.896469352265331,0.27268081863376864
0.8016809642671894,0.5477020176697462
0.9716569021546125,1.1395637393810782
1.0,4.515852233075134
