alpha,s
0.9936006074103978,0.0
1.4332912251597794,0.0839736583053987
1.1715641800873744,0.1790845836501493
0.9346538847921516,0.3634813045229973
0.8035122640181978,0.8130508899306618
1.0,3.619744407871695
