alpha,s
1.0144460614254875,0.0
1.0384870733247356,0.1112504917493329
0.9172996952094842,0.26703349354503364
1.1558066849311563,0.5394493205134658
0.8290115742895975,0.9524800968155142
1.0,4.722384523236305
