alpha,s
0.9765138494102543,0.0
1.3633936891756906,0.08136472102766329
1.0453753245735902,0.17721523088090488
1.053373618085604,0.3907394288026657
0.9978378652928968,0.7767416475867578
1.0,3.6171136596162143
