alpha,s
0.03540257322440349,0.0
0.09396599362108575,2.290958904109592
0.2757778141043747,3.670684931506852
0.24499973685936208,4.403287671232878
0.3463102611094368,5.94520547945205
1.0,9.4986301369863
