alpha,s
0.934339701817497,0.0
0.76613427614478,0.004747922408842681
0.7012159014448505,0.047494109486763025
0.7681030158351916,0.17982367754069636
0.7707131124225878,0.5087157365015862
1.0,4.161896016798799
