alpha,s
0.827716496917939,0.0
0.6647448881245588,0.12879794074797732
1.1272324353884435,0.3592213974117036
1.0511016635743475,0.5697367374253601
1.0340747648616297,1.0273232611411556
1.0,4.898930019362789
