alpha,s
0.0007459359108697973,0.0
0.018698651674363537,2.2361643835616443
0.030426727717986275,3.20547945205479
0.11810335530157848,4.385753424657538
0.7636297500752988,6.14794520547945
1.0,8.03561643835616
