alpha,s
2.654634410746254,0.0
1.1157808644223333,0.004852633524502699
0.9913838581662645,0.04641483124680658
0.8502035934875841,0.1596157252690905
0.942354043692543,0.49361751329782455
1.0,4.1098832154247305
