alpha,s
0.00577810378213613,0.0
0.0370863728371152,2.318904109589044
0.055082498998609244,3.20547945205479
0.12642074794555952,4.19178082191781
0.14235638925822872,5.15890410958904
1.0,8.22739726027397
