alpha,s
0.7481667076409757,0.0
0.7233677035245922,0.0730154511734388
0.5434217869906947,0.21166013852779392
0.428408594551574,0.5288292607719398
0.626087753089425,1.3101574745034381
1.0,3.2823783478891366
