alpha,s
0.04526071476967677,0.0
0.26080370103567185,1.95342465753425
0.09868941680494925,2.3704109589041122
0.48749654424676686,4.196164383561646
0.4345013536522285,5.0958904109589
1.0,8.22739726027397
