alpha,s
1.0766394134454749,0.0
1.0956079470002895,0.12312087148344425
1.0450172058574219,0.28568076975373924
1.092536065673296,0.5395985045246804
1.1623661631644633,0.9824277740571263
1.0,4.622965543253266
