alpha,s
1.1342772670351287,0.0
1.0049760891365884,0.11094314681766118
1.15154476902313,0.2810652512036767
1.0619666459360364,0.5073709414080202
1.484356309523511,0.96846845594964
1.0,4.035180003907898
