alpha,s
3.7869050715620114,0.0
1.8639747815014653,0.04601481790176104
1.1017132297034677,0.16652269253821164
1.2896994628331204,0.4687483163629132
1.455940962615984,0.9123787758548995
1.0,3.2369489007909635
