alpha,s
0.5986145898112532,0.0
0.8457414960322694,0.1484118011994995
0.8764836962057154,0.3141219870491528
0.9923892835897133,0.5715632145363844
1.0590821849484797,1.0553211445343254
1.0,3.8520396801158254
