alpha,s
1.007916629236971,0.0
1.27176429399711,0.1284787922507682
0.9695234112766816,0.2706624418411544
1.0616964359336223,0.5497298843585561
1.0913697915392928,1.0354325896537044
1.0,3.8609474460247233
