alpha,s
1.5842222468833878,0.0
1.4298995364595877,0.0878735056587134
1.3132040462700825,0.2157678305504724
1.313397442184132,0.42377003873247704
0.9981795917250996,0.7895332641885093
1.0,4.018551097044829
