alpha,s
0.038458578469057446,0.0
0.06411122711343278,1.168219178082196
0.0572067710107663,2.190136986301368
0.19608993590261256,4.198356164383564
0.5186124082088752,6.128219178082195
1.0,8.22739726027397
