alpha,s
0.38645227521067743,0.0
0.5184050206025703,0.0877075961198313
0.7822415962407051,0.2332363649855447
1.3585289712917954,0.4462149332246872
0.9862116085326629,0.7231322615431924
1.0,3.754313341657062
