alpha,s
0.45905610291669635,0.0
0.46859267093953894,0.10808856987253176
0.833515482086837,0.30272676957295913
0.7910393958779727,0.5036427521782186
0.817023947994629,0.9621797617534515
1.0,4.316814209145159
