alpha,s
0.3790201326281817,0.0
0.6117423450791838,0.1109636461760583
0.8227166747023499,0.260368082340131
0.8257537649950077,0.46942912968315215
0.9842606785676404,0.9305832877500956
1.0,3.5826815921772344
