alpha,s
0.3448814899731766,0.0
0.579390081290912,0.10065809109229623
0.7717997277263237,0.24809998862369834
0.8344650525164832,0.4552934701548227
1.2766232720862234,0.9371414292905602
1.0,3.425128621892729
