alpha,s
4.418649265489843,0.0
2.876027669136431,0.0378817408069878
1.4842338855006212,0.11359635305399232
1.2913129119719702,0.32398955912184935
1.2381002870076272,0.7470161125878914
1.0,3.792975622128803
