alpha,s
1.0129754836775164,0.0
1.2138977847491812,0.1359611030040713
1.1977011806661757,0.2854793911768419
1.023117285687773,0.5141044657316917
1.1448106652304602,0.9967689762145159
1.0,4.642207439262579
