alpha,s
3.6919059873317557,0.0
1.8785943548124429,0.046699973596372804
2.0487319206128087,0.16197602731382763
1.2437744713623575,0.322167659594514
1.158512669210729,0.7760905794324798
1.0,3.343349552670907
