alpha,s
0.7626269330217063,0.0
0.8962584660760349,0.1124513322699068
1.0664979173240439,0.27002220155185747
0.8396736072664714,0.48390997837281774
0.8229919316934736,0.9769142296928541
1.0,4.663802086958528
