alpha,s
0.9960927721187086,0.0
1.0608707254748386,0.19229895409015557
1.1583291896226657,0.4229753894047132
1.1458897340935075,0.7170752152206105
0.9981085642327875,1.2145472507364554
1.0,4.615303282080097
