alpha,s
1.1596767654164597,0.0
1.2191572274087987,0.10897382252982725
1.1644263620313728,0.24924075028462228
1.2766014317485992,0.4720543563122095
1.428289245324289,0.8794756174841482
1.0,2.8361169405678823
