alpha,s
1.1905523740823796,0.0
1.2544358522567662,0.11196442062423594
1.274436816537008,0.25782237221596466
1.1374402711137417,0.46473054547583265
1.0612556455991742,0.9229367393763126
1.0,4.022760170207988
