alpha,s
0.9418363576359612,0.0
0.9553279473418395,0.1288896942836961
0.8841640074125663,0.30719171184282273
1.0454300715324722,0.5894667539599503
1.2394528371348863,1.0454296965185066
1.0,4.560677771760648
