alpha,s
3.466951016447456,0.0
2.3553771817862375,0.051181875782125616
1.430101035540615,0.14628011409844263
1.1977009117456017,0.36867321319562296
0.9739788155839357,0.8370925327810993
1.0,4.219838000948748
