alpha,s
1.0054664835190252,0.0
0.8495527866601925,0.08010548662704574
0.7879914744890322,0.23702256479953782
0.6377452929291626,0.5220959185274016
0.8048708641125402,1.1730366461081831
1.0,3.420354713303269
