alpha,s
0.32313005344983237,0.0
0.5189083069711716,0.10751467937739956
0.6303076760187114,0.2550803138818745
1.0127543035572268,0.4987678751689915
1.1197974543942126,0.8669829155813962
1.0,3.163528096293956
