alpha,s
0.32349132472650405,0.0
0.5846241742096513,0.11270219824051958
0.7744965132671614,0.25135286072141844
0.9333979504246432,0.458645127778692
1.037166827617845,0.8555820123294137
1.0,4.364277412942912
