alpha,s
0.06909368182221266,0.0
0.26134525504136125,1.82739726027397
0.18103570802261285,2.48767123287671
0.5705502600835887,3.5917808219178102
0.31142437803809603,4.39452054794521
1.0,8.16438356164384
