alpha,s
0.4773211522667791,0.0
0.6040786181466272,0.14904526984013639
0.9598519453670874,0.3435105049425123
0.8922402270094526,0.5518749889742495
1.3107868146119428,1.0217704663077396
1.0,2.5744423954089104
