alpha,s
4.728331788674818,0.0
2.5684411803106957,0.0374861836575017
1.409261592316314,0.1261723470057485
1.6121469641139787,0.3582416318492281
1.274424617307731,0.7071066491705984
1.0,4.885286964295417
