alpha,s
0.006574807751908841,0.0
0.05836409532201822,2.242739726027398
0.06965937825687486,3.08219178082192
0.5703074778069445,4.184109589041098
0.16354708709750806,4.6
1.0,9.4986301369863
