alpha,s
2.4562540658011325,0.0
2.039313510997262,0.0642932134547165
1.6508254593331488,0.16656753976860608
1.359240385850135,0.3514079711368856
1.2495725440628065,0.740992751336175
1.0,3.8578344144253927
