alpha,s
0.09446584607898303,0.0
0.3538528351736295,2.2361643835616443
0.23643075704375813,3.20547945205479
0.42919942807509537,4.385753424657538
1.279182305275298,6.14794520547945
1.0,8.03561643835616
