alpha,s
0.10874523799877385,0.0
0.3452880367316015,2.022465753424656
1.2303867407285862,3.04109589041096
0.4142262340794005,3.254794520547942
0.49429852528965734,5.0958904109589
1.0,8.22739726027397
