alpha,s
1.2105207703030385,0.0
1.1385151908652493,0.1148203046037372
1.1433424702792776,0.27421246676877997
1.344870579538525,0.5152009911002484
1.6564318649716328,0.879845017602746
1.0,2.7807796632230475
