alpha,s
0.4811565421316686,0.0
0.7323729649091741,0.1038226978938322
0.8379360984591604,0.2373699360952227
0.9508401670556333,0.4629612071734314
1.0042375948088915,0.904999471557828
1.0,4.965872847645898
