alpha,s
0.5581600566133331,0.0
0.5658530248939599,0.10186597686413493
0.7833037628935939,0.25557696770860183
0.8026009310566156,0.4538293365350731
1.0260783442056625,0.8830482398106085
1.0,4.024435272565602
