alpha,s
0.5161897064547132,0.0
0.5292843891297682,0.10886538822715681
0.7211707041264824,0.2831303882113496
0.6672175114812546,0.5035423638228833
0.87403396944991,1.011015084918875
1.0,4.847796467329928
