alpha,s
0.2761528324562663,0.0
0.48285180560346863,0.10141205670719336
0.545978685809852,0.22661398149256232
0.8123965441867548,0.4629483051706648
0.992728585681134,0.8378375949088498
1.0,4.438945085951526
