alpha,s
2.1420007286435383,0.0
1.0549145938897968,0.004525369351898158
0.8348193692688544,0.045781017466471036
0.8465956581496054,0.18376114319888068
0.8679259796873573,0.5309223878823203
1.0,4.042983690549988
