alpha,s
0.9356539017546533,0.0
1.0589458909993872,0.20024099754622668
1.0178242592507294,0.43411297417886585
0.9815507176444369,0.7738135803594237
1.0090851383545376,1.3796412288085635
1.0,4.801147225511593
