alpha,s
1.0864878868479753,0.0
0.8956888740893012,0.07336622531381089
1.0136417037791943,0.2197018004733075
1.0445436090038864,0.43599216000024843
0.9731233301176688,0.8628456351167759
1.0,3.916133713026829
