alpha,s
0.7198025965368313,0.0
0.49322695089213026,0.054451567949197
0.8084455762124688,0.2119162122399856
0.44366503043742817,0.3801028279071462
0.4715838914598027,1.0433019435629218
1.0,3.887567414972352
