alpha,s
1.566021043259239,0.0
1.6506229074474696,0.12824955783618852
1.4701831426481091,0.28628585936469314
1.3791652523796152,0.5293713965209994
1.0718778100202486,0.9796236053044793
1.0,4.247794189553562
