alpha,s
0.3456410215611512,0.0
0.5331342364951661,0.09795204126646967
0.7040883379334183,0.24567078053752095
1.0406860715517852,0.48896993227453595
1.0681146343191608,0.8547694026199917
1.0,3.840729135968613
