alpha,s
0.21764674136463255,0.0
0.3602337827046443,0.1387373098749698
0.699129430510112,0.33578715783390917
0.6589718274597761,0.5614352717144285
1.0470104431930183,1.0538880877067998
1.0,4.569394408510976
