alpha,s
18.887518018278964,0.0
2.9000557342613718,0.00605417299455656
1.9319981311800736,0.06305185006861447
1.6304051195460194,0.19462062455850798
1.2506097805895826,0.49420343571112724
1.0,3.893301080065821
