alpha,s
27.088154892724244,0.0
4.021211106193636,0.004239426183925523
2.77811851434936,0.04414365992833336
1.6355394402267351,0.13481833337541968
1.3862481304199887,0.44775192222950855
1.0,2.741696831269003
