alpha,s
1.2739027299125523,0.0
0.9109637378425204,0.06697131579294743
1.115779254155138,0.21334263356946634
1.0307124888166266,0.40389009956980815
0.8953523557836214,0.805068747160949
1.0,3.28526809653121
