alpha,s
1.1040331263700933,0.0
0.8763777760173967,0.10470807664165174
1.2344277339053875,0.29181691725844544
1.174873456141396,0.4892336054732319
1.2504840794897527,0.9082966046314598
1.0,3.0697876298431783
