alpha,s
1.2598076076074285,0.0
1.0556921484359616,0.09315383810415535
1.073674051693917,0.24250672805865997
1.1563386287123423,0.47007906675180355
1.0928972756895237,0.8769991363651186
1.0,4.381500630545231
