alpha,s
1.1486676862617107,0.0
1.1460219555467421,0.05283032862572395
1.105828000604653,0.15877543563185492
1.2528384714999232,0.35078461887834844
1.0722089881007426,0.6826177780589384
1.0,3.758939145246485
