alpha,s
0.04853937922932458,0.0
0.12474313919239248,2.16712328767123
0.11194537448786282,3.101917808219176
0.20702520480902936,5.0958904109589
0.6944224493139078,7.07397260273973
1.0,8.22739726027397
