alpha,s
1.2954688514468689,0.0
1.1508829076421339,0.041681895399620805
0.8426253870304373,0.11936373226223931
0.8344364636064595,0.2975245514784718
0.9450268927883752,0.7144422594245775
1.0,3.94700163078228
