alpha,s
1.2278170702442177,0.0
1.0355631882478227,0.0058169694688484
0.9671951148711428,0.0486218716982975
0.7299364656753478,0.1672044094465607
1.0157055989618646,0.6098621569198296
1.0,3.134021315527643
