alpha,s
0.8688307545746259,0.0
1.331549497161641,0.09900461604189556
1.1909271188758186,0.20763793225371022
1.2663098238034909,0.39513773164777344
1.6617846309787851,0.8230178906963648
1.0,2.474925934333271
