alpha,s
7.469246408925977,0.0
1.9651544673155343,0.007801342372240203
1.451512333182286,0.0587836723065428
1.183376730025605,0.18645113147710932
1.1645550955595305,0.5372738900601121
1.0,3.4906362807518567
