alpha,s
0.007645925676380014,0.0
0.1786488214759325,2.031232876712326
0.0921764140441343,2.36438356164384
0.15487622509364857,3.82739726027397
0.6888493788749398,5.936438356164389
1.0,8.16438356164384
