alpha,s
1.034406910175055,0.0
1.1772368276037515,0.1268463371538623
1.1643871312620195,0.27844898930749373
1.1372313487627088,0.5093485913236052
1.2375990192036,0.9239632859658958
1.0,4.78381672605624
