alpha,s
4.723910257245398,0.0
3.3182646852736033,0.04437178051247048
2.770835161790436,0.1213728275060942
1.6611445490350847,0.2504087245939882
1.3146587700788972,0.6370003304865561
1.0,3.511814479794086
