alpha,s
2.132299908288469,0.0
1.1407483060373176,0.006412784204920043
1.1725139540631917,0.04838702172514292
0.7648877712501547,0.15141040387644356
1.166320629688832,0.5491650843270497
1.0,3.255191905262501
