alpha,s
2.4849930443673647,0.0
1.748237001688645,0.0606454588042959
1.2783901531879636,0.17301480126157326
1.496173998920622,0.407182115789538
1.14303524914626,0.765409015272276
1.0,3.573594736231
