alpha,s
5.490356197248322,0.0
1.8881550181060582,0.00976261539537296
1.3418780270083406,0.06228284013543712
1.1068278657048596,0.19473608562947425
0.9583488971710643,0.5278338876722198
1.0,4.66665240301618
