alpha,s
36.67471013853945,0.0
5.958064083119487,0.006053055693229242
2.6932656239132498,0.05096959448262926
1.721600874457567,0.1889031040368742
1.224340176693654,0.54455475175491
1.0,3.1650995022923687
