alpha,s
34.239881976722344,0.0
4.237772349729474,0.0037744159594159
2.329244728220575,0.0463898930185042
1.2307003772026348,0.16429655273509947
1.2530902407251807,0.5610476153192683
1.0,2.6806190068781315
