alpha,s
0.9262833332055292,0.0
0.9605772870892101,0.14054554547988288
1.0280704873287925,0.3207572038966541
0.9592217596893388,0.57167807447797
1.0335954381426895,1.062459022349012
1.0,5.32991483601474
