alpha,s
1.042165058945685,0.0
1.0018823183785388,0.12580424791703562
0.9491377875729105,0.3043429700035831
0.9605843839348187,0.5752437523978531
1.06821923491262,1.061618335486632
1.0,3.873481762806729
