alpha,s
0.8643270599715078,0.0
1.1900535736575173,0.21673032874564285
0.9934190737232768,0.41840508960975764
0.9507242249865613,0.7507966680458344
1.092746432912503,1.3451877202953055
1.0,5.829270457422378
