alpha,s
4.39307820278518,0.0
3.2314264730350777,0.03833869538538384
1.7639026083667777,0.10432745948209828
1.4521170554540552,0.2819021601666555
1.101245900862125,0.6625985727414203
1.0,4.143769209682702
