alpha,s
0.30714756030879076,0.0
0.3515799232812993,0.0739419552761643
0.2100250128733588,0.18139258643539394
0.19839170545163715,0.4605412940544185
0.08573088900880498,0.9456115432704063
1.0,5.081481236337351
