alpha,s
0.5239037170377258,0.0
0.6624339236410517,0.11153944737699154
0.7731359176365229,0.25423090360357764
0.9509543163635019,0.4687555520716666
0.7531916750177731,0.8155961626385556
1.0,4.520379241606434
