alpha,s
0.5974251224648424,0.0
0.609000829545404,0.0846946087899497
0.797381131476701,0.2257724626380368
0.8763368591199597,0.4365614715689283
1.2874912419634013,0.8516464750763124
1.0,2.6780597339118035
