alpha,s
1.0027372332152216,0.0
0.8899976974836104,0.07437912015989322
0.7393301993008021,0.2025060651600744
0.9501691882101777,0.44971654745632117
1.4004360478550018,0.8888381527500476
1.0,2.3087258545126725
