alpha,s
1.0809223518905289,0.0
1.1656428210813399,0.05491609733944497
1.296172358646315,0.13919409212397862
1.1133629340736173,0.2743137849310302
1.1021860931383762,0.6385400637482544
1.0,4.051504151383908
