alpha,s
0.6912100479076256,0.0
0.7242162569765938,0.12277804035239397
1.095997063199521,0.31808244823724774
0.762775105871961,0.5156240048602302
1.0450061002184206,1.0740962773053249
1.0,4.023477683721232
