alpha,s
3.09510077941282,0.0
1.5746602133797094,0.04465097313951786
1.6586874892644452,0.16383682039806
1.330460881917871,0.32804591277441414
1.1199402285369104,0.7111880622690125
1.0,4.835546020635269
