alpha,s
0.8766318625881194,0.0
0.9851532953050567,0.1278824690289249
1.1013678943691008,0.2923732910967173
1.0992202272841733,0.5241661427842113
1.0645467220612237,0.9558049362469316
1.0,4.21721496675477
