alpha,s
0.039096150925217905,0.0
0.06389322160566611,2.23013698630137
0.3767100890375032,3.9473972602739726
0.267237987666706,4.407671232876712
0.5409278094042449,6.33424657534247
1.0,9.4986301369863
