alpha,s
0.42267004498397576,0.0
0.6124142326607014,0.10209840068115227
0.9637515175893802,0.251013415388944
0.9921591547426776,0.4405514013105714
1.0233549986987027,0.8358323584141698
1.0,4.822145655798697
