alpha,s
0.675159705588404,0.0
0.9892156376871715,0.08264811001423383
0.8479805735276,0.18966346543504697
0.9255223556817401,0.43906207365246686
1.0766621744729574,0.8823825884353188
1.0,2.786814820241589
