alpha,s
0.527299003212565,0.0
0.8836295111745507,0.11961798953749836
1.2017062901426263,0.25279950948643043
0.7241275636664443,0.4052761516145588
0.7434372637543785,1.0182213800521365
1.0,2.93229468004562
