alpha,s
0.06778689732343895,0.0
0.47986036123754244,1.958904109589042
0.21261904289685382,2.3249315068493184
0.36125129164692166,3.6219178082191803
0.46959771121485866,4.89753424657534
1.0,9.4986301369863
