alpha,s
2.2868015855813177,0.0
1.2969043029611849,0.07106127415425087
1.2093019370837892,0.2291226738019631
2.438352222720019,0.4799912085599139
1.0623718535542108,0.6810037354251374
1.0,2.526822125964419
