alpha,s
0.9569884961258638,0.0
1.2824195585972766,0.13503290059344433
1.131936612986534,0.27161612809328256
1.0211781641557631,0.5083030856650311
0.92847690459688,0.9883124658304205
1.0,3.531327394453681
