alpha,s
4.64926597000491,0.0
1.417642127017615,0.036650426491440735
1.4042745690341654,0.19147098530342888
1.1217418780201478,0.41344962210449493
1.350426486762472,0.8731654180758113
1.0,3.0831336833154603
