alpha,s
2.1334293293874627,0.0
1.5226510823408523,0.0763910611116993
1.424531089682982,0.2146011192755844
1.297787756076475,0.427094872480268
1.1843898328350984,0.8531308847577889
1.0,3.630205098458836
