alpha,s
1.0642982294206824,0.0
1.1237010803361493,0.10390057600845033
1.1707673730728305,0.24302324837782022
1.3354493253686062,0.4502105442856583
1.3632888472009204,0.8005644508003056
1.0,4.992654689234055
