alpha,s
1.0339160076371754,0.0
1.0662296638398654,0.11540520992304716
1.391712744192493,0.26985575317218136
1.1952658271707903,0.448392202900843
1.201652708488113,0.859568959651252
1.0,3.404904994946825
