alpha,s
1.032355889573318,0.0
0.9882134224741307,0.0865374659494562
1.0692196430852374,0.235286676875294
1.0473142372793105,0.45449955176383167
1.0397216801108204,0.8876548344968924
1.0,4.355469382563635
