alpha,s
1.1385858795369574,0.0
1.2469301012288037,0.10344485044377724
1.0417549868515976,0.23161618494845768
0.7679383401934597,0.4626455713070092
1.2135307275776612,1.068245488321478
1.0,4.043632865497727
