alpha,s
0.6251711387446417,0.0
1.0220491228762034,0.17061939333740525
1.1269469432586172,0.3187124115514091
1.1765227413369104,0.5216869324124028
1.1260919471062696,0.9242478095927322
1.0,3.5355622998318856
