alpha,s
0.7327731631561025,0.0
0.8255322890396303,0.0540432119025754
1.157248481191146,0.1476842680719536
0.7927174315024531,0.2725576602950533
1.0487813353305737,0.6976535004444047
1.0,2.762390486548941
