alpha,s
1.3392475357995686,0.0
1.1110306315653424,0.09315383810415535
1.1141493835729996,0.24250672805865997
1.1879746087859773,0.47007906675180355
1.1271058963797034,0.8769991363651186
1.0,4.381500630545231
