alpha,s
1.6215492993847218,0.0
1.045585235146473,0.004460000611193042
1.1360111076780588,0.050609123276680046
1.0610934570941695,0.15862450977331563
0.9652195401196583,0.46308463865449034
1.0,4.074900285460575
