alpha,s
1.1354967144575958,0.0
1.4891191899053362,0.08483385652416074
1.1474505357952858,0.1847739753683193
0.9226966349875104,0.3965769604942242
1.2112356932255879,0.91922070575164
1.0,3.430806749602941
