alpha,s
1.1255595430805552,0.0
1.1026058921861128,0.11910711973047441
0.9775997222636527,0.28143206006692845
1.0762553227132878,0.5535008027662024
1.1597887789338617,1.00661475756703
1.0,5.237544296609861
