alpha,s
14.996920108543906,0.0
3.220272060458874,0.0046864702546435
1.62185085987051,0.0387514233802279
1.2254384607905027,0.16212633547685731
1.0922290716496579,0.4945150452114129
1.0,2.8502890968368675
