alpha,s
1.308464875919783,0.0
1.1761534139536316,0.04691257349132063
1.1293138099962072,0.13508949226387
1.033677950242704,0.2957068306074442
0.9386339373528078,0.675164739208858
1.0,5.541553937243648
