alpha,s
2.1697384310619987,0.0
1.1430723324136418,0.041946990614048926
1.0519561312727366,0.17924698930595057
1.1788277585166669,0.4127333436653424
1.3085077955149518,0.8023504039287976
1.0,3.388748827639392
