alpha,s
0.009006219471759065,0.0
0.07155366056302397,1.7287671232876705
0.046959624508512536,2.267945205479454
0.1389142705152532,3.7643835616438364
0.16597259788303503,5.194520547945203
1.0,9.4986301369863
