alpha,s
0.9826345749088741,0.0
1.0305457665520303,0.11232962235664985
1.0382092489805455,0.264291971465573
0.9643626402544605,0.5051847019905136
1.4937655742496638,1.02224776535394
1.0,3.163055742247406
