alpha,s
0.997016075945557,0.0
0.9771621667687032,0.0451111919525396
0.9128083433550948,0.1272214712052299
0.9856438578805482,0.30226674525990666
0.889433180501163,0.650577727096503
1.0,3.634789616723935
