alpha,s
0.6820469211751311,0.0
1.1526808703166604,0.12204515578866518
0.9189157106895114,0.24149374632648044
1.4060126817299268,0.49358082881051996
1.514622349823861,0.8378915069038912
1.0,2.194740776132299
