alpha,s
1.16397702853264,0.0
1.25411004361394,0.11409476594667876
1.167925828887112,0.25498541553657417
1.3385870982638013,0.4818828342179021
1.1437323911265629,0.8499391884894368
1.0,4.139828374042139
