alpha,s
0.02035043967047211,0.0
0.047948146169703915,1.7287671232876705
0.09022113068951161,3.20547945205479
1.1434587918006258,4.180273972602742
0.47998496074379987,4.453150684931504
1.0,7.04383561643836
