alpha,s
0.7561651764669486,0.0
1.073376343297615,0.0969867018430578
1.0771087382624045,0.2249617987878033
0.6481686981212225,0.4290705662277679
1.0913159256931415,1.072940923671168
1.0,3.1162115747529118
