alpha,s
2.2768926657911472,0.0
1.2884574928904284,0.029370845325227
1.5215957807134801,0.12849181946852517
1.130365537814477,0.26574113869554356
1.024513800203295,0.6519053853662927
1.0,2.3095758583311574
