alpha,s
1.9105694650344451,0.0
1.6574687495840597,0.0541214405303695
1.1562306694757167,0.1452549214763537
1.1003219026874143,0.3566989587549391
1.274395515674679,0.8370302135012683
1.0,2.8712617930621174
