alpha,s
0.7916594141630846,0.0
1.0555141582120988,0.16437999024425293
1.0001469696199001,0.3361682076540757
0.780807258133896,0.6076873762765255
1.3528006969436663,1.2861554364417154
1.0,3.71733449616455
