alpha,s
1.2603768298417521,0.0
0.9847781279212464,0.09838486418650118
0.9771912233903237,0.26746572279780123
1.2157209520983465,0.5207609899862854
0.9073954564067334,0.9007748376930306
1.0,4.469755756875091
