alpha,s
2.484162460781107,0.0
1.5592524602384716,0.05736759478012039
1.8061229026175436,0.1800539137157365
1.7082558493644708,0.33968161046367595
1.1981341826667575,0.6601807665236779
1.0,3.187821784353505
