alpha,s
0.00017875631092125093,0.0
0.0023779409112346557,1.96712328767123
0.004668840683238364,3.10684931506849
0.031954049299567265,5.58904109589041
0.1558558954105587,7.04383561643836
1.0,9.4986301369863
