alpha,s
0.16144684455693925,0.0
0.19510977890787679,1.3041095890411
0.2017479310149351,2.36438356164384
0.3883748167754253,4.17260273972603
0.7276370996619731,5.94520547945205
1.0,8.17808219178082
