alpha,s
30.803655337391707,0.0
4.427150141536583,0.004735541948180801
2.538246229621225,0.0486931847406529
2.3179262532536855,0.16638530615846975
1.3696940890801315,0.40035784073525355
1.0,3.5089279981268127
