alpha,s
0.01731981182056144,0.0
0.07834790521650639,1.82739726027397
0.06737987699390699,2.48767123287671
0.3244287041470773,3.5917808219178102
0.30778990098407755,4.39452054794521
1.0,8.16438356164384
