alpha,s
1.119212638146877,0.0
1.3688429382635687,0.0465371276377706
0.9406638038202025,0.1294720751118017
1.085827360328843,0.3607705807262973
1.1984961173643538,0.7476603939649482
1.0,4.823816853960435
