alpha,s
0.978660582558955,0.0
1.0302887917472128,0.12563916129238362
0.7885476836980954,0.2849728718508315
1.186361887274213,0.5947739239165721
1.3714455803034882,0.9687874056532046
1.0,3.7991312902237655
