alpha,s
0.041086177028227595,0.0
0.12281695724788204,2.288767123287674
0.1282775673944079,3.3895890410958893
0.27346024886791637,4.915068493150685
0.8540102384529137,6.73972602739726
1.0,8.16438356164384
