alpha,s
0.9589943922551679,0.0
0.9929641704632857,0.0944366191537083
1.0390941056177418,0.2350036028155865
0.9294138202371675,0.4575792289738508
0.9360436710523674,0.935778076960788
1.0,3.620081710838787
