alpha,s
0.007981110598710785,0.0
0.05548491458756578,1.999452054794518
0.13501398511070342,3.035068493150686
0.22024318754657102,4.453150684931504
0.5799954108632916,6.14794520547945
1.0,9.4986301369863
