alpha,s
0.6787158292670195,0.0
1.0504522013720683,0.1012244930323603
1.0812862596610193,0.2225152670265908
0.7670534984407524,0.43132720246481804
1.0264860258969732,1.0170802365226557
1.0,2.959771739540777
