alpha,s
1.0913925387136347,0.0
1.0695648239138336,0.1191001990239589
1.0158276682770497,0.2826187795287846
0.9281768539637189,0.5402724245903456
1.046440111778166,1.053868435913578
1.0,5.041856216806381
