alpha,s
1.1764640251418634,0.0
1.0716909087458268,0.0503428851421269
1.16942441270729,0.1424541621984935
1.011407262462268,0.29276469702283253
1.0950749141456322,0.6718606069313185
1.0,4.067403947387896
