alpha,s
1.0001591362238034,0.0
0.873514784178248,0.0889729645616884
0.9843635634934053,0.2568280137296447
1.17639322978289,0.48751585481053766
1.1977435367301197,0.8858287923705723
1.0,3.5428828561905497
