alpha,s
0.007860637149636841,0.0
0.09115026851136211,1.922739726027394
0.17724905554468595,3.01095890410959
0.15610227225611442,3.6361643835616477
0.7846000841211939,6.212602739726029
1.0,9.4986301369863
