alpha,s
0.022903277770974225,0.0
0.015055464572061547,1.3041095890411
0.09012395470451794,3.793424657534246
0.10379663327360024,4.810410958904111
0.41699797448304105,6.806575342465755
1.0,9.4986301369863
