alpha,s
1.2355215103755008,0.0
0.8622658311273457,0.05055934788341289
0.9217277891940758,0.16777429313645256
0.8365209290201875,0.35138479104042397
0.9687565922158305,0.7871281758947745
1.0,3.2585490343135293
