alpha,s
5.3906676152162065,0.0
2.029833154098202,0.0327291693516059
2.057787475857943,0.1442345569474772
1.1832855691603812,0.3033209469660927
1.1332372697575808,0.7529271967530446
1.0,3.610859719316204
