alpha,s
1.1420654620516277,0.0
1.0517754057799162,0.05169538036181692
1.0601227076796254,0.14508583758266144
1.0719631436823802,0.3079124068536897
1.10763018180754,0.6762549898278497
1.0,5.201956306196314
