alpha,s
0.8549108849472083,0.0
0.9866261920309141,0.08639880341013206
0.8723346299129459,0.21511669566695377
0.8859578836466149,0.45960121702967227
0.9095088447671041,0.9269106392691885
1.0,4.396203016553465
