alpha,s
14.324773857326248,0.0
3.0825013852659477,0.007718704250690263
1.9844229332756154,0.05767375486916574
1.437433617024382,0.17665698087103388
1.16080863867884,0.4955197417730973
1.0,4.334504683605838
