alpha,s
0.00841649017670452,0.0
0.08369781711617878,1.974794520547942
0.13122047988249708,3.01095890410959
0.13027245639718227,3.7594520547945223
0.3169145651733083,6.066849315068491
1.0,9.4986301369863
