alpha,s
1.52212648650666,0.0
1.495313093843222,0.1311264574522158
1.3536798457701682,0.3000485488184163
1.2813187862529907,0.5620236931872491
1.2124599518338732,1.0401459099095511
1.0,3.618485204088106
