alpha,s
0.3322729764837641,0.0
1.0140797061132198,0.1102364298473008
0.7065603833454495,0.1911031217162022
0.7040000342598074,0.422207867438315
1.3091266479428687,0.9718834026813616
1.0,3.7363491957480734
