alpha,s
36.988344571490174,0.0
6.465615694143137,0.00402657223816528
2.793612544131335,0.034592883258900184
2.2286205570458684,0.1405079235948335
1.7148205924116149,0.3932398523033069
1.0,4.493850008328173
