alpha,s
0.6217779378308201,0.0
0.6964454648742121,0.040488280829177145
1.0687485747156784,0.14374144069814113
0.6229161151253115,0.25407771754061975
0.547601983248006,0.6919384141018501
1.0,3.209535431379128
