alpha,s
23.054814642173888,0.0
3.9481859240916357,0.004027661870681901
2.39587620749433,0.03992892029674392
1.3849532544687868,0.13734176324678848
1.5662242392920722,0.4778116873533712
1.0,2.9685499061412592
