alpha,s
0.09077151871153517,0.0
0.32701172884110935,2.002739726027398
1.265155640087146,3.01095890410959
0.46057303552224443,3.28767123287671
0.9235125154793148,4.4767123287671255
1.0,7.07397260273973
