alpha,s
31.021141728704386,0.0
4.4459844145243546,0.004735541948180801
2.5442321485646495,0.0486931847406529
2.321541902783138,0.16638530615846975
1.37139611968348,0.40035784073525355
1.0,3.5089279981268127
