alpha,s
1.9243437010410795,0.0
2.2316754835957737,0.10447135419130764
1.5505458632464346,0.21900437566671033
1.3131011534057428,0.4473167954724791
0.9054398689984072,0.902632070797877
1.0,4.838054692147105
