alpha,s
1.1140715850719,0.0
1.2570873170063306,0.17106754287674597
0.9168613633983523,0.36179617352678894
1.262268751107755,0.733094600301932
0.9833043202328331,1.1524363070015897
1.0,4.53352794871608
