alpha,s
0.9164003920840185,0.0
0.8208424461624229,0.07922110117027459
0.9201271516577736,0.21840747937698057
1.0903815861563062,0.4236332157465283
0.9041361395477994,0.7895736954944798
1.0,4.2174029279138425
