alpha,s
0.8901632948377562,0.0
0.6907296264430471,0.0748868555525315
1.0562981645323042,0.24726609101587244
0.8186669725918058,0.44711786652188634
0.7096140358795565,0.938361863221593
1.0,5.362338764893724
