alpha,s
1.2910754228754202,0.0
1.0554795539041024,0.11355281775927355
1.1237817892550894,0.305630560240487
0.8521713406818657,0.548201031298303
0.7051994152007807,1.1123387939236449
1.0,4.463078124443493
