alpha,s
0.06545805042014476,0.0
0.09010255985565498,1.23561643835616
0.08424795145926985,2.29315068493151
0.11655544422848974,3.619726027397264
0.20996702823518,6.14794520547945
1.0,9.4986301369863
