alpha,s
3.0305836817540324,0.0
1.1208071512827738,0.003698115888034282
0.9490400656982525,0.048379958387105945
0.8928469678473361,0.17340515627201547
0.9252939712288663,0.5066251380554202
1.0,4.395519556616161
