alpha,s
1.970628159794596,0.0
0.8805822721469274,0.032439946701848806
0.7846395081681586,0.1566595205605063
0.6026488596802657,0.4016598461914419
0.804469165911258,1.0529536853661714
1.0,3.598566748118016
