alpha,s
0.5071463681492149,0.0
1.3458012063265095,0.09545011824063862
0.5791250835167836,0.17173616656725776
0.661756482430277,0.4648484574112764
0.550480446600485,0.9862035932245707
1.0,4.457180256298911
