alpha,s
1.0351083837600923,0.0
1.0681100526040672,0.12166284561388664
1.2615492033423852,0.28103322392986596
1.157458547713975,0.4781949233768633
0.8007669565265901,0.8697975502064452
1.0,4.55078449760617
