alpha,s
1.439622863510568,0.0
1.1725638798498406,0.041758729031395984
1.4243247183581635,0.12772217284816237
1.162993155513143,0.26282536124786554
1.1733562788408631,0.604078786672605
1.0,3.74020338411904
