alpha,s
1.213505358813783,0.0
1.2089605167909399,0.0763526465835694
1.066617533398121,0.1895985916729235
1.0322121330347556,0.395679229369314
1.0486061519249161,0.8149952225861884
1.0,4.81588208090152
