alpha,s
0.020273284238119606,0.0
0.03246543916592825,1.3041095890411
0.06608394173019382,2.48767123287671
0.14565648420835195,3.7424657534246615
0.3824921322638297,6.14794520547945
1.0,8.22739726027397
