alpha,s
0.005829941664831072,0.0
0.1455145622097007,1.958904109589042
0.1115992357613511,2.3249315068493184
0.23769689372041367,3.6219178082191803
0.3599334943813035,4.89753424657534
1.0,9.4986301369863
