alpha,s
0.029158198921081756,0.0
0.08761495475427197,2.01917808219178
0.12921497759832096,2.9063013698630145
0.275011295714509,4.193972602739728
0.7996323863289141,5.748493150684935
1.0,8.16438356164384
