alpha,s
0.5171185922570768,0.0
0.4160790166773481,0.08391194399518884
0.7009353215540911,0.3260477914451368
0.9861480316726493,0.5943512211828341
1.1556990281690396,1.0210914537117115
1.0,2.811960346137906
