alpha,s
0.01442086514785255,0.0
0.025801665338537953,2.012602739726026
0.0988945902775656,4.12328767123288
0.20801192854632042,5.15890410958904
0.4453795388898058,6.33424657534247
1.0,9.4986301369863
