alpha,s
0.2796169386357205,0.0
0.49006634774146046,0.11289629044194502
0.5400667813757544,0.27051571869487134
0.7908739745603827,0.5415067170498665
0.9868895850119742,0.9940579462983028
1.0,4.459507929100689
