alpha,s
0.3372682167485858,0.0
0.8194504157749792,0.1051551536693371
0.6560729374970733,0.2090566399945871
1.0432694788553993,0.45744476530126404
1.048882225473386,0.8345053176068586
1.0,3.827635545777111
