alpha,s
2.5664953335503577,0.0
1.3890934115217388,0.0057814699673111826
0.9859588119468942,0.04299017563613991
1.0618185568913538,0.17093487651140135
1.034440050572325,0.4686618453050441
1.0,4.073893557360048
