alpha,s
0.0006535641693748265,0.0
0.005037108982784427,1.98630136986301
0.012242560027856323,3.1068493150684944
0.031050952009828756,4.41643835616438
0.04205812966503323,5.85479452054795
1.0,9.4986301369863
