alpha,s
3.2384002376580994,0.0
1.8106811415994268,0.055000302530562
1.204829347301149,0.17929680720554927
1.0984202144707909,0.4579853492261379
1.5866408531145022,0.9678789720526633
1.0,3.5496932208328644
