alpha,s
0.011221519288458949,0.0
0.03854220805269099,1.550136986301371
0.10640449578325197,3.087123287671234
0.1457725692350422,4.41643835616438
0.9052080937517472,6.2915068493150725
1.0,8.17808219178082
