alpha,s
0.7359955649377048,0.0
0.70636341953794,0.09140940994880972
1.2638258356544956,0.27371236938993965
1.2248690596955214,0.45137603731765774
1.1598779800679033,0.7818501043219239
1.0,3.387812982608036
