alpha,s
0.09198738743216023,0.0
0.3429690496064734,1.978630136986298
0.3884043855187059,3.01095890410959
0.25373603458092087,3.82739726027397
0.610629400223165,6.344109589041098
1.0,9.4986301369863
