alpha,s
1.3131198807781843,0.0
1.0161931926500416,0.04003166793619208
0.8816681193311393,0.13481894266059277
0.8913494712450994,0.3283443119149109
0.7031322683142861,0.7110737431146499
1.0,5.226356143007659
