alpha,s
1.2502457080898268,0.0
1.0690878069908274,0.09386182576854536
1.163257874639323,0.24411672710453947
1.0477093937175292,0.45206796586871517
1.0874227797948235,0.8909490687393599
1.0,3.750183569585112
