alpha,s
0.8194102136362963,0.0
1.2654236094434679,0.0663729432336462
1.0503488196161093,0.13948159072491034
1.2395483449048372,0.31086513184388775
1.1555557333487114,0.6371823435045995
1.0,3.433254610630581
