alpha,s
0.5659965779598938,0.0
0.7001492558187429,0.09617162073576727
0.694059113448673,0.253289327797532
0.6496003605603259,0.5144910921601865
1.0664493267187982,1.072676683087809
1.0,3.1404352305886016
