alpha,s
1.013583592863127,0.0
0.924756443595405,0.18197671945643845
0.9451291612958358,0.438221596529839
0.9142851879550309,0.7871871449361921
0.9121285840657302,1.3860735888864464
1.0,5.296748901049357
