alpha,s
2.2542131018398277,0.0
0.9671158203276374,0.039618424561434884
1.1911489084442437,0.1843547567558208
0.8021152188149355,0.38586389857852166
1.180110342743676,0.9663349795412357
1.0,4.0158099993527205
