alpha,s
1.0474735323331756,0.0
0.9661383234516681,0.18252852717134888
1.0365709090253896,0.43821352347754555
1.1869273727227956,0.7704496971302537
1.16706635580799,1.2604345043445089
1.0,4.571912941870542
