alpha,s
0.7669415993575396,0.0
0.8150494976945984,0.0984709349110546
0.9741998123651261,0.2496807929852433
0.8628558660921553,0.4579351811408293
0.7992668226907385,0.9420633479284188
1.0,3.637008797786271
