alpha,s
0.249158493725273,0.0
0.3706378257225648,0.10196030375829443
0.40928038966557817,0.25087812888314104
0.6487144507257326,0.5248197327329196
0.7087549845672273,0.9674133915432404
1.0,3.667799772457904
