alpha,s
2.1789765883251357,0.0
1.6483729468878556,0.051181875782125616
1.100966971463165,0.14628011409844263
0.9958500281072653,0.36867321319562296
0.8765597318834818,0.8370925327810993
1.0,4.219838000948748
