alpha,s
0.6519152227398607,0.0
0.8092357066766003,0.0914774680733519
0.8447764975292902,0.2366863522305104
0.8771600667055927,0.47977440489945433
1.1381823954203591,0.9676973124479324
1.0,4.4431889085317815
