alpha,s
1.0938703885939927,0.0
1.1570835758929856,0.07766287309126789
1.2906909380401659,0.19680169991434354
1.241335133465933,0.3737338822407241
0.9899529305018288,0.7340580865423052
1.0,4.065464633215565
