alpha,s
2.801159146660553,0.0
1.7120386773262954,0.0463208414685272
1.6361192577256587,0.1496382119498792
1.2030894775774053,0.31979011333715157
1.0224847174946459,0.7448916623021299
1.0,3.660346123889966
