alpha,s
0.006356650649916237,0.0
0.04122646646362632,2.7753424657534267
0.056067190881898765,4.17260273972603
0.28018887380314583,6.14794520547945
0.2836138153107152,7.04383561643836
1.0,9.4986301369863
