alpha,s
1.426052043385853,0.0
1.0636564591609017,0.03538234992558129
1.107913247176111,0.11901032347817056
1.206368217964834,0.27723571674395736
1.106730844457916,0.6089351282501332
1.0,4.386733590159007
