alpha,s
0.05342941893921471,0.0
0.0901606209255068,1.95342465753425
0.6448561274020411,3.023013698630138
0.07760997187938803,3.28767123287671
0.32057562858479577,6.094246575342466
1.0,9.4986301369863
