alpha,s
0.7713907150353524,0.0
0.8624560245716243,0.054264978185578704
1.0110614590219862,0.14967889558370978
1.0092688197042483,0.3089083872582728
1.0865981623683423,0.6721308130109458
1.0,3.133929725497755
