alpha,s
2.3964346571061745,0.0
1.061865168310624,0.0037744159594159
1.0358705220686792,0.0463898930185042
0.7290593700161004,0.16429655273509947
0.9636270961126,0.5610476153192683
1.0,2.6806190068781315
