alpha,s
1.9771452005939687,0.0
1.0506148508551547,0.04924359075648902
0.988018155776917,0.1883540708355697
1.7872591588870375,0.4250349155227674
1.130087161141842,0.6920720002704064
1.0,3.4763786039064035
