alpha,s
0.9860862163858799,0.0
1.111334350310053,0.1185623168673682
1.065856263899055,0.2641036562671758
1.0038157652369755,0.4992875106191292
0.9503260418257666,0.9733728644207711
1.0,5.6862205161273724
