alpha,s
1.0381400982448201,0.0
1.1419762969069007,0.08784771924143851
1.0967181349851027,0.21578086253274037
0.9208681074272101,0.430804279353068
0.9989294681489783,0.9275470563515856
1.0,4.17759370923291
