alpha,s
3.599794460477833,0.0
1.9784096459210039,0.04484706761651576
1.5799382770633328,0.152149809781808
1.120092891644081,0.3473735080353431
1.0971974190960276,0.815859080855315
1.0,4.729421699518467
