alpha,s
7.493614065585426,0.0
1.8363085295109902,0.006049266521950981
1.6788491047678435,0.05946426817316742
1.304935524291646,0.16638564657026927
1.0525662698597653,0.49255730034289735
1.0,3.3579817408413586
