alpha,s
1.224386026632223,0.0
1.1289189200605267,0.0896390366228003
1.1672689376344945,0.2354669917367765
0.9259442687316752,0.45765560451170934
1.1540532066615237,0.9725565795909094
1.0,4.3526663270042025
