alpha,s
0.5643439428943007,0.0
1.054428198816657,0.1436942275815155
1.1954475469440713,0.2669283912720133
0.9801736865939865,0.46477694703869565
1.3490987917014112,0.9435075152760424
1.0,3.074625348055889
