alpha,s
0.33068625493616816,0.0
0.5718985311161,0.10052649574882828
0.7120863714113856,0.2425973342378562
0.7268001182590131,0.4726389623877142
1.288898411335604,0.9628545196933201
1.0,2.5460136874153907
