alpha,s
0.40102785746298686,0.0
0.6166532644782976,0.09461504691131051
0.6250523557071107,0.22928714597822
0.808492210951547,0.4937256754005418
0.908948424340117,0.9656853243719402
1.0,4.319297740070597
