alpha,s
0.6668046972724272,0.0
0.875460022261568,0.10327655043739382
0.7492721134207392,0.23542326652057693
1.1795995486145403,0.5204095848222029
0.8356440916078439,0.870038633543398
1.0,4.159853916696022
