alpha,s
0.9629162514424874,0.0
1.03907449975912,0.0552303289699419
1.184573332875661,0.1394006942318948
0.9874671859745937,0.28322967150942174
0.8800301787058643,0.6355737087014787
1.0,3.5804410895814134
