alpha,s
4.394449734315558,0.0
1.3875378618741434,0.0033113548530482005
1.1897649061832245,0.04532898679660824
1.1326042120601831,0.15660338832280624
1.3758618219295022,0.4736860213728442
1.0,4.341957118766286
