alpha,s
2.5595426471865697,0.0
1.3235299730027683,0.04162203066446644
1.3463263584965168,0.16045345050043094
1.135111225182705,0.3448208635925985
0.8469095126884943,0.731555421975108
1.0,4.240532818282173
