alpha,s
1.0486744723247934,0.0
0.9996231366424048,0.11239890792496997
1.1480867571228055,0.277035754892995
1.0991803935932625,0.5026621238809371
1.3757281451039285,0.9341858518505737
1.0,3.082830301834002
