alpha,s
1.6412734333877899,0.0
0.9294918689389032,0.006312003980533944
1.1809729098459154,0.05867980715275908
1.0503469614665877,0.15886628484907447
1.1408060630663144,0.46247309299163886
1.0,2.86198137536469
