alpha,s
1.3756709338045068,0.0
1.1704033077211464,0.0463208414685272
1.2866325622840422,0.1496382119498792
1.010764039003059,0.31979011333715157
0.8767446427758618,0.7448916623021299
1.0,3.660346123889966
