alpha,s
1.0786702917493065,0.0
1.0546448974189606,0.07447908590267313
0.9096319344215892,0.19342632101291765
1.0175318207801662,0.4112460673623279
0.8865295902258697,0.7889715679031252
1.0,3.972844076530167
