alpha,s
3.5749395035795364,0.0
2.078110508861461,0.04810664324719048
1.5352969574108466,0.15461935606353353
1.7111252551345946,0.35185333891815923
1.0823306529720642,0.6744087525326858
1.0,3.789521963153752
