alpha,s
1.1133665194130968,0.0
1.0650239991445132,0.0723605051373541
1.0447274959968182,0.1866760789378778
1.0242883730846783,0.37498633577421214
1.0333252363093155,0.7787527116809048
1.0,4.180569434294714
