alpha,s
2.5777789202907986,0.0
2.0499087378697904,0.06516895732583473
0.9726640248936103,0.16216051447040228
1.0467671586896787,0.4622057156704801
0.9434193950096885,0.9187747277551093
1.0,4.62964685721725
