alpha,s
1.490471311952569,0.0
1.1509575467704936,0.040635776475474006
1.493016273966288,0.1420615743918099
0.9431618643531291,0.28240433132285214
1.5059032875252012,0.7268970770445313
1.0,1.9721595542862624
