alpha,s
1.5169551548121862,0.0
1.0364676785844038,0.08578498789214854
1.321923138413972,0.25421489301147593
1.0513641849647934,0.4510094505173924
0.9901997938140835,0.9083082961669887
1.0,4.892579515717912
