alpha,s
1.1649773463049766,0.0
0.7716135553166665,0.1016924408238475
1.1775279431354244,0.313716108779846
0.9417182802823217,0.5266497172126113
1.211935102198281,1.0281938518790277
1.0,4.625890082084629
