alpha,s
24.668335813262704,0.0
4.056965441424553,0.005770492850666182
2.337506882904156,0.05194480713997949
1.6669743060815354,0.17447852538792405
1.2398605663286766,0.49501857558648343
1.0,4.521845360289911
