alpha,s
0.0029234462527361876,0.0
0.020127691760381147,1.9709589041095859
0.0028600533777405424,2.29315068493151
0.004542226374646994,4.3769863013698656
0.008605882508603436,6.97534246575342
1.0,9.4986301369863
