alpha,s
0.012318401113576984,0.0
0.04281509807368644,1.550136986301371
0.11198332998596192,3.087123287671234
0.14843176652110077,4.41643835616438
0.9351701952721926,6.2915068493150725
1.0,8.17808219178082
