alpha,s
1.152448953054972,0.0
1.0489212949691686,0.1651528823272832
1.1782024577446755,0.39440814343238295
1.1261266933982936,0.675296159208811
0.9793555127376803,1.195522780829831
1.0,4.669862072785805
