alpha,s
0.053527654898758645,0.0
0.2350091997466195,2.204931506849314
0.13221088317447705,3.20547945205479
0.27752755475725066,4.1035616438356195
0.636962408897564,5.85479452054795
1.0,8.16438356164384
