alpha,s
1.1936150994244086,0.0
1.1504445682326274,0.1096988978064925
0.9672614080592025,0.2561366657121393
1.1372621952268525,0.519648894905579
1.215024640534656,0.945422189281296
1.0,4.244835529678992
