alpha,s
0.587661421813714,0.0
0.6618242532978792,0.0896234673715787
0.7779604979610895,0.2717284697398246
0.9439956355035414,0.5668849395107267
1.20229032539391,1.003524372432817
1.0,3.0519070670440045
