alpha,s
2.983961603349769,0.0
1.2784630967518156,0.002925166600495899
0.9737834348506842,0.037125904056521476
1.0756134932364616,0.15251683084911208
0.9346272964335278,0.42894963123747865
1.0,4.095076447269239
