alpha,s
0.9194894967851408,0.0
0.9812555254610174,0.12640712099035967
1.2001602359338026,0.2890263152144867
1.0088060395445144,0.4964574227265824
1.1189545025799112,0.9617256206034093
1.0,4.231321205562007
