alpha,s
1.2711305735777563,0.0
1.3776336984979711,0.10141205670719336
1.1231655760674017,0.22661398149256232
1.2922557988696148,0.4629483051706648
1.3350060665008259,0.8378375949088498
1.0,4.438945085951526
