alpha,s
1.2543011821376437,0.0
0.664952326075739,0.005916848768255342
0.5820950625651338,0.047999129298214066
0.5854213578399972,0.1830463954958652
0.544513767226119,0.5194279650363816
1.0,4.169644498880669
