alpha,s
1.9627476480637294,0.0
2.2227832173219615,0.0839736583053987
1.624326439454695,0.1790845836501493
1.186218553605224,0.3634813045229973
0.9893135661222275,0.8130508899306618
1.0,3.619744407871695
