alpha,s
4.179951796294688,0.0
2.119814618615435,0.043604760405950724
1.6548502776965535,0.15500234179781108
1.695775337399926,0.34697242252017757
1.2533441295605516,0.6988019200539525
1.0,2.6609237082234376
