alpha,s
0.8045648244246568,0.0
0.7136897058773183,0.08503503389714369
0.8020238700275752,0.2569618629022384
1.0476485175013466,0.5088197741567161
0.7263255970536368,0.9154990236109583
1.0,3.658423772256667
