alpha,s
32.774538487729956,0.0
5.689180703266694,0.0042191113916203605
2.7820257644178152,0.0380399368560399
1.828173182437549,0.13830440191674112
1.5457761359813216,0.43793767521400706
1.0,2.900231225440953
