alpha,s
0.9880496831324141,0.0
0.855966607908205,0.1930452234498961
0.9268042765535743,0.4761834859333282
1.1666700663415643,0.8435158873797447
0.8333618152653485,1.3058542534912003
1.0,4.90348053391756
