alpha,s
3.416769562737644,0.0
1.482530258964766,0.033858607218133926
1.174790097294568,0.14519200172812177
1.2875897450817144,0.3798609112686983
0.9454943872016429,0.7537789992033272
1.0,4.93930845412709
