alpha,s
3.4363093693779354,0.0
1.3921636791582563,0.00447125702387338
1.111621865207669,0.04803224479765174
0.9149009748939592,0.1671623690216352
0.8948333767352493,0.5225197332795555
1.0,5.411373621161148
