alpha,s
2.361401324355154,0.0
1.2586144991371913,0.04070017526774482
0.8810680083437011,0.154320019207761
1.216504283968967,0.41496948803034883
0.7380169324595738,0.78601098178634
1.0,4.380928959356072
