alpha,s
0.0602526304551829,0.0
0.221803158902771,1.82739726027397
0.1086890273385842,2.290958904109592
0.15222025697327213,4.13315068493151
0.5388157095295393,6.349041095890412
1.0,9.4986301369863
