alpha,s
28.387246899139097,0.0
4.439201369478939,0.004516152336927541
2.519559949440671,0.04518969043408892
1.5546741174217311,0.1540682764808258
1.1685530969688918,0.4962021286729287
1.0,5.560384958802589
