alpha,s
2.8151666051920308,0.0
2.3744626228138785,0.03833869538538384
1.4108104717308547,0.10432745948209828
1.2544565224326227,0.2819021601666555
1.0023678795681914,0.6625985727414203
1.0,4.143769209682702
