alpha,s
0.014018597704482801,0.0
0.04737282463426091,1.550136986301371
0.12689407714400602,3.087123287671234
0.16622120435482807,4.41643835616438
1.0044418287365704,6.2915068493150725
1.0,8.17808219178082
