alpha,s
0.7294729896810824,0.0
0.9391932325956753,0.1139473212179777
0.9140843127709704,0.24234189972332199
0.9930403789184837,0.46262558749830307
1.0023563909717936,0.8589707355518467
1.0,4.147117736562271
