alpha,s
1.3728794975361247,0.0
1.2366302045845021,0.09795204126646967
1.1739855187405723,0.24567078053752095
1.3799876014689016,0.48896993227453595
1.1784219820234454,0.8547694026199917
1.0,3.840729135968613
