alpha,s
0.9576444836069397,0.0
0.892049049354413,0.1387373098749698
1.2166516393534774,0.33578715783390917
0.9490443019890762,0.5614352717144285
1.2259874735397074,1.0538880877067998
1.0,4.569394408510976
