alpha,s
0.0010048818913593609,0.0
0.026648261879523166,2.031232876712326
0.02260481428759483,2.36438356164384
0.06586612709922528,3.82739726027397
0.4546615109913806,5.936438356164389
1.0,8.16438356164384
