alpha,s
0.04414773972291449,0.0
0.12213250158211159,1.038356164383564
0.08253754637857363,1.9605479452054788
0.17687718612087738,4.2027397260274
0.6444977493117903,6.020821917808222
1.0,9.4986301369863
