alpha,s
1.2874538874878398,0.0
1.1167899497591176,0.10186597686413493
1.2888671974915955,0.25557696770860183
1.1311319355336797,0.4538293365350731
1.2614644733762594,0.8830482398106085
1.0,4.024435272565602
