alpha,s
1.163189528306479,0.0
0.9856254934318367,0.10886538822715681
1.1617319258456584,0.2831303882113496
0.9329922143296941,0.5035423638228833
1.0801083263520697,1.011015084918875
1.0,4.847796467329928
