alpha,s
0.05365024060859407,0.0
0.13078997336347375,2.16712328767123
0.2577368980541999,3.238356164383558
0.23134521682806636,4.2027397260274
0.3776144338766191,5.94520547945205
1.0,8.17808219178082
