alpha,s
1.2235240111349903,0.0
1.1790853766550229,0.10526650539606379
1.210497754557037,0.2601275867001186
1.1319378266709208,0.4768968959051159
1.136601738396492,0.9154157023358446
1.0,4.603325897818464
