alpha,s
0.9583716880267424,0.0
1.5049381978342375,0.13079042331428184
1.198234246670491,0.245818091571853
0.9999684640084457,0.4628596905024341
1.1736848715478858,0.989674981074929
1.0,3.2378578173983725
