alpha,s
0.8120774356205358,0.0
1.0988877196514937,0.16314128764139801
1.120452403538791,0.3262242811624984
1.2328498426965853,0.5665928356851521
0.9998365626128882,0.9710530984511146
1.0,4.421166200695496
