alpha,s
1.0423536595384009,0.0
0.7366577916620559,0.07037076163793049
0.7254701273504737,0.24417531283141694
0.7372665606813849,0.5406592211778134
1.3115886227920235,1.16754940207368
1.0,2.8875720935277163
