alpha,s
1.3764967445357796,0.0
1.0285695775984351,0.0430519051753357
0.7889754451072258,0.15053489465463651
1.0314486320052358,0.39398536270206325
0.945021414596734,0.7799111998201967
1.0,5.756684735103301
