alpha,s
45.480477108744765,0.0
6.185797241943096,0.00304299199089092
2.465489558022985,0.03338544891318268
1.726576315452975,0.1501727870580801
1.169027251085156,0.4674969043900154
1.0,3.978087842558704
