alpha,s
0.4829996732433542,0.0
0.8624224497829865,0.1051551536693371
0.6316583040162178,0.2090566399945871
0.9854228984770992,0.45744476530126404
0.9933797526216354,0.8345053176068586
1.0,3.827635545777111
