alpha,s
0.4598066516335906,0.0
0.5408395285880024,0.11289629044194502
0.5190669134080592,0.27051571869487134
0.6942595572833558,0.5415067170498665
0.825407732159272,0.9940579462983028
1.0,4.459507929100689
