alpha,s
3.3397780939629143,0.0
1.7310985187587444,0.046699973596372804
1.9339783546806812,0.16197602731382763
1.197633008249266,0.322167659594514
1.1361618747004263,0.7760905794324798
1.0,3.343349552670907
