alpha,s
0.27686187173188526,0.0
0.5832151337466664,0.10692074827488594
0.5490175942720221,0.2146070279358668
0.7443368807817322,0.4630201845790892
1.1100659933074348,0.9154358024748299
1.0,3.55432385605462
