alpha,s
1.0851907213329794,0.0
1.2533998100721577,0.1778316586742727
0.8938678199621899,0.37883319705486235
1.090287057567691,0.7541581980574146
0.9898285984671442,1.292517543903301
1.0,4.694438835035563
