alpha,s
0.0006072000531457012,0.0
0.009624513921481082,1.82739726027397
0.019890238076921307,2.290958904109592
0.06128322529884753,4.13315068493151
0.45047139341068365,6.349041095890412
1.0,9.4986301369863
