alpha,s
0.01702001315118388,0.0
0.08164962046957568,2.204931506849314
0.05308196001600587,3.20547945205479
0.15528532485199437,4.1035616438356195
0.6730818478828942,5.85479452054795
1.0,8.16438356164384
