alpha,s
0.08991566296823694,0.0
0.1719137116879339,0.11813062563241206
0.18446696718667352,0.25340116117369504
0.2616815984440971,0.5261672016633256
0.1829621843212995,0.936272664293163
1.0,5.213150347220227
