alpha,s
1.1515984095089171,0.0
1.058457576146199,0.11236342677531974
0.8862007240788882,0.277533697329096
1.1834143396701573,0.557402497953738
0.9927522886056885,0.9670244949119147
1.0,4.049776131180908
