alpha,s
1.0308317876464386,0.0
1.1536766066910182,0.12520048587588617
1.1020032084458466,0.27488615841878006
0.808797855084904,0.5152158407261568
1.299844648843441,1.1066266501255426
1.0,3.800002084873082
