alpha,s
1.0887580760230269,0.0
1.0622463659821917,0.17342097619123223
1.0008361044638618,0.4005963725855559
1.0585209742433344,0.7358672486293475
1.218406079361538,1.2860205028628477
1.0,5.257217285259498
