alpha,s
1.3838375119129027,0.0
1.125232626827057,0.0934304755196742
0.8994924254829891,0.247168986957949
0.9878841531095449,0.5357047778282572
1.2145739724728126,1.0240167506383528
1.0,3.956723617854938
