alpha,s
2.591979761582484,0.0
1.2121441622341724,0.0599156356338074
2.4850136348773333,0.2258631700970178
1.4105043458722053,0.34329469359689824
0.7600101840000095,0.710909333825893
1.0,4.160942456288156
