alpha,s
1.4782877910634584,0.0
1.31616448262782,0.0908891154036756
1.3018802040093864,0.2277537328606001
1.7828928082238322,0.43056138923900295
1.002124698115282,0.706189383106124
1.0,4.598688641974319
