alpha,s
1.3001508543180176,0.0
1.3631401025545125,0.10336493523834415
1.1595345745654229,0.23490378431480033
1.3008787418383967,0.47248598209682274
1.063362939905729,0.8499933761912652
1.0,3.419853169531741
