alpha,s
1.0157295742986248,0.0
1.228104858236062,0.190160688638488
1.0102095719419935,0.3888824697028252
1.1541080565743633,0.7278525727020306
0.9674033056383662,1.2185915433220391
1.0,4.298113088364104
