alpha,s
0.93097188192443,0.0
1.0208167127459808,0.14022633587666172
1.0858947911729455,0.31346704090037264
1.0100778136427335,0.5537322913136855
1.0718966331807789,1.0178913909416347
1.0,4.443119976808456
