alpha,s
1.0217125600533563,0.0
0.9023697765088535,0.0442576378558632
1.0206845786374459,0.135159503685868
1.1403109544445218,0.28760152919199655
0.8614821774540344,0.5902799981569791
1.0,3.833681855401737
