alpha,s
2.9367401778786646,0.0
1.25443039733369,0.0036011431880280404
0.8252938205141098,0.039673926891375895
0.8541595396175907,0.18199089356589207
0.8514723851279916,0.5139514169315514
1.0,3.3279359202197
