alpha,s
0.21690307176799878,0.0
0.3863538927217289,0.11409476594667876
0.4947670989380349,0.25498541553657417
0.7499928583696819,0.4818828342179021
0.7935578591682719,0.8499391884894368
1.0,4.139828374042139
