alpha,s
0.22487301928069758,0.0
0.3562727130115509,0.09533651742151561
0.504820880454647,0.24958965267349015
0.814024106623381,0.48336368336655
0.7412557133927237,0.8340263638096698
1.0,3.748190172557414
