alpha,s
1.1744777024799489,0.0
1.255779177261686,0.009122809140948
0.968647731674734,0.0505084591857255
1.1332805368263201,0.18516991710465558
1.1945597174245617,0.4656101308337141
1.0,2.883012970972682
