alpha,s
0.08066876648670779,0.0
0.2599568794909663,2.140821917808216
0.28431788979587896,3.0969863013698617
0.26641256642508954,4.281643835616439
0.776169976130625,6.277260273972606
1.0,9.4986301369863
