alpha,s
0.22586920582355932,0.0
0.4018577780348846,0.10526650539606379
0.5732947750351128,0.2601275867001186
0.7087304696672846,0.4768968959051159
0.8900123836064652,0.9154157023358446
1.0,4.603325897818464
