alpha,s
0.33795851986145187,0.0
0.6020764468182378,0.09982503830980412
0.689130259024232,0.22807939178141434
0.7774983900465688,0.46431660643671263
1.2474151045365547,0.9495714029495199
1.0,3.8659266001694745
