alpha,s
0.5230252110020901,0.0
0.7854477940688795,0.09038515432018876
0.6618556482556051,0.20437934260388305
0.6377810981974578,0.4370149710659515
0.43458493690212807,0.8525291225847353
1.0,4.393029788779762
