alpha,s
0.03997414277469673,0.0
0.16487539866755394,1.6301369863013706
0.0789265640309657,2.242739726027398
0.2390581353194519,4.1627397260274
0.8705538687248331,5.94520547945205
1.0,9.4986301369863
