alpha,s
0.22223277577308703,0.0
0.40790334583472826,0.12824955783618852
0.5175190225077675,0.28628585936469314
0.7191442690956678,0.5293713965209994
0.7870427773681438,0.9796236053044793
1.0,4.247794189553562
