alpha,s
0.24520491981863998,0.0
0.4447314789285051,0.1038226978938322
0.5579485758227437,0.2373699360952227
0.6842875197099441,0.4629612071734314
0.7380237203750244,0.904999471557828
1.0,4.965872847645898
