alpha,s
0.008574639677478459,0.0
0.05892521461770023,2.01917808219178
0.1362328339841579,3.01095890410959
0.1624223841091541,3.9473972602739726
2.1604524721665666,6.185205479452055
1.0,7.16986301369863
