alpha,s
0.017428023013976775,0.0
0.0894753872318744,2.140821917808216
0.07841013922513783,3.01095890410959
0.49844030636834313,4.368219178082194
0.3112597681158157,5.15890410958904
1.0,9.4986301369863
