alpha,s
1.607719785921498,0.0
1.64166838088242,0.1267978734024272
1.624957430819029,0.2839639970801859
1.449546807909149,0.5046996530133304
1.174275197605834,0.9204417753999944
1.0,3.5592583913335143
