alpha,s
0.018591202151105324,0.0
0.05363892374327962,2.186849315068494
0.052367175510172545,3.6115068493150666
0.727467069058056,6.2915068493150725
0.5128004113637505,7.04383561643836
1.0,9.4986301369863
