alpha,s
1.071700121901619,0.0
1.0896971246484768,0.09980535223329533
1.1133828584500236,0.24762048223622102
1.1546318549516084,0.4772402069644175
1.0973991680293593,0.8861775373811334
1.0,4.212462748619029
