alpha,s
0.0013296679080862074,0.0
0.020079082552031745,2.03561643835616
0.06313535726346571,3.10684931506849
0.14825632102510608,4.191780821917811
0.33801200708721163,6.13150684931507
1.0,9.4986301369863
