alpha,s
1.6502396226471754,0.0
1.178335596344198,0.0390049445834995
1.075053321729025,0.1424856254753533
1.1495628578491417,0.3336223077923614
0.958471822476638,0.7143175574523052
1.0,3.903014687343794
