alpha,s
0.004117305460970662,0.0
0.03830444481858233,1.95342465753425
0.027880492426382967,2.383561643835618
0.033570307601028006,3.727123287671236
0.0803950216733315,6.33424657534247
1.0,9.4986301369863
