alpha,s
1.248550375781181,0.0
1.3377079622608354,0.10984320787936983
1.0983496664249524,0.24885564568997304
1.4177678536342846,0.5037101779460172
1.3041668162109312,0.8818341724354765
1.0,4.268482492243935
