alpha,s
1.5528191511977083,0.0
1.4306728457978448,0.10209840068115227
1.664682686762666,0.251013415388944
1.3825277860348373,0.4405514013105714
1.184807122394422,0.8358323584141698
1.0,4.822145655798697
