alpha,s
8.723894375578675,0.0
1.7957694026902502,0.0047333721307145195
1.3293514364589043,0.0562771548527309
1.3085919128854675,0.19443598527041644
1.063195464847137,0.5122032094445391
1.0,3.904701708502882
