alpha,s
0.20233603741525857,0.0
0.41525769451003314,0.12385030654917764
0.621407847592268,0.278561688969134
0.615867862797238,0.49347474606878566
0.9479045296092209,1.0080631134198406
1.0,3.309381013435481
