alpha,s
1.0244276469681501,0.0
0.9786687930403289,0.09146435337647663
0.995736693335085,0.2370536842603211
0.9792566223071969,0.4742938301782849
0.9996141149225515,0.9364174203264218
1.0,4.6202408763630896
