alpha,s
0.8571134278969043,0.0
0.9837141296229699,0.12843455506207987
0.9813661481964938,0.284581585183071
1.0437162394966333,0.5241327961639073
1.5784525019898987,0.9866215104757943
1.0,3.236051276218921
