alpha,s
0.7548560405642372,0.0
0.9226089898914487,0.14733299995398016
0.7720415365706514,0.3140780203990996
0.7744891852666878,0.601136999540194
0.964884596814878,1.159232466455126
1.0,5.622453102937696
