alpha,s
2.008906211162138,0.0
1.0949034938172375,0.0319258551816611
0.9997261795559363,0.1374827053202524
0.7637562779224477,0.3497851429809182
1.1207601623596775,0.9423139751362486
1.0,2.7900943385342085
