alpha,s
1.6425965247035348,0.0
0.9354553868420106,0.0079140160631587
1.081090640659722,0.060345747776735445
0.9562204026322475,0.17458749661553422
0.8434636167430765,0.5072571862120058
1.0,3.63785990221063
