alpha,s
33.53121324560485,0.0
5.843181533725056,0.00662967417590056
3.596528385966913,0.053384668043249824
1.965100516163666,0.15823428883877633
1.5657001089963956,0.4865315838158703
1.0,3.439286472782219
