alpha,s
1.0317368362003667,0.0
0.9043262388880469,0.0838762338472766
1.2553784016753073,0.2453656155436259
1.2008171349709342,0.43193536546551725
1.5533871970443272,0.8180578245790917
1.0,2.654411349668921
