alpha,s
1.0534918444494363,0.0
1.1546463153728481,0.1234653439538121
1.2321022513417323,0.2774944646012934
1.0020326009023546,0.49419376442580887
1.1198080173949947,0.9869621787210648
1.0,3.908067590017098
