alpha,s
0.12770572045318407,0.0
0.39204287048060193,0.16437999024425293
0.5339179350695898,0.3361682076540757
0.5451642688827918,0.6076873762765255
1.1716584955768292,1.2861554364417154
1.0,3.71733449616455
