alpha,s
0.32727878400541155,0.0
0.44545749128439543,0.09838486418650118
0.6003418802965861,0.26746572279780123
0.9459139349348473,0.5207609899862854
0.8697181376797065,0.9007748376930306
1.0,4.469755756875091
