alpha,s
0.7875626700902787,0.0
0.9410385966742966,0.2412639029015329
0.890369890819532,0.4984631997219932
0.9417615548026314,0.8729539684466712
0.8604506568463427,1.472239341765725
1.0,4.879351591842846
