alpha,s
1.137493887959682,0.0
0.7710535408088096,0.045455709201305435
0.7482956417108655,0.17021179538537282
0.5634932637744171,0.40115790362314013
0.5491121725719165,1.0047573719874678
1.0,4.155874456215472
