alpha,s
2.091521959960053,0.0
1.829881200318196,0.04437178051247048
1.8373964411815795,0.1213728275060942
1.2861900058174025,0.2504087245939882
1.138804377554535,0.6370003304865561
1.0,3.511814479794086
