alpha,s
0.7741008390746206,0.0
0.92771643080449,0.056986726828290424
0.7600252070113621,0.14075930454615843
0.8877402058981678,0.3445994743893372
0.8557607404204062,0.7436927103952484
1.0,5.000994922600341
