alpha,s
1.0364117003051938,0.0
0.9193853052757223,0.10340931443705752
1.0278729035049514,0.26583519482108897
1.0085772088148912,0.493806892560154
1.1569510250943054,0.9443369171747531
1.0,4.115521448736735
