alpha,s
1.3170610448543594,0.0
1.0573809760523238,0.10273754454122315
1.0189832104385657,0.27625911078212045
1.0952117708935751,0.5398104740045537
1.2382216930157204,0.997719062145394
1.0,3.5487140362352125
