alpha,s
0.0006792049770045583,0.0
0.01588344208327256,1.82739726027397
0.018155097544200152,2.315068493150688
0.06483364977765364,4.022465753424658
0.26849324500942073,6.296986301369866
1.0,9.4986301369863
