alpha,s
1.1795572946111201,0.0
1.12331231750666,0.09853931310842569
1.2718425784889573,0.24081605993459254
1.2775380870474815,0.42684600601878725
0.9886905231126233,0.7782770901473297
1.0,3.680845197314888
