alpha,s
0.002577927676716527,0.0
0.012219545423006859,1.3041095890411
0.04567503665235717,2.48767123287671
0.1282805775840932,3.7424657534246615
0.34685165845511795,6.14794520547945
1.0,8.22739726027397
