alpha,s
1.0411558339912694,0.0
1.118493237161977,0.12641630831801565
0.9966297653883254,0.2891337900823364
0.9897727515720902,0.5584690479775063
1.0534428347424538,1.0496892190266134
1.0,3.6336114227822023
