alpha,s
10.362257717894058,0.0
2.4155972697869337,0.005581424562466482
1.6023792239435282,0.047318427566286944
1.4289802624995935,0.16328716508459246
1.2290499956528929,0.4518919056491037
1.0,3.915907018967277
