alpha,s
1.1281661390388125,0.0
1.131920215714249,0.10674214016514254
0.9957954721574341,0.25504907927181775
1.070841087293902,0.5067599941594672
1.250969882493211,0.9598589668529338
1.0,4.017736181303166
