alpha,s
0.29268640431624376,0.0
0.5444379085812824,0.11200379752896064
0.642745464478137,0.24777051239268852
0.9019959196295319,0.49240377757315335
1.1280345019918672,0.8921689922563675
1.0,4.642399142313996
