alpha,s
1.233285311934927,0.0
0.8375271902518794,0.037851835355195464
1.2096276857964912,0.16120705429000265
1.0983839045811516,0.3214939445406487
1.0233205043978828,0.7199203186715981
1.0,4.789292522291017
