alpha,s
2.9917176338419322,0.0
1.720930006104687,0.04384010344838954
1.22615459047804,0.14583535970200345
1.3428416263803544,0.37488188628075747
1.0590044851168543,0.7767840710959858
1.0,2.819874755923508
