alpha,s
0.39147242798677045,0.0
0.6693673814871035,0.09464505177746475
0.7690174854694997,0.2236315733620872
0.5078217928279956,0.4098154843979246
0.3710639773715913,0.9171309391476896
1.0,4.793997218654878
