alpha,s
1.0065344227997184,0.0
1.039707849489367,0.12941090368583577
1.0434084494447784,0.29949444581713747
1.072779855397877,0.5496634463369159
1.0384352396874232,1.0020200795933734
1.0,5.067793187396736
