alpha,s
0.947842958722363,0.0
0.726971155217148,0.05898022387359445
1.0099903653991154,0.19856153236171536
1.0986697602565576,0.38427773095241297
0.6541149531795429,0.7195300951874629
1.0,4.4461724707512165
