alpha,s
1.6380813206140474,0.0
1.2349255931915337,0.04810664324719048
1.0501151549326617,0.15461935606353353
1.3358856239933632,0.35185333891815923
0.9339432522129036,0.6744087525326858
1.0,3.789521963153752
