alpha,s
0.5270957639352207,0.0
0.47529097423736716,0.08997672887635111
1.142181182947075,0.2953066108823002
1.2498206890010528,0.46222058943468575
1.0845211991297083,0.7757817705845528
1.0,3.578093849249314
