alpha,s
0.014105591107937514,0.0
0.029867820775965857,2.16712328767123
0.12244702117806801,3.74246575342466
0.11024778277319947,4.600000000000001
0.508865206087863,6.73972602739726
1.0,8.17808219178082
