alpha,s
0.033884339708920276,0.0
0.020480148752750206,1.3041095890411
0.1024475511114199,3.793424657534246
0.09781438120829425,4.810410958904111
0.30825886112752565,6.806575342465755
1.0,9.4986301369863
