alpha,s
0.9736143115184586,0.0
1.1119620669498385,0.07327282284339269
1.312151157152312,0.18633918836254418
0.8019816374131649,0.34817536909838687
1.1643897567048282,0.8930880868461478
1.0,4.256948294302358
