alpha,s
3.248697397204057,0.0
1.951305647903668,0.0026195362134241403
1.0331910047001391,0.02841416736367185
0.6750592446733668,0.13586726108428743
1.1112566831614146,0.5714479202037654
1.0,2.978448750418841
