alpha,s
1.5130818348100323,0.0
1.095982904386986,0.04092632001521094
1.0335103797570837,0.15467769221253447
0.9349170164156928,0.348190384953477
1.0088286704333556,0.7894047353867977
1.0,3.2235000069974
