alpha,s
2.19062887289601,0.0
1.1874095438997434,0.045285496509951
0.8016657473680947,0.1589060413825514
0.5751768212970548,0.42765419967682106
0.7895780492105254,1.1577624389357477
1.0,4.030457625067582
