alpha,s
0.9411121751952022,0.0
0.974655250007154,0.12142139766246202
1.0473762497378059,0.2730294794736484
1.1105801103349506,0.49260596959569825
0.8581405090235756,0.8794907867187495
1.0,3.7995272275049743
