alpha,s
1.0060320341240319,0.0
1.1274193835417687,0.12841560429213028
1.1042278629901214,0.2844121165932301
1.0151409928611426,0.5187031269395115
0.9911919993115307,0.9890599781935516
1.0,5.048680195283012
