alpha,s
0.003290716570732539,0.0
0.04404916840452812,1.8295890410958944
0.026652208386173524,2.29315068493151
0.11024872789862761,4.155068493150689
0.2924886579342786,6.26301369863014
1.0,9.4986301369863
