alpha,s
0.9533913157823096,0.0
0.9201790922074525,0.13322379539331947
1.213139980796982,0.32193532627775995
1.3495611164802668,0.5352295048778126
1.111841500873476,0.8919927040547605
1.0,3.623364086890134
