alpha,s
0.003334204631961417,0.0
0.021090069107683376,1.13424657534247
0.06382707302617376,2.01369863013699
0.07217801969531079,3.2054794520547922
0.6209484966849903,6.73972602739726
1.0,9.4986301369863
