alpha,s
1.0472223212052745,0.0
1.3370440995758717,0.06550890331602317
1.022123785132615,0.14608115117547246
1.0258412212175718,0.32099715245168364
0.9410201660606246,0.6572706170552289
1.0,3.7039482041813607
