alpha,s
1.0849629037968347,0.0
1.0728228749446302,0.11910758338884148
1.1652553458146804,0.2815529207213113
1.0969768450822615,0.5021362708704398
1.0732026038725009,0.9375427422096994
1.0,4.623454290635119
