alpha,s
1.077923849602952,0.0
1.2339800996326722,0.0503883523772638
1.1028725818258867,0.1261192038398315
0.9540861955529519,0.2865512815124273
1.1500358950099592,0.6934688493037773
1.0,3.5597102236893594
