alpha,s
4.3943172769921715,0.0
1.9231818793934405,0.045455709201305435
1.4775175958398037,0.17021179538537282
0.9307433033778435,0.40115790362314013
0.8374295753398391,1.0047573719874678
1.0,4.155874456215472
