alpha,s
32.38585229682357,0.0
9.433204076007641,0.006921182937258202
3.3853551459809745,0.0364020145593174
2.10386269267057,0.14986002613572566
1.8602543726684013,0.47420111733306297
1.0,3.347942241855292
