alpha,s
0.9243801519995847,0.0
0.9161825856198896,0.10891533238446968
0.9453215961602066,0.2721399185122126
0.924301044647585,0.5253117972915073
0.9408790138931029,1.0140966399016837
1.0,5.669485013305407
