alpha,s
6.0720237129095604,0.0
3.2345045334859437,0.029938504697640023
1.6462654918968507,0.10078698128026103
1.789837674340127,0.30806324027282966
1.5609178594624107,0.6570849622484527
1.0,4.235219505134836
