alpha,s
0.074042785966267,0.0
0.08988049759297016,1.95342465753425
0.18050189445472178,3.04109589041096
0.21486283564792494,4.191780821917811
0.4854993841448983,5.94520547945205
1.0,8.22739726027397
