alpha,s
0.009683907078873224,0.0
0.06199218394994046,1.999452054794518
0.14093828933233174,3.035068493150686
0.22695615237983136,4.453150684931504
0.5754659117121349,6.14794520547945
1.0,9.4986301369863
