alpha,s
0.05646133020858643,0.0
0.12999968872060322,2.16712328767123
0.2610979360520192,3.238356164383558
0.23528986963572956,4.2027397260274
0.4197063853897599,5.94520547945205
1.0,8.17808219178082
