alpha,s
0.9175222989093286,0.0
0.9676014193295258,0.13121224904355908
0.9566865220373499,0.30307668955582157
1.0279955166662653,0.5602592988637101
1.0646889192958142,1.0300458146997276
1.0,3.9605573023944047
