alpha,s
0.0074545771585139385,0.0
0.061366680374140094,1.96712328767123
0.026710526449419663,2.36438356164384
0.040372932628460756,4.19178082191781
0.12476681170447378,6.14794520547945
1.0,9.4986301369863
