alpha,s
0.23425603451083077,0.0
0.44377264757994417,0.1021442593286553
0.5177503279712032,0.2625180943885828
0.6929546061628136,0.5466316910230732
1.1418925415999013,1.1007577750819606
1.0,3.69262289806461
