alpha,s
0.3657289010031265,0.0
0.6489820684698676,0.11879502616160796
0.6485230004059821,0.25814718052373337
0.8597727089046353,0.5304918009686396
1.2368623289080758,0.9911309810944722
1.0,3.4364944181850703
