alpha,s
3.034516257890221,0.0
1.5491699708112792,0.0364128446532506
1.776435924785267,0.143893782527181
0.8219662775010091,0.283584107466607
0.9277564192329955,0.8433129188037979
1.0,3.943608578259452
