alpha,s
7.158612377785902,0.0
2.6426673502617883,0.029370845325227
2.5191432245098744,0.12849181946852517
1.5846657811898808,0.26574113869554356
1.2613514598542417,0.6519053853662927
1.0,2.3095758583311574
