alpha,s
0.4715834419182283,0.0
0.6602101894520304,0.1423506457291433
0.7651854039701619,0.3239141109790703
0.7599902676570163,0.5747151222598634
0.7449443958363547,1.1129815102868492
1.0,3.800885011703372
