alpha,s
0.0063512833518368965,0.0
0.08091592026237689,2.140821917808216
0.09254159439029205,3.01095890410959
0.5747478027827555,4.368219178082194
0.3125846827200831,5.15890410958904
1.0,9.4986301369863
