alpha,s
0.311807520267004,0.0
0.7005724755578138,0.1191557591192567
0.7395863639278423,0.2423620997996729
0.9054822247007287,0.47861386986014354
1.3419406819723232,0.93018466651151
1.0,3.63829551402941
