alpha,s
8.142635902568996,0.0
2.3486878092047783,0.0061867692478509
1.4439425155505223,0.0499357686211558
1.105913345983096,0.18861828864648914
1.3459896349865093,0.6009017532703872
1.0,4.565279767696846
