alpha,s
1.0753549684213342,0.0
1.010510466183966,0.17654340065266352
0.9704303501063302,0.4153737612367795
1.0523594556484397,0.7633507861488071
0.97504795566366,1.305603934678981
1.0,5.441197027273278
