alpha,s
0.8061823648609181,0.0
0.9233603855153456,0.0967283392296569
1.0617723159528518,0.2414903641129463
0.8086909240424983,0.45248910023159306
1.4218182540808957,0.9939769368953923
1.0,3.32109060461622
