alpha,s
2.992799175444627,0.0
1.8357506924076148,0.034685116329488105
1.317438717568393,0.12898677386556656
1.0806822757572778,0.3322550726294188
0.9283132822488042,0.7576118043220411
1.0,2.9250993778087824
