alpha,s
0.20935496637170545,0.0
0.43261327689071577,0.1207933119088727
0.6046414878849771,0.2584706665631004
0.7460160447184541,0.46094778019891336
0.8887947805714549,0.8793986213876817
1.0,4.723335741612782
