alpha,s
1.1841590664692399,0.0
1.0500242738661638,0.04223693310844106
0.7877704558490339,0.13806355929800213
0.8198188044947596,0.3621300152560586
0.8590000941224408,0.8497158618040661
1.0,2.9458582185906943
