alpha,s
0.0019485009855704427,0.0
0.01243855980867971,1.883287671232874
0.06817462037953922,3.74246575342466
0.08116518374283137,4.359452054794522
0.7403171228144375,6.549041095890413
1.0,8.22739726027397
