alpha,s
1.0120472252845891,0.0
1.3441740026198827,0.1174910229050469
1.1370327310066526,0.2398885232872016
1.4284315602091062,0.4605754945250644
1.2761061223431913,0.8024943294538558
1.0,4.257848358652466
