alpha,s
0.22832818603207997,0.0
0.44095305059038187,0.12808860931601967
0.6481536920640912,0.2768652351483266
0.8826256827656779,0.48871275383914586
1.2518731368702487,0.8558407715821508
1.0,3.895024915038829
