alpha,s
1.086797249153931,0.0
1.0150295470480668,0.10400730482776396
1.064980152421218,0.2604149147038026
1.0454105994208305,0.48522467254674007
1.094833927489699,0.912031722331872
1.0,3.895721914365376
