alpha,s
1.0995804549575536,0.0
1.1914120514096922,0.1264762797145392
1.1472078702062372,0.2822294016215828
1.0217811685857254,0.5212045129344463
1.1735155776996842,1.0063180779597505
1.0,5.071211841490814
