alpha,s
1.0017112737459108,0.0
1.0914850724596226,0.12981987611365545
1.0766455208729075,0.2907066065014985
1.0462362776820644,0.5387034107334476
1.270698837932891,1.0034350798537368
1.0,4.431209036772026
