alpha,s
0.6655109651182314,0.0
0.6548171111641216,0.05776706932481504
0.7487466025520181,0.18643999204452383
0.6513952266402664,0.41436972104443776
0.749118204550701,0.9412040513220752
1.0,3.950432411750571
