alpha,s
0.6945112607027293,0.0
0.8054747752871563,0.12928743193763967
1.1996210254616537,0.31714435840442196
0.9635294888539733,0.5201345173943417
1.1439519031965555,0.9911522690327799
1.0,3.8789319118097296
