alpha,s
0.7379231300238381,0.0
1.1647873317588382,0.06347845423082887
0.7351612550121868,0.15686402273601988
1.0529347010278207,0.4395625614670472
0.7937066715418925,0.8285695430482346
1.0,4.5380395971347935
