alpha,s
0.6011622680454622,0.0
0.6942831089250865,0.13030582124763496
0.968430956763147,0.3089017030592681
1.005018544291456,0.5140181833359402
0.47041982739232974,0.8946057284161426
1.0,4.294498160104776
