alpha,s
1.4468874381335,0.0
1.3808385601274042,0.0743739639251556
0.8600882806172726,0.18529604172285524
1.0940855845064734,0.4870201427348713
1.1172196305787845,0.8739841380581593
1.0,3.537516618686216
