alpha,s
0.10848540296906463,0.0
0.26737481150819975,1.98630136986301
0.2519077141935662,3.01095890410959
0.4067113611676109,4.15287671232877
0.9273608129411638,5.781369863013698
1.0,8.17808219178082
