alpha,s
17.091150271515996,0.0
5.806992282521753,0.007393524536195161
2.0311688258390803,0.037172801729814305
1.5620141776640135,0.17118501363467536
1.292820785977056,0.4781438256336467
1.0,3.596146455244924
