alpha,s
0.9926374441319129,0.0
0.9419456240354372,0.13733435231441057
0.9848956151604892,0.3336238130823767
1.4956081532549332,0.6120167953755421
1.211359745394493,0.9574528315896874
1.0,4.630578872131353
