alpha,s
2.0896157442078347,0.0
1.846616404910486,0.04437178051247048
1.8609722884578526,0.1213728275060942
1.2937102943483592,0.2504087245939882
1.1378345472799922,0.6370003304865561
1.0,3.511814479794086
