alpha,s
1.1447862987071835,0.0
0.7415445273456901,0.053483074133146284
1.400265129013173,0.2128480754839442
1.9348441381418786,0.38012734492616673
1.481420594569801,0.6091974545686186
1.0,1.9022661214626464
