alpha,s
3.657529028919345,0.0
2.2076794076547825,0.0422365882220638
1.3208902249144534,0.1344134565598456
1.154514444290745,0.3564322509687133
1.0788746283594026,0.7899108627345458
1.0,3.809914378536181
