alpha,s
0.8067303379533727,0.0
1.057541505492049,0.04121948345204061
0.976461566756925,0.14338792513809334
0.9907099221953468,0.3328602572882079
1.778727835150268,0.7673412197665748
1.0,2.1284635351490646
