alpha,s
0.42624253803605855,0.0
0.4906655550710705,0.12424535093673417
0.6926842693993271,0.3163344802717159
0.9349099245801691,0.5624083265069354
1.2519694954915108,0.9690397903934003
1.0,3.438384707107348
