alpha,s
0.49168772734297106,0.0
0.6003862254214871,0.1159007535192377
0.7518096117004773,0.2687775937423608
0.7987660544560754,0.4734068702079027
0.8041368026007921,0.8842793002568912
1.0,5.145283434041571
