alpha,s
0.5069873773734002,0.0
0.7136265352751647,0.1116559574169153
0.985287374040418,0.2767709869850878
1.037409154502849,0.4766147427733388
0.8438119543517494,0.8466859366870317
1.0,5.424907621879719
