alpha,s
1.0195005647784052,0.0
1.2037824192369146,0.0678862009617305
1.1310104648297739,0.18030580834843551
1.2156003751114453,0.38298056271800884
0.9329883378567214,0.7445789159860029
1.0,2.6774907235528533
