alpha,s
0.40578109155692205,0.0
0.6280537849425223,0.0878735056587134
0.7784264934083426,0.2157678305504724
0.9693068658867632,0.42377003873247704
0.8976735792854119,0.7895332641885093
1.0,4.018551097044829
