alpha,s
0.21325422446158526,0.0
0.5136343845730129,0.1284787922507682
0.5569205400983692,0.2706624418411544
0.7875125304159168,0.5497298843585561
0.988177005701048,1.0354325896537044
1.0,3.8609474460247233
