alpha,s
1.1640982786758203,0.0
1.4029730824858189,0.1188719741108396
1.048165840530925,0.2519880058050109
1.3052191633939287,0.5108406549011699
1.5112035292067603,0.9014178821125112
1.0,3.12673957847404
