alpha,s
0.0824600463504945,0.0
0.5757503971184236,1.958904109589042
0.24930805058635103,2.3249315068493184
0.3964933277582117,3.6219178082191803
0.4680113030212765,4.89753424657534
1.0,9.4986301369863
