alpha,s
1.0311095674622335,0.0
1.317704067052896,0.13406152396594442
0.8680628754509384,0.2730506457343383
1.070937367151266,0.5774461951723906
1.2212064513096599,1.0507557035655115
1.0,3.995805517689189
