alpha,s
1.06372266685621,0.0
0.9848999494029389,0.06949291526813464
1.0413922791809067,0.20407026279082568
0.9910310215130735,0.421124846483649
1.15596632708806,0.8791993211618503
1.0,4.087811583235763
