alpha,s
0.46855636366448467,0.0
0.6748365104994626,0.1351545009333579
0.8022166105611208,0.2878607586530774
0.6755508470141547,0.4916303312965255
0.26289563201713023,0.8811920030816448
1.0,5.29583777003548
