alpha,s
0.06265270310756997,0.0
0.05574865273152949,1.4246575342465762
0.09807734155829875,3.172602739726024
0.1334114052265665,5.0958904109589
0.2847166666284728,6.769863013698633
1.0,9.4986301369863
