alpha,s
0.5456921837736667,0.0
1.0482840517131737,0.0930073663121806
0.5945017003389518,0.1976845584622537
0.7997670099840074,0.508381477046779
0.9650559782309357,1.0103090317774843
1.0,3.219176175082006
