alpha,s
1.191720165700668,0.0
1.2637105893514757,0.04440605930259364
0.9903914800270639,0.12008624011822118
1.0120898654362074,0.290707666552659
1.0913315264017327,0.667601513460548
1.0,3.70282860460501
