alpha,s
0.5741387105990932,0.0
0.6310913834725722,0.10224647122799048
1.1091499028801817,0.2995531603288688
1.133810543706705,0.4797526585540358
1.4760824576729639,0.9312533113418368
1.0,2.318274384020828
