alpha,s
2.521401120048006,0.0
1.1296184759225951,0.020938939696008393
1.3664041842309278,0.11480337913788588
0.9669070012076924,0.24966684916332557
0.818059016029115,0.6337146420397893
1.0,3.613865406508802
