alpha,s
0.6007386540870995,0.0
0.7346470143966455,0.08533319197957367
0.6992359348048666,0.2248497422325956
1.2078963108631824,0.5177097867673176
0.6731204593887304,0.7828467468137489
1.0,3.882612711659152
