alpha,s
25.191773285380314,0.0
3.8142194536704985,0.005429949716924741
2.22617009151953,0.05278784767188438
1.684346732499101,0.1753124635627123
1.2212108481874375,0.48001921018051247
1.0,3.8357875633355536
