alpha,s
2.341182334981188,0.0
1.4391128221668477,0.051238168312547315
1.2072408254090372,0.171465286206486
1.4079530797188489,0.3949879899925493
0.9825789235227975,0.7415850407995228
1.0,4.017651495199365
