alpha,s
0.43519205973602426,0.0
0.7379068802298291,0.12108605774166548
1.099954126843388,0.25326866939470105
1.0099344178410026,0.40563048286642656
0.6135414810662987,0.7670487032709165
1.0,3.941147759343729
