alpha,s
0.2900632697611043,0.0
0.5241990765151333,0.11679164714972574
0.7928320225948726,0.2811921488972748
1.1226609257287608,0.49443586988790417
1.0476425823971791,0.8357030976756612
1.0,3.0562756806663867
