alpha,s
0.4275777597952201,0.0
0.5240611716110203,0.1022507353920619
0.9531813896836072,0.2732490076483382
0.9617467616336096,0.45410255449572023
0.9622100601532473,0.8603097267715416
1.0,4.30299106072841
