alpha,s
0.00028064880709705974,0.0
0.008483886424572786,1.82739726027397
0.01641960505840668,2.28219178082192
0.055977998671882134,3.7232876712328813
0.15032128392204244,5.58904109589041
1.0,9.4986301369863
