alpha,s
0.578734975246522,0.0
0.5304709538885507,0.1248701334669996
0.6596122772572921,0.3502549638100377
1.1952264039039802,0.6396376385917881
0.7786216299789092,0.97663274105279
1.0,3.123961712441719
