alpha,s
0.734275637541895,0.0
0.8656462756184982,0.10104791191708
1.1901929357881738,0.2550754798732644
0.9267781318986654,0.4438610673060147
1.0808909973070695,0.9243643706316934
1.0,3.733291879020368
