alpha,s
1.1446522115575224,0.0
0.9859318351156754,0.08129412113093046
1.014164299918138,0.23015935705683013
0.9490390252453647,0.4653193069943418
1.004679550640404,0.9522690169489141
1.0,4.20999638670771
