alpha,s
0.9559506859174441,0.0
1.271717796131819,0.13783414318157172
1.152682668108509,0.27901491941313966
1.1673551334381447,0.511806384086316
1.0059466175834038,0.9422345912441148
1.0,4.798145546024471
