alpha,s
2.5835191565984394,0.0
1.2352131344984683,0.04924359075648902
1.1055478965607732,0.1883540708355697
1.9154534457385488,0.4250349155227674
1.1806011349303789,0.6920720002704064
1.0,3.4763786039064035
