alpha,s
2.195225614821933,0.0
2.0990024940505987,0.030785250152849622
1.2781265955786856,0.08707781632310166
0.8701771704079518,0.2505200989773627
0.9911018654577372,0.755249474306333
1.0,3.37028302210559
