alpha,s
0.012349476906430845,0.0
0.07797330878651611,1.98630136986301
0.11628703355233933,3.01095890410959
0.254244576257525,4.15287671232877
0.7670198169194281,5.781369863013698
1.0,8.17808219178082
