alpha,s
0.045652516758380925,0.0
0.18019449204751745,1.922739726027394
0.22006187748251663,3.01095890410959
0.17286432542371935,3.6361643835616477
0.8147450296354029,6.212602739726029
1.0,9.4986301369863
