alpha,s
0.41944776451818255,0.0
0.907123317580861,0.11210598685712142
0.8737342031001677,0.22795827526266313
0.7702559975940921,0.43873868302003843
0.7104006604468901,0.955130539188425
1.0,3.2561663736883504
