alpha,s
0.0026433511564484665,0.0
0.02756549878831117,1.922739726027394
0.07225388939026149,3.01095890410959
0.0865838271619914,3.6361643835616477
0.6241008813371894,6.212602739726029
1.0,9.4986301369863
