alpha,s
0.0017636579620116278,0.0
0.029271828609494652,2.022465753424656
0.25458536676948224,3.04109589041096
0.18671957900454972,3.254794520547942
0.2947532162208962,5.0958904109589
1.0,8.22739726027397
