alpha,s
1.0899908561863874,0.0
1.0250430639417514,0.11223093404036232
0.9963436803720495,0.27674422098316587
1.04890487068027,0.5313012058649236
1.2274694949916716,0.9796712161502804
1.0,4.384896497910059
