alpha,s
12.31386401898901,0.0
2.7456095435629653,0.00471774393602178
1.950287145246189,0.04024825777695431
1.3629818621636245,0.13513747912620616
1.0935396448379715,0.4204063758758888
1.0,4.301861291749675
