alpha,s
0.9363760668279016,0.0
1.2563353223238876,0.1419268439829666
1.1653169126425005,0.2834052070012645
1.2716309323992534,0.5134353031951157
1.1221973151318545,0.9018647494083418
1.0,3.5779956555542056
