alpha,s
0.08146713721168777,0.0
0.11291050920166616,1.550136986301371
0.20607093162862217,3.087123287671234
0.2124914157620607,4.41643835616438
1.0496645938361107,6.2915068493150725
1.0,8.17808219178082
