alpha,s
1.446783599545397,0.0
1.4117517760652094,0.0541214405303695
1.016779650672745,0.1452549214763537
0.9945878542907934,0.3566989587549391
1.1481601195783135,0.8370302135012683
1.0,2.8712617930621174
