alpha,s
0.2618108505589045,0.0
0.4439649545011898,0.12314012676208087
0.6610928782903461,0.2974868212391863
1.130123841941296,0.5392476785279593
1.504030887021857,0.8891967040275239
1.0,3.957996954552936
