alpha,s
0.346954403444203,0.0
0.5724271869416209,0.10748123960254331
0.7124760233070337,0.2615000493549945
1.1205581798491442,0.4907971826618034
1.0985048259156909,0.8458680994546899
1.0,4.479004169491691
