alpha,s
1.2011540514868888,0.0
1.3216256301803504,0.11270219824051958
1.30593575643818,0.25135286072141844
1.2445906138007972,0.458645127778692
1.1390396840639412,0.8555820123294137
1.0,4.364277412942912
