alpha,s
0.747168522660543,0.0
0.9942683040094756,0.11872057768400747
0.6800654690495808,0.26188686787759635
0.9436333890106691,0.5935212741882231
0.9786552826084106,1.0612076756194992
1.0,4.498229147751816
