alpha,s
1.0709470050916328,0.0
1.076111591366013,0.11026242784694268
1.1822299199829893,0.2594027465162891
1.0941756431490608,0.4690416048614077
1.1111657393951893,0.8896549811632296
1.0,4.416468890591539
