alpha,s
0.32561720591125437,0.0
0.6673220446668817,0.13669687326229144
0.4729578620241458,0.2687622314319937
0.676741412631085,0.5957356457201104
0.5095804020491617,1.0292334067100584
1.0,3.71207566034589
