alpha,s
0.7862442202420914,0.0
0.8037539867241908,0.0866492631968863
1.0817276496204538,0.2322992367168749
1.274026025997346,0.41643918449778233
1.5847289919497147,0.7405795694502335
1.0,2.3253998832880383
