alpha,s
11.372096992561533,0.0
1.764903832267593,0.00401478563665482
1.3964878908894514,0.054431759213727705
0.842640680314085,0.17612130401952855
1.29402317697993,0.6556386790013078
1.0,4.125182163700378
