alpha,s
1.0578700810509978,0.0
1.1376308594666495,0.11353974917807474
1.0321939637054918,0.25827912583983537
1.0630835869746629,0.5013931432550274
1.2620912800209116,0.9548495506161615
1.0,3.712896067053788
