alpha,s
0.9900895438771512,0.0
1.1463681072323764,0.1166525121135885
1.4296349423100976,0.250260346940966
0.9215234407217898,0.41874819081850073
1.0676229742225578,0.9020170263469324
1.0,4.000278584410863
