alpha,s
3.3184945542780313,0.0
2.270591670110749,0.05227653196141945
2.341277358853564,0.14924903605847142
1.7895128652405152,0.2899755663169118
1.759013540186029,0.6042814040973027
1.0,2.685080961126208
