alpha,s
0.046929689525792864,0.0
0.137388910804263,2.012602739726026
0.331301662905474,3.06849315068493
0.1432908722409811,3.730958904109592
0.5853319964719169,6.435068493150685
1.0,9.4986301369863
