alpha,s
1.5595586021992522,0.0
1.0056370406930508,0.07413654987826837
1.121871076725641,0.22923315161621324
1.1892489495870049,0.4520478979288172
0.9293874232701834,0.8172685366576108
1.0,4.775364231676443
