alpha,s
0.0064633510988246195,0.0
0.08747577352042314,2.232876712328768
0.06086728375327848,2.818082191780825
0.14523707493762536,4.196164383561646
0.16182902026561347,5.697534246575343
1.0,9.4986301369863
