alpha,s
0.008769454687295848,0.0
0.1363810806943037,1.985753424657534
0.08483123088698227,2.48767123287671
0.1520310250026343,4.2027397260274
0.9085162640200558,6.2169863013698645
1.0,9.4986301369863
