alpha,s
0.5881643687065535,0.0
1.1450828291746327,0.11752044249940145
1.0813883557406272,0.23761431340885056
0.7292397871824016,0.4325892256535627
1.1511714136535407,1.0983590386799147
1.0,2.846016212226771
