alpha,s
0.38921476338939104,0.0
0.6610512444494215,0.13973912015381526
0.573469425337084,0.29744012171522916
1.0569696952738799,0.6154756338984871
0.4498243417935094,0.9220722394733906
1.0,3.452923502997437
