alpha,s
0.251166589461883,0.0
0.47140362340531355,0.11328948911723727
0.6426243579306675,0.24708399110413573
0.6176448906302988,0.4450443261644885
1.0103100043491746,0.9641169083778243
1.0,3.945398841773504
