alpha,s
0.4144661046113841,0.0
0.8362793655599584,0.102882185571817
0.6791562149179571,0.21823653065100257
0.693149832131357,0.48079161016026123
1.07748669019412,0.9968299355574155
1.0,5.313996572251607
