alpha,s
3.4473663805472987,0.0
1.7002906508430997,0.04116472312647044
1.4189703554481043,0.15239259622099477
0.8660255794008191,0.35824062199273404
1.275208520306221,0.9463375735200205
1.0,3.683181649191428
