alpha,s
0.8341075533895196,0.0
1.1334506328356155,0.15232153492417835
1.0261660698179924,0.3051467751865044
1.0175121283867354,0.5669943739941272
1.28468827539221,1.023233897517898
1.0,3.1033367238344924
