alpha,s
0.7363851972858658,0.0
0.5008169948452859,0.0475941302806911
0.5774573645391561,0.1896022730241819
0.5643170590065933,0.41964751244105
0.4632642091451795,0.8834740156080333
1.0,4.557112047833284
