alpha,s
1.8132862117736042,0.0
1.062463482763791,0.04070017526774482
0.7795200414737671,0.154320019207761
1.1246612229944748,0.41496948803034883
0.6926427613370607,0.78601098178634
1.0,4.380928959356072
