alpha,s
1.3517888884398033,0.0
1.282829312234369,0.09461504691131051
0.982416607203949,0.22928714597822
1.0079555985167343,0.4937256754005418
0.9407007615263683,0.9656853243719402
1.0,4.319297740070597
