alpha,s
1.0960073854216381,0.0
0.8921539249409309,0.11756256595011515
1.1927233130871093,0.31511435445706487
1.0905267518068265,0.5303441196616544
1.0611680081956023,0.9649327320207125
1.0,4.207804181596877
