alpha,s
1.2207944105549664,0.0
1.2011914150605412,0.04828484405241304
1.0517628402632069,0.13095921309758554
0.9121189484790048,0.30259676764592186
1.0641831698125566,0.7374658635799846
1.0,3.846655718214471
