alpha,s
0.6490291677918684,0.0
0.5083704487180227,0.04158251511928414
0.8369476213814605,0.1968225200519184
0.591593578697208,0.36806323264866186
1.5414470903092603,1.0328217962749002
1.0,2.454620684965496
