alpha,s
0.9823765469721388,0.0
1.0255570418834417,0.1888413044362793
0.9229664443665805,0.4190991808922044
1.0418645263597883,0.7850040459057859
0.9978303740434021,1.3287391692244466
1.0,4.445925133106065
