alpha,s
1.4806808643783618,0.0
1.0902107883020182,0.04764334394237042
0.9023780366232771,0.15406742698150414
0.9309245594646486,0.3770301575805411
1.19721242240156,0.8299852619280408
1.0,3.954738707210139
