alpha,s
20.728324077470543,0.0
3.3970619988674793,0.0034518809160966
1.7346458348503089,0.038674443079637
1.2930153997469094,0.15320480047865598
1.0293752398303186,0.4779028361593567
1.0,5.122983962125218
