alpha,s
2.6439379977768804,0.0
1.4888079958630172,0.054303371087120855
1.4281352604368789,0.18746946603119305
1.1143213308412563,0.3872930097845031
1.2403454925452098,0.8805209241074503
1.0,2.935187104324536
