alpha,s
4.220618507714179,0.0
2.689194242744638,0.05066247861926768
1.9738525990403335,0.14762524903532595
2.0668959379945204,0.33567424423346254
1.598240785255613,0.6307687074786784
1.0,2.2918374400050388
