alpha,s
0.019689602414506884,0.0
0.1260746463643138,1.6301369863013706
0.07978004944325698,2.242739726027398
0.2663628504134054,4.1627397260274
0.9160094319105069,5.94520547945205
1.0,9.4986301369863
