alpha,s
1.1155946360685967,0.0
0.9915319365204577,0.11755308059115908
0.9366272668598103,0.2970427629349755
1.1263924347931193,0.5757744458217194
1.0679224558546212,1.0010412601453778
1.0,4.299772008344487
