alpha,s
0.18588146661951116,0.0
0.18668965678387084,1.154520547945208
0.25778550772225367,2.585753424657536
0.3064258390684945,4.034520547945206
0.7675039957960449,6.320000000000004
1.0,9.4986301369863
