alpha,s
0.6082975868104643,0.0
0.9069963445332493,0.11316647738720688
0.6158251566967171,0.24496076602989947
0.7775994768578293,0.5789548563142309
0.6898715071338162,1.0828264093086082
1.0,4.869041301215131
