alpha,s
0.8325691201261161,0.0
1.0505168425229332,0.0636945438406869
0.9899604721221792,0.1603388992543522
0.7831127543549001,0.35593309765812003
0.9262474882828736,0.8940441049031085
1.0,4.104787326076031
