alpha,s
0.7335731980657344,0.0
0.6794433848655859,0.09061711678312907
1.0533117535669008,0.2559820130177414
0.6997844533464599,0.4504213485652238
0.7065447301321885,1.027908247686104
1.0,5.294058412639486
