alpha,s
1.2355710402985058,0.0
1.0334531760608316,0.08812259667223592
1.0751837494939271,0.23409453579375214
0.9274152722265668,0.44676666572371543
1.0074774779943518,0.9178112580259068
1.0,4.371995086285702
