alpha,s
0.8644562080933151,0.0
1.0669918581369366,0.1245137311113527
0.988122580924752,0.2602292677863143
0.8637826270467925,0.4903979108810862
1.0376271173114748,0.985020746817345
1.0,4.493345910591978
