alpha,s
0.9561727783635952,0.0
1.4168858894095204,0.06538403692980285
0.8602758688709481,0.13624351284538633
0.7902443565375356,0.3434193300284242
0.9290409371608149,0.824848560211728
1.0,3.402882334055896
