alpha,s
4.4189984520896886,0.0
2.2888419268053983,0.040635776475474006
2.348754046581169,0.1420615743918099
1.2504105356459745,0.28240433132285214
1.7448862878646596,0.7268970770445313
1.0,1.9721595542862624
