alpha,s
0.8891885344212678,0.0
0.8300366674444695,0.10484981254870047
0.8809580512048524,0.2691253225290474
0.692856722596113,0.5336266563098783
1.2573762518456302,1.1987747956729755
1.0,3.2817513194654757
