alpha,s
0.04576289992220967,0.0
0.10125750309255847,2.031232876712326
0.2944169087631302,3.59178082191781
0.2840046248485461,4.3227397260274
0.9392586171041146,5.94520547945205
1.0,8.17808219178082
