alpha,s
0.9034929358681111,0.0
1.357343925796826,0.0922951374073523
1.3150431528606565,0.1823767934772897
1.1429705554219463,0.34077134164859185
1.754055003910197,0.731070324081215
1.0,3.469201810841698
