alpha,s
0.9396720471870741,0.0
1.0530060739341145,0.20723009948043597
1.1502268156894158,0.4479110026888128
1.0225665632059242,0.7575447157069768
1.2731964456638536,1.337570328953316
1.0,5.332989458991512
