alpha,s
0.05614970633322567,0.0
0.13475019124663903,1.9709589041095859
0.24681852267979462,3.28767123287671
0.18699545710255194,4.2027397260274
1.0055036408362963,6.144657534246575
1.0,8.22739726027397
