alpha,s
0.0537288809867689,0.0
0.131115669570857,1.82739726027397
0.16417305033073357,2.6860273972602773
0.14454459411081677,3.82739726027397
0.5977263313651797,6.33972602739726
1.0,9.4986301369863
