alpha,s
1.2152273690333555,0.0
0.9292643025628684,0.06647356936367634
0.9215182089412414,0.20813430809969366
0.9198496777385354,0.44805531404875926
1.0715578267229422,0.9229964097024226
1.0,3.6443694359154017
