alpha,s
0.009925529199945495,0.0
0.04934608677426609,1.2904109589041122
0.08394986718020397,2.3358904109589083
0.15827502167288568,4.19178082191781
0.5911839313168158,6.277260273972606
1.0,8.22739726027397
