alpha,s
2.946641373620772,0.0
1.2579623110641045,0.01821140417520596
0.9878470706340157,0.10712012569908946
1.4014759638636212,0.3240452046985747
1.224525977558374,0.6110784892467842
1.0,2.079983755552285
