alpha,s
3.2601194836755103,0.0
1.5259607279225829,0.0033816735991999804
1.009602986544687,0.034722133506566374
0.7282211454480615,0.15189634350053757
0.9001455239684032,0.534375072726108
1.0,4.620614714043197
