alpha,s
83.39412135981017,0.0
9.231850737566218,0.00264605335833064
3.120242860262068,0.032219017653889084
2.076290636617461,0.15283354694541065
1.431347584034859,0.46022484095022753
1.0,3.126401106022233
