alpha,s
0.5268511694877269,0.0
0.5345476250662439,0.07898102032616879
0.7139885476439236,0.2471696693099279
0.711370596077018,0.4684343942453035
0.4614755701230149,0.939338513821184
1.0,3.7916145881860697
