alpha,s
3.067207961109797,0.0
2.136944949371528,0.05227653196141945
2.2426031632362093,0.14924903605847142
1.7385010007551602,0.2899755663169118
1.7361250104056962,0.6042814040973027
1.0,2.685080961126208
