alpha,s
0.9430110874232004,0.0
1.0369472009082314,0.08955302203692805
1.094271308895002,0.21142812600799155
0.9113342166979244,0.40102872980805404
1.1544514121862424,0.8586021697090708
1.0,4.505393531697215
