alpha,s
1.999298076560509,0.0
1.2391145199430533,0.006487843963655961
1.100141952653577,0.04502732402476635
0.9919609586580771,0.15040419411730863
0.9130394011177493,0.45520860658185097
1.0,3.8869569097756473
