alpha,s
1.859777027511703,0.0
1.3838337354372825,0.04428785385967971
1.2437526408783564,0.15110857993077337
1.5304578906149706,0.35436224758278434
0.9493423345812715,0.6158281636433327
1.0,4.212611453393179
