alpha,s
1.3243911183314214,0.0
1.298358955171843,0.08514018386737138
1.0273810948866482,0.20605055849563889
1.1878695854920833,0.4337018408457181
1.122569136310385,0.8256135128541822
1.0,4.36523437328383
