alpha,s
1.1293050130617575,0.0
1.097854953512858,0.102848254953083
0.9934971899687508,0.245841066347362
1.3100079897008556,0.4937821395738648
1.1755755804919352,0.8594580389595472
1.0,4.739103083059691
