alpha,s
1.211361741154211,0.0
0.9662288553262135,0.06632123869544983
0.8368661850859909,0.20074639074817163
0.9895022470110153,0.46379765416135266
0.8397200995706967,0.8922623882165612
1.0,3.9891965956523063
