alpha,s
0.994217044278515,0.0
1.0461318296907252,0.11098354640904079
0.951927353015625,0.25690994012781915
1.3010962155939625,0.5066718584647961
1.2878611611071944,0.8711916720602326
1.0,3.540831722371637
