alpha,s
1.1558294612592208,0.0
1.0917358948592089,0.10495414409337002
1.0645763707031644,0.26163826998573353
1.1545196538209523,0.49576922036022475
0.9831033297789273,0.8974924661192301
1.0,4.4531845759602655
