alpha,s
56.28497751035524,0.0
5.487864954668695,0.003968486775973
3.7032612595113616,0.0535230860407758
2.281160575216437,0.15628058212428297
1.562749118380682,0.4464579496696848
1.0,2.7802521236928053
