alpha,s
1.0647424347449124,0.0
1.1412174062605984,0.1097133632479586
0.931977226965007,0.2504165670770236
1.0569070467341075,0.5124764675254743
1.0441803769812075,0.9517943202952664
1.0,4.415068003739089
