alpha,s
1.7678570242820058,0.0
1.2301800986751454,0.0054080004377888005
1.0554759623116547,0.04116422269985088
0.7933961232103967,0.13888109952766164
0.8932929418250211,0.4872379621642185
1.0,5.342098667138594
