alpha,s
1.0281801523446013,0.0
0.8532465800500103,0.09019187015083942
0.8718788781691409,0.26746002623342247
1.2979016726802708,0.5357255549905204
0.9321382417029999,0.9017231606381799
1.0,3.2752012997284408
