alpha,s
4.772519571204268,0.0
3.024106968970198,0.03351659035163022
1.4791001855285162,0.10242506634735159
1.4710537650961635,0.31799343292311444
1.0629484706673609,0.6792108914064486
1.0,3.4426995844969346
