alpha,s
1.2505853397668305,0.0
1.029574716263522,0.10041173461407821
1.1097866353137025,0.26395642851727635
1.1017650569131978,0.4903389579119694
1.3577682403366584,0.9413680459449004
1.0,3.709108620205343
