alpha,s
0.0667656262973113,0.0
0.08203545867258882,1.23561643835616
0.06665598061257828,2.29315068493151
0.08315987550990149,3.619726027397264
0.11081185480741408,6.14794520547945
1.0,9.4986301369863
