alpha,s
0.3180698325685541,0.0
0.5731206535496419,0.10336493523834415
0.6716752915264755,0.23490378431480033
0.9537856871294328,0.47248598209682274
0.9507748273003528,0.8499933761912652
1.0,3.419853169531741
