alpha,s
0.3111561372714663,0.0
0.5725765579448301,0.0908891154036756
0.7513587879413189,0.2277537328606001
1.3030248348452875,0.43056138923900295
0.9111391436726004,0.706189383106124
1.0,4.598688641974319
