alpha,s
0.6052589997640604,0.0
0.8974307616938959,0.12182507029800874
0.8853339317419482,0.26176005880594727
0.963333503492465,0.5154985723374158
1.0839708096132685,0.9611822236135852
1.0,3.348969098600903
