alpha,s
0.30748616157266534,0.0
0.6132944155542839,0.1139473212179777
0.7565368597891714,0.24234189972332199
0.9541799242820977,0.46262558749830307
1.1083862188455373,0.8589707355518467
1.0,4.147117736562271
