alpha,s
38.696850476896905,0.0
5.227895593118168,0.0034518809160966
2.357714598405683,0.038674443079637
1.5672570634397125,0.15320480047865598
1.134789608021667,0.4779028361593567
1.0,5.122983962125218
