alpha,s
13.398936460926098,0.0
2.1621846607517603,0.00401979256147952
1.4837661891868335,0.04783034934712114
1.323301032620623,0.16949873943596275
1.1110835505333756,0.47403447085650313
1.0,3.4046761235624965
