alpha,s
0.7696580654975168,0.0
0.8849553750886834,0.11153944737699154
0.9571808971929404,0.25423090360357764
1.106809056952476,0.4687555520716666
0.8293074784882302,0.8155961626385556
1.0,4.520379241606434
