alpha,s
2.173501697122913,0.0
1.0547935477145924,0.0425448856751411
0.8722307403040498,0.18184673984526065
0.7281202652213158,0.4481352763994459
1.051300844579254,1.0448706707718367
1.0,4.405685667261735
