alpha,s
1.2499248528676175,0.0
1.1208885198233185,0.0420524384291633
0.8804703377650166,0.1412426218533358
1.0706527632613803,0.3949647394114353
1.660539846832716,0.788791278327245
1.0,2.9165004782684765
