alpha,s
0.44616085581604353,0.0
1.1459350724857316,0.13214314391657156
0.8425311384771579,0.24119497824779984
0.9038586583214527,0.4789213937466341
1.1691390007349705,0.9430108213590688
1.0,2.931458819849442
