alpha,s
0.8771358456082766,0.0
0.9766403511118621,0.0957330620178878
0.9579556675468647,0.2303557119918764
1.1424527822290014,0.45267291089160194
0.7196197537517903,0.8162133674146347
1.0,4.423161350479474
