alpha,s
0.11277768884248641,0.0
0.7078392885186343,1.95342465753425
0.23852180928859898,2.307397260273976
0.6460793433168267,3.786301369863012
0.531447309141658,4.823561643835617
1.0,8.16438356164384
