alpha,s
0.9674979310258435,0.0
0.9567739511454179,0.1886264618545998
0.9595793662628199,0.4336817366567337
0.903180983160618,0.7746900351081187
1.1328737854124542,1.4017422073455674
1.0,4.420336320589519
