alpha,s
0.9024821197325467,0.0
1.008640074613597,0.20352552238009042
0.950809141699107,0.4413469733942401
0.8455302768928284,0.7901596346564983
1.1939312486541538,1.4340519940183243
1.0,4.163215773395509
