alpha,s
0.9226400783333759,0.0
0.9517698050314277,0.1107235083055956
0.9672960415849321,0.26910392857678
0.8007456757113107,0.5171509688042085
0.959024122966776,1.073888931881282
1.0,4.863519056943948
