alpha,s
0.18014775887582146,0.0
0.4891599036085239,0.1820568041138136
0.7052834642990098,0.3663179449177924
0.8154276429791215,0.6502483217770358
0.9946245961694352,1.0881185359590908
1.0,3.451148187468652
