alpha,s
1.1166458594866664,0.0
0.9655557143832203,0.0763910611116993
1.0445378064896607,0.2146011192755844
1.0664728600468356,0.427094872480268
1.0518370987659,0.8531308847577889
1.0,3.630205098458836
