alpha,s
2.4215961454375976,0.0
1.11538255058285,0.00605888455692772
0.8291776779100817,0.05355711708814431
0.8332766477139835,0.1950392485151148
0.7957718860107261,0.5369773468511738
1.0,3.808359925093208
