alpha,s
0.005571816366111728,0.0
0.025461706669461303,2.23013698630137
0.20577913983655666,3.9473972602739726
0.1914721309490109,4.407671232876712
0.4191079076250586,6.33424657534247
1.0,9.4986301369863
