alpha,s
0.000674768246813355,0.0
0.020329448093841716,1.96712328767123
0.024128129040109768,2.36438356164384
0.1642514764141616,3.815342465753422
0.2809676664198882,5.119999999999996
1.0,9.4986301369863
