alpha,s
0.47138574061436717,0.0
0.9044468713570163,0.1499407763406819
0.7227998556178179,0.28985747757255975
0.8363267449785876,0.5640978838930938
0.6989452732406519,1.0139824296104814
1.0,4.33456356653768
