alpha,s
3.51642124893098,0.0
1.569295213688792,0.04924359075648902
1.3185701185333865,0.1883540708355697
2.131088601789585,0.4250349155227674
1.2487736947875185,0.6920720002704064
1.0,3.4763786039064035
