alpha,s
23.049415421197722,0.0
4.474897584159463,0.00592048414394282
2.6603787246457986,0.04686959489242247
1.9199950120185076,0.15218498139544334
1.2939794159347455,0.42376310114255417
1.0,5.001886183330838
