alpha,s
0.277592316947316,0.0
0.6105873496700973,0.1069151079928869
0.7996280853163656,0.2332715475618113
0.950463759205594,0.434256659785423
0.9707245840328041,0.8009825001203882
1.0,3.1901765283538195
