alpha,s
0.3104003111771609,0.0
0.5904610244389248,0.11328948911723727
0.787889644453287,0.24708399110413573
0.7350320639485607,0.4450443261644885
1.1609253378177669,0.9641169083778243
1.0,3.945398841773504
