alpha,s
0.09656301655523084,0.0
0.14223718861685844,1.33424657534247
0.3572681362351502,2.2131506849315064
0.1800652485141513,2.89205479452055
0.30789010514297394,5.12602739726027
1.0,9.4986301369863
