alpha,s
0.4689461623394333,0.0
0.5872891439592899,0.1092099412501887
0.5461507084817284,0.2804691316777884
0.9360436118498319,0.6030074859531769
0.8753834475542895,1.0143743709120452
1.0,3.0372778326742877
