alpha,s
2.0299885537503477,0.0
1.330961170562304,0.005087850941304226
1.0330742544749782,0.04334764248904361
0.8342493461303829,0.16317682963093846
1.0536483108630559,0.5502594660628984
1.0,4.614667434589394
