alpha,s
1.5847028947618214,0.0
1.0668419945618113,0.07688171505473584
1.0847028590872698,0.2271977356125706
1.4571070644001196,0.4523760832533529
0.9719496562228005,0.7503396758075068
1.0,3.924984380889826
