alpha,s
1.1049735680477024,0.0
1.1770925339684064,0.11920030532895598
1.0966178774444357,0.2734758714867076
0.9149811820392539,0.5194899157167272
1.055808491552623,1.056685806790837
1.0,4.158533550336978
