alpha,s
7.259563509043303,0.0
3.7348850440116137,0.029938504697640023
1.8326166740719536,0.10078698128026103
1.9182181264765996,0.30806324027282966
1.628330599607597,0.6570849622484527
1.0,4.235219505134836
