alpha,s
0.7308624077395289,0.0
0.7589558312333362,0.0860840796477571
1.2312831672277584,0.23989344034420587
1.0866135595264994,0.4024259028646096
0.7599173662352796,0.7274508712743529
1.0,4.168556301578137
