alpha,s
1.0208347602066299,0.0
1.0009876526340622,0.010953452508362342
0.7936406157158782,0.0622855192427212
1.0181949073605185,0.21923840806904174
0.9837087157814932,0.5145523602381155
1.0,4.340506625375898
