alpha,s
0.06802727071895329,0.0
0.13508401698451192,1.7287671232876705
0.19978710637681227,3.20547945205479
1.7700030859214697,4.180273972602742
0.5986236257824534,4.453150684931504
1.0,7.04383561643836
