alpha,s
0.5062337460529427,0.0
0.545965622212229,0.08622656528917436
0.6651252047714837,0.28164019781894706
1.0912616935908834,0.5944702872989365
1.0444907310431495,0.9571985962891817
1.0,2.8613832105551693
