alpha,s
74.55841464285855,0.0
7.823078713705764,0.0030190315325958014
3.498264278406403,0.038630992873813184
1.9318724275925452,0.1484129094830251
1.804309968282889,0.48626410643744394
1.0,3.6440417138839543
