alpha,s
0.988089608489932,0.0
0.9587081570896208,0.19160062274932005
0.9171365719667356,0.438515675696357
0.9583958737371572,0.8057878877113863
1.07765298045975,1.3986160596847286
1.0,4.574983896048672
