alpha,s
0.33019903638396425,0.0
0.5216869784348478,0.09988326241412407
0.73093938421686,0.260805830791131
1.0835244495822656,0.5021122683824466
1.4223164784829185,0.8709081565224625
1.0,3.828005141457189
