alpha,s
0.9357565115634405,0.0
1.0129748442050521,0.13564120834143759
0.8903458634444664,0.30594661950990404
1.0697695421543543,0.5906312310434566
0.933434185380771,1.0329808914770375
1.0,4.1922548831948205
