alpha,s
1.2180748296420278,0.0
0.9771961902344902,0.14145787633678908
0.7939762474712428,0.3681845786252437
0.8563686130481065,0.7469413275927319
0.6986197898819745,1.3280597818455198
1.0,5.166824931540747
