alpha,s
0.8491294690838582,0.0
1.009984134090319,0.08666202429623722
0.9958300278851585,0.21376409197467885
0.9460659582134908,0.43273350205338545
0.9858846854347154,0.8876804767752343
1.0,3.9418553930134417
