alpha,s
0.20077957205451039,0.0
0.4912617357294607,0.14924148317465596
0.646463885945604,0.30727692269275314
0.7441349670465452,0.549951670425057
0.8818226568702446,1.0497938372603504
1.0,3.611461418777197
