alpha,s
0.27317764442161563,0.0
0.5044020283939612,0.1067283224254167
0.6547372412879263,0.24214381919708106
0.6456795881967129,0.47090591523062053
1.2935469359446292,1.0409143850357832
1.0,3.489199838431466
