alpha,s
1.2791447054004375,0.0
1.203143190274171,0.0431034534474115
1.0204482710110536,0.1209537906546726
1.0148189905437075,0.2886790666444507
1.110654854948261,0.663477222834905
1.0,4.277494434481875
