alpha,s
5.218313330227964,0.0
2.444376188261913,0.033719052579219456
1.7010337174453913,0.1245285472325692
1.6955695620948428,0.3179058954999696
1.2106982309667413,0.6419668171478055
1.0,4.540256284302601
