alpha,s
0.1219861185660418,0.0
0.19055797796707388,1.587397260273974
0.22044509988549316,2.9304109589041105
0.3210526847951663,4.705205479452055
0.5849289062281562,6.587397260273972
1.0,9.4986301369863
