alpha,s
1.124751981492399,0.0
1.508662142232207,0.0644940866251675
1.3554663749126554,0.1511446642256328
0.9828750062589878,0.31060569990826303
1.095454867742014,0.7777614330527827
1.0,3.2481672295566084
