alpha,s
0.9352865570636917,0.0
1.009375763480912,0.095146835063701
1.1340597628402653,0.2357115077510511
1.0310368566059158,0.44550611122273326
0.9828252021399803,0.8921808624814572
1.0,4.656425380565021
