alpha,s
0.000215657937758624,0.0
0.016004642175374197,1.958904109589042
0.03993066143894179,2.3249315068493184
0.14619400675791303,3.6219178082191803
0.29936386981595076,4.89753424657534
1.0,9.4986301369863
