alpha,s
1.0713546063575639,0.0
1.1662202446570684,0.18002774454156836
1.1650071126584696,0.39425608700970344
1.1498270265707913,0.6888310813348828
1.1687292083213867,1.1897524190179567
1.0,4.106315039743311
