alpha,s
4.344428854448385,0.0
2.0308604605566334,0.04116472312647044
1.623614862672104,0.15239259622099477
0.9494670106507085,0.35824062199273404
1.3352781558486246,0.9463375735200205
1.0,3.683181649191428
