alpha,s
0.23505281334852418,0.0
0.6394552622737176,0.11933408347860598
0.7644720722108777,0.23728869173735423
1.0632784430410114,0.4468956131019103
1.0286604015040939,0.777627350889756
1.0,4.201754192755516
