alpha,s
0.32598665427528556,0.0
0.4905638921027288,0.10899136476929062
0.5050711501295988,0.2683098355925693
0.8299579047657154,0.5911299759459478
0.9819898546122344,1.0353873684016996
1.0,4.277097010063101
