alpha,s
0.03659421564643593,0.0
0.09232948068334289,2.01369863013699
0.11420446490742552,3.20547945205479
0.2969888808683799,5.15890410958904
0.6476798224259553,6.35890410958904
1.0,8.22739726027397
