alpha,s
0.009720313633989439,0.0
0.08383038745580404,1.82739726027397
0.03722117477749433,2.29315068493151
0.10867531940235244,4.279452054794525
0.38720677479114507,6.277260273972606
1.0,9.4986301369863
