alpha,s
34.07267878506789,0.0
4.8466283121148335,0.00390490533411038
2.7600883594706587,0.041072689822409865
1.6271672433547988,0.14032880520385116
1.2159505953666176,0.4549960066713841
1.0,4.2971045153920695
