alpha,s
1.051373548046156,0.0
1.1184415683316897,0.1198867919054986
1.1424356729464626,0.2703611527129792
1.1421960784512684,0.5026856879513915
1.1092685378846154,0.9296096956052394
1.0,3.675679534208568
