alpha,s
0.8058303365953793,0.0
1.1261362057279534,0.15765978008460743
1.5287405681712527,0.3103992594713794
0.9265399395304504,0.47858575967188866
1.2884135215121801,0.9887289907852468
1.0,2.859062155796698
