alpha,s
2.6851001674335784,0.0
2.0858594614781722,0.05958902071433571
1.4822625896921913,0.16104621375275632
0.9229882979907783,0.36950399176641646
1.4003221715723149,1.00056981587796
1.0,4.502574740572897
