alpha,s
1.0340969547116141,0.0
1.0177370098414842,0.12626048764594008
1.0993487147120595,0.29955495485527606
1.0072035550662817,0.5370087068381821
1.0330127000278435,1.005759164491444
1.0,4.388396872547252
