alpha,s
7.767100818398041,0.0
1.907975163166669,0.006049266521950981
1.7717020057670643,0.05946426817316742
1.396988004931422,0.16638564657026927
1.1381006896381232,0.49255730034289735
1.0,3.3579817408413586
