alpha,s
9.006613701847174,0.0
2.1290038447249358,0.004735541948180801
1.599345704554128,0.0486931847406529
1.8210721024255754,0.16638530615846975
1.2506302653667634,0.40035784073525355
1.0,3.5089279981268127
