alpha,s
8.267332130469761,0.0
1.9748344586655084,0.0041686939259852
1.3536843956223041,0.051444346250044584
1.2902749556687654,0.19245530816700604
1.2631482212176617,0.5293678066905743
1.0,3.363205768805829
