alpha,s
1.3401498263012785,0.0
1.3349198220755256,0.03706633636553874
1.2559926884450863,0.10371640301488697
1.062222654352742,0.23406874107768663
0.8955840560751321,0.5564962125379478
1.0,3.643184950908566
