alpha,s
1.162799497324322,0.0
1.8739906362965602,0.073287160321448
1.4188734063849655,0.1455324343178134
0.9951662241882256,0.2960725998377917
1.0755985742612226,0.7235251594035936
1.0,3.1861638311379488
