alpha,s
0.6614811388058432,0.0
0.9194522687958289,0.1284787922507682
0.7630923531306084,0.2706624418411544
0.9019127667437707,0.5497298843585561
0.9906527441144284,1.0354325896537044
1.0,3.8609474460247233
