alpha,s
36.17323419569737,0.0
5.507737201787841,0.004027661870681901
3.0056110476830593,0.03992892029674392
1.590434048375389,0.13734176324678848
1.6538257410470962,0.4778116873533712
1.0,2.9685499061412592
