alpha,s
1.8180703070458968,0.0
0.9495395650281439,0.00559827011358412
0.8716199403121577,0.05023135751734557
0.7484272920250543,0.1569680901121876
0.790273633587549,0.5204147586766537
1.0,3.208263974739276
