alpha,s
0.8543130667297868,0.0
0.8900415974246776,0.09461504691131051
0.7486138468700683,0.22928714597822
0.8388125522478623,0.4937256754005418
0.8408381777387102,0.9656853243719402
1.0,4.319297740070597
