alpha,s
1.1441707786317366,0.0
1.04324557336148,0.114120909246921
1.0199477368761392,0.2820588179815419
1.0273156771060843,0.5337109262928379
0.924400513356458,0.981892429783585
1.0,4.424355798001031
