alpha,s
0.27074864665470033,0.0
0.47943298341012863,0.1278518506342193
0.6004270398050291,0.2910956738877174
0.7850725921847214,0.5552952398323039
1.0768389975612456,1.0332970428052797
1.0,4.452210190383558
