alpha,s
0.26599738337191275,0.0
0.485146892257469,0.13168479375521316
0.6937875629893264,0.29752042022599334
0.9984016997860891,0.5437378996194361
1.3760793953744832,0.9291703159692543
1.0,3.2491166708150256
