alpha,s
0.7087909787191298,0.0
0.6939219421025242,0.06305398643137354
0.6945707443830121,0.22073023909866007
0.9909489711318037,0.4666735525294701
0.6079913757445968,0.8125654307555504
1.0,4.720985515524361
