alpha,s
1.0507703479102588,0.0
1.0876299560423888,0.06514209710459909
1.1937820068065328,0.16387567416643345
0.9413845551976161,0.31992665971264256
0.9444742280286732,0.7228912310368693
1.0,3.670907060230274
