alpha,s
3.8022231945957676,0.0
1.9824278163951106,0.048425235347110865
1.256070182782833,0.16231105310952115
1.7048022234432862,0.4183627317013284
1.3695009405190293,0.764013900353387
1.0,4.168387418086945
