alpha,s
0.0222067832977927,0.0
0.05505515303588635,1.98630136986301
0.09336229575190058,3.1068493150684944
0.23290106478357694,4.41643835616438
0.4973951977077527,5.85479452054795
1.0,9.4986301369863
