alpha,s
1.067065495640956,0.0
0.9560532676645223,0.17891035624242732
1.0037609108250982,0.43598266813622283
0.9669350312866916,0.7717736693534447
1.082459250927374,1.3679162671407976
1.0,5.350212188680587
