alpha,s
1.1346113584432616,0.0
1.1122887679355904,0.09989912286334217
1.0204790804711563,0.23750667309280157
0.9216830220846814,0.4641573846631773
0.917691312983381,0.9183558217027317
1.0,3.798449306290012
