alpha,s
0.39090427695912433,0.0
0.6369467730546929,0.1267978734024272
0.8664919533922978,0.2839639970801859
1.0296317721979908,0.5046996530133304
1.0504907395693142,0.9204417753999944
1.0,3.5592583913335143
