alpha,s
1.251297972806956,0.0
1.0089769136614881,0.0474589766506404
1.011088664751625,0.1441205818757335
1.0191094029955907,0.3194114986911121
1.0656522439517966,0.7001293466018524
1.0,5.31997140235783
