alpha,s
4.620544042006434,0.0
2.6344811332202487,0.029938504697640023
1.427426664050138,0.10078698128026103
1.6391073221125623,0.30806324027282966
1.4831378064968426,0.6570849622484527
1.0,4.235219505134836
