alpha,s
52.33978239724282,0.0
7.4992962363402,0.004303518575061541
2.8510999313118672,0.04117562162134874
1.7826881439522764,0.17411840487621197
1.5178811216585528,0.5292183257566782
1.0,3.418997669807902
