alpha,s
0.9117105566194045,0.0
1.1404898301859994,0.11322709880803805
1.2324758835322542,0.24229540189061133
0.8951779657300011,0.4253037765123195
0.7507399164364918,0.9093084323634278
1.0,3.961028417552745
