alpha,s
1.38234944918557,0.0
1.242998965440458,0.09795204126646967
1.1779037191771582,0.24567078053752095
1.3826769737530018,0.48896993227453595
1.1794508980966663,0.8547694026199917
1.0,3.840729135968613
