alpha,s
0.273930080754866,0.0
0.7650110796810307,0.11845321148162742
1.02704762619001,0.24296469169674964
0.8123241616172932,0.416675652464146
1.1794779822621886,0.9209800205293323
1.0,3.470557105971805
