alpha,s
1.0695526079703883,0.0
1.024758478609623,0.1809680501365997
1.1064659065569016,0.42163318081342255
1.2121607137792256,0.7201315247898017
1.0940691393804982,1.2233970898611313
1.0,4.201360491521044
