alpha,s
0.25440700040111164,0.0
0.5347159290908495,0.1260902133861116
0.7641075007069682,0.27778567829651435
0.6534011937983129,0.48796423130713285
1.121123873413195,1.0604148809610723
1.0,3.70455521146506
