alpha,s
1.9680921546382346,0.0
1.78186017901048,0.102848254953083
1.4547491294118198,0.245841066347362
1.7108087925065707,0.4937821395738648
1.329002266504878,0.8594580389595472
1.0,4.739103083059691
