alpha,s
0.8307448931485477,0.0
1.2134646548098296,0.102882185571817
0.880724544959195,0.21823653065100257
0.8264496545043873,0.48079161016026123
1.1962128595568147,0.9968299355574155
1.0,5.313996572251607
