alpha,s
0.22831193378967152,0.0
0.43393653745351063,0.11845593799889552
0.6354828609694119,0.27742182835240087
0.8865727562527623,0.5071448042073151
1.0175781099125631,0.8930455310849112
1.0,4.838411122192686
