alpha,s
0.24569532476269343,0.0
0.48948688656472256,0.11838979703899598
0.6363041131326388,0.27336907842300767
1.0977603158162739,0.5325896090616383
1.0033785760060563,0.8835827458539612
1.0,4.097687078114716
