alpha,s
0.9406862629540497,0.0
1.3563944371752863,0.20661007604730344
1.0028667792845625,0.3912537073858401
1.1845839481943012,0.7604801682766967
1.1139398346393419,1.274852198330935
1.0,3.7080291165947337
