alpha,s
1.209843108681771,0.0
0.8149753459686844,0.0873381803580245
1.205762972055827,0.2770117304002844
1.0141634905141754,0.48520763212071566
0.9912178035649392,0.9398190912414086
1.0,4.46196477050999
