alpha,s
2.021360361354461,0.0
1.4979339707788404,0.0405037321457607
1.2962904667400932,0.1321796432633614
1.054896922458456,0.30698746270879523
0.8824745729072324,0.703039214909718
1.0,3.48260418514528
