alpha,s
0.5954002824559976,0.0
0.5786858469800502,0.0934304755196742
0.547041678991418,0.247168986957949
0.697952833125886,0.5357047778282572
0.9953871579090949,1.0240167506383528
1.0,3.956723617854938
