alpha,s
0.5113169158038735,0.0
0.7739628109100656,0.1016955454477296
0.8334234714629877,0.2134738164694191
0.7357668896558153,0.4079699148283229
0.8803489656621927,0.8883798191873677
1.0,4.200343286459775
