alpha,s
1.1892503332779616,0.0
1.0448992547025229,0.07410870177101775
1.0912816421814195,0.20902232207790028
1.0448138206570377,0.4267134755763667
1.0807970375358946,0.8550200253580352
1.0,3.4608587014749177
