alpha,s
0.9570204719118875,0.0
1.1760823361258057,0.12832115972858943
1.034191640102869,0.2710799052231433
1.0650198746878734,0.5165371931138548
1.1821925648119949,0.970040421118675
1.0,4.703034171131835
