alpha,s
1.1069890139658414,0.0
0.9687895633720481,0.05349368146966313
0.9880355648334702,0.17391373578159042
1.0783391803265436,0.3869717091890458
0.8109671911587564,0.757557796569452
1.0,3.22773418147904
