alpha,s
1.4749545136293831,0.0
1.3352547870393383,0.060361781747067
1.098022877136296,0.15773744467945794
1.1702967546122418,0.34839652745251504
1.0552855586973313,0.7139640983050404
1.0,4.370118845989511
