alpha,s
0.4520023077451645,0.0
0.6979659043327412,0.1183842262817611
0.6184623936887123,0.24564465596236287
0.9154043943272894,0.4939950601403598
0.9569040099848927,0.904852883675656
1.0,5.573011396035069
