alpha,s
0.30558268748819994,0.0
0.5088011147229731,0.1342945450655128
0.5764115399407804,0.2935617544924552
0.9782285294044253,0.5406834187618842
0.7833866712979897,0.8767851940461565
1.0,3.532452750343045
