alpha,s
5.002126189464837,0.0
1.98185930019739,0.02983330574565066
1.3227450213751468,0.1272713682353731
1.2132516920660983,0.3460141527890504
1.5156856532010647,0.7899198004657013
1.0,2.630502213321056
