alpha,s
1.034233159208457,0.0
1.1128638024134956,0.12641630831801565
0.993342861138556,0.2891337900823364
0.9880879269785963,0.5584690479775063
1.0530737947617177,1.0496892190266134
1.0,3.6336114227822023
