alpha,s
1.5247576856149145,0.0
1.07397378367755,0.08261619275290301
1.3051380425357126,0.2405173776718903
1.1609769597048354,0.4383834775129465
1.1450737657635954,0.8825474451681085
1.0,3.2512120407986487
