alpha,s
0.8691169870573527,0.0
0.8278055927341866,0.09550229823678383
0.8137405635312895,0.24021710275802813
1.026640385654461,0.48904399285132844
0.9621969772130448,0.8925011440438594
1.0,4.262421936248389
