alpha,s
1.1124905503016786,0.0
0.9080879661553507,0.0829945373914025
1.0466464458937956,0.2450395265391313
1.0384999109876665,0.4677845278989603
0.9395058643696532,0.90770000394809
1.0,4.065133158142631
