alpha,s
1.111094603480254,0.0
1.2811992930151186,0.13166455377474132
1.192364109977982,0.2875145893462532
1.5045760686635965,0.5439011854594358
1.1949475242807592,0.8677771363761273
1.0,3.2753202619593016
