alpha,s
0.36560017991933397,0.0
0.46059147680410417,0.08535738729454588
0.5468544505825833,0.25848689756498466
0.570774279348448,0.5355448692224593
0.5560050926136998,1.0661671248041222
1.0,3.879374819073303
