alpha,s
0.9645030871289776,0.0
1.0872659428961757,0.20617425708760048
0.8620076450459323,0.43661111657327667
1.1093144422735286,0.8467203473510853
0.9218029065500944,1.3461010420500519
1.0,4.865742761768427
