alpha,s
1.013367132990699,0.0
1.1612886348416325,0.1305445401333776
1.1560767582802616,0.28335583563867145
1.156735529647349,0.5124877507993548
1.035301388612118,0.930102609107064
1.0,4.286998886552054
