alpha,s
1.7790586758158746,0.0
1.3197565098936754,0.04290941954523295
1.3041627998976755,0.14061973685081797
1.1572704706359702,0.3050617436543372
0.847113203748076,0.6839725888782141
1.0,4.926449283520109
