alpha,s
1.1243109807076754,0.0
1.082496668538854,0.11168632993870659
1.0312011712076832,0.2675927409387512
1.2555000251070392,0.5174312951344789
0.9849604769532941,0.8933129544334555
1.0,5.16512277622075
