alpha,s
0.03174421920670527,0.0
0.12789871167142275,2.318904109589044
0.15615702681114807,3.20547945205479
0.34057269610973734,4.19178082191781
0.4608481211113571,5.15890410958904
1.0,8.22739726027397
