alpha,s
0.2517354009663311,0.0
0.6171501657905616,0.14526204922257246
0.4175944540955371,0.28556423994584296
0.9691715458523061,0.6117884946174621
0.8290873686054359,0.9910636110526886
1.0,3.234925484626735
