alpha,s
0.06082944729324014,0.0
0.22344693588119113,2.002739726027398
0.8860750800624639,3.01095890410959
0.3533660468864416,3.28767123287671
0.8344092516374624,4.4767123287671255
1.0,7.07397260273973
