alpha,s
1.1110642620262572,0.0
1.5094933155303338,0.05500502279268591
1.5296267803272137,0.12123140685115659
0.9744851481291156,0.23880890402972577
1.1559769273851843,0.6267235653194123
1.0,3.3642011921075743
