alpha,s
0.8204565240641916,0.0
0.8185902222553365,0.09078017684865726
0.9873712283039826,0.2422388494741727
0.8323443923360102,0.45284799147519733
1.0029199055047486,0.9719749816586636
1.0,4.780736799558695
