alpha,s
1.354633546634767,0.0
1.074048613702245,0.055000302530562
0.8460828034141287,0.17929680720554927
0.8592182691665392,0.4579853492261379
1.3592739431306218,0.9678789720526633
1.0,3.5496932208328644
