alpha,s
0.05021547900249298,0.0
0.11118267032183639,2.01917808219178
0.1899752613296012,3.01095890410959
0.17680468117417775,3.9473972602739726
2.147115344994995,6.185205479452055
1.0,7.16986301369863
