alpha,s
0.03837507997769925,0.0
0.06409872343910039,2.29315068493151
0.15012515819744304,3.730958904109592
0.22871721084766833,4.914520547945207
0.4812602596983216,6.35890410958904
1.0,9.4986301369863
