alpha,s
0.9623089527990815,0.0
0.9052654859454503,0.0805887686956959
0.9086376066381735,0.2158126423465093
0.6703495895228916,0.4306925149833837
0.7413689118865227,1.0068825411299436
1.0,4.051937345746136
