alpha,s
1.126881319039953,0.0
1.1470138317440282,0.1065583021291813
1.1885728544026493,0.2505424370921377
1.137673809984595,0.461495579130465
1.120325023719439,0.8621204455277811
1.0,3.577680522634298
