alpha,s
1.2465267779788634,0.0
1.0332617421380135,0.039559056757183186
1.0551663445609545,0.12458499517507321
0.704817604198687,0.279459896622678
0.8142467307244236,0.7677742365302513
1.0,4.799152560069136
