alpha,s
0.2865337464974628,0.0
0.3885473006648836,0.09838486418650118
0.5533669048888582,0.26746572279780123
0.9084225733217983,0.5207609899862854
0.8593011566801055,0.9007748376930306
1.0,4.469755756875091
