alpha,s
0.9970295157618433,0.0
1.0958362175304495,0.0998756889842216
0.9285274509392819,0.23329718214206685
0.9860373466414133,0.4946695359369757
0.8123826275729108,0.9333082395638829
1.0,4.658291400694494
