alpha,s
3.3578715874966254,0.0
1.5118169684002527,0.04924359075648902
1.281196674603162,0.1883540708355697
2.093584629215982,0.4250349155227674
1.2367059498721544,0.6920720002704064
1.0,3.4763786039064035
