alpha,s
2.362721027144679,0.0
0.9721433073300775,0.0047943812896664
0.800987655220462,0.0415293261217219
0.7259294854770302,0.15647744435338498
0.5170847537448909,0.4603170049614023
1.0,4.230291941496241
