alpha,s
0.0008923150766684541,0.0
0.01129068442580037,1.6301369863013706
0.012313021994728198,2.242739726027398
0.08720491942343742,4.1627397260274
0.5495161713553639,5.94520547945205
1.0,9.4986301369863
