alpha,s
1.0711455929019609,0.0
1.1093892667903789,0.12387283744495044
1.122547070469964,0.28783483985445374
1.0312058646330058,0.5280234755451586
1.1499205234514578,1.004195158579934
1.0,4.073265971015255
