alpha,s
32.77566394571921,0.0
4.042593603889283,0.004145451601100222
2.364108275877041,0.05014286219675318
1.8939062610255906,0.16462309026989855
1.1266846905494536,0.44522164327835045
1.0,3.734669171285139
