alpha,s
1.0068053067086533,0.0
1.2249057462110335,0.19053959849523244
0.9316121280283217,0.38987970498766794
1.1924770250759764,0.7761459648039833
1.3003684074634236,1.2985646726662452
1.0,5.105241408620298
