alpha,s
2.000750834242356,0.0
1.8777783529534624,0.1024289689105532
1.3470872324541794,0.2383406718813612
1.3820480047303643,0.5113007128802499
1.0898892431615228,0.9399071700608213
1.0,3.790933643596948
