alpha,s
0.07761453515296449,0.0
0.12113924692157503,1.587397260273974
0.1487188919381154,2.9304109589041105
0.23984321400918443,4.705205479452055
0.48762520755266303,6.587397260273972
1.0,9.4986301369863
