alpha,s
1.1162714685252222,0.0
1.105143107605006,0.1704615063077376
1.2629347677771043,0.3918324127650581
1.2248714765847666,0.6626483445968288
1.0942239437268337,1.1177187371738349
1.0,3.7552789009326224
