alpha,s
0.10930218509091208,0.0
0.19243331645902007,1.9917808219178061
0.4885109372119693,3.491506849315067
0.3133753860334845,4.39452054794521
0.9180703620023707,6.107397260273971
1.0,8.22739726027397
