alpha,s
0.006391808193307711,0.0
0.042752396834931906,2.031232876712326
0.2034687729844865,3.59178082191781
0.24558933556521914,4.3227397260274
1.0512632247855138,5.94520547945205
1.0,8.17808219178082
