alpha,s
2.7923650730364304,0.0
1.5940566615889633,0.003881098220223
1.0804559670359701,0.0347769611826371
0.9387375523075594,0.15137430544399258
0.8895871318789305,0.4847467424960685
1.0,4.321595647781233
