alpha,s
0.9867656727425181,0.0
0.9809932831292204,0.13322026567838416
0.9355648139618747,0.31059403321663187
1.2441435885818948,0.5933676460306839
1.1313956924616437,0.9785525482371582
1.0,3.923096723011916
