alpha,s
0.9535613252625554,0.0
1.0912222547880621,0.08202795005818796
1.0337593237125826,0.19222169037607537
1.0824356605337278,0.3819038427551903
0.8418423391609753,0.748843971052981
1.0,4.413004403890148
