alpha,s
0.5138768849511429,0.0
1.0541908094651988,0.11465812602592908
0.6236842813727843,0.22010157438690267
0.9668605342720437,0.5658958275753477
0.8507788143076501,0.9737868484141612
1.0,3.9341794824134153
