alpha,s
3.5943391682387804,0.0
1.790315229475665,0.04601481790176104
1.0701045679665988,0.16652269253821164
1.2679109745599095,0.4687483163629132
1.4394871107702545,0.9123787758548995
1.0,3.2369489007909635
