alpha,s
20.28490968616676,0.0
3.807427473927805,0.0062675846787772
2.0787463006854248,0.0518436642820549
1.6461216581792053,0.18438194773216743
1.314889817862052,0.5041314381240539
1.0,3.715820441480305
