alpha,s
0.8909161894574597,0.0
0.71097029194038,0.07037076163793049
0.7069264354127275,0.24417531283141694
0.7090064580502754,0.5406592211778134
1.245778375610165,1.16754940207368
1.0,2.8875720935277163
