alpha,s
1.230171727327683,0.0
1.228042677418798,0.0497372483876523
1.0539264901611962,0.13040882204095172
0.9357648318599803,0.28857377306631066
0.8656632258573714,0.6948345516046011
1.0,3.726643370533228
