alpha,s
1.2376883257814797,0.0
1.0050854220846384,0.09499970661221696
0.9521331134007411,0.25599143938431107
0.9808349238009176,0.5162793294761953
0.9710494747049424,0.9730156400468476
1.0,3.3482758827862944
