alpha,s
2.287245198127813,0.0
1.8422989036890334,0.06388929809472005
1.1016037757110488,0.16863399547779334
1.3689415308962123,0.44110627215516957
1.0319579174802758,0.8226966997745229
1.0,4.379051372720861
