alpha,s
1.7696785612725787,0.0
1.230100306221531,0.0058642928400461
1.0538391458404865,0.0463365222559071
1.1060621162581656,0.17513647080102315
0.8909514916082856,0.4861773530936217
1.0,3.2319264133154397
