alpha,s
0.458895649816262,0.0
0.9399537888799605,0.17809004927220548
1.3280802776999392,0.31730681664160026
0.8304277000336255,0.48423265071268273
1.321982293897236,1.0550327902052494
1.0,3.6522240984352816
