alpha,s
0.9514986151513165,0.0
1.018992855536961,0.19561211386167046
0.9892981578648323,0.4285855194505991
1.009561675861769,0.7678220683304248
0.9818600183757228,1.3263928797883242
1.0,4.800904521766237
