alpha,s
0.06941462188510668,0.0
0.47403589643079663,1.958904109589042
0.20316554581221283,2.3249315068493184
0.33294173037214125,3.6219178082191803
0.36893362812158886,4.89753424657534
1.0,9.4986301369863
