alpha,s
0.11870079688092647,0.0
0.06741765823710795,1.3041095890411
0.326771778125892,3.793424657534246
0.30248394765327824,4.810410958904111
0.6860845152565516,6.806575342465755
1.0,9.4986301369863
