alpha,s
1.0761089086231836,0.0
1.0828079346713264,0.17686327754863343
1.056821811304558,0.4014022448024408
0.9793281425760847,0.7199327786356097
1.1745606512671936,1.2948632969144174
1.0,5.408780632822507
