alpha,s
1.2572753397690637,0.0
1.086178555478134,0.0447585616521535
1.0148747963191702,0.1315854042284273
1.0000727817186712,0.2980837244541702
0.9454442283189838,0.672283223215901
1.0,4.774911736538653
