alpha,s
1.7757053832062504,0.0
0.9759258129165382,0.041946990614048926
0.9454705139796379,0.17924698930595057
1.0987116523080092,0.4127333436653424
1.268543054517154,0.8023504039287976
1.0,3.388748827639392
