alpha,s
2.920931127724368,0.0
1.7574558882578866,0.05736759478012039
1.9805057022736074,0.1800539137157365
1.81163248809104,0.33968161046367595
1.2321001860911074,0.6601807665236779
1.0,3.187821784353505
