alpha,s
1.1471404845248623,0.0
1.2588054849522854,0.07766308748964379
1.0031778716799364,0.18122887028924367
1.0921566654679484,0.39663947415879025
1.0918875035055398,0.7817879961405814
1.0,4.693185074821194
