alpha,s
0.7529601165791822,0.0
0.8797466855672922,0.1676625449626937
1.0609459981790552,0.3650475989387439
0.9908227998039734,0.6118037053222896
1.3762554090205072,1.12016376546581
1.0,3.3008389205679403
