alpha,s
0.5373268259797065,0.0
0.8174115782794847,0.0649047819057797
0.7135678216972038,0.1791173108692775
0.7499961693214847,0.4439886459615137
1.09111279845344,1.0004022697522128
1.0,3.630280673881244
