alpha,s
4.167005922458389,0.0
2.0980350452134457,0.049840849915252
1.375641496146103,0.1678616757158803
1.678604097999265,0.4282956269710981
1.7720158277189932,0.803902976642814
1.0,3.308493763062955
