alpha,s
0.0005617464990100695,0.0
0.010898597711716631,2.02575342465753
0.0118689407614046,2.766575342465757
0.05911702408128205,4.2613698630137025
0.18049952897917007,6.26301369863014
1.0,9.4986301369863
