alpha,s
1.4121209838855728,0.0
1.1120934357428747,0.05736759478012039
1.4180156423797177,0.1800539137157365
1.4654680862602374,0.33968161046367595
1.0892368369865686,0.6601807665236779
1.0,3.187821784353505
