alpha,s
2.6533949946399646,0.0
2.141455643716255,0.06516895732583473
1.039914935771756,0.16216051447040228
1.1376308116891256,0.4622057156704801
1.0705332842644182,0.9187747277551093
1.0,4.62964685721725
