alpha,s
0.290091880685137,0.0
0.4924511274927886,0.13905143430588568
0.868406842075972,0.3248209919041242
1.0826269258049162,0.5434732154502235
1.1076289975264735,0.9036008119288916
1.0,3.9519025643181545
