alpha,s
0.9838712569543732,0.0
0.9790731682781835,0.08405163040370711
1.2139819082245147,0.21442445376087438
0.9503336845869201,0.39012485191645807
0.9633951254977701,0.8412292245646996
1.0,4.024872979836151
