alpha,s
2.631340738359652,0.0
1.2010198820500002,0.040395871920802004
1.6822579642700937,0.16808222810500137
1.2585950256706075,0.3100841596320694
0.8958217882479751,0.6707984855347872
1.0,3.546886842951961
