alpha,s
0.003374377548689927,0.0
0.025957719780885125,2.03561643835616
0.06856593197764485,3.10684931506849
0.15516063716897088,4.191780821917811
0.4165863828370018,6.13150684931507
1.0,9.4986301369863
