alpha,s
2.1970566943895418,0.0
1.4178670028842948,0.04428785385967971
1.2668848114353877,0.15110857993077337
1.5711883865233438,0.35436224758278434
1.0204723751185987,0.6158281636433327
1.0,4.212611453393179
