alpha,s
2.5345716294705856,0.0
1.3108361629280099,0.004303518575061541
0.9025772406952773,0.04117562162134874
0.8556847199768757,0.17411840487621197
1.005219563303798,0.5292183257566782
1.0,3.418997669807902
