alpha,s
1.13828532572421,0.0
1.1689911082893891,0.0978808390503125
0.840728705656499,0.2312861494236662
1.007310268445416,0.5222665600840332
1.0034808702373417,0.9931078368381278
1.0,4.707129802817723
