alpha,s
17.149196927222786,0.0
3.551475785387227,0.007718704250690263
2.205380453078632,0.05767375486916574
1.540675450996479,0.17665698087103388
1.193305690052122,0.4955197417730973
1.0,4.334504683605838
