alpha,s
5.33661698615247,0.0
2.323025730766833,0.007925421622046522
1.6048066355960227,0.047754247548204676
1.124523456434433,0.17055465125831998
1.377780746505109,0.5471373601146525
1.0,3.8815655208443753
