alpha,s
2.3803588671431175,0.0
1.836356847578564,0.08812259667223592
1.7564136877620378,0.23409453579375214
1.3614179442721306,0.44676666572371543
1.2944985610336965,0.9178112580259068
1.0,4.371995086285702
