alpha,s
2.179662802663726,0.0
1.2927930338690292,0.046699973596372804
1.592303533755056,0.16197602731382763
1.062478491959266,0.322167659594514
1.0585265848747991,0.7760905794324798
1.0,3.343349552670907
