alpha,s
4.792929280041153,0.0
2.402645111177796,0.03075237652202762
1.7771839949783246,0.11505204852913162
1.5572151641147276,0.28869797349632215
1.4540336033308365,0.6199263658171418
1.0,2.812609323257347
