alpha,s
0.03137492233501131,0.0
0.07956559491304678,2.0717808219178084
0.1391785197532361,3.1463013698630102
0.15539841164051327,4.2027397260274
0.3754417004923291,5.927123287671231
1.0,9.4986301369863
