alpha,s
18.011748566817946,0.0
3.827765923075498,0.007984399214140963
2.07665845332588,0.05885656637931038
1.4534857298909727,0.19321380271369262
1.386579114861095,0.5580887194382861
1.0,3.1426852108961336
