alpha,s
0.0010289617635791453,0.0
0.010776653562136244,1.550136986301371
0.05005106511086763,3.087123287671234
0.088655305426334,4.41643835616438
0.8087487896801138,6.2915068493150725
1.0,8.17808219178082
