alpha,s
1.0533019703587205,0.0
1.2124981136097748,0.12460984093654787
0.993724202742413,0.27155842880345743
1.0292728988927355,0.5308577298137626
0.9441121207796185,0.9873575166125507
1.0,4.503672541997844
