alpha,s
0.6500108753660934,0.0
1.5828558051242618,0.1392335520825728
0.8538695697377617,0.22663634951007924
0.8365450886528639,0.45802222517427127
0.903569742903706,0.9456463547734547
1.0,3.021221613350692
