alpha,s
19.171655201391943,0.0
3.239557442914639,0.006312003980533944
2.545651027946278,0.05867980715275908
1.6286499654402071,0.15886628484907447
1.3974095020629695,0.46247309299163886
1.0,2.86198137536469
