alpha,s
3.3287386103336365,0.0
1.4271878756617349,0.004779259041004122
1.161607955244359,0.04617442920203858
0.9272771365556206,0.16489418237062436
0.8793801292199558,0.5267264574715069
1.0,4.737384816066775
