alpha,s
0.622459567856974,0.0
0.7658772764438926,0.1172900923233897
0.935470152253506,0.2770521440914417
0.7949224917739139,0.4957440707728885
0.6971099208745255,0.947573921543507
1.0,4.22659715518134
