alpha,s
2.54988778537473,0.0
1.153653187240143,0.005153401663127203
1.0233788903216865,0.04763225439198778
0.9958391678205598,0.1562450595870367
0.9408293021514681,0.4674097795036928
1.0,3.6209199137186654
