alpha,s
0.09211203674479655,0.0
0.16285004300065326,1.2904109589041122
0.15279908770269407,2.3358904109589083
0.21873973840737218,4.19178082191781
0.6322736744607438,6.277260273972606
1.0,8.22739726027397
