alpha,s
0.7511398364809868,0.0
0.8347755278735215,0.07200827638368576
1.4433036047995802,0.2083348310875038
1.1004872475555034,0.3649623077240676
1.693048106369646,0.7826184471540982
1.0,1.8770576370557357
