alpha,s
1.0037388242731258,0.0
0.9103121566629943,0.10633923180022894
0.982845853536401,0.26813432428545697
1.1821163202272515,0.5032895009205514
1.0915295477501648,0.8995271606478643
1.0,3.718601586032329
