alpha,s
0.8499365008426727,0.0
0.9008586905445833,0.1311264574522158
0.8845692316014335,0.3000485488184163
0.9539510599422039,0.5620236931872491
1.0340736256806462,1.0401459099095511
1.0,3.618485204088106
