alpha,s
1.2960674178192615,0.0
1.0886655266635348,0.04020936926335638
0.925882222747443,0.12928656520291074
1.0820594441905758,0.3321137154044392
1.4760888325336856,0.7284997866602456
1.0,3.323715213779544
