alpha,s
2.20468601523338,0.0
0.85945068429217,0.0046654989611967
0.8329277681553648,0.055045027603235444
0.735166963976229,0.1776866413858752
0.6629753771430301,0.5241653273984941
1.0,3.801172827720977
