alpha,s
0.07011805651604314,0.0
0.38211510824078154,1.985753424657534
0.15931143331979578,2.48767123287671
0.22414956093890356,4.2027397260274
1.0090561888513803,6.2169863013698645
1.0,9.4986301369863
