alpha,s
1.1376227121971396,0.0
1.0112819285835941,0.09771619037281692
0.9463245565335513,0.2569604025193861
0.9272384720044344,0.5198381156018727
0.8798824785117227,1.0091045810459243
1.0,4.312231861232032
