alpha,s
1.106855748840098,0.0
1.0411982185501905,0.0606454588042959
0.9169313400227396,0.17301480126157326
1.19754914206784,0.407182115789538
0.978290088609066,0.765409015272276
1.0,3.573594736231
