alpha,s
1.2079844614089457,0.0
1.1993026783928342,0.07764349252172752
1.0003669345701658,0.20338288243591748
0.8517987404918175,0.4404104665578211
0.9470641783213112,0.9739714098556577
1.0,3.825470601380767
