alpha,s
1.1319206833272002,0.0
0.8957953121145187,0.11655912423233597
0.9907826005168909,0.31298837006278696
1.106122845089031,0.5828596661385367
1.0129824037496564,1.0143894749788547
1.0,4.767783856310731
