alpha,s
0.020049243468466586,0.0
0.04736630368810191,1.13424657534247
0.10139213590913576,2.01369863013699
0.08587869652487465,3.2054794520547922
0.6912444270304559,6.73972602739726
1.0,9.4986301369863
