alpha,s
1.7173531225278356,0.0
1.1126279905761896,0.0397617097755399
1.1850754009491107,0.1504685440163719
1.0451472040505745,0.3291519104952589
1.2455637979903111,0.7500492079443422
1.0,3.5139468806212046
