alpha,s
0.7653710386864367,0.0
0.4347501001586677,0.0501606190226408
0.7564424285076787,0.2315926869401723
0.6418830976120788,0.44487782995418274
0.6269190691394215,0.9789091168682168
1.0,3.9194387977355913
