alpha,s
3.310454038283486,0.0
1.094464852251677,0.0038690262240469197
0.8927686554484694,0.04809995980544254
0.8490757438667129,0.17212127878058425
0.7672144090099796,0.4866602997514831
1.0,4.772819046615805
