alpha,s
0.011339405885140146,0.0
0.13961980149402853,1.82739726027397
0.09051400606529962,2.28219178082192
0.18164780464157276,3.7232876712328813
0.26965429349253855,5.58904109589041
1.0,9.4986301369863
