alpha,s
1.0654540603759435,0.0
0.8052690339123751,0.06912744711754416
0.8377153720175193,0.23682064473763303
1.304200162558848,0.5078391330335194
1.214137767146327,0.877890695272236
1.0,2.3868355937734966
