alpha,s
1.5018364364382626,0.0
1.3187941973904747,0.08936030514481966
1.653909819935246,0.22420701962781117
1.216171372570752,0.3865221719101281
1.1157549734776457,0.7941141304615505
1.0,3.8921149476209225
