alpha,s
1.095600407777126,0.0
1.188175977689286,0.11783945325294877
1.15815711633786,0.2648043523211883
1.1745856263042909,0.4915784615571455
1.1035604386279416,0.8882755187200772
1.0,5.103988933831208
