alpha,s
0.008288660651317682,0.0
0.05641836583582868,1.96712328767123
0.06057587603672314,3.10684931506849
0.22616072063156453,5.58904109589041
0.5835644789057619,7.04383561643836
1.0,9.4986301369863
