alpha,s
16.33563968036676,0.0
2.5840929028993305,0.0031987504854487027
1.7327496964750622,0.04052805471758668
1.3957628652615925,0.14315662477659996
0.8090284085844301,0.40927405617938645
1.0,4.726369597317989
