alpha,s
0.3766188847363472,0.0
0.4816364135027332,0.0982859518657198
0.6094056009928797,0.2633603578745974
0.6455145416001962,0.5087355819993696
0.4079160493363937,0.9457103489094406
1.0,3.5464832833297755
