alpha,s
3.559386540861193,0.0
2.216482297688427,0.029938504697640023
1.2732580318383342,0.10078698128026103
1.5317300769613729,0.30806324027282966
1.421679168793171,0.6570849622484527
1.0,4.235219505134836
