alpha,s
0.0002258301394470198,0.0
0.004661767745143267,1.82739726027397
0.007160123213157655,2.29315068493151
0.051215404514411283,4.279452054794525
0.36938000680047683,6.277260273972606
1.0,9.4986301369863
