alpha,s
0.0067819345072703315,0.0
0.03966248077090023,2.0717808219178084
0.1013742403107782,3.1463013698630102
0.16991320531059026,4.2027397260274
0.5060855502045465,5.927123287671231
1.0,9.4986301369863
