alpha,s
2.5586462315032987,0.0
1.0781066244200581,0.004130788278711761
1.0653360571393446,0.0459968717638971
0.9608547700203304,0.15208706039838368
0.8809669276099287,0.4624237549396314
1.0,5.075908442363457
