alpha,s
0.2641158719084919,0.0
0.4581668803373045,0.1267978734024272
0.6597458357431452,0.2839639970801859
0.8165777033181416,0.5046996530133304
0.8610220229524574,0.9204417753999944
1.0,3.5592583913335143
