alpha,s
0.3429002903679948,0.0
0.5956259163966426,0.09982503830980412
0.6740916980454157,0.22807939178141434
0.76273338423752,0.46431660643671263
1.2330770226831105,0.9495714029495199
1.0,3.8659266001694745
