alpha,s
0.40977904243125135,0.0
0.847242326631459,0.1551238866322092
0.8345564159546475,0.30561517984965003
1.0900169825383046,0.559783383941191
1.5331418572341118,0.938981260221183
1.0,3.2639109871883187
