alpha,s
2.7281782731498407,0.0
1.6467632323729402,0.040635776475474006
1.8840867357071314,0.1420615743918099
1.0833868462789533,0.28240433132285214
1.619188289387727,0.7268970770445313
1.0,1.9721595542862624
