alpha,s
2.8598941883133335,0.0
1.3863951644250192,0.005207607155123761
1.0112729623992225,0.04652511589961265
1.005059592680647,0.18030855893054434
0.9991082437658619,0.5049317445851228
1.0,5.015832635228136
