alpha,s
1.5674914393066448,0.0
1.5199712689440674,0.11538572032153778
1.5537184774664736,0.26625346580048076
1.1007033416097467,0.5038191169639455
1.4704892439475294,1.0015188569192366
1.0,3.197648222068504
