alpha,s
1.241528378903781,0.0
1.0937564485232218,0.09366976385101973
0.9961188723146545,0.23811585559559653
0.8592582065991439,0.48663956966967425
1.056865218562786,1.0594253195780525
1.0,3.629053525676564
