alpha,s
0.6527181659532335,0.0
1.0498107955597382,0.11060439794165298
0.5375386848345685,0.23622001807933307
0.9680005561701882,0.6003378960131576
0.8814958694912551,1.0113285715589209
1.0,2.798179907335082
