alpha,s
0.9215573086829336,0.0
0.8392381745077144,0.08932275527812336
0.9400726005485659,0.24606949706542255
0.6887261580685095,0.4597509190047588
0.5951094526329941,1.0202505923502776
1.0,4.058554848850131
