alpha,s
0.9689190051715232,0.0
0.881461552061526,0.07622669208406008
0.7923364620666503,0.21043923746167556
1.09559617605645,0.49231369583466034
1.3163512906728232,0.8679936241302523
1.0,2.6768899929016468
