alpha,s
0.9269945919791125,0.0
0.9457121071155652,0.1345739758825817
0.9472867852481611,0.31233334424490505
0.9860619736755643,0.5733896052427219
0.9487207901263771,1.0388234671984615
1.0,4.349402562939346
