alpha,s
0.8376940204938261,0.0
0.9534295186333933,0.22241353500717648
1.0288221158223956,0.4759955716834208
0.9397139213983402,0.806900816880504
1.098600908437225,1.4036604044281122
1.0,4.216313710065458
