alpha,s
0.7827728782580851,0.0
0.8521213089667149,0.10988086346170425
0.7781297213413967,0.25701571187931327
0.8608113792842771,0.5158250098628938
0.8852463250906488,0.9745370213341138
1.0,3.758618934567417
