alpha,s
1.1278727184035524,0.0
1.128718066667948,0.11845593799889552
1.1805763215585796,0.27742182835240087
1.2681960307370308,0.5071448042073151
1.2098596976555003,0.8930455310849112
1.0,4.838411122192686
