alpha,s
0.6691284484245498,0.0
0.9880387783428535,0.10012131306460223
0.7222352771395703,0.21143291928672667
0.689761597377681,0.49472419354572966
0.7906705116765019,1.0328251316056318
1.0,3.160038518642835
