alpha,s
0.006446023624803671,0.0
0.04588397872082398,2.012602739726026
0.14054194206737097,3.06849315068493
0.07775486688530012,3.730958904109592
0.34445433302989176,6.435068493150685
1.0,9.4986301369863
