alpha,s
1.0448086184010539,0.0
1.120124243305272,0.1225263971255098
1.2477449603656012,0.2765948080875612
1.1706588227803114,0.487424989304369
1.1394626751857455,0.8896546243349251
1.0,3.378825384816527
