alpha,s
0.17900975198258617,0.0
0.24552662706504225,1.168219178082196
0.17889301924872397,2.190136986301368
0.35914631014288717,4.198356164383564
0.7092522926684995,6.128219178082195
1.0,8.22739726027397
