alpha,s
1.0164719723389712,0.0
1.0342103853535332,0.1197336969717256
1.0826414660267953,0.2757568789926384
1.0291472071328203,0.5048596397959956
1.0029585961327978,0.9571577036461576
1.0,3.431154274978012
