alpha,s
0.011998990786192192,0.0
0.0486706670366249,2.318904109589044
0.06644340964967421,3.20547945205479
0.18782369603567142,4.19178082191781
0.3744805547846504,5.15890410958904
1.0,8.22739726027397
