alpha,s
0.9607959282805082,0.0
0.6947756283513474,0.07219657472609832
0.7377393513787679,0.24468392353432733
0.952165516182258,0.5166551251201221
1.1432933548691573,0.9774148199107654
1.0,3.439625929140362
