alpha,s
30.357047815958623,0.0
4.952744459765051,0.0046607442419630005
1.9877699231265002,0.04267523658514742
2.0452370407136264,0.19045646175262324
1.4969049657489188,0.4453530329798233
1.0,2.7731995250021497
