alpha,s
1.1284210381722324,0.0
1.0706464427605553,0.1153259281371536
1.1045472940491208,0.27876385849778484
0.9441356831274711,0.5269539984238122
1.2836796943852522,1.058842963607004
1.0,3.713485633394969
