alpha,s
1.232612047554042,0.0
1.0072560370884862,0.045527571574010245
1.0253506217452553,0.16008643097264658
1.227999367393942,0.3515988873640102
0.9588180214868979,0.6965419920573089
1.0,3.5009440354892427
