alpha,s
0.0022964680414749986,0.0
0.010915029809266952,1.9917808219178061
0.04700264179275451,3.491506849315067
0.08847318160180537,4.39452054794521
0.5162544918817122,6.107397260273971
1.0,8.22739726027397
