alpha,s
0.7825369719362714,0.0
0.9023946291192343,0.11196442062423594
0.9786396999309234,0.25782237221596466
0.955895624373785,0.46473054547583265
0.9633674502114399,0.9229367393763126
1.0,4.022760170207988
