alpha,s
2.285640769966453,0.0
0.9154219164695803,0.00401478563665482
0.9940514029812344,0.054431759213727705
0.7174347345860469,0.17612130401952855
1.2163578832133903,0.6556386790013078
1.0,4.125182163700378
