alpha,s
0.8633143344123556,0.0
0.8991221848263001,0.1258274853343745
1.039462825566798,0.3016114523729937
0.9235955305611695,0.5380845737775793
0.8713303890734218,1.017482256651216
1.0,4.579685464350682
