alpha,s
3.769988488730144,0.0
1.68339860433518,0.045455709201305435
1.3250710928537275,0.17021179538537282
0.859461656625573,0.40115790362314013
0.7939099431785852,1.0047573719874678
1.0,4.155874456215472
