alpha,s
0.03188387173764532,0.0
0.05115960003627345,1.23561643835616
0.08245182122724218,2.4104109589041123
0.12942339496146288,4.23232876712329
0.3867331559552576,6.26301369863014
1.0,9.4986301369863
