alpha,s
0.5126965743418076,0.0
0.591627025187715,0.07142274638241251
0.8762932515286656,0.2311489724889645
0.789366907363103,0.4622881071679308
0.9490251388948205,0.9777864522164181
1.0,3.953475086881141
