alpha,s
0.6537314236932723,0.0
1.0246720955928956,0.1469179380753903
1.6755041221540177,0.2942052838319819
0.9574920864829913,0.4400255270323265
1.087537816770997,0.9376870577442286
1.0,4.505586021424279
