alpha,s
1.0088826254880014,0.0
0.9548249740596765,0.04996528044888268
0.9541158064276415,0.14063920429945817
1.026853670306734,0.3108317084816681
1.0247138534387636,0.6557389937205056
1.0,4.051669661399039
