alpha,s
0.06090412090171979,0.0
0.14506235541259235,1.960000000000002
0.1724679679811455,3.039452054794522
0.23665399366594675,4.407671232876712
0.7002107416093364,6.320000000000005
1.0,9.4986301369863
