alpha,s
1.0397679791476409,0.0
1.2238858016989436,0.1306426802213651
1.0543108248015713,0.27911025070629314
1.166086391030926,0.5348266060245878
1.1964684198239564,0.9522805169126043
1.0,4.696879693681477
