alpha,s
1.1537360003493056,0.0
1.1993170243711617,0.10887003575476369
0.9560980242099577,0.24891230377359166
1.0529410520929836,0.504603666838825
1.2395693155636387,0.9802892741336375
1.0,3.588823497144345
