alpha,s
3.8966473650328464,0.0
1.7125570413965128,0.04541755842092113
1.482704024437043,0.1751704364585305
1.1071064542929727,0.3891802241859758
1.170448747294768,0.8953918314711251
1.0,3.2056528042738126
