alpha,s
0.006382113892013193,0.0
0.02464941254217886,1.23561643835616
0.051634296210807416,2.23013698630137
0.24457646418379514,4.17260273972603
0.4855445842050787,5.58904109589041
1.0,8.22739726027397
