alpha,s
1.1926125060382409,0.0
0.9832633012721178,0.05404645683443166
1.0224719722062134,0.16542219475593506
1.0431544807279347,0.38317439001470727
1.7654960788232767,0.8027967856893742
1.0,3.212777707088218
