alpha,s
9.692501431491396,0.0
2.1267757370353384,0.00401979256147952
1.5501084037057644,0.04783034934712114
1.4516815628348911,0.16949873943596275
1.2156321576902993,0.47403447085650313
1.0,3.4046761235624965
