alpha,s
3.505670355150011,0.0
1.4934519521412006,0.04155650036127034
1.435898445728781,0.16739890733432186
1.1748696205911864,0.3637477777711053
1.1667420676567568,0.7866459647554451
1.0,3.5859469951970206
