alpha,s
20.604855554672753,0.0
4.956283304545874,0.007205333929193165
2.9286491237299423,0.0474590120845626
2.1002772201627327,0.15249171230461073
1.6033640598246814,0.42090423419487144
1.0,2.761364656082092
