alpha,s
2.953698007683928,0.0
2.422909420409512,0.0046779062767065204
1.4303374567840015,0.028107509033668
1.4903649675621293,0.12165488031435094
0.9810507834311524,0.3456788448630224
1.0,2.959641082451596
