alpha,s
15.047520035724112,0.0
2.5690341196836988,0.003595127916360141
1.3700535556194153,0.04024167579263951
1.012457188083629,0.159612284940089
0.7926960878094725,0.5105130098413777
1.0,4.972762416510323
