alpha,s
1.1339844285300893,0.0
0.8598600795263279,0.11893935401729039
1.4059639604851808,0.3377924005561676
0.8918364650519164,0.5300447785052351
1.312776071077882,1.0968828204618424
1.0,3.68408980376508
