alpha,s
1.7736591894500495,0.0
1.2723667563996923,0.034041808534777285
1.0165955485376936,0.12606994993575507
1.147818714839903,0.33175047247144507
0.7339130687347979,0.6823340981229311
1.0,4.388399955306036
