alpha,s
5.326076606996204,0.0
1.8740586307355005,0.02857096995334702
1.428790957378753,0.14344316577829186
1.7333389284392147,0.35968166292109344
1.4519363924947033,0.677786230474475
1.0,3.0735397591789657
