alpha,s
0.012217605506898245,0.0
0.03181039938026479,1.23561643835616
0.05511317476169626,2.23013698630137
0.2244888257691502,4.17260273972603
0.4520795766421605,5.58904109589041
1.0,8.22739726027397
