alpha,s
0.8224471731137643,0.0
0.7864112859896674,0.0825908384910676
0.8477923802688577,0.2500267229156501
1.1403968661941803,0.507724019770677
1.1420147802914706,0.87833713438818
1.0,3.19522867437724
