alpha,s
6.681862507820269,0.0
3.097233865256445,0.03075237652202762
2.156419650134694,0.11505204852913162
1.8225999858145137,0.28869797349632215
1.6354621720486011,0.6199263658171418
1.0,2.812609323257347
