alpha,s
0.0008018822590076679,0.0
0.015797573664007407,1.4723287671232843
0.02511379218869571,1.98630136986301
0.10047694072554075,4.193972602739728
0.7388192681474702,6.305753424657539
1.0,8.22739726027397
