alpha,s
0.2667115822168414,0.0
0.4867497961489579,0.11094930722766742
0.7003829117201334,0.2644127450324497
0.811530324172099,0.503246345121794
1.084617593223603,0.9940499174908546
1.0,3.907601464720064
