alpha,s
0.07699906431448997,0.0
0.127670380714618,1.0997260273972562
0.14945542300223205,2.36438356164384
0.17736838741272462,3.2547945205479425
0.9942511337425808,5.8252054794520625
1.0,7.16986301369863
