alpha,s
2.967855970432065,0.0
1.5780972629102281,0.046699973596372804
1.8140550138495193,0.16197602731382763
1.1505238341687924,0.322167659594514
1.1146769906944103,0.7760905794324798
1.0,3.343349552670907
