alpha,s
4.342146121887465,0.0
2.030226124747478,0.04116472312647044
1.62332638497321,0.15239259622099477
0.9493800999858404,0.35824062199273404
1.335196011533324,0.9463375735200205
1.0,3.683181649191428
