alpha,s
0.014046094566524874,0.0
0.17117900653715162,1.95342465753425
0.07519783874226413,2.3704109589041122
0.4596762494690296,4.196164383561646
0.4923252611210769,5.0958904109589
1.0,8.22739726027397
