alpha,s
0.7811112997346766,0.0
1.377791762123511,0.13574254611426376
0.7690503999812002,0.2414207229396302
0.943664855659026,0.5292118283155404
1.1761460578773089,0.9798605267782682
1.0,3.6953952540070754
