alpha,s
1.087613287238645,0.0
0.994972299498339,0.1020561496282674
0.9054346161205227,0.2551989332818743
0.787632557515075,0.5158412711036418
1.427330415188119,1.0767952174611866
1.0,3.9183901170574114
