alpha,s
1.208047607896805,0.0
1.1970592639976838,0.04006598479225446
1.092517179656371,0.1250308849654337
1.1666297474456433,0.29848292868675264
1.3742698159785345,0.6606278755890086
1.0,2.446610371765013
