alpha,s
31.468163182998634,0.0
5.168242680704918,0.0046996983338131
2.5560392894256894,0.0428665011668144
1.5719616050140532,0.15659762039306613
1.2862478077134845,0.4892982378278096
1.0,3.374826243365679
