alpha,s
0.06413901748669282,0.0
0.39651349223517673,1.9709589041095859
0.10946785991957966,2.42191780821918
0.3125066987339443,4.486575342465755
0.7723595981250437,6.14794520547945
1.0,9.4986301369863
