alpha,s
1.0902279294955235,0.0
1.1027422099231847,0.1234555678057122
1.0450275260780362,0.2857982741717464
1.1022386391893597,0.539169776326034
1.0570595679469965,0.9808390611780634
1.0,5.103097807507913
