alpha,s
2.1612315790548626,0.0
1.462276473139788,0.040635776475474006
1.7407281790581839,0.1420615743918099
1.0210801316658376,0.28240433132285214
1.546693157707869,0.7268970770445313
1.0,1.9721595542862624
