alpha,s
0.5311258012731637,0.0
0.8810623740667642,0.09521533745529014
0.43285480234015644,0.21837255118234486
1.1575157561981084,0.697075196527232
1.098526156117461,1.0646428134309085
1.0,3.5699711595318013
