alpha,s
0.23334491516995567,0.0
0.5615724199281111,0.1407338578008478
0.6182172568854648,0.26674611882432653
0.7294021859612589,0.5213601064232577
1.007509823354792,1.0554516998686896
1.0,4.219805429905797
