alpha,s
0.32054511101287525,0.0
0.5480131566224308,0.11200379752896064
0.6120637300062135,0.24777051239268852
0.8312152547569646,0.49240377757315335
1.0085129426437682,0.8921689922563675
1.0,4.642399142313996
