alpha,s
0.7716914510048464,0.0
0.8302745959531732,0.12846027805435958
1.1466515743864039,0.291744331645989
1.1786441231146025,0.4934466838717882
1.290067464950007,0.8882374435515836
1.0,3.0304917608575064
