alpha,s
0.06415623828200606,0.0
0.2658448758800438,2.02575342465753
0.1652922093932079,2.766575342465757
0.3121320025243374,4.2613698630137025
0.4725540795239014,6.26301369863014
1.0,9.4986301369863
