alpha,s
0.7042731867124429,0.0
0.890312247525913,0.054225924623094245
0.8073572562820217,0.1345612174521384
1.3448679568856212,0.3038124134580787
1.1839089776655278,0.5927590636651491
1.0,2.6491689670951937
