alpha,s
14.865822581129096,0.0
3.3897548990706796,0.00402657223816528
1.8042964452394314,0.034592883258900184
1.7274986862066173,0.1405079235948335
1.5419970626010218,0.3932398523033069
1.0,4.493850008328173
