alpha,s
0.012819007797647136,0.0
0.15138057458258813,1.95342465753425
0.06889753082050537,2.3704109589041122
0.4186437056209613,4.196164383561646
0.4726570893255132,5.0958904109589
1.0,8.22739726027397
