alpha,s
2.231610425399492,0.0
1.2392296998780996,0.029379436235257
0.9833050496430319,0.1288771699901061
1.0698283001514817,0.34768360634714257
1.2984886477634534,0.7726322533554311
1.0,3.733528806388792
