alpha,s
0.9862959062382304,0.0
1.015256964972782,0.11120894342228464
1.0133754741200705,0.25853633628195893
0.8838715975352067,0.4907582206133952
0.9542764307568863,0.9686569275423799
1.0,5.299256481395336
