alpha,s
1.2337642465936773,0.0
1.1424541890926025,0.05006391304545974
1.0466574160036883,0.1398588680003567
1.0453437469870537,0.31707325993654184
1.1757811932284554,0.7038439241903393
1.0,4.247771932592487
