alpha,s
47.79511079958561,0.0
7.599292732392088,0.00463600400321238
3.149176370729052,0.04064577140604188
2.3907755387322585,0.16264867545126424
1.3904673200001076,0.432266732303298
1.0,4.040314810830527
