alpha,s
0.02746844165885127,0.0
0.06863637181884898,2.16712328767123
0.13819785968416842,3.238356164383558
0.1320421553428505,4.2027397260274
0.25610702705989713,5.94520547945205
1.0,8.17808219178082
