alpha,s
0.16336733902465309,0.0
0.5620281847185622,0.13574254611426376
0.4402853055164303,0.2414207229396302
0.6570864056977219,0.5292118283155404
0.9341553676754139,0.9798605267782682
1.0,3.6953952540070754
