alpha,s
0.27234478067522666,0.0
0.44647133248222853,0.1020561496282674
0.5490747286108482,0.2551989332818743
0.5922887295517618,0.5158412711036418
1.261757150445179,1.0767952174611866
1.0,3.9183901170574114
