alpha,s
3.1573889306314347,0.0
2.0635650556219947,0.058226238061144985
2.3013755503306106,0.17540792655598184
1.0433451519240062,0.3183411298734336
1.076962986348859,0.9251203473347939
1.0,3.794074768912708
