alpha,s
0.4975023627534432,0.0
0.5612754557723547,0.10676998271631649
0.7095484604018226,0.26240981671249314
0.702755447791214,0.4781250962232818
0.8125604771236087,0.9576242966102996
1.0,4.275348330821872
