alpha,s
0.6188114020776351,0.0
0.6524308775725154,0.09350394689651112
0.7565444271133958,0.23506906447026754
0.6810817862809184,0.4427203358762032
0.842178719739363,0.9453882126691667
1.0,5.206238475187355
