alpha,s
0.9724749412262275,0.0
1.41413373489096,0.2005731777612117
0.9106342272509108,0.378399033997486
0.7775373740322465,0.7679431100127906
1.633262481873549,1.5930284215191635
1.0,3.877767027801392
