alpha,s
1.7255617877537828,0.0
1.4367488200511476,0.044020487998413425
1.3149810426185617,0.140828309192449
1.9060361207402046,0.32392709762103267
1.3559917575918832,0.5855862828324836
1.0,2.70175970378786
