alpha,s
1.2280157685132438,0.0
1.0910724304399928,0.10745246619218245
1.1577848529236974,0.2702130382177726
1.1234907299722394,0.500212471411301
1.0514377731411768,0.9310964150384261
1.0,4.632202483171207
