alpha,s
1.1033194634855141,0.0
1.0636014381048597,0.0945089256873897
0.9711795640260644,0.2409228560023503
0.9927737799712404,0.49211347098670133
0.851668992122849,0.9427376239366052
1.0,4.890295298596239
