alpha,s
2.9150434954533484,0.0
1.199553189325576,0.0030190315325958014
1.0230058736074346,0.038630992873813184
0.9181452311104124,0.1484129094830251
1.2588938496306266,0.48626410643744394
1.0,3.6440417138839543
