alpha,s
0.9361027895168349,0.0
1.0783643627680506,0.12883922662075467
0.9947320594076824,0.28435573804244124
1.4706225102230603,0.5369226250012922
1.2881699313304458,0.8686596625634254
1.0,3.0251981761112945
