alpha,s
1.1112048154990164,0.0
0.9814041058466986,0.10186597686413493
1.1680175612083228,0.25557696770860183
1.0555890218631256,0.4538293365350731
1.2201117894568352,0.8830482398106085
1.0,4.024435272565602
