alpha,s
1.0210746350946984,0.0
0.8855628013587702,0.10886538822715681
1.0667992775952917,0.2831303882113496
0.878531104903196,0.5035423638228833
1.042953750878326,1.011015084918875
1.0,4.847796467329928
