alpha,s
2.1947575587307777,0.0
1.2251748185511426,0.005372521185454621
1.0156209811277774,0.04544296932377246
1.052813452990029,0.1654194771957364
1.2765100557326319,0.45491552474550406
1.0,2.745188817284515
