alpha,s
1.0739834586816261,0.0
1.0675133242133117,0.05769683403189595
0.8454328521825777,0.1597262160222668
0.8563566342912625,0.3934910215299718
0.6428099060078971,0.8341675983167757
1.0,3.734733406791672
