alpha,s
0.4389800357191343,0.0
0.6358697509026828,0.1187646885479542
0.5424331439623619,0.25309470273903384
0.7825041881207189,0.5239067787143987
0.8313839734682553,0.9586206352691092
1.0,4.826991628370492
