alpha,s
0.611480032567127,0.0
0.8187097215651614,0.102554697375303
0.6665623900810247,0.2212330329975909
0.8375016747973855,0.473974416708404
1.1510079884524707,0.9280756034117684
1.0,3.476719948226652
