alpha,s
0.34570430164575244,0.0
0.479156153363822,0.10495414409337002
0.6019733752486375,0.26163826998573353
0.7962405460790088,0.49576922036022475
0.79449887361944,0.8974924661192301
1.0,4.4531845759602655
