alpha,s
1.9186541663016137,0.0
1.8023044501689178,0.1047340050177333
1.6562839745605114,0.2426152774519884
1.3772964371836203,0.4531909105321115
1.14993549225435,0.8853167029318313
1.0,4.604984397275785
