alpha,s
3.98941504883567,0.0
1.5009650149914053,0.02394245128332292
1.2374533484043357,0.12299052373305201
0.9917877747634377,0.3122029888277015
1.1714299870571705,0.765711365046892
1.0,2.67016696223194
