alpha,s
0.9111298813139954,0.0
1.0426620712548667,0.2118031507916858
1.3044695525210224,0.45066721761560635
0.8921810972036737,0.7133109590235185
1.3116729992322533,1.3382113853039903
1.0,4.137131363419754
