alpha,s
0.8641263354543758,0.0
1.1212305972176861,0.09831265189334644
0.831719920967671,0.2210976161666454
0.9683843940302914,0.4892181096606129
0.7478823054720072,0.9229201754446887
1.0,4.0861079824217965
