alpha,s
0.9622983450717073,0.0
1.0584629022938843,0.1214842984885274
1.156052651533517,0.273473541964849
0.9503986004885635,0.4805611941848278
0.775865245001207,0.9527623371935166
1.0,5.443389448404272
