alpha,s
0.5219058284186103,0.0
0.7764954344263907,0.08779644503935136
0.540046574322888,0.20959977320457268
0.9532341505078102,0.5186521601777252
0.8547267416242429,0.8674175854948043
1.0,3.5611927413213524
