alpha,s
0.912429150686065,0.0
0.9879916780097293,0.1301978702976107
1.0509553706154318,0.2941615432272825
1.2518184424265069,0.5367412064585675
1.040781623333135,0.8823562673170415
1.0,3.936491252590279
