alpha,s
1.9241441252066107,0.0
1.8713523605736064,0.1044796985530304
1.5792900773581968,0.2435187726282127
1.2977037334974846,0.4726916994813692
1.2275765411823054,0.9345328443773592
1.0,3.39922732384851
