alpha,s
0.21352063536211013,0.0
0.46150159668239077,0.11879502616160796
0.500226478103214,0.25814718052373337
0.6928404083146599,0.5304918009686396
1.0410626568421382,0.9911309810944722
1.0,3.4364944181850703
