alpha,s
0.31722165751818826,0.0
0.932591962302125,0.11278601515819246
0.728791822296796,0.20973221987860569
0.8686129332405869,0.45326941194825665
0.6555998712724652,0.8527992283168613
1.0,3.398722201815151
