alpha,s
0.5881337339704018,0.0
0.6179945268158662,0.10345848573256353
0.8488426763406949,0.2611432650563093
0.9104398372944307,0.4703576580285035
1.033906748951737,0.9008596064657117
1.0,3.2929981705875027
