alpha,s
0.3364451744060756,0.0
0.46890157293249174,0.1195776610333545
0.5208416963592785,0.2686928588825185
0.8773446090727751,0.5185094094832686
0.8057872535369327,0.8741039617931934
1.0,4.17896313030146
