alpha,s
1.0903252757129946,0.0
1.1875559709607393,0.09610307655638456
0.9606244114840851,0.22506102885583176
0.8797942143830093,0.4771777840686417
0.9871224948191933,1.0022849028576457
1.0,4.306034849652512
