alpha,s
1.1154064418843481,0.0
0.9849611404700239,0.10952622665634659
1.005465149342873,0.2796072338789701
1.185160846485966,0.5330849505724753
1.0240170203129697,0.9260652225448274
1.0,4.479823898699929
