alpha,s
3.8266362863165004,0.0
2.656974230290713,0.0464559604826307
2.276472643886313,0.1320518654581352
1.3388603819414353,0.27978410627285133
1.4225009577700887,0.705472213753151
1.0,3.214587334539961
