alpha,s
1.0960208158159486,0.0
1.1857624629043733,0.07566911748572426
1.1714225820216044,0.1809898922511589
1.0559455444972123,0.3532702105888585
0.95683284315764,0.7399732015705383
1.0,4.475383630130712
