alpha,s
0.19499893935017318,0.0
0.5264346954427098,0.12995010320330513
0.6444001900870387,0.2726122495861728
0.8725928579739142,0.5281962890571068
1.4082527423753435,0.9183257025649012
1.0,4.1582564942345295
