alpha,s
0.27665388514772593,0.0
0.5581907830275787,0.1139473212179777
0.679376374463948,0.24234189972332199
0.8472510448020404,0.46262558749830307
0.9653914247824305,0.8589707355518467
1.0,4.147117736562271
