alpha,s
0.9962208628981273,0.0
1.1001261956224304,0.1323201347143987
1.1060076678236843,0.2964432971993717
1.1068892544336464,0.5384787487230644
1.23301941254518,0.9810938874720799
1.0,4.231157739737606
