alpha,s
0.00024519630565405745,0.0
0.012064842526932344,1.95342465753425
0.011943859109596474,2.3704109589041122
0.1652743450080214,4.196164383561646
0.37423890380928154,5.0958904109589
1.0,8.22739726027397
