alpha,s
0.5935590214598507,0.0
0.6670065583478867,0.0908891154036756
0.7735897718347696,0.2277537328606001
1.2491054845832594,0.43056138923900295
0.7932299465445475,0.706189383106124
1.0,4.598688641974319
