alpha,s
0.5691152136725922,0.0
0.7091828836654069,0.10336493523834415
0.7244093201629939,0.23490378431480033
0.9461483869662194,0.47248598209682274
0.8855958085061062,0.8499933761912652
1.0,3.419853169531741
