alpha,s
0.644208934639849,0.0
0.7732006619865834,0.12392761983484181
0.7126665336155348,0.280385582143044
0.8713341444319485,0.5605595719988961
0.927094961343659,1.0025574833071
1.0,4.994575506562667
