alpha,s
1.848135837223746,0.0
1.1931491985777571,0.08535738729454588
1.027667781280898,0.25848689756498466
0.9147891793969101,0.5355448692224593
0.7720763717249252,1.0661671248041222
1.0,3.879374819073303
