alpha,s
0.5616897612562152,0.0
0.9587015426407917,0.1355173086998244
0.9424976878588939,0.27404876493171737
0.8985955691239277,0.49780187095664785
0.7626404545867339,0.9606496327518262
1.0,4.031014420527728
