alpha,s
0.31947455025606264,0.0
0.4532742238327698,0.10886538822715681
0.7071631677836666,0.2831303882113496
0.715061072494726,0.5035423638228833
1.0005237651042593,1.011015084918875
1.0,4.847796467329928
