alpha,s
0.3603251483848301,0.0
0.5090764263522023,0.10186597686413493
0.7997226643969848,0.25557696770860183
0.8759635688230318,0.4538293365350731
1.1498304344322572,0.8830482398106085
1.0,4.024435272565602
