alpha,s
0.8300604227232057,0.0
1.284075122347299,0.10003632785281777
0.9875477911806381,0.2031242746145031
0.8029043123911602,0.428827538124724
1.0122973993946938,0.9540656180475775
1.0,3.7660999735911487
