alpha,s
0.3304172893275449,0.0
0.5790019617121254,0.12192241497869764
0.9864588658912368,0.28937623457004946
1.4208370775245573,0.4788404709254907
1.1186488074415966,0.7497804700819878
1.0,2.0578637542798823
