alpha,s
1.083003912781952,0.0
1.1363270489748294,0.04540003768864156
1.0849443431345938,0.12129315699564144
1.3815705589035014,0.2742607450488037
1.4404291254502215,0.5536794357778803
1.0,2.8720152340316965
