alpha,s
0.9597735738854961,0.0
1.0163238401600505,0.19608967212368705
1.0805066789159752,0.43411302649430106
1.0284372516567293,0.7497582742969481
0.9907344079475815,1.307177830475576
1.0,5.012217502244364
