alpha,s
1.3690598794999373,0.0
1.4329842550549823,0.0464559604826307
1.5339530346494232,0.1320518654581352
1.0227580067898254,0.27978410627285133
1.2130892973357692,0.705472213753151
1.0,3.214587334539961
