alpha,s
0.7949926004400392,0.0
0.947209393124668,0.1496505681901614
1.0094203162532331,0.3236556093782653
1.2562784284970068,0.5707586416203985
1.1189553367320708,0.9354470570550408
1.0,4.30706373918869
