alpha,s
0.03781650652535843,0.0
0.17813570370585202,1.82739726027397
0.05978599377974584,2.29315068493151
0.14021158270404316,4.279452054794525
0.45463338932048575,6.277260273972606
1.0,9.4986301369863
