alpha,s
1.1873444349045754,0.0
1.1460505075196532,0.1096988978064925
0.9652203653854939,0.2561366657121393
1.1364640196448896,0.519648894905579
1.2148644258931303,0.945422189281296
1.0,4.244835529678992
