alpha,s
0.895943404216461,0.0
1.6168640032444175,0.14575950831929424
1.2550920202396767,0.2563868949279375
1.3319039683822909,0.46002842094947916
1.3434566026725996,0.8204652081162819
1.0,3.5012762086486866
