alpha,s
5.751212428430709,0.0
1.913638776766635,0.007718704250690263
1.525733626798161,0.05767375486916574
1.2706136681472853,0.17665698087103388
1.1350240110731302,0.4955197417730973
1.0,4.334504683605838
