alpha,s
0.8279348466163982,0.0
0.7842661707503507,0.07039908589978741
0.830818324266321,0.21116195896216372
0.9227464061851913,0.4448701613191115
1.231338250136002,0.8930863003432491
1.0,3.4432934077187376
