alpha,s
1.8532060730162594,0.0
1.4584131217409537,0.04375547608183522
1.1840906479672928,0.13909707620666978
0.9706047501949737,0.33909740186559484
1.847143143484047,0.860980464541449
1.0,2.7704438381131
