alpha,s
0.9790534277378544,0.0
1.1894997913351018,0.1337738273592431
1.152958957690646,0.2806265659452796
1.098475186347995,0.5079626613883558
1.173491311335551,0.9547288569883264
1.0,4.542107690056441
