alpha,s
0.002302989194464111,0.0
0.031070495731502633,1.82739726027397
0.03597693003415428,2.28219178082192
0.1027211001890554,3.7232876712328813
0.2131187081624612,5.58904109589041
1.0,9.4986301369863
