alpha,s
20.33115608567055,0.0
3.7980950138613765,0.00662967417590056
2.553031707414048,0.053384668043249824
1.5573362465701837,0.15823428883877633
1.4025948902676149,0.4865315838158703
1.0,3.439286472782219
