alpha,s
1.3060171907905858,0.0
1.0368540833991258,0.03083109555827025
0.8614691678427118,0.12654602922113692
0.884467227554989,0.3381616495436578
0.7844689278658005,0.751671318697371
1.0,3.7728945508127634
