alpha,s
1.5283306499280644,0.0
0.8475764503272123,0.00605417299455656
0.8815219296579468,0.06305185006861447
1.01578958860656,0.19462062455850798
0.9479585249616199,0.49420343571112724
1.0,3.893301080065821
