alpha,s
1.7971417785464754,0.0
0.8729143778645035,0.005429949716924741
0.8370226950115753,0.05278784767188438
0.9299450224298162,0.1753124635627123
0.8742422569115937,0.48001921018051247
1.0,3.8357875633355536
