alpha,s
0.8856198535621244,0.0
0.886791160073706,0.07200827638368576
1.5109710321297567,0.2083348310875038
1.1284569443087091,0.3649623077240676
1.7082830459642722,0.7826184471540982
1.0,1.8770576370557357
