alpha,s
1.7180495031999468,0.0
1.2937668848304529,0.040635776475474006
1.614663453938428,0.1420615743918099
0.9818026828924555,0.28240433132285214
1.5240453379093084,0.7268970770445313
1.0,1.9721595542862624
