alpha,s
0.058849901443453125,0.0
0.23114487403256684,1.82739726027397
0.16447698688640824,2.48767123287671
0.5368599735641282,3.5917808219178102
0.3028846923679048,4.39452054794521
1.0,8.16438356164384
