alpha,s
1.8710264761140953,0.0
1.7167887355376135,0.10786689297044182
1.4611855035500174,0.2566591595958861
1.4238649197927584,0.5113839125764232
1.3738991460274559,0.9371804030517236
1.0,3.908334319217357
