alpha,s
2.040218732999984,0.0
1.3967730829988723,0.05648934319386799
1.4806923912960641,0.17721024506529665
1.015027505956783,0.3429337371592077
0.640703651759859,0.8011079503038303
1.0,4.849927514018924
