alpha,s
2.648869182824233,0.0
1.105518490746541,0.0049573411981858806
0.9819686464083783,0.04910876889245515
1.0331745966301407,0.17153558259033222
0.790365642740568,0.46384963926321393
1.0,3.680629306030076
