alpha,s
10.41575449654538,0.0
2.5287772699072075,0.004239426183925523
2.1721471778761923,0.04414365992833336
1.4765002358753267,0.13481833337541968
1.3632473722349003,0.44775192222950855
1.0,2.741696831269003
