alpha,s
1.067774564645231,0.0
1.0460262254469745,0.18305058242286526
1.1112155887024313,0.42220029069403087
1.2260626855777355,0.7383402997854704
1.2294519427863395,1.2210979267333406
1.0,3.9590953931609225
