alpha,s
1.4936711777508493,0.0
1.071637430482181,0.045087827563244434
1.1416652764092008,0.15523737687169642
0.8201959117449346,0.3322414803657287
0.9559488739075158,0.8370645450507349
1.0,2.6968229305320945
