alpha,s
0.03423599166511873,0.0
0.1508988752612987,1.82739726027397
0.07701324679559168,2.315068493150688
0.16776349012496442,4.022465753424658
0.468283398393987,6.296986301369866
1.0,9.4986301369863
