alpha,s
1.119123332741403,0.0
0.9208301532207437,0.11022240951005563
1.0894881218209693,0.292605275771597
1.164197910898135,0.519265231793025
0.9106873990418252,0.9161073263655001
1.0,3.561358199843615
