alpha,s
0.5502840752525139,0.0
0.8612142366828182,0.1255059870441252
0.43900275823136203,0.2550597685495182
0.6546010254266739,0.66377699854238
0.8173432549003437,1.224731642604925
1.0,3.5303295919443536
