alpha,s
0.06402026929447892,0.0
0.1476000490472367,1.9709589041095859
0.2588872873268128,3.28767123287671
0.19046560638137883,4.2027397260274
1.0360481229021528,6.144657534246575
1.0,8.22739726027397
