alpha,s
0.015147222666574821,0.0
0.04473806829663028,1.3041095890411
0.0765680516189968,2.36438356164384
0.21770274678821702,4.17260273972603
0.5334643470358764,5.94520547945205
1.0,8.17808219178082
