alpha,s
0.9719164051979624,0.0
0.8399553583948987,0.10274500909080046
0.9558347970199774,0.27906093237769153
0.8236265449931814,0.5499530434901718
0.9568107473557625,1.0883751512643625
1.0,3.461536697117673
