alpha,s
0.5055134191234921,0.0
0.609194869960358,0.10526650539606379
0.7325012295164086,0.2601275867001186
0.8010283861661357,0.4768968959051159
0.9276009724467531,0.9154157023358446
1.0,4.603325897818464
