alpha,s
0.38423717855432765,0.0
0.7614531486678295,0.13079042331428184
0.7342385836020496,0.245818091571853
0.7312239482907742,0.4628596905024341
0.9629793322569764,0.989674981074929
1.0,3.2378578173983725
