alpha,s
18.307294581085664,0.0
5.928467636224913,0.006921182937258202
2.3941179460364994,0.0364020145593174
1.6925528879070952,0.14986002613572566
1.6904064060920283,0.47420111733306297
1.0,3.347942241855292
