alpha,s
1.074749636877156,0.0
1.1496036651399697,0.17975207899781037
1.1046672794250618,0.3962120928335905
0.9625473246858907,0.7171850888387138
1.2154381555277614,1.329277505711902
1.0,5.0464369968825045
