alpha,s
1.4307811755159299,0.0
0.846925968194418,0.0066935862757712605
0.7116742873341376,0.049467043129543434
0.6764729287943141,0.1867788481529505
0.8071122209407625,0.5534991589795035
1.0,4.439295141739024
