alpha,s
3.8758445721094947,0.0
1.5335659169741813,0.004907940741769524
1.6240432767769102,0.04669398798621151
1.3167236147348218,0.13134673292972165
1.0795469938678064,0.41106646304892414
1.0,3.30234977757942
