alpha,s
3.2101948946608556,0.0
1.3063286660984077,0.00585789827681998
1.3110492063463535,0.051096882967587846
1.1394311401394004,0.1454605775079857
1.0703597930368713,0.44676954769090693
1.0,2.8901597586181658
