alpha,s
1.715983566065039,0.0
1.1611369891955554,0.0062327329519421
0.9142719244497235,0.04676594210366809
0.8386669576902503,0.17320799064681483
0.7937471958340522,0.5116033578365928
1.0,5.184411131684287
