alpha,s
1.192281946220404,0.0
0.8406759083468316,0.15796091006896798
0.9770022955935427,0.44498385097484483
0.9503957420109277,0.7901360712189901
1.0646100487471433,1.4018604049733716
1.0,3.7819646643294287
