alpha,s
0.7373331909294311,0.0
0.7618820714564275,0.07893390295033334
0.8394257135309033,0.22945695962073406
0.9180415323927389,0.4747740163518635
0.6967532920561421,0.8889192627027761
1.0,3.644134225281509
