alpha,s
1.8188790961532764,0.0
1.8417119614708142,0.1021725334137306
1.7448212485205585,0.234500348990404
1.2308687505089275,0.43751526310538313
1.2035514938221858,0.9150462007372614
1.0,3.404233871650688
