alpha,s
7.704612932372061,0.0
2.0785135033989963,0.00592048414394282
1.5937430424398773,0.04686959489242247
1.4109278747314709,0.15218498139544334
1.0990140302194202,0.42376310114255417
1.0,5.001886183330838
