alpha,s
1.2722014650452298,0.0
0.9835502511893207,0.06857921678314435
1.0544972350483064,0.20953889243976828
1.0911100979339792,0.4295953597108788
1.0910698478308725,0.8622883257016091
1.0,3.182411785414889
