alpha,s
0.9802828823045648,0.0
1.0960581179208013,0.1971453143245453
0.8859135782487182,0.4246728765716323
1.1280859842447044,0.8184795515468833
1.113885604791734,1.3267442688986042
1.0,4.8305519100271495
