alpha,s
1.2225479711874727,0.0
0.8694022238256519,0.044166100501257105
0.9497300981620064,0.16459822988405182
0.9391668251372232,0.35574200193292144
0.7542972143088839,0.785490952381506
1.0,5.13455402999264
