alpha,s
2.3644268708655396,0.0
1.9820980238843002,0.05555352030279258
1.3139061014384243,0.14675596815812747
1.3670792538105276,0.34994973162142523
1.2902177065575653,0.7498772779578474
1.0,3.034540826800277
