alpha,s
2.7012851972850096,0.0
1.4685380324559507,0.004355036153066003
1.0530291438444845,0.03703571994226326
1.0300313936579597,0.150825615463812
1.0499560876495866,0.45592683367579684
1.0,3.142018596022736
