alpha,s
0.8044047393829076,0.0
1.1765440450790565,0.10692074827488594
0.8653498023975379,0.2146070279358668
0.9777571351314078,0.4630201845790892
1.2939923602959273,0.9154358024748299
1.0,3.55432385605462
