alpha,s
0.9646258052999882,0.0
1.047006993492456,0.1338907855016201
1.399329523802161,0.2996638087381461
1.115632138336191,0.4919294020162014
1.2674231229366102,0.9340153608309928
1.0,3.804858696129461
