alpha,s
1.751825780924687,0.0
1.7911318071439823,0.11783945325294877
1.618734707167211,0.2648043523211883
1.5063713107006178,0.4915784615571455
1.2465202792259542,0.8882755187200772
1.0,5.103988933831208
