alpha,s
0.7033614231936427,0.0
0.895301751881483,0.12808860931601967
1.031779541158378,0.2768652351483266
1.170286252460712,0.48871275383914586
1.4530381011841733,0.8558407715821508
1.0,3.895024915038829
