alpha,s
0.8211007849640586,0.0
1.1424096635631693,0.1402911760164547
1.0293336288431418,0.2734161918437516
0.8615366847585607,0.5095284299716194
0.8290113222750144,1.03564147161691
1.0,4.1471806852942885
