alpha,s
4.040963631228174,0.0
2.627581079997729,0.05066247861926768
1.9676253987552812,0.14762524903532595
2.1089367994227164,0.33567424423346254
1.6819625982399822,0.6307687074786784
1.0,2.2918374400050388
