alpha,s
2.3421078603770016,0.0
1.049718500229791,0.004793322131112319
0.8105135409608396,0.047351636759339566
0.8682221276030107,0.17921522302945497
0.7254469047174856,0.4897011062379283
1.0,4.5989665611978365
