alpha,s
0.5591787131146209,0.0
0.7112219345709502,0.08707604795186262
0.6026186357766701,0.23334562031877698
0.7377419521544827,0.5437027903035391
1.2197345581387582,1.179337953155784
1.0,3.3334714671326355
