alpha,s
0.9732095819717609,0.0
1.1212948315327915,0.11609673101829662
0.9340711304762477,0.26004885311727
1.0528607338116374,0.5194713980692203
1.2962242556210266,0.966266324937477
1.0,3.250689497776979
