alpha,s
1.3977697124186395,0.0
1.01999920414977,0.0845850466161783
1.0852506196943277,0.24161223230791626
0.8707924349339694,0.46650122077627665
1.4526651248575828,1.0165041828335015
1.0,2.796724920703128
