alpha,s
5.016341808203132,0.0
2.280644193770098,0.04116472312647044
1.779418006685916,0.15239259622099477
1.0138674629258078,0.35824062199273404
1.3802412611520387,0.9463375735200205
1.0,3.683181649191428
