alpha,s
0.948052850417368,0.0
0.8347948664601164,0.08985897249053366
0.8595977056829756,0.2553694524943099
0.8721744021334387,0.5114448879269573
0.8418498926351674,1.0128198473466579
1.0,4.536870090440908
