alpha,s
0.060633945514433116,0.0
0.1273333503045287,1.96712328767123
0.0910467849652994,3.10684931506849
0.28054050425201316,5.58904109589041
0.6376469553773002,7.04383561643836
1.0,9.4986301369863
