alpha,s
0.45440426985834237,0.0
0.5551445221197575,0.09225425291591864
0.7431589657221537,0.270617470772387
0.5975921456398506,0.5135058995935462
0.7539350184616236,1.1449284279880216
1.0,3.537914752372038
