alpha,s
0.9290057186201546,0.0
0.8935067201674335,0.12313315243442698
1.056304790289444,0.30279394415737376
1.0801064479322633,0.535985537463549
1.0717965357434058,0.9573440395824491
1.0,5.343762148703529
