alpha,s
0.9663581854521166,0.0
1.0056406114133687,0.138871421842577
1.0645425151713812,0.3159597939106177
1.0554738127525976,0.571261867154303
1.0698368206559978,1.0291969446023703
1.0,4.027562828746269
