alpha,s
8.044162021945617,0.0
1.9145597709158473,0.0041686939259852
1.2932094453905834,0.051444346250044584
1.226365690927044,0.19245530816700604
1.1960232050140742,0.5293678066905743
1.0,3.363205768805829
