alpha,s
2.8903674508910933,0.0
1.4382555686338783,0.02983330574565066
1.0638299167928107,0.1272713682353731
1.0728129990986708,0.3460141527890504
1.3976231862815414,0.7899198004657013
1.0,2.630502213321056
