alpha,s
30.08785446276207,0.0
4.831951914387238,0.003936045840516662
1.744904561068438,0.03808443407435503
1.474781316735843,0.18125948161341238
1.1170578536419782,0.5075340154823993
1.0,3.284993381939961
