alpha,s
0.8158485673674427,0.0
0.9262328764617331,0.05703352524302988
0.9240984723932917,0.14618345113513387
0.7960531713702184,0.3121222232750047
0.9142680298190501,0.7171016598890099
1.0,2.992237605143832
