alpha,s
0.3324843458090394,0.0
0.5223918076376269,0.11576695618871224
0.7064108837163261,0.2644928800275774
1.055632865670913,0.4794156554451258
1.1991618075461736,0.8000454075555122
1.0,4.428391863272168
