alpha,s
0.02274710041687693,0.0
0.05516805013033683,1.13424657534247
0.11477683593546348,2.01369863013699
0.0954395182382446,3.2054794520547922
0.6939981130201277,6.73972602739726
1.0,9.4986301369863
