alpha,s
0.9702219384233326,0.0
1.135041805865229,0.13537456973158182
1.051961198454287,0.2912993749369098
0.9832759407233808,0.5418256798003053
1.0361176457477659,1.029265654614286
1.0,4.897539599466705
