alpha,s
25.132293013680933,0.0
3.718157216898037,0.006049266521950981
2.669875553693153,0.05946426817316742
1.6643271297469844,0.16638564657026927
1.0945982125872804,0.49255730034289735
1.0,3.3579817408413586
