alpha,s
0.00031947062578940345,0.0
0.010427980971086501,1.974794520547942
0.030321968722430762,3.01095890410959
0.05889785585375397,3.7594520547945223
0.2594048361738003,6.066849315068491
1.0,9.4986301369863
