alpha,s
0.01232135940198512,0.0
0.09739543668981236,1.618082191780822
0.07906266775296773,2.284383561643838
0.27673433386807467,3.72328767123288
0.27315635953004636,4.688219178082187
1.0,9.4986301369863
