alpha,s
0.9505473189625472,0.0
1.0807112547187205,0.0845880037204772
1.0803703932021054,0.19630395579665838
0.9891533515994483,0.38335423653330275
0.8707407784001874,0.7855557591491819
1.0,4.719577901312918
