alpha,s
0.9406721678289032,0.0
1.1232183816691583,0.19935383581113075
1.0358828961076147,0.4133987068056738
1.0617608365488185,0.7353122690098302
1.0163630518002957,1.2656676862730096
1.0,5.292033556044507
