alpha,s
1.2576001431131345,0.0
1.2002355478121318,0.102848254953083
1.0617433941952954,0.245841066347362
1.3690918375964352,0.4937821395738648
1.2009837006327166,0.8594580389595472
1.0,4.739103083059691
