alpha,s
1.150344123199571,0.0
1.0553809117121113,0.1107662534012579
0.932564940504502,0.2686405925322218
1.0393834414320746,0.5507150806405031
0.9879519625778879,1.0472150642442897
1.0,5.792221329927888
