alpha,s
6.2860128190778175,0.0
1.611005993603059,0.004780809597763662
1.2833139254496309,0.056015581651086076
1.4202892336035695,0.18982935045235164
1.0959788964592894,0.4750479263882583
1.0,3.318690560974832
