alpha,s
1.3323876526010834,0.0
0.9324152676858207,0.09842536561145848
1.3957373645301845,0.2953499234629192
1.5131384242524415,0.49385804662928884
1.2428626465934525,0.8347416023439186
1.0,3.2358244888006147
