alpha,s
1.2917544193132575,0.0
1.3439881457879213,0.09982503830980412
1.111117439731714,0.22807939178141434
0.9903331995965381,0.46431660643671263
1.3102734634768105,0.9495714029495199
1.0,3.8659266001694745
