alpha,s
0.83537648965766,0.0
0.6262320325758417,0.07812390073760138
0.7381030495198746,0.2587770773109663
0.9082126732339687,0.5474815816623332
1.3589336592682373,0.9824058362612541
1.0,3.284108474849706
