alpha,s
1.535991503579734,0.0
0.9520830148404431,0.042445304763920944
0.9365510610020874,0.16586090818918606
0.9045070202623205,0.3896695597686458
1.0786238294994164,0.8669055110916949
1.0,3.982076437915331
