alpha,s
0.22948860901192342,0.0
0.3817002630352786,0.1311264574522158
0.48601756336695245,0.3000485488184163
0.6791751359649961,0.5620236931872491
0.8893166091099828,1.0401459099095511
1.0,3.618485204088106
