alpha,s
1.0074945246985076,0.0
1.0945903738124947,0.1165046164411788
1.3429909719509165,0.2606997852943286
0.9119079625054736,0.4457890993512769
1.0580304448074855,0.9615292533306594
1.0,3.76960670222228
