alpha,s
1.1553003756070406,0.0
1.160529087198875,0.11204288947101848
1.1057612970070656,0.2587283401507643
0.9357439848511164,0.49327837295180466
1.0760324993599015,1.003097026211371
1.0,3.475154131291298
