alpha,s
1.2408360945530645,0.0
1.6320159984335152,0.1417890689349133
1.4287480015831375,0.2753263874394639
1.5762737852055115,0.4870684944305163
0.9075386312272323,0.8597143908014978
1.0,5.542167555090352
