alpha,s
1.0170644573177754,0.0
0.9708440119624958,0.1845576648471877
1.0787013158124645,0.4335422901491291
1.0363146670564136,0.7491961155967137
1.0746106496183099,1.3009764538801825
1.0,4.832126799986206
