alpha,s
1.1460699572098156,0.0
1.1186484712248894,0.11698862313893309
1.0098835540041602,0.27919581475837024
1.139210909679379,0.5445815814605951
1.0594065669907464,0.9705789775460677
1.0,4.333579050706122
