alpha,s
0.15362334869435254,0.0
0.26181339961829525,1.2904109589041122
0.23511055176252396,2.3358904109589083
0.28902801174604087,4.19178082191781
0.7327267004004854,6.277260273972606
1.0,8.22739726027397
