alpha,s
1.0458230000098947,0.0
0.9613496794830558,0.18802172420490162
1.0574179638198142,0.4432966278721275
1.0760830018149317,0.7651402361976222
1.3772700501907043,1.3379827636304387
1.0,3.747065693276312
