alpha,s
0.9477838817189558,0.0
1.0277794379949472,0.11449808087685973
1.0574579140027813,0.27302356636257824
0.9544812029905162,0.5109288283420649
1.1264633251700646,1.0007715279386813
1.0,3.2361550812915514
