alpha,s
0.984260653976664,0.0
1.1555614615309824,0.12089960918054991
1.0957785463737097,0.2633008650256416
1.0752057862322726,0.4853534603193784
0.981242662767664,0.9024184542238962
1.0,4.521032253800211
