alpha,s
1.4610667487409799,0.0
1.2790423642792779,0.051181875782125616
0.9206752942000876,0.14628011409844263
0.8743462881074837,0.36867321319562296
0.7868270317061374,0.8370925327810993
1.0,4.219838000948748
