alpha,s
1.009730373769023,0.0
1.1986799266083714,0.1207933119088727
1.246768732928446,0.2584706665631004
1.1725977587932492,0.46094778019891336
1.1494487567106828,0.8793986213876817
1.0,4.723335741612782
