alpha,s
1.1021337881942994,0.0
0.9788452672024887,0.10283408000108846
1.0663405188051793,0.25742394335662216
1.079962499126493,0.48156978544887236
1.448572191230275,0.8686493191868443
1.0,3.3507703652903693
