alpha,s
0.007343371745471558,0.0
0.04814992282259932,1.901917808219178
0.18122323701214255,2.8931506849315083
0.10336295894558137,3.74246575342466
0.7723461998143792,6.577534246575344
1.0,9.4986301369863
