alpha,s
0.550634865279906,0.0
1.0301077999932284,0.1275964069065903
0.7918117663287636,0.2512699456306832
1.0577475040786288,0.5318827888979812
1.0677049658418905,0.9038690985113328
1.0,2.5578789966339794
