alpha,s
1.0357238443640735,0.0
1.1279089400014932,0.1178571093095505
1.2743974613736595,0.27287771085862
1.0871889248754605,0.479954759913629
1.4697831319106731,0.9291205181254965
1.0,3.448334218039554
