alpha,s
0.4866979326845069,0.0
0.6968562266467438,0.1060226042241053
0.5397738617262055,0.2297564203411723
0.9604879150950131,0.5217097936065386
0.9680637637426982,0.8877877753386658
1.0,3.0840085317306314
