alpha,s
0.5788468274491609,0.0
0.5977110107969716,0.09533651742151561
0.6933335376258417,0.24958965267349015
0.9845327653431178,0.48336368336655
0.828631706782805,0.8340263638096698
1.0,3.748190172557414
