alpha,s
58.73443935706863,0.0
6.412187841151598,0.0037744159594159
3.17985910584146,0.0463898930185042
1.5362478476472787,0.16429655273509947
1.3904449213254046,0.5610476153192683
1.0,2.6806190068781315
