alpha,s
5.3985588155582604,0.0
2.5120580747055574,0.033719052579219456
1.7373666008193347,0.1245285472325692
1.7198925925441255,0.3179058954999696
1.2194014779328346,0.6419668171478055
1.0,4.540256284302601
