alpha,s
0.6843725329802162,0.0
0.9530373060346514,0.1175994049957875
0.9460228820260491,0.2550930937260052
0.8428308046078898,0.48374489870791754
0.9858369897893202,0.9933999936612224
1.0,4.458280396015363
