alpha,s
1.137453959820026,0.0
1.0340411468222828,0.055000302530562
0.8533853129469954,0.17929680720554927
0.8755615555169864,0.4579853492261379
1.4372719714929252,0.9678789720526633
1.0,3.5496932208328644
