alpha,s
0.2596233114406853,0.0
0.5578935956281562,0.1191557591192567
0.5845825883530714,0.2423620997996729
0.7341910256856556,0.47861386986014354
1.1333119438012327,0.93018466651151
1.0,3.63829551402941
