alpha,s
0.08941951987536369,0.0
0.11595934247890913,1.3041095890411
0.17155048940139317,2.48767123287671
0.22579283703864036,3.7424657534246615
0.3919267815682563,6.14794520547945
1.0,8.22739726027397
