alpha,s
1.1568702444174208,0.0
1.2836937190551154,0.06944826374602452
0.976444619869142,0.17095423609919425
0.8879573329595551,0.3925751347970491
0.8370576886844054,0.8854056362390685
1.0,4.613456378286953
