alpha,s
1.3231154521851014,0.0
1.6689609725266508,0.057511162907336044
1.2905455035147986,0.13773992502805427
1.1332445866952503,0.3138576098026305
0.8469619111471633,0.7008665248575238
1.0,3.9999436307929206
