alpha,s
12.261857772497482,0.0
2.0590869813606214,0.00401478563665482
1.6725823627728538,0.054431759213727705
0.9900782913772521,0.17612130401952855
1.5109445405650364,0.6556386790013078
1.0,4.125182163700378
