alpha,s
3.1415669172663105,0.0
1.5730088669676818,0.0364128446532506
1.8004481926312488,0.143893782527181
0.8285996086783775,0.283584107466607
0.9324224648282957,0.8433129188037979
1.0,3.943608578259452
