alpha,s
0.01029492621301405,0.0
0.14354757430512224,1.82739726027397
0.09857589459485953,2.28219178082192
0.19586719529347507,3.7232876712328813
0.28162534153987673,5.58904109589041
1.0,9.4986301369863
