alpha,s
0.05604734813391684,0.0
0.06151914760772997,1.3041095890411
0.1512492326001586,3.04109589041096
0.241520885866613,4.123287671232881
0.3187504008472644,5.85479452054795
1.0,9.4986301369863
