alpha,s
3.34914220102762,0.0
1.2786592505711698,0.0403367214307466
1.6423268702694938,0.1856867232145784
1.1720148600358915,0.35784706168656216
0.8517112345468257,0.7854953161827702
1.0,4.342733187546769
