alpha,s
1.0220272337237533,0.0
1.106005287434692,0.12589627488704644
1.3891677982151243,0.28972575918463
0.9711007159344877,0.4781273383846632
1.3851908189241489,1.0104977032008424
1.0,4.748997594442947
