alpha,s
1.111081318984006,0.0
1.1527862728562015,0.11920476890677527
1.092700064286986,0.2756841648463385
1.1710836517285834,0.5203359355519018
1.0913378063997885,0.954263247405969
1.0,4.499652395964993
