alpha,s
3.306099632616797,0.0
1.6058261324980931,0.004223322375052202
1.0761864289962917,0.03987884422765864
1.0760068568303716,0.16311399945506422
0.9290763504322581,0.4653105041138641
1.0,4.339151757792542
