alpha,s
0.7594529052690987,0.0
0.8722008024984069,0.1038226978938322
0.8624561390824371,0.2373699360952227
0.8915335627600811,0.4629612071734314
0.8772298635729548,0.904999471557828
1.0,4.965872847645898
