alpha,s
0.573145264771583,0.0
0.6774458567811461,0.09613666553551803
0.8269837572183766,0.24571872666283737
0.8925100043812294,0.4853695412591469
1.037796891251976,0.9016601234524658
1.0,2.187696486626868
