alpha,s
16.450964031915586,0.0
3.9006563534245093,0.007964491252015623
1.8450007498986858,0.053053230738884134
1.7161059763042033,0.19632843796123742
1.0752672777289034,0.48917934888063025
1.0,4.985617281927788
