alpha,s
1.2321745070315802,0.0
0.999633731246128,0.1010918768507217
1.0247193008938167,0.2667738305913881
1.0079560675984287,0.514461490637787
0.9107747582196647,0.9820276748078784
1.0,4.01769088828736
