alpha,s
4.1571500480848895,0.0
1.6908366981790648,0.0041749577961648
1.2143205220351216,0.0398051314700926
1.1800639621669173,0.1538414640684623
0.97531322733293,0.4449173819984051
1.0,4.059856593635014
