alpha,s
1.11979926444192,0.0
1.033002217060615,0.16963844935869485
0.963207298751149,0.40609162792943587
1.0536322654715073,0.7598674945552657
1.0705003874614432,1.3008125285432632
1.0,4.66233956688465
