alpha,s
0.8046637685856405,0.0
1.0023381316260864,0.14608485321301354
1.334527242370029,0.3024495911191319
0.9622053940351266,0.47994383284318465
0.9099138536626514,0.9219693377909975
1.0,3.950410895803898
