alpha,s
0.3089158903165804,0.0
0.9495393250977523,0.1348125675765451
0.508698919593803,0.2421832300553116
0.7728776365410333,0.5570987708529855
0.7083819584516876,1.0632192354645038
1.0,4.167675151984054
