alpha,s
0.9062808163488376,0.0
1.0153670998829327,0.12866109649910895
0.990247907445381,0.28356274457030506
1.0470931584627095,0.5252625213098109
0.9035790821937076,0.9516949263724906
1.0,4.85202149170332
