alpha,s
3.644774001897688,0.0
3.2180619736378473,0.057511162907336044
2.061053435106903,0.13773992502805427
1.5740263810560888,0.3138576098026305
1.064001971560581,0.7008665248575238
1.0,3.9999436307929206
