alpha,s
3.0911176890353183,0.0
1.4491659031988753,0.004411705613860543
1.09548582742677,0.04358833136336215
1.100246166434234,0.16752221493044933
1.050922909977073,0.47468320332315267
1.0,4.373828548355298
