alpha,s
0.005277829314108896,0.0
0.07663833446508328,1.978630136986298
0.12824295669127717,3.01095890410959
0.13380449945103448,3.82739726027397
0.44305583116604563,6.344109589041098
1.0,9.4986301369863
