alpha,s
0.9263462952441043,0.0
0.9457156537573317,0.20123296633070945
1.063211275797952,0.45389337868665414
1.2802282093795398,0.7767858414189225
0.9514827834749043,1.2292599929461003
1.0,3.914733177456958
