alpha,s
1.0120023457932363,0.0
0.7826519973035544,0.05301295614490216
0.7980710912067696,0.1724292870152995
0.6949151366362529,0.38495679921054243
0.5744988832604753,0.8527095462671574
1.0,5.078629017700606
