alpha,s
0.6903720279016337,0.0
1.2175523139847224,0.10840140463354228
1.1928198035583533,0.2208242960137938
1.0345779468499132,0.40704806775063107
1.10006528858467,0.8540230775399751
1.0,4.149091221814122
