alpha,s
0.5562294012416705,0.0
0.7815647296237974,0.13224725384146627
1.0542225325301302,0.30852418715316876
1.031876516814761,0.5428521705315692
1.1866374331972638,0.97290739570641
1.0,2.901056845455807
