alpha,s
0.48608917608724844,0.0
0.6418282426903638,0.05758353713362277
1.1182701661349088,0.1931157061281462
0.8880112796947317,0.3599782993531735
0.8759218941947646,0.7365733100654981
1.0,3.84463603361729
