alpha,s
1.1789262740785487,0.0
1.0014203146147336,0.16427364645012224
1.1531518391838653,0.4107508570158108
1.0557307476225117,0.7140987192902537
1.1012271291368643,1.2591209869778994
1.0,5.448073033572508
