alpha,s
0.04979993557900069,0.0
0.17168617433232977,1.922739726027394
0.20543499278891905,3.01095890410959
0.15036629093835618,3.6361643835616477
0.6505220857524194,6.212602739726029
1.0,9.4986301369863
