alpha,s
0.39450147121302165,0.0
0.4908475826285599,0.0691219519120528
0.9473953859917934,0.2017264994354938
0.5899960146859096,0.3419033530647414
0.43361992138755384,0.7693560994642086
1.0,4.176017535406485
