alpha,s
35.25862131060329,0.0
5.234665298810019,0.004070502003609661
2.2688405583853917,0.04115897468383446
1.602447749908448,0.16653092925286528
1.228122263480832,0.5054530692041305
1.0,4.343476413502546
