alpha,s
0.018164183059581153,0.0
0.030960192523228538,1.23561643835616
0.054631748000558734,2.4104109589041123
0.09406225973744942,4.23232876712329
0.3247531527811396,6.26301369863014
1.0,9.4986301369863
