alpha,s
0.08936234822252075,0.0
0.13257724968727932,1.038356164383564
0.08862402715475812,1.9605479452054788
0.15264512032043395,4.2027397260274
0.38231560602706927,6.020821917808222
1.0,9.4986301369863
