alpha,s
1.0449203249659689,0.0
1.0433171459956256,0.11319476204691206
1.0926342790358172,0.26817145948305016
1.0908192725892911,0.49302750921313393
1.0601527983021395,0.9173317683005044
1.0,4.21404499478235
