alpha,s
1.7083249707464194,0.0
1.6479158609282174,0.05555352030279258
1.1631850738137135,0.14675596815812747
1.2684008171919183,0.34994973162142523
1.2332074442280307,0.7498772779578474
1.0,3.034540826800277
