alpha,s
3.7832808132948337,0.0
1.742641365687794,0.04070017526774482
1.1191981741230865,0.154320019207761
1.4226188272075257,0.41496948803034883
0.8443940866706607,0.78601098178634
1.0,4.380928959356072
