alpha,s
0.512447101820898,0.0
0.6200069551263913,0.1198867919054986
0.7529377315933286,0.2703611527129792
0.8663227958923615,0.5026856879513915
0.9505354344457961,0.9296096956052394
1.0,3.675679534208568
