alpha,s
0.44328382867805005,0.0
0.5636294145787433,0.11164904189365582
0.7249538870642724,0.2710680715842037
0.9658204821582749,0.4940156206930018
1.2437320790389026,0.8686763212795078
1.0,3.170724175779048
