alpha,s
0.7825344280630933,0.0
0.8926526355892483,0.1561765191772096
1.0963326511685958,0.35063121714796514
1.0635820657666666,0.5789166876775556
0.7577424191528863,1.0358714159625029
1.0,5.556764277729453
