alpha,s
1.5541831228911216,0.0
1.2713764429798924,0.1317830228844222
1.1373268135709311,0.3330510572176654
0.9627286928548491,0.6480395096380814
1.1181369203070985,1.2970950547679223
1.0,4.1026706072057655
