alpha,s
18.226522484864866,0.0
2.6009048163240127,0.0046472743599439
1.8344731201407423,0.0561150928599776
1.458180880373885,0.1759547366664026
1.2273176674341553,0.4771476288449929
1.0,2.5640548567302326
