alpha,s
14.048323230084963,0.0
4.162320537335947,0.00911859905805628
2.05779937589675,0.051344518338278564
1.6553754683663657,0.18255255710733673
1.1338889919144834,0.4928545605956517
1.0,5.417777165788888
