alpha,s
1.6879417346771322,0.0
1.1160187016998355,0.04116472312647044
1.065583070493968,0.15239259622099477
0.7230100002562897,0.35824062199273404
1.1547452669791063,0.9463375735200205
1.0,3.683181649191428
