alpha,s
14.118712754956045,0.0
3.604339637185032,0.00976261539537296
2.119551495378005,0.06228284013543712
1.5132076088065953,0.19473608562947425
1.1588529615171197,0.5278338876722198
1.0,4.66665240301618
