alpha,s
10.0585051274591,0.0
2.2293666303206,0.0037744159594159
1.6143902609692204,0.0463898930185042
1.0175509857187572,0.16429655273509947
1.2543928928985908,0.5610476153192683
1.0,2.6806190068781315
