alpha,s
2.49175534781667,0.0
1.9660692324089437,0.0043724875410765
1.2145691107153807,0.0298017551179063
1.4342135794088102,0.1367814330633029
1.1816941186085594,0.372377228923914
1.0,3.3709818760130337
