alpha,s
36.05920257755894,0.0
4.392217739122659,0.0036242329125380215
2.9248980621073994,0.042956761048548425
1.4115985911391962,0.1330538252103282
1.3810269780898785,0.49581719497981347
1.0,4.437751881640626
