alpha,s
0.8066129411242261,0.0
1.2950217464727756,0.13220695584620543
1.147296762140907,0.2622291842882472
1.1315903159478107,0.4754106510614337
1.2690391237305403,0.9036470587843143
1.0,3.6167259262696816
