alpha,s
0.947182304140079,0.0
1.2252445835416996,0.1373243964018603
1.0672802914621857,0.2792019352283817
1.3676329072426323,0.5346709479331045
1.187323860052056,0.8863091625531695
1.0,3.196028112464333
