alpha,s
1.3295331236769856,0.0
1.1211884633993614,0.04333833846375482
1.1269970382564227,0.1291939496375181
0.9569464264892025,0.2812857815038762
0.9920085052479944,0.6648818956256056
1.0,4.440993826834281
