alpha,s
0.4412438559955322,0.0
0.6048786560632657,0.13335515122506708
0.7856945710251366,0.2898100381825537
0.7864644495029862,0.5029067127181176
1.1253833346075537,0.9724981542871018
1.0,4.14150984750306
