alpha,s
0.3445043503211406,0.0
0.43404486175491447,0.11747838529895506
0.5883429396959393,0.2821580595434508
0.738796287216373,0.5062656049910564
0.9430750413182674,0.9628561384897615
1.0,2.944326162085918
