alpha,s
24.29451062014378,0.0
3.876237419294956,0.005178614184949902
2.5747259510326272,0.051547859078069004
1.7581899114842519,0.15732431888517417
1.1924547787173174,0.4361581978128916
1.0,3.51930135187317
