alpha,s
37.51588521414449,0.0
5.0141455477020695,0.0036907403769321214
2.159706695120044,0.0399452712279014
1.5675024697061206,0.1693506737971961
1.1776970644675133,0.49645619873165026
1.0,3.661145766158557
