alpha,s
0.009956679291494958,0.0
0.11057059988129392,2.014794520547948
0.05762464431827771,2.4482191780821925
0.12188200731053861,4.2027397260274
0.3775584686934235,6.14794520547945
1.0,8.16438356164384
