alpha,s
2.290542890012331,0.0
1.3743882000766254,0.004919395870771461
1.0017211789847382,0.04390719451112511
1.043084377494832,0.16958334286716717
0.9774744320903886,0.47213172229929956
1.0,2.992318142422081
