alpha,s
0.057818489921080185,0.0
0.32606440040705337,1.95342465753425
0.11397886778550993,2.3704109589041122
0.5490473547974145,4.196164383561646
0.49119305030796157,5.0958904109589
1.0,8.22739726027397
