alpha,s
1.3130017073916471,0.0
1.1697450277924604,0.07356814876103795
1.2773000028351782,0.1939047625014413
1.263074977701911,0.3762048988615901
1.4767402999695685,0.7251228621000861
1.0,2.58529598448064
