alpha,s
1.04167433597843,0.0
1.0413652636202033,0.1254963167217466
1.0892067073992047,0.2927468794254877
1.072649735117892,0.5355425734486546
1.1979237865047598,0.9976801590772412
1.0,3.93632707208606
