alpha,s
2.5859436736732895,0.0
1.5709598432608847,0.04384010344838954
1.1574360126276804,0.14583535970200345
1.2991633662237008,0.37488188628075747
1.0364246951028642,0.7767840710959858
1.0,2.819874755923508
