alpha,s
2.0311439063222427,0.0
0.7624706784424959,0.018802103503867823
0.6116679177218884,0.13688043546972084
1.0369732421015252,0.45123228248542
1.1050627934160073,0.8193567477659529
1.0,2.2361019121811787
