alpha,s
4.778883302590083,0.0
2.808300796101969,0.038297013535808506
1.3917253276559989,0.12259576291462956
1.885259884436678,0.362850066798445
1.7181158791687297,0.6749804749604333
1.0,3.382350380038776
