alpha,s
0.019659820056291036,0.0
0.16114664181831673,1.95342465753425
0.07462013535132324,2.307397260273976
0.3329278725968423,3.786301369863012
0.3900050274911732,4.823561643835617
1.0,8.16438356164384
