alpha,s
0.023458902363134065,0.0
0.06802374975587107,2.16712328767123
0.07581129056239205,3.101917808219176
0.19305699961476622,5.0958904109589
0.7385875023377014,7.07397260273973
1.0,8.22739726027397
