alpha,s
0.8974557818661337,0.0
0.9714212322153696,0.10557802819416685
1.0617729094506076,0.25563073332533187
0.9955161521191335,0.47371805309119963
0.9783888880625631,0.9297501014415204
1.0,4.128661820926343
