alpha,s
0.0412872480852132,0.0
0.2259093354838586,2.23013698630137
0.1817814823908637,3.04109589041096
0.7222919696089439,3.810410958904108
0.36203858681439216,4.39452054794521
1.0,7.16986301369863
