alpha,s
0.862872178639079,0.0
0.6684118968574617,0.09992221608544953
0.8195002565861658,0.29243378927026203
0.7988634247321444,0.5513836919761188
0.8535379026625731,1.0055094593188505
1.0,2.829104964099333
