alpha,s
0.0007412171686190309,0.0
0.004365205709545179,1.9917808219178061
0.02324661006972641,3.491506849315067
0.0462443924239756,4.39452054794521
0.31246254059932227,6.107397260273971
1.0,8.22739726027397
