alpha,s
1.7796221611148888,0.0
0.8652390500771766,0.0403367214307466
1.2613812864440705,0.1856867232145784
0.9527215726444143,0.35784706168656216
0.7128983576667718,0.7854953161827702
1.0,4.342733187546769
