alpha,s
0.017496321124019474,0.0
0.09526262869770283,1.82739726027397
0.04409603211824429,2.29315068493151
0.1492531657218305,4.279452054794525
0.645414489995901,6.277260273972606
1.0,9.4986301369863
