alpha,s
0.9746403601083448,0.0
1.0334664435363958,0.13181758155258835
0.8911523568418456,0.3042736771954034
0.9853319864045612,0.6024487392547363
1.2123570774546086,1.1216864262478747
1.0,3.821617164738266
