alpha,s
0.27831244974020175,0.0
0.4457905939804813,0.1047340050177333
0.5889806773081954,0.2426152774519884
0.6796969782233612,0.4531909105321115
0.7826465523384067,0.8853167029318313
1.0,4.604984397275785
