alpha,s
1.0378331797336928,0.0
0.7228781352494326,0.0439868869797237
1.4389763022662658,0.1904929333439743
0.9392351852861799,0.32377418953060566
2.0579463529988167,0.7798350780767278
1.0,1.7902909523304438
