alpha,s
1.0630746665244595,0.0
1.1476288548555171,0.12570597369178274
1.0373511810305476,0.27718199820449874
0.9867452623522405,0.5323741073892952
1.053359254037732,1.0331374784977678
1.0,4.660953792898208
