alpha,s
1.1361462845467005,0.0
0.9118290598674819,0.1659486695750385
1.0817322264469944,0.4310147349244163
1.078100079213241,0.7429688738297446
1.0227851431180908,1.264442178209389
1.0,5.1727808029006015
