alpha,s
0.2712443431635055,0.0
0.4956402282445911,0.11540520992304716
0.8638846866513092,0.26985575317218136
0.9509815112036144,0.448392202900843
1.159032571413109,0.859568959651252
1.0,3.404904994946825
