alpha,s
1.224066930468041,0.0
1.0306273609268553,0.1080644554443638
1.1551193332146088,0.2822461944844544
1.297335249602262,0.5144312049116492
0.974479701732842,0.8923633900024527
1.0,5.155223229532922
