alpha,s
0.6820275182353845,0.0
0.8163265227702176,0.12824955783618852
0.830678420144328,0.28628585936469314
0.9387363647758388,0.5293713965209994
0.8842650878754569,0.9796236053044793
1.0,4.247794189553562
