alpha,s
0.05644733442336074,0.0
0.2492446558856677,1.82739726027397
0.13241425697671044,2.23013698630137
0.48596715367425664,3.804383561643841
0.28687148619969743,4.6635616438356156
1.0,9.4986301369863
