alpha,s
1.0785542138690853,0.0
1.0889798555186474,0.11946826089888643
0.9371728249026098,0.28136817842108497
1.1342313364644665,0.5680177876834543
1.0199335343176799,0.9818793359685062
1.0,3.962066157674238
