alpha,s
2.216970933253299,0.0
1.5948602848418785,0.0606454588042959
1.2011657575671653,0.17301480126157326
1.4364380696800718,0.407182115789538
1.1169018853842652,0.765409015272276
1.0,3.573594736231
