alpha,s
1.8249570445899064,0.0
1.8954008875070014,0.11200379752896064
1.481123071153063,0.24777051239268852
1.5052415803035386,0.49240377757315335
1.3797166202930253,0.8921689922563675
1.0,4.642399142313996
