alpha,s
1.006089049038696,0.0
1.0605076115525314,0.1895890394831142
1.0234911979359718,0.4186260849181543
1.0397278729160262,0.7493529615694128
1.090870670228805,1.2978476592951826
1.0,4.830995432592109
