alpha,s
0.8592768466769304,0.0
0.7330091988162122,0.12173541122358253
2.2655479122097946,0.3457854851699085
1.0814269812280917,0.455324854600026
1.8197015306428201,0.9086227916730224
1.0,2.4445612280235043
