alpha,s
0.41870133612886645,0.0
0.49576311630072134,0.1061583203686804
1.018411906177625,0.3332275653415388
0.5998452931839469,0.5127659746893191
0.8004153995746739,1.1713424155875802
1.0,3.446548969027486
