alpha,s
0.10892547400492181,0.0
0.1906026037907827,1.2630136986301361
0.2573256526746894,2.23013698630137
0.22708844546837162,3.28767123287671
0.6305426580092486,5.133698630136983
1.0,8.22739726027397
