alpha,s
1.152294673798222,0.0
1.0207444030469568,0.07104288851724988
1.1764234839493986,0.1907428466464056
0.9718251012692509,0.36670269876739037
1.1077864096842716,0.7859542488545121
1.0,3.9163602344612896
