alpha,s
3.628717697976231,0.0
1.3820729276856827,0.0054489950657716415
1.1135378809787486,0.05146200934853885
1.0508312100638408,0.17279712570760403
0.9018476926407457,0.49669032811271563
1.0,4.756840735553251
