alpha,s
0.498374225940541,0.0
0.7774459937860521,0.13361607787993
1.2793412083516351,0.2942459061699532
1.179062554602617,0.4730101697209546
0.9017229202295678,0.8616541659158897
1.0,3.4968719215852317
