alpha,s
1.7966552113390517,0.0
0.977313914820982,0.02394245128332292
0.9252067908477969,0.12299052373305201
0.8254211511468448,0.3122029888277015
1.0455363600000929,0.765711365046892
1.0,2.67016696223194
