alpha,s
1.3479102513979604,0.0
1.2954659749992559,0.04597500481875134
1.17426240042754,0.12560704977443796
1.0614265845262658,0.27979993325155106
0.9242350256191598,0.6448035530846415
1.0,5.133852311507657
