alpha,s
1.0079292724399256,0.0
0.9868798844519872,0.12566092866947734
1.1370933854955791,0.30184149137196453
1.1212652238574525,0.5319360649423541
1.39142295944984,0.9769640350553924
1.0,3.142840884667847
