alpha,s
1.0789523214944419,0.0
1.0548191496089276,0.13905143430588568
1.3966917876050293,0.3248209919041242
1.4816628724396688,0.5434732154502235
1.2969816088396446,0.9036008119288916
1.0,3.9519025643181545
