alpha,s
0.58396905439897,0.0
1.0019672263883206,0.07787479825924572
0.6260010170085288,0.1741630004527721
0.6820792164938664,0.43890069855537706
0.7601292507174922,0.9777510118161216
1.0,3.4880107189361613
