alpha,s
0.8952541584276381,0.0
1.0514908304503008,0.10239312737445594
0.9985508265701836,0.23808190472303017
1.0308614668982938,0.4729829579907119
1.056591682091977,0.900207665521088
1.0,4.005750283892204
