alpha,s
0.32664788059521394,0.0
0.7826193963682999,0.13079042331428184
0.7904192125554517,0.245818091571853
0.8243548377801291,0.4628596905024341
1.1110781607363795,0.989674981074929
1.0,3.2378578173983725
