alpha,s
0.3834893436829086,0.0
0.5821583613727036,0.10526650539606379
0.7670520744243209,0.2601275867001186
0.8933703480255099,0.4768968959051159
1.0674696212420052,0.9154157023358446
1.0,4.603325897818464
