alpha,s
0.5516259754449315,0.0
0.6273876713417522,0.1353635561240261
0.8024322400798605,0.316580849272
0.979917449954458,0.5568813222023612
0.6507327352648935,0.9511654183530142
1.0,5.186786594768238
