alpha,s
0.8818832539478026,0.0
1.0560041029261216,0.09502848412422063
0.9903035287833487,0.2414776089766243
0.7654840662082485,0.5060207479125098
1.7216766457022359,1.100589102542088
1.0,2.174545430253116
