alpha,s
0.5519658269768574,0.0
0.9329300919844662,0.08842395108391231
0.7579723425395474,0.19410590249162185
0.6366984293822494,0.42294893534536815
0.7297091616195536,1.0290888410159973
1.0,4.139524323747359
