alpha,s
1.3877025423512401,0.0
1.3291413859191117,0.0413389671071043
1.1000318532561384,0.1123387497311231
1.091966904529332,0.2725302070291161
0.9891955068090843,0.618696765731233
1.0,4.554968459531301
