alpha,s
1.4921353057254034,0.0
1.0317489019958583,0.03964068422408769
0.8549601344227201,0.13977213558797003
0.8681565763139238,0.3610917915886306
0.7784770524053314,0.7794222353453596
1.0,4.001580590775716
