alpha,s
0.032933947709162165,0.0
0.06997164453550803,1.9917808219178061
0.2169362059140423,3.491506849315067
0.18018931612991754,4.39452054794521
0.6301662850508891,6.107397260273971
1.0,8.22739726027397
