alpha,s
3.043981950912337,0.0
1.3756363171983566,0.0319258551816611
1.1420056296146646,0.1374827053202524
0.8217186621547821,0.3497851429809182
1.1646161662902559,0.9423139751362486
1.0,2.7900943385342085
