alpha,s
1.0166286179659734,0.0
1.036708551104345,0.11411441449926554
1.0046246294124161,0.2667074550129663
1.0079795226596826,0.5003312079887197
1.1041915706421708,0.968278838228027
1.0,3.678798647140337
