alpha,s
22.977050666863608,0.0
3.565259411913479,0.0062752205231293
2.4751079050673104,0.061538347630632956
1.6923828162071926,0.18289296448158948
1.1977598914481842,0.4851416056283925
1.0,3.593678828013927
