alpha,s
4.191705176803633,0.0
1.4900937783367292,0.039618424561434884
1.6012681746426594,0.1843547567558208
0.9716477749631475,0.38586389857852166
1.3203026650923166,0.9663349795412357
1.0,4.0158099993527205
