alpha,s
0.6354613645645145,0.0
0.9036480662358364,0.090728821516771
0.6296464541014455,0.22108517203839978
1.0448789016514748,0.523047646926539
0.7908475727261625,0.9385766171487233
1.0,4.418889384440503
