alpha,s
1.014584800289165,0.0
1.2773988477303662,0.1284787922507682
0.9721817772805157,0.2706624418411544
1.0632649340918816,0.5497298843585561
1.0923714842784522,1.0354325896537044
1.0,3.8609474460247233
