alpha,s
0.26034448466142174,0.0
0.5336784160742314,0.12385030654917764
0.8142361914486473,0.278561688969134
0.7852092557664863,0.49347474606878566
1.1892211959369174,1.0080631134198406
1.0,3.309381013435481
