alpha,s
1.1266665281384818,0.0
1.1531054740764937,0.0827077779047779
1.083954419021001,0.2023844114342752
1.1297348552935758,0.4089177824164336
1.1751162269022921,0.788190980004164
1.0,4.313642214996325
