alpha,s
3.0067267215262796,0.0
1.6441502097863057,0.048425235347110865
1.0956247759832844,0.16231105310952115
1.5578155092749504,0.4183627317013284
1.308841500796446,0.764013900353387
1.0,4.168387418086945
