alpha,s
1.6991783714416469,0.0
1.6946694704595988,0.11920030532895598
1.4886890142387632,0.2734758714867076
1.1619882364212741,0.5194899157167272
1.243557543902843,1.056685806790837
1.0,4.158533550336978
