alpha,s
0.43384675837955045,0.0
0.5655361181188724,0.09383780493186472
0.5187411382823987,0.25925306970020995
0.6815433998522671,0.5750773628365429
0.9468247428371789,1.0680589903802284
1.0,3.7022238567374313
