alpha,s
0.7860465089858308,0.0
1.0641034796758524,0.1098197317952503
1.0920694183138588,0.2417981244164254
1.006094481836061,0.44870991062503013
0.892825710660833,0.8799011443635758
1.0,4.045100200487094
