alpha,s
5.3836033172519855,0.0
1.6179147216604821,0.007718704250690263
1.28323291363887,0.05767375486916574
1.083840395195658,0.17665698087103388
1.0036023318162712,0.4955197417730973
1.0,4.334504683605838
