alpha,s
1.0545199472338787,0.0
1.1304588713408759,0.12928466354447482
1.2386500435968577,0.2889019907336007
1.064799610454173,0.5058149738606965
1.0040188018800777,0.9540592691914557
1.0,5.413170608271854
