alpha,s
0.9334548721305425,0.0
1.128906113332308,0.14100646325887053
1.1553312056150016,0.2974480610599289
1.2133904156337172,0.5187159727173459
0.9561623587161066,0.9155966575774424
1.0,4.34561665295542
