alpha,s
0.9365537957215997,0.0
0.9481469300390899,0.1012484748062743
0.959617671433351,0.2547206692219244
0.8946636396129564,0.4975240056696053
1.0176413108764826,1.0021742210469835
1.0,3.806318760389209
