alpha,s
2.3814846842179147,0.0
1.3282112224479679,0.0681442652196414
0.6711905443534327,0.227381134544782
0.931230453636266,0.6764863534221364
1.1870673921424568,1.2578395223988792
1.0,2.9189157416349145
