alpha,s
0.2175459262109276,0.0
0.42576393592087264,0.11289629044194502
0.4993433531338518,0.27051571869487134
0.7724081876874465,0.5415067170498665
0.9990940869279792,0.9940579462983028
1.0,4.459507929100689
