alpha,s
0.004296762799337419,0.0
0.06838044080348864,2.02575342465753
0.06163220494210422,2.766575342465757
0.1700119086079962,4.2613698630137025
0.31658833796803376,6.26301369863014
1.0,9.4986301369863
