alpha,s
1.0178731380088986,0.0
1.0476885756645826,0.10751467937739956
0.9900424125042783,0.2550803138818745
1.3048024500460618,0.4987678751689915
1.2531096399626063,0.8669829155813962
1.0,3.163528096293956
