alpha,s
1.0731883223189587,0.0
1.2047563437915818,0.11270219824051958
1.2160498564128348,0.25135286072141844
1.1854318886036137,0.458645127778692
1.108687770385661,0.8555820123294137
1.0,4.364277412942912
