alpha,s
1.0676625820134353,0.0
0.8297682614393301,0.0969019409794701
0.9836962536431769,0.2845725454038981
0.9766276903349156,0.5312361759356172
0.9621106484115173,0.99983882887369
1.0,3.663313239936699
