alpha,s
5.359364109076568,0.0
2.302019024865853,0.007925421622046522
1.579292879894997,0.047754247548204676
1.1033298141525871,0.17055465125831998
1.3471604233287817,0.5471373601146525
1.0,3.8815655208443753
