alpha,s
1.9217147155392118,0.0
1.0712409649867025,0.0051175506297473005
0.7381806274680186,0.04524341530146886
0.910190145324751,0.19366325646303367
0.9483641383134893,0.5228431745441404
1.0,3.058985415592392
