alpha,s
0.9719103756615027,0.0
1.0201148326538292,0.19268493541699597
0.9936489781211005,0.4257258339195213
1.116121771187142,0.7595233294216455
1.108192523341621,1.2764402767109535
1.0,4.757910077042593
