alpha,s
3.380771296472507,0.0
1.9909237384595775,0.04810664324719048
1.4843508200084436,0.15461935606353353
1.675325265378023,0.35185333891815923
1.0725218573510482,0.6744087525326858
1.0,3.789521963153752
