alpha,s
0.04836845392912062,0.0
0.06656819951737071,2.16712328767123
0.24147477635723838,3.74246575342466
0.19029440290815933,4.600000000000001
0.8303585406300076,6.73972602739726
1.0,8.17808219178082
