alpha,s
1.976692795191683,0.0
1.7075296505846402,0.10617792220042552
1.6831185585079722,0.2600607532939751
1.578802449018377,0.48062571983225155
1.4988851630787845,0.8933198308404704
1.0,3.9183596899589626
