alpha,s
18.018865203427794,0.0
3.77821234505331,0.0077915480663787425
2.1587158821483907,0.05761911818109182
2.094415176604753,0.1838089569437817
1.140127536482313,0.4167500998462136
1.0,4.470434697868591
