alpha,s
0.005986536500999979,0.0
0.04087196744312784,2.186849315068494
0.050236869934122526,3.6115068493150666
0.6658252221265872,6.2915068493150725
0.4062927899048346,7.04383561643836
1.0,9.4986301369863
