alpha,s
38.09673354994539,0.0
4.5856430397144425,0.0037744159594159
2.468698010382183,0.0463898930185042
1.282397800571197,0.16429655273509947
1.2790512231625513,0.5610476153192683
1.0,2.6806190068781315
