alpha,s
0.004077036499024283,0.0
0.04439380861515036,2.232876712328768
0.0286801116381818,2.818082191780825
0.060215236306932034,4.196164383561646
0.06062295785940327,5.697534246575343
1.0,9.4986301369863
