alpha,s
25.96467517357644,0.0
3.19203400135058,0.0047333721307145195
1.7976151539581102,0.0562771548527309
1.4326142550425325,0.19443598527041644
0.9885282587499097,0.5122032094445391
1.0,3.904701708502882
