alpha,s
12.850251792763897,0.0
2.860043349525917,0.006412784204920043
2.014384292013664,0.04838702172514292
1.0385078073744265,0.15141040387644356
1.3586310994389719,0.5491650843270497
1.0,3.255191905262501
