alpha,s
3.0129943347473933,0.0
1.5055059084595641,0.044166100501257105
1.3798814904790024,0.16459822988405182
1.2098566080163695,0.35574200193292144
0.9467347519712241,0.785490952381506
1.0,5.13455402999264
