alpha,s
1.5885288288657828,0.0
1.8845444332475465,0.11210598685712142
1.4416967815845065,0.22795827526266313
1.05587764592873,0.43873868302003843
0.8691281177949243,0.955130539188425
1.0,3.2561663736883504
