alpha,s
0.699338383438943,0.0
0.6350972815454612,0.1547274316002848
0.7916919749853616,0.394538581730767
1.3026550665838674,0.7176468651032136
1.0572138844005965,1.096993315237873
1.0,3.1584712205516867
