alpha,s
0.00022528389590543868,0.0
0.004853237793422255,1.960000000000002
0.029394676263442134,3.039452054794522
0.096155614388625,4.407671232876712
0.5683653088890749,6.320000000000005
1.0,9.4986301369863
