alpha,s
0.021439832891051152,0.0
0.7265031132630343,1.95342465753425
0.08614647640267115,2.03561643835616
0.20104308397713125,3.74246575342466
0.4428947888831224,5.15890410958904
1.0,8.22739726027397
