alpha,s
17.800745495724083,0.0
2.6108651750093763,0.004180498094419142
1.5990625817309356,0.050015965241800325
1.2902080996988539,0.17579419174730515
1.1371108244708028,0.5100491130104803
1.0,3.683262664382828
