alpha,s
0.3732363492354036,0.0
0.6005878882772977,0.1109636461760583
0.8154092235300638,0.260368082340131
0.8359146704344136,0.46942912968315215
1.010403025090465,0.9305832877500956
1.0,3.5826815921772344
