alpha,s
1.0239954455279563,0.0
1.057674899940874,0.11534571149180395
1.149433270744226,0.26328007128399805
1.2488606553527826,0.47648884354789
1.171820986585231,0.8473283577566156
1.0,3.1446629402066177
