alpha,s
1.1847236545214237,0.0
1.162862908035527,0.1102896570415637
1.1052983176630504,0.2627232613222821
1.150826612320327,0.5061271229883896
0.9411462018818,0.9213716643447812
1.0,4.190145343609309
