alpha,s
2.2591903599399794,0.0
1.127045875900463,0.0033370795352726606
0.8066238317566409,0.03910690096052578
0.7877252044963765,0.1712492589295999
0.7610266674837375,0.5230872062741881
1.0,4.3027834174345765
