alpha,s
3.5450588423402283,0.0
1.9576369755517844,0.04428785385967971
1.5594060320677667,0.15110857993077337
1.8305566585498723,0.35436224758278434
1.122210087134444,0.6158281636433327
1.0,4.212611453393179
