alpha,s
1.993964291154262,0.0
2.028342327950217,0.1010034990186213
1.763712310233802,0.22735975209169235
1.6789603320152713,0.4357491660749839
1.2891794188197219,0.7962403728547846
1.0,4.673764695805421
