alpha,s
0.02232846324275234,0.0
0.07653339946198126,2.01917808219178
0.15623562453858517,3.01095890410959
0.13727442791392194,3.818630136986305
0.5572278667220055,6.349041095890412
1.0,9.4986301369863
