alpha,s
1.07029209881855,0.0
1.0056216860432825,0.18355921773344
1.0612786005043817,0.4338948118726278
1.0505870353394977,0.7640470799066966
1.4933120491283436,1.3568618739245413
1.0,3.35600818075826
