alpha,s
27.8030711398442,0.0
3.870758880413112,0.00264605335833064
1.6255756541198607,0.032219017653889084
1.3641962913835255,0.15283354694541065
1.1954007677145544,0.46022484095022753
1.0,3.126401106022233
