alpha,s
0.7767435685025124,0.0
0.7454222879429369,0.0929636255958641
0.6988794189111777,0.2324205106034145
0.9536905170362121,0.48079838247972895
1.0286170337111948,0.8863843668147213
1.0,3.801090409442119
