alpha,s
0.5810063982931724,0.0
0.6550594556313892,0.1160239175196066
0.7326205769251044,0.2828428790803602
0.8413312250814958,0.5213398899602495
0.9112498513709697,0.9617259150068633
1.0,4.111219046202068
