alpha,s
1.1616163674690605,0.0
1.127878828921773,0.0473245008491564
1.1856299078084973,0.134448455108736
1.351444822858047,0.28881302204520015
1.2555837770728653,0.5946856444792255
1.0,3.1789136057719616
