alpha,s
0.030543251239395094,0.0
0.05397378575087363,1.587397260273974
0.07767278003004449,2.9304109589041105
0.16248616598416432,4.705205479452055
0.3959066935083826,6.587397260273972
1.0,9.4986301369863
