alpha,s
1.9242815758346636,0.0
1.1684063784039922,0.0053219294748138
0.8708268640734177,0.04408329067232266
0.6955585639408225,0.18074826600549404
0.8263960735054876,0.6121907247543306
1.0,3.921122980353835
