alpha,s
2.4487532790190234,0.0
1.1854038154914461,0.005159033705071441
0.933403333700585,0.04782411783874357
0.9624820366232176,0.17406047903693886
0.8385736204676567,0.4929959609934738
1.0,5.690169633593705
