alpha,s
0.7913349556207817,0.0
1.1213205043791783,0.1210291468996917
0.9001454561286709,0.24935084685853523
0.890378776703223,0.5046377034247441
0.7776119944188805,0.9910359281548808
1.0,4.99533219377276
