alpha,s
0.6951926531202376,0.0
0.7035867780009596,0.10899136476929062
0.5968725412439148,0.2683098355925693
0.879849115701568,0.5911299759459478
0.9290591034866309,1.0353873684016996
1.0,4.277097010063101
