alpha,s
0.3260013099435799,0.0
0.5110984774978444,0.09810648121410104
0.6491507523337686,0.2525029172315228
0.7631421291188589,0.504152348100641
1.0783178679789662,0.9886376833358602
1.0,4.414350925792336
