alpha,s
0.3353791659728551,0.0
0.6010982431615868,0.10734950111197031
0.6160828539025037,0.2458618990710667
0.7785553245069381,0.5252718004201417
1.442503364389008,1.0441761531371951
1.0,2.6322530412169205
