alpha,s
0.045373669732432,0.0
0.08320751508998858,1.883287671232874
0.24465215829152298,3.74246575342466
0.1600832052740855,4.359452054794522
1.051822714966587,6.549041095890413
1.0,8.22739726027397
