alpha,s
0.21973016357483147,0.0
0.41191750838906593,0.1159007535192377
0.6212492688592676,0.2687775937423608
0.7190967563782975,0.4734068702079027
0.7797167016188263,0.8842793002568912
1.0,5.145283434041571
