alpha,s
0.2736299506137444,0.0
0.4595760594211311,0.12424535093673417
0.7178306183641241,0.3163344802717159
1.0022327424819466,0.5624083265069354
1.3527408001415804,0.9690397903934003
1.0,3.438384707107348
