alpha,s
0.939303042884894,0.0
0.8996130073742821,0.11406797400202175
0.925552355479507,0.29076798826481637
1.0440641936437787,0.5564210436730587
0.9321261946794742,1.0151653751388878
1.0,4.675725452755417
