alpha,s
0.9850461377328871,0.0
1.1015284863705186,0.0669843913315009
0.8111923923786092,0.1631091354048533
1.3145466351000623,0.4030180281850773
1.051272585944518,0.6961279130361354
1.0,4.116947367365487
