alpha,s
6.227375468242119,0.0
2.5501139357575684,0.007925421622046522
1.7168078980894244,0.047754247548204676
1.1812079352951026,0.17055465125831998
1.4242419889446827,0.5471373601146525
1.0,3.8815655208443753
