alpha,s
0.08939584982577975,0.0
0.22012680414747704,0.10899136476929062
0.28525806801590137,0.2683098355925693
0.5352078830361775,0.5911299759459478
0.6669296919475769,1.0353873684016996
1.0,4.277097010063101
