alpha,s
1.1776944092965762,0.0
1.2758176136604398,0.0818530725066425
1.1808919909092208,0.1944023999304328
1.5913163706362554,0.38623344743275234
1.1169083591781817,0.6635482724438181
1.0,3.572444934558269
