alpha,s
0.6716589565096087,0.0
0.6095757572865292,0.13016257993551805
0.7823973106959712,0.3560907641854674
1.0141570957796957,0.6616257206364058
1.4406167323674073,1.0884317195743998
1.0,2.746100755228333
