alpha,s
33.91476443743526,0.0
5.289799441689358,0.004303518575061541
2.168807768935556,0.04117562162134874
1.475006322088204,0.17411840487621197
1.3779231111085497,0.5292183257566782
1.0,3.418997669807902
