alpha,s
0.9395671227056792,0.0
0.8872418276102441,0.0678546654028168
0.8025893903973493,0.1920391657494545
0.7371551446081799,0.417715905423191
0.7550313741901733,0.9449703344307381
1.0,4.281188931757658
