alpha,s
1.1061712682205274,0.0
1.431784055297534,0.07592005039929466
1.1963926639958897,0.16492617482556346
1.357406650979582,0.3385967923308624
1.3018952417987542,0.6595907222004086
1.0,4.052943153723545
