alpha,s
1.3881917872357197,0.0
1.2218147599758986,0.09350394689651112
1.2370488385783245,0.23506906447026754
0.9581899984024492,0.4427203358762032
1.0540282536351129,0.9453882126691667
1.0,5.206238475187355
