alpha,s
0.7523030707416937,0.0
0.667832599899648,0.0880327101718239
0.9514319685938538,0.2784765166039832
1.0380820763784102,0.5101145422682729
1.1505172123102774,0.9396042852882356
1.0,2.9655686422300005
