alpha,s
0.961810207905413,0.0
1.0434840898430928,0.11555996941686278
0.9881641776044552,0.2599131063628011
0.7990281308358725,0.49298486770013267
0.9035189064135117,1.0267202716195192
1.0,3.977802157470789
