alpha,s
0.8639788541555281,0.0
0.7836673372024401,0.09305802675608905
0.834831307505583,0.24721459548211142
1.0248490503023768,0.48020651679541926
0.8556857529690876,0.8633011682262045
1.0,4.640130843602332
