alpha,s
5.089063981614533,0.0
2.4888850227536286,0.030835271273028278
2.2654272378740354,0.11210530219980745
1.6579020748303175,0.24976543687734382
1.0967865750541854,0.5597024593942066
1.0,3.7218382374915335
