alpha,s
1.1939114776119848,0.0
1.3158397171989884,0.11270219824051958
1.3021799924887145,0.25135286072141844
1.2425724971488996,0.458645127778692
1.1382814850728773,0.8555820123294137
1.0,4.364277412942912
