alpha,s
1.1972929175185572,0.0
1.1966714603823445,0.10751467937739956
1.0899916979548854,0.2550803138818745
1.382038239216526,0.4987678751689915
1.2748100121696169,0.8669829155813962
1.0,3.163528096293956
