alpha,s
0.9567834160090923,0.0
0.8489079096898807,0.05360889881880571
0.8265047798105226,0.18382855715050417
0.7061562504929186,0.4102339006404755
0.8332195979804631,0.9361081113040453
1.0,3.294117950676512
