alpha,s
0.6557042167631545,0.0
1.2745854367554645,0.09616065318914627
0.8061405687143296,0.18209431093983236
0.5828543616886763,0.38747424926063806
0.5441422044074197,0.9468605257773285
1.0,3.3389424631436397
