alpha,s
2.272687539499798,0.0
1.3278302230051375,0.03617075989533765
1.5558829158117737,0.13941192424804974
1.2626966911842286,0.29169551973560687
1.4397439798853955,0.6561812579368016
1.0,2.3115130505410466
