alpha,s
0.06990980383951581,0.0
0.1182804460751042,2.00712328767123
0.39728593522286487,3.82739726027397
0.2907942737432648,4.407671232876712
1.800601874193388,6.10739726027397
1.0,8.03561643835616
