alpha,s
0.2118226962724324,0.0
0.46244423046128874,0.12824955783618852
0.6065940153847164,0.28628585936469314
0.8391057653794395,0.5293713965209994
0.9228899410896215,0.9796236053044793
1.0,4.247794189553562
