alpha,s
1.0556979675749583,0.0
1.2702628914642908,0.045517177938882
1.1657246823823788,0.1122299238619463
0.9876847609663462,0.25017852386335926
0.9824216701003181,0.5890713311331549
1.0,3.386775032055092
