alpha,s
0.0066527303326258105,0.0
0.03462701268951532,1.6887671232876706
0.04077151085284445,2.438356164383562
0.07095865681353354,3.809315068493148
0.2723007583748055,6.35890410958904
1.0,8.16438356164384
