alpha,s
1.0733538818118953,0.0
1.2315434390958384,0.07799138060235347
1.4112852654302088,0.17923836633634438
1.0806442890971981,0.32628652398648594
0.9561618411984405,0.6898248945981034
1.0,3.51847304148912
