alpha,s
2.8405876729793835,0.0
1.408343612834984,0.04070017526774482
0.9549594475763916,0.154320019207761
1.285095101893965,0.41496948803034883
0.780585569929282,0.78601098178634
1.0,4.380928959356072
