alpha,s
0.023271579483787695,0.0
0.08139989243754434,2.7753424657534267
0.08158717407533395,4.17260273972603
0.34509265161306807,6.14794520547945
0.308244239692957,7.04383561643836
1.0,9.4986301369863
