alpha,s
0.0003228606026125706,0.0
0.004366456423511323,2.7753424657534267
0.019786427688572247,4.17260273972603
0.1842367289510645,6.14794520547945
0.27880566121528877,7.04383561643836
1.0,9.4986301369863
