alpha,s
0.191677337734173,0.0
0.32406657189499616,1.038356164383564
0.19829435019993463,1.9605479452054788
0.3057413241459066,4.2027397260274
0.8151016043607946,6.020821917808222
1.0,9.4986301369863
