alpha,s
0.0418723159887332,0.0
0.06764736620125379,2.012602739726026
0.19806148537313648,4.12328767123288
0.31059990335185267,5.15890410958904
0.5093761154654042,6.33424657534247
1.0,9.4986301369863
