alpha,s
0.8684488890491918,0.0
0.8843069796826482,0.052677215693820945
1.1000307709882398,0.1487686854512041
1.1712625280285212,0.3125504410212644
1.0905403955338293,0.6642236392454008
1.0,3.6735549360440873
