alpha,s
4.912020289160894,0.0
2.6452409728516355,0.0374861836575017
1.441648157115216,0.1261723470057485
1.6378901601845464,0.3582416318492281
1.2855855383192871,0.7071066491705984
1.0,4.885286964295417
