alpha,s
19.91746671642844,0.0
2.97275416809681,0.002909037591462281
1.7068914489350244,0.038322322111087125
1.2636178916147478,0.14578144820300928
0.9785516740151072,0.4485409204546227
1.0,3.6595089084927857
