alpha,s
1.2693900403911216,0.0
1.363417409380761,0.07140966011145465
1.0907598613139142,0.17092339174303717
0.9609693120895018,0.37313215952728507
1.023692855202176,0.8176368787309107
1.0,5.383276579943308
