alpha,s
1.000915354487868,0.0
1.4717208259239645,0.11003791213745168
0.8386837555466096,0.21075956768364282
0.9631742404708841,0.48156924202274665
0.9852534062918958,0.9492814820626853
1.0,3.3026043867897235
