alpha,s
0.04566346499952001,0.0
0.08836645171061028,1.96712328767123
0.06465576650443933,3.10684931506849
0.20365449510942582,5.58904109589041
0.4342353195785748,7.04383561643836
1.0,9.4986301369863
