alpha,s
0.9355383934659746,0.0
0.9361532563834848,0.05227104362087877
0.8871423809297101,0.14852822724464979
1.285333841164952,0.33643960325259487
1.041508138046652,0.6376651789928125
1.0,2.7551698110801586
