alpha,s
0.023595695834697762,0.0
0.10906649103409714,1.82739726027397
0.07141348822081016,2.290958904109592
0.12471804916176689,4.13315068493151
0.6237089142816259,6.349041095890412
1.0,9.4986301369863
