alpha,s
0.40402082735966677,0.0
0.7054176265944033,0.14950435216473668
0.6095180574137623,0.296877092287225
1.0269195605427552,0.5948628463347353
0.9830749671562813,0.94508908555504
1.0,3.1848913427845056
