alpha,s
0.6749354389894782,0.0
0.8232436589266978,0.1010034990186213
0.8824124154508968,0.22735975209169235
1.052716034282112,0.4357491660749839
0.9903864829618201,0.7962403728547846
1.0,4.673764695805421
