alpha,s
3.824804282618999,0.0
1.5458341366528527,0.004591198092164001
1.0456526078430632,0.04575438741153462
1.1240085921693257,0.18439169888087492
1.0300477326150388,0.49366663494597923
1.0,3.894964920532213
