alpha,s
1.1872885075823918,0.0
0.9997854816314368,0.0524252366559108
1.002321462879447,0.1524851464477985
1.0748308001091915,0.33264705787444787
0.9116645676201431,0.6861940013245483
1.0,5.663964062458702
