alpha,s
0.24139580864379614,0.0
0.4762601648036127,0.12641630831801565
0.5750722740795111,0.2891337900823364
0.7399929761534163,0.5584690479775063
0.9640262918043196,1.0496892190266134
1.0,3.6336114227822023
