alpha,s
0.3509100390417291,0.0
0.44805662744272123,0.08261619275290301
0.7443200945082787,0.2405173776718903
0.8387195640540379,0.4383834775129465
0.9825324946432445,0.8825474451681085
1.0,3.2512120407986487
