alpha,s
0.3701320007417895,0.0
0.8158529598574459,0.10692074827488594
0.7424964498114542,0.2146070279358668
0.9768595380854973,0.4630201845790892
1.431505146735647,0.9154358024748299
1.0,3.55432385605462
