alpha,s
1.4577709860822912,0.0
1.496000221222753,0.09363061295326078
1.1252600107885402,0.21272682500785864
0.830555191963734,0.44520520602792274
1.2256828791962013,1.0252462518814187
1.0,3.155722726049724
