alpha,s
1.412332421229505,0.0
1.0458639264444423,0.09673530487634985
1.2202355488364756,0.2751957124761496
0.9892561528094694,0.4997576881778018
1.0625851620383968,1.0293024163608675
1.0,4.238640553272335
