alpha,s
1.2039684342382384,0.0
1.5655658148246754,0.1098794101620942
1.1435601894479481,0.2216479026356275
0.9208791585304055,0.44882330544639487
1.2154948709428823,0.9854820183300752
1.0,4.001974088348325
