alpha,s
0.6150297641588856,0.0
0.6663292773795816,0.12290028971306194
0.5759260352039651,0.3190922838515953
0.8601565593994215,0.7007305383189031
1.7024198679847895,1.1892145901594746
1.0,2.9559209519609277
