alpha,s
0.6780047912321429,0.0
0.6374218723414182,0.07956954576505106
0.9735281788261647,0.2405863216747945
0.5595640081461872,0.46163494811250105
1.226330788420259,1.1264713379710811
1.0,3.472825992025013
