alpha,s
12.614114699346706,0.0
3.297316472557368,0.0038122418684001604
1.415812907722291,0.032459679244838446
1.2882636089778718,0.15961719804128183
1.2487878333489875,0.46268975539061385
1.0,3.7430840705992576
