alpha,s
1.2529548810427134,0.0
1.2557149769028193,0.07229661983913127
1.033935450548104,0.17942132248884962
1.144436247218632,0.3910271061330122
1.1830991240347208,0.7767102989232697
1.0,4.076035845891626
