alpha,s
1.155928396421617,0.0
0.8224515572908263,0.08829278948006763
1.0176537945272688,0.27476549982357185
1.0822270811361527,0.5133742751793983
1.017514350978316,0.9590073896392289
1.0,4.86829207344612
