alpha,s
1.2229257668622366,0.0
1.2537567183813354,0.07385247131689328
1.1603026863611459,0.1878241793291724
1.1081761752212145,0.38858767104596953
1.1328513967149376,0.8050522347697313
1.0,3.3315372342699514
