alpha,s
3.0869009279146282,0.0
1.4551266817054764,0.03110859877394301
1.2917595790387697,0.134952522422645
1.00666207125998,0.32694934674339093
0.6994040887337789,0.7657757748472439
1.0,4.201182783033947
