alpha,s
1.073652961834919,0.0
1.360917227107325,0.11722257005415912
1.2864431828388243,0.244113074739414
1.0891680366872516,0.4372608648427548
1.0116104070489258,0.8843910952232501
1.0,4.582733252447955
