alpha,s
1.0535568451567738,0.0
1.0921267848755594,0.1125346945337196
1.0138287916896458,0.2627516653375975
1.1009840193149818,0.5098099024873182
1.1199550728365144,0.94052498147019
1.0,4.587981512930349
