alpha,s
0.9136352535635508,0.0
0.789914186039494,0.07106127415425087
0.8549144250331522,0.2291226738019631
1.9366858009699204,0.4799912085599139
0.9165747532444665,0.6810037354251374
1.0,2.526822125964419
