alpha,s
0.020560497980042114,0.0
0.06670221213643415,2.03561643835616
0.1113073247698481,3.10684931506849
0.21189792578846559,4.191780821917811
0.49388613583568863,6.13150684931507
1.0,9.4986301369863
