alpha,s
2.522507826526727,0.0
1.109083700055153,0.00479073771157952
0.8854676857460135,0.04633468377085022
0.8242778509013026,0.17313406779367213
0.8937901067597172,0.5305453465987925
1.0,4.651613235745862
