alpha,s
1.487336460327048,0.0
1.0662142460669548,0.043956595577122885
1.1922866229626778,0.1615343383745696
1.3227912733502853,0.3445273446567961
1.0166621377822973,0.665904394266503
1.0,3.599117577950932
