alpha,s
1.6629485581794694,0.0
1.3711529660901975,0.12487395232768957
1.604187493288986,0.3204080719405544
1.333167325683943,0.5504933669156575
1.758061841288341,1.0081773099550932
1.0,3.2272984015104247
