alpha,s
0.9176580952664656,0.0
1.0101230535031298,0.11797466347401359
0.9630121771672182,0.26677084781208
0.9881204367690988,0.49823441617008457
1.258277337019434,0.9455082092146
1.0,3.8250751072401954
