alpha,s
1.0838637766063357,0.0
1.0686566303628942,0.10201271725092244
0.946707041970629,0.24496577171171155
1.2012123541862139,0.5080057312597271
1.2244851316344167,0.8941860042976718
1.0,4.364102499384303
