alpha,s
4.1293944410865935,0.0
2.4603911678576513,0.04375547608183522
1.6763179822602077,0.13909707620666978
1.193637353973832,0.33909740186559484
2.0406697101609965,0.860980464541449
1.0,2.7704438381131
