alpha,s
0.04612367977361365,0.0
0.2088035067691109,1.82739726027397
0.0670273082997811,2.29315068493151
0.15011754985040054,4.279452054794525
0.45946760477215004,6.277260273972606
1.0,9.4986301369863
