alpha,s
3.7830846205517745,0.0
2.1364764964474894,0.05523483506092058
1.6366911632577499,0.1762314966275943
1.4604613410477099,0.3970345059648035
1.1317668395621838,0.8014515866091383
1.0,3.3022112312387546
