alpha,s
0.046851186759989435,0.0
0.2158583392056643,2.204931506849314
0.12721591624340162,3.20547945205479
0.2904424460745292,4.1035616438356195
0.7934237138566841,5.85479452054795
1.0,8.16438356164384
