alpha,s
1.6667165281160756,0.0
1.745181828471237,0.12165938202644902
1.8811191767125557,0.27139396357099405
1.3072116419528597,0.4707677642466705
1.297593209246924,0.9489562059429493
1.0,5.37999093128056
