alpha,s
1.02536139946186,0.0
1.22342700568153,0.057916459006221506
0.9454056334641115,0.13632280160485946
0.9909322099290073,0.3237064849380743
1.2908645706055397,0.7081944233332828
1.0,3.450662100109544
