alpha,s
0.9048182969935995,0.0
1.126088966902585,0.10852633340604703
0.8685924104416309,0.2386965623544064
0.8400061173229973,0.5155616453828912
1.0109746870355107,1.0413959948357208
1.0,3.411351329475626
