alpha,s
0.9356783508484067,0.0
1.0624260564069827,0.14286059986255925
1.4499619990052846,0.3111254957823343
1.0424660645721762,0.5095385933424926
1.2553278435843696,1.0110000841203453
1.0,3.5782433982301085
