alpha,s
1.1878173863469677,0.0
1.1120372921134027,0.06792942985598319
1.1700277900108098,0.1734519969618237
0.9654409469615505,0.3429064705230726
1.1062338083664658,0.7841399856922873
1.0,4.082324808796057
