alpha,s
0.018362813918988356,0.0
0.027172674467131498,1.4246575342465762
0.060512107362357424,3.172602739726024
0.10827440091766982,5.0958904109589
0.2574580401858545,6.769863013698633
1.0,9.4986301369863
