alpha,s
1.041293625562747,0.0
1.231463938152308,0.07915880575426491
1.1037773934650128,0.17657220040064311
1.1299030102812155,0.35721651559164586
0.7464199658681702,0.6880797274596336
1.0,4.064228016925405
