alpha,s
4.602981785782877,0.0
2.3128237202629505,0.030835271273028278
2.1466303121597257,0.11210530219980745
1.595782939628103,0.24976543687734382
1.0682237869732432,0.5597024593942066
1.0,3.7218382374915335
