alpha,s
0.0409334790716726,0.0
0.14845859285886093,1.922739726027394
0.1850579867981472,3.01095890410959
0.1398410217359364,3.6361643835616477
0.6318415765223631,6.212602739726029
1.0,9.4986301369863
