alpha,s
1.0110472294982364,0.0
1.099555100551385,0.1283561730974934
1.2004159340551284,0.2872209813431107
0.9953444747078437,0.5031959180212724
1.0225201371180186,0.9768635167270444
1.0,4.4153019246507625
