alpha,s
1.1896756677563418,0.0
1.081345655105124,0.06503603351314
0.7645098428385663,0.17351176818755135
0.9246414832245192,0.4290779925141643
0.9464848044771244,0.8569165574873936
1.0,4.7584421311807095
