alpha,s
0.0030615685928806584,0.0
0.02528647887975902,2.186849315068494
0.034374063800264434,3.6115068493150666
0.4996246424292456,6.2915068493150725
0.2733091741646814,7.04383561643836
1.0,9.4986301369863
