alpha,s
1.8644440800477102,0.0
1.3615324392503523,0.04810664324719048
1.115951187181388,0.15461935606353353
1.3773528003067053,0.35185333891815923
0.9389706274196572,0.6744087525326858
1.0,3.789521963153752
