alpha,s
2.9871014541392427,0.0
1.4617885558073123,0.04162203066446644
1.4455492213796979,0.16045345050043094
1.1891540762243527,0.3448208635925985
0.8808428503848326,0.731555421975108
1.0,4.240532818282173
