alpha,s
0.8819536399358859,0.0
0.6326412871012698,0.0914043084367715
0.6272522247274206,0.2857667063376224
1.1257286612022286,0.6407722056199592
0.8847872867601637,1.0283586572019965
1.0,3.6502788155289463
