alpha,s
3.079564441395816,0.0
2.5488036699452756,0.04639923764099028
1.8295335821506489,0.1252792713704236
1.0785783221150895,0.3001576381359284
1.0213737925493322,0.8052179233768818
1.0,2.8128341437582463
