alpha,s
1.3205632094288142,0.0
1.1475033692683114,0.09810648121410104
1.0746672112981412,0.2525029172315228
1.009970906781625,0.504152348100641
1.1960197802169703,0.9886376833358602
1.0,4.414350925792336
