alpha,s
1.2227942160934162,0.0
1.3115455812478278,0.10734950111197031
0.9832613868895265,0.2458618990710667
1.0016143157952773,0.5252718004201417
1.556618656678704,1.0441761531371951
1.0,2.6322530412169205
