alpha,s
25.623324265614727,0.0
4.216522453212632,0.005153401663127203
2.460097544087884,0.04763225439198778
1.7086885132742684,0.1562450595870367
1.341791168542516,0.4674097795036928
1.0,3.6209199137186654
