alpha,s
32.28599094758967,0.0
4.003487816562033,0.004180498094419142
2.1895495933538935,0.050015965241800325
1.5753329164290648,0.17579419174730515
1.259110817741833,0.5100491130104803
1.0,3.683262664382828
