alpha,s
1.1053133917398283,0.0
0.9862608818006288,0.0541502598021175
0.9777416585943582,0.1568734101588778
1.0127328964862155,0.3457851287252005
1.1825928131049406,0.7279347780488933
1.0,3.2897390708277454
