alpha,s
0.012663950929938583,0.0
0.09562821682490602,1.82739726027397
0.06490857363554861,2.23013698630137
0.24672887215336178,3.804383561643841
0.1437213188608839,4.6635616438356156
1.0,9.4986301369863
