alpha,s
1.0734339329473408,0.0
1.0057015053155565,0.12281778476429801
1.0806538114449382,0.29919676283114427
1.3492453573330292,0.5474966013577607
1.6057775311559648,0.910930736035318
1.0,3.346407538340067
