alpha,s
0.9485221452632279,0.0
1.03109695011203,0.13179221587790302
1.0697894279758877,0.29364968271056785
1.0003441405927267,0.5332407044421361
1.2058963323873448,0.9979356942684579
1.0,4.703104856402371
