alpha,s
9.399780491631944,0.0
3.310493698765549,0.005150256909520042
1.6490391460787885,0.0360242057383596
1.7609138467771974,0.16299068067895373
1.5148376895966078,0.4136758718320238
1.0,3.4788136624161585
