alpha,s
0.6569008884758364,0.0
0.956206067506887,0.11339774906023999
0.7515597953170955,0.24399045779040576
0.9860942162768239,0.5207401360062466
0.9671520623659395,0.9302573397679248
1.0,4.740915372154492
