alpha,s
0.9815396605699577,0.0
1.0380497341863602,0.05229180607908882
0.9105760632431831,0.1774728317673351
0.787895043262221,0.42381972818785946
1.8258152698076022,1.0114206917696795
1.0,2.4381415312236645
