alpha,s
0.03554391039151947,0.0
0.04085903102039817,1.3041095890411
0.12013809379099634,3.04109589041096
0.24049142595123726,4.123287671232881
0.44785844539053843,5.85479452054795
1.0,9.4986301369863
