alpha,s
1.1132229129291753,0.0
1.3601824273935341,0.07957874741558994
1.2421019530718593,0.1766615072239588
1.0712042739185152,0.35170525829971144
0.9666033324553426,0.7487264188002077
1.0,3.851416008616339
