alpha,s
26.76991460730606,0.0
4.351183314982245,0.0053057265074722
2.2397945954807175,0.0501801530446782
1.655565995776984,0.17901361324134932
1.3221825138836998,0.490177434952823
1.0,4.132544402020455
