alpha,s
1.024926548915634,0.0
0.9398908354499107,0.1027467289489741
0.8933598601152063,0.2682799088799842
1.0100619367302168,0.5396481841886276
0.8350300258445794,0.9801289223263128
1.0,4.674048372047979
