alpha,s
0.9899094892862724,0.0
1.0097269396051054,0.1290658312100982
1.0933758103875475,0.3003403915431231
0.9985670071728675,0.5383297236879725
1.036063651395062,1.0219555201125676
1.0,5.063542140904279
