alpha,s
0.014603994254969773,0.0
0.04272763103382731,1.7090410958904085
0.0678134719032577,2.8016438356164386
0.12144140724869992,4.2027397260274
0.6102065163705594,6.1347945205479455
1.0,8.22739726027397
