alpha,s
0.820039613659641,0.0
0.9714778966338509,0.12895448773876625
0.9401308192327735,0.2902492794564182
0.923322117781365,0.5499069034880002
1.0850740529349623,1.0594537037925613
1.0,4.189404924121555
