alpha,s
1.076643986320157,0.0
0.9982064670991684,0.17644910669582065
1.1686000357720792,0.42122169239534935
1.100847490923718,0.7128874455992219
1.1881464730261366,1.2234259399899607
1.0,4.579206512765667
