alpha,s
0.810112650152656,0.0
0.8245958967813609,0.1317882809440846
0.8817012305868853,0.31018458477750765
0.9791830185936957,0.5636854841903343
1.47530897230072,1.003227094458361
1.0,3.223037521205826
