alpha,s
2.0598907371215547,0.0
1.6685405142126677,0.09988326241412407
1.576545226720063,0.260805830791131
1.733249529857213,0.5021122683824466
1.6900257209281675,0.8709081565224625
1.0,3.828005141457189
