alpha,s
1.0981541982161753,0.0
1.0940329408601934,0.10701039104391015
1.1602652195642138,0.2575691158718828
1.2062000254290224,0.47930623853706833
1.1031435100996496,0.8732470500059718
1.0,4.930978912710954
