alpha,s
1.2678496234708438,0.0
1.3175155534142464,0.1038226978938322
1.167434365676075,0.2373699360952227
1.0926266433658538,0.4629612071734314
0.9890495727363012,0.904999471557828
1.0,4.965872847645898
