alpha,s
1.0697128940675573,0.0
1.1292809938030144,0.1146338689801847
1.122734137634991,0.2635754359929473
1.1488873150900007,0.49350689448281776
1.1287389683208484,0.9077482935096145
1.0,5.213781157118093
