alpha,s
1.13994996425029,0.0
1.1329411506139708,0.08240131870816629
0.9416525605077993,0.19610889970412576
1.9333394843358707,0.41895530965106403
1.0235462628695493,0.6505036457418713
1.0,2.8951066274094206
