alpha,s
1.2081194949338294,0.0
1.4884037923772253,0.10447135419130764
1.1119848197096243,0.21900437566671033
1.0289806850655303,0.4473167954724791
0.7699782778459345,0.902632070797877
1.0,4.838054692147105
