alpha,s
1.072079777731891,0.0
0.9031851678223941,0.10094400111476817
1.1593043029362684,0.26973116290902344
0.9293240853146882,0.4683079127912195
1.131829184663286,0.9546065731664606
1.0,4.045156024455292
