alpha,s
0.9751144468898527,0.0
1.0215796864246902,0.1159007535192377
1.1389696086208319,0.2687775937423608
1.0631622961753546,0.4734068702079027
0.9528130798406077,0.8842793002568912
1.0,5.145283434041571
