alpha,s
0.9309446434329659,0.0
0.862993622312478,0.12424535093673417
1.0448264700985834,0.3163344802717159
1.2251569119996562,0.5624083265069354
1.4284725417491164,0.9690397903934003
1.0,3.438384707107348
