alpha,s
2.739311065028697,0.0
1.3802084231829927,0.004622861330485742
1.055780350214202,0.04285601978255842
0.9425173140174647,0.15745404019258696
0.8904065982667774,0.4833784402049406
1.0,5.341311008571398
