alpha,s
0.04652145662275914,0.0
0.45694372789003873,2.031232876712326
0.14928363917048518,2.36438356164384
0.1825649190934852,3.82739726027397
0.7235638161647577,5.936438356164389
1.0,8.16438356164384
