alpha,s
0.6617223413476929,0.0
0.6903299999137602,0.062366878799819184
0.7103671678822162,0.20089030520491724
1.04618783096906,0.4659575377417294
1.4622451267201702,0.8523385574937188
1.0,2.8420569646560225
