alpha,s
10.51747961261464,0.0
2.6359169735777077,0.007984399214140963
1.5911934363786546,0.05885656637931038
1.2376653354752085,0.19321380271369262
1.2802369577012216,0.5580887194382861
1.0,3.1426852108961336
