alpha,s
0.9683771377826325,0.0
0.9742989462642615,0.13005372747370747
0.9839378017233487,0.30292799605173376
0.9953834575251991,0.5699027547153565
0.9878701833749055,1.0415334612752658
1.0,3.869066608980812
