alpha,s
1.1275891454877343,0.0
1.1980340338618043,0.11576695618871224
1.2484448655836413,0.2644928800275774
1.5029244713842214,0.4794156554451258
1.3734492637609326,0.8000454075555122
1.0,4.428391863272168
