alpha,s
1.1550261166682048,0.0
1.3616119571406409,0.10906550291381177
1.2602829576394272,0.2324999112174886
1.174266703827743,0.4288079785497118
1.3057356182794142,0.8187765174793503
1.0,4.120420532976826
