alpha,s
1.1916448133418271,0.0
1.1987984076889888,0.10600951109626451
1.0787453668993874,0.2522635280301241
1.3576585479412142,0.4930496872674456
1.2355933095334062,0.8736485384570576
1.0,4.337121479295738
