alpha,s
3.532298002847058,0.0
2.2250146071604417,0.058226238061144985
2.3974587807041616,0.17540792655598184
1.03397847926087,0.3183411298734336
1.0228802509102521,0.9251203473347939
1.0,3.794074768912708
