alpha,s
1.433167728403372,0.0
1.2150703488581178,0.0623826146742549
1.0409763021508582,0.1713078511773615
1.4001818515610387,0.37804575657444245
1.0662479756576955,0.6974765699223234
1.0,4.130191379263251
