alpha,s
0.054998495456043954,0.0
0.11883972132544879,1.7090410958904085
0.1539451841421277,2.8016438356164386
0.1667625834198552,4.2027397260274
0.5615849862460975,6.1347945205479455
1.0,8.22739726027397
