alpha,s
1.2354832112767575,0.0
1.0974145597405143,0.10345848573256353
1.2771272970028362,0.2611432650563093
1.1807601937418373,0.4703576580285035
1.1984866212830725,0.9008596064657117
1.0,3.2929981705875027
