alpha,s
0.9799671854303502,0.0
1.053299440620699,0.1195776610333545
0.9465877566788357,0.2686928588825185
1.3164365413297476,0.5185094094832686
1.0422066864646586,0.8741039617931934
1.0,4.17896313030146
