alpha,s
36.54608765841261,0.0
4.01525701168716,0.0033786474626771
2.184694414240631,0.0449648030405765
1.6512803798514122,0.1638151929407588
1.3432736627551987,0.4702068226232969
1.0,4.069696629752516
