alpha,s
1.118789576172818,0.0
1.1222833849422604,0.11967777433930989
1.070666454893695,0.27908985883330417
1.0959795786536235,0.5274890856148247
1.1089585809664266,0.9690051987138066
1.0,4.689502888063732
