alpha,s
0.41466829491005264,0.0
0.532873925073186,0.11648933457000626
0.7117872088221256,0.30072679611341246
0.6803984003907952,0.5413047428972131
0.7765593462366687,1.076147472777227
1.0,3.2007009065304315
