alpha,s
0.5053432633209963,0.0
0.5515225980058599,0.07284685686319034
1.0885912381077427,0.25207615755306145
0.9571084044275143,0.40640621666025706
1.3518032270006184,0.8109442617269608
1.0,2.4535614133593517
