alpha,s
0.06369606907917186,0.0
0.11466271901407496,1.9917808219178061
0.30791539214953295,3.491506849315067
0.23338581843490241,4.39452054794521
0.7879101929057208,6.107397260273971
1.0,8.22739726027397
