alpha,s
4.321249814127238,0.0
1.750807239888321,0.04155650036127034
1.6119858231998185,0.16739890733432186
1.2694191529350467,0.3637477777711053
1.220951333890476,0.7866459647554451
1.0,3.5859469951970206
