alpha,s
0.5939232758320775,0.0
0.6943236285345998,0.10988086346170425
0.6677809559820734,0.25701571187931327
0.7754685901502091,0.5158250098628938
0.835061198018886,0.9745370213341138
1.0,3.758618934567417
