alpha,s
0.4743452400809416,0.0
0.670282286290044,0.10901876980332989
0.8483490602203962,0.23795191168546206
0.929514744120327,0.42465471722484993
1.2458489603821408,0.8118750146898946
1.0,2.756538471672336
