alpha,s
0.029740189763974748,0.0
0.1676966333221649,1.985753424657534
0.0808093690250307,2.48767123287671
0.12235379627582398,4.2027397260274
0.83725482132625,6.2169863013698645
1.0,9.4986301369863
