alpha,s
2.203897945694815,0.0
1.1975925934316765,0.0110980571748013
0.8828522090220504,0.0629475618250957
0.6570691838613992,0.20561360281782526
0.7000467278309772,0.6598907154520308
1.0,3.562001283422317
