alpha,s
0.11865516132967657,0.0
0.14253016966403742,1.95342465753425
0.29043549317763623,3.04109589041096
0.3249238940679606,4.191780821917811
0.6947224626435687,5.94520547945205
1.0,8.22739726027397
