alpha,s
32.6735062424952,0.0
7.08123527696338,0.0046020414899228
2.9127494653445143,0.0326040159648756
1.8197139583803488,0.13577109665350975
1.4298900022053571,0.4317200660653812
1.0,3.801836710239291
