alpha,s
0.19157079963632137,0.0
0.3477858224082603,0.10838038502542685
0.40546600594618865,0.29119631285923797
0.9926648944465367,0.6451054434271798
0.37607317127832396,0.9252205386667236
1.0,4.204893341264985
