alpha,s
0.9972638099211453,0.0
1.0791534169082175,0.08713919214155642
1.2724540903849353,0.20769973335536757
1.1334747765043258,0.3720004491589949
0.991075092681799,0.7431733252473262
1.0,4.095449408484956
