alpha,s
1.209915158112589,0.0
1.0135416182940664,0.09305802675608905
1.0178176002982324,0.24721459548211142
1.1737509077164108,0.48020651679541926
0.9343188386526414,0.8633011682262045
1.0,4.640130843602332
