alpha,s
0.9729838938541665,0.0
0.9197994564330225,0.10589407173937729
1.2595443958702317,0.2621797941363664
0.6678463043129749,0.43249238646837845
1.0296477549125194,1.07071818953442
1.0,3.806533688210988
