alpha,s
0.8563904330592036,0.0
0.7782235882681541,0.07106127415425087
0.8472113196810661,0.2291226738019631
1.9253643989142173,0.4799912085599139
0.9012216238726692,0.6810037354251374
1.0,2.526822125964419
