alpha,s
1.1637550769645428,0.0
0.9944479877637769,0.11508086087885175
1.1852287325608797,0.29034082605338185
1.2872515568768437,0.5207571713448382
1.3417176986013135,0.8941418374964503
1.0,4.363601833455862
