alpha,s
1.2022973499641563,0.0
0.9138128194104822,0.11058545275015597
1.471250269331535,0.3125061064576182
1.1854718823640467,0.5037290166533669
1.2668393544907235,0.9308928871760811
1.0,2.5950599412730626
