alpha,s
1.0973262434145894,0.0
1.153490876954677,0.07820347392212795
1.1237201961197576,0.18891381824039413
1.076811784984852,0.37694941582838487
1.0352541116390777,0.7833712838006236
1.0,4.98756240127278
