alpha,s
1.3692480112944045,0.0
1.1528479455083258,0.044447566262559586
1.0700084055477206,0.13582655875988345
0.8399173929733312,0.31730112190595605
1.0683482743720731,0.802995433214864
1.0,3.418872930590045
