alpha,s
0.012751914648091877,0.0
0.03950986732377944,1.33424657534247
0.2537447668359178,2.2131506849315064
0.15865968853193518,2.89205479452055
0.361084831055574,5.12602739726027
1.0,9.4986301369863
