alpha,s
0.09997782393860793,0.0
0.22344789345413327,2.01369863013699
0.2266800765798972,3.20547945205479
0.45704421891128605,5.15890410958904
0.8548431342042295,6.35890410958904
1.0,8.22739726027397
