alpha,s
3.6896050290930527,0.0
2.017228510911702,0.04484706761651576
1.6057306946090193,0.152149809781808
1.137650524141546,0.3473735080353431
1.1213546198497584,0.815859080855315
1.0,4.729421699518467
