alpha,s
0.6513321144621732,0.0
0.6084757319550326,0.05464003302732055
0.5119898545625313,0.20503398920342025
0.8234152247253396,0.5737243210671686
0.9745806741708555,1.0516033418885649
1.0,2.736703411896777
