alpha,s
0.0036793110641753584,0.0
0.051498088552815034,1.985753424657534
0.03670193567509971,2.48767123287671
0.08091744022635615,4.2027397260274
0.7466676200305361,6.2169863013698645
1.0,9.4986301369863
