alpha,s
0.027724668448701317,0.0
0.11885526561367053,1.4723287671232843
0.06677875091842081,1.98630136986301
0.1601897368189464,4.193972602739728
0.8643968970081747,6.305753424657539
1.0,8.22739726027397
