alpha,s
1.026289393850944,0.0
1.1841041068174742,0.045843272798029806
0.8890680554304955,0.13339302489323188
1.0408342565256148,0.326782054139846
1.04511930275184,0.6525760337498822
1.0,4.356973504734338
