alpha,s
1.7781128366478989,0.0
1.6209232399731106,0.07087312214790001
1.414596432275884,0.18152392216333813
1.388940308791248,0.38318730974313236
1.5539427002525172,0.7431908897137416
1.0,3.686750306679903
