alpha,s
0.06691089162806185,0.0
0.40417908285540455,1.8295890410958944
0.11856760619390878,2.29315068493151
0.2667284674724967,4.155068493150689
0.4557606510166837,6.26301369863014
1.0,9.4986301369863
