alpha,s
1.6365911892049623,0.0
1.2401628147775943,0.0763910611116993
1.2284239533943602,0.2146011192755844
1.18231168923466,0.427094872480268
1.124996109169462,0.8531308847577889
1.0,3.630205098458836
