alpha,s
19.50922659276188,0.0
6.441427234082387,0.007393524536195161
2.177332536010178,0.037172801729814305
1.635825905516392,0.17118501363467536
1.3207850343795438,0.4781438256336467
1.0,3.596146455244924
