alpha,s
0.9648057047088745,0.0
1.0877006203309023,0.19947705839671404
1.3601421587177354,0.4238249137712649
1.4719249303018374,0.6837907544971789
1.1807761672367403,1.094013590665043
1.0,4.077518558290227
