alpha,s
18.268748301826303,0.0
3.4914500097887027,0.00662967417590056
2.3924931724017644,0.053384668043249824
1.4895691645462745,0.15823428883877633
1.361106753478344,0.4865315838158703
1.0,3.439286472782219
