alpha,s
1.21684481352453,0.0
1.535639255259284,0.09151162522657125
1.0001770910190515,0.19133220899130168
0.8989632082020174,0.41868968687667574
1.0633562235915373,0.9446826383362447
1.0,3.438262196721296
