alpha,s
1.6195178688513487,0.0
1.0609957270337853,0.039894257952782584
0.9736311622866736,0.1460837594806625
0.9627541038570282,0.3458042471542837
0.8124436860460178,0.7497915859152958
1.0,3.817693025806178
