alpha,s
0.9373468528385537,0.0
0.8516512824760011,0.0681442652196414
0.4858232160086995,0.227381134544782
0.7448356561612457,0.6764863534221364
1.0531693425168303,1.2578395223988792
1.0,2.9189157416349145
