alpha,s
0.007522846768690926,0.0
0.0307947337986918,1.98630136986301
0.11779797102861439,3.74246575342466
0.16180163548728552,4.600000000000001
0.7159452896659876,6.73972602739726
1.0,9.4986301369863
