alpha,s
0.052309487675735025,0.0
0.11732276663759772,2.01369863013699
0.1295147242411179,3.20547945205479
0.2944050422165338,5.15890410958904
0.580173903718229,6.35890410958904
1.0,8.22739726027397
