alpha,s
2.2283295787166515,0.0
1.4950541288860284,0.007205333929193165
1.4102015071215903,0.0474590120845626
1.3701705528685975,0.15249171230461073
1.2795155343949354,0.42090423419487144
1.0,2.761364656082092
