alpha,s
1.2516666220917045,0.0
1.195843072687677,0.1064955517338975
1.0776371448451387,0.25542071023938007
1.0782237264990981,0.5068115419572498
1.0235175404466295,0.9700039926466957
1.0,4.589493668075668
