alpha,s
1.0487973119642728,0.0
1.0385118225624876,0.10831473887802223
0.9865077436959621,0.25720997778020654
0.9827295369093162,0.4998627664911406
0.951626163498217,0.9527903109531705
1.0,4.6060448105636205
