alpha,s
0.04520249546957937,0.0
0.21331734933260524,1.7287671232876705
0.11075262238685257,2.267945205479454
0.31312776995206815,3.7643835616438364
0.483314184577413,5.194520547945203
1.0,9.4986301369863
