alpha,s
11.976789215391287,0.0
1.9744576704948134,0.0046472743599439
1.5252055312968011,0.0561150928599776
1.3018696923508093,0.1759547366664026
1.1650432205266121,0.4771476288449929
1.0,2.5640548567302326
