alpha,s
0.6236227841433488,0.0
0.8033209641026038,0.10910660968194368
0.8407052057137374,0.25627182313059754
1.0027987117702786,0.49072608526301126
0.8925067776281956,0.8908520684037982
1.0,3.71510119716712
