alpha,s
0.561078180326799,0.0
0.7848524451736653,0.1569546475695129
1.3572707549190175,0.3324491336225418
0.9206826096778551,0.5091680011439581
0.7716261347649135,0.9854135495228397
1.0,3.481215348081178
