alpha,s
0.7872125822057848,0.0
0.9412065618285009,0.11739321313989992
0.9268688942415462,0.27095684161261324
1.0221807532959437,0.5204236820341269
0.8394331114314839,0.9241067331214351
1.0,3.812288526594343
