alpha,s
1.393252199323887,0.0
0.962853135576418,0.041483531346527186
0.7730349735909353,0.14927766354048935
0.81249375577897,0.3905553340591419
0.5705201791145421,0.819928405044224
1.0,4.544380776844019
