alpha,s
0.8093005276410533,0.0
1.0348135794596174,0.12557350633115483
0.743775979285533,0.2692312899794844
0.80023725027418,0.5810819345542533
0.9804088693458153,1.1300356069251891
1.0,3.550749500836968
