alpha,s
1.819493852017839,0.0
1.3425358670537602,0.025946175429005902
1.3581232705541628,0.10120574774194928
1.1932021361594356,0.25034308329760685
0.9810803023950828,0.5967032139290964
1.0,2.8746350385464297
