alpha,s
1.081677745057893,0.0
1.0154404385126605,0.12090810487118937
0.9821272761118767,0.29267024714341333
1.3234757724834079,0.5566240624456407
0.8668788127928355,0.9254181790613646
1.0,4.339484793284828
