alpha,s
1.003528825020805,0.0
0.926092302175923,0.0766650414962631
1.037408923328314,0.20304623364196792
1.0884418682592698,0.3861521070411203
1.0328738662949732,0.7665774364375031
1.0,3.6561594649236007
