alpha,s
1.2143831361709565,0.0
1.334138767632885,0.0972216941059212
1.013032119176642,0.2166056699030533
1.4871997065715845,0.4671308500986932
1.1821512284758413,0.7939591424345772
1.0,3.73205832091963
