alpha,s
1.180753103795955,0.0
1.2480623528586845,0.1044796985530304
1.1387415341268377,0.2435187726282127
1.0250300474155831,0.4726916994813692
1.0580302006932971,0.9345328443773592
1.0,3.39922732384851
