alpha,s
0.040550466059131596,0.0
0.11428733366783694,1.98630136986301
0.12097454886322458,3.01095890410959
0.2515197185962335,4.15287671232877
0.7547265785377679,5.781369863013698
1.0,8.17808219178082
