alpha,s
0.1597433145851421,0.0
0.34728756931779386,0.12108605774166548
0.5608722004058659,0.25326866939470105
0.5069904229645514,0.40563048286642656
0.2575275095293732,0.7670487032709165
1.0,3.941147759343729
