alpha,s
1.1926281235121465,0.0
1.0297964767084524,0.11289055638175406
1.0649255251128515,0.2856966211128999
1.0415072032241366,0.5364468337019954
1.0680067147858963,0.9954757000366989
1.0,4.458869595674113
