alpha,s
0.31850130662848997,0.0
0.7620561098133429,0.10760681172251031
0.5972447637583943,0.2160494149218688
0.44315682966031833,0.4808659942761171
0.6202110388370857,1.2609084563386006
1.0,4.268887589239744
