alpha,s
0.0069435119681864445,0.0
0.04083970797913604,2.16712328767123
0.10567758092848624,3.238356164383558
0.11729348598450069,4.2027397260274
0.24109016890868604,5.94520547945205
1.0,8.17808219178082
