alpha,s
1.02743690187147,0.0
1.026886838256257,0.05103584890684297
0.7926861615244292,0.13639650557159916
0.8173322948756009,0.33784556541941124
0.8543470036047368,0.7559435130651946
1.0,3.297248839224024
