alpha,s
0.9991720561522446,0.0
1.0172774581269135,0.08403432234214427
1.122728680191372,0.22113953153410934
1.124774288428215,0.4289840187666581
1.0696101451569089,0.8510984184994391
1.0,4.287705633518058
