alpha,s
1.5027111377570828,0.0
1.0271281731068218,0.08578498789214854
1.3119912125055015,0.25421489301147593
1.0463075447914911,0.4510094505173924
0.9908728927957685,0.9083082961669887
1.0,4.892579515717912
