alpha,s
2.338552011006735,0.0
0.8921674936782678,0.003435610957420302
0.8169879726709579,0.045000264849034466
0.7640897746281805,0.17055126053789163
0.9656034482909774,0.5312812019255112
1.0,4.815017604215064
