alpha,s
0.7085342567367784,0.0
0.8490036399564632,0.1323177169799897
1.192993878473059,0.3004147251424432
0.8521209187773336,0.4978471955165374
1.2718180865674642,1.0457353400622649
1.0,3.136359275519029
