alpha,s
11.259534893399723,0.0
1.7405420012054909,0.0047333721307145195
1.1748042883909406,0.0562771548527309
1.067692710307691,0.19443598527041644
0.8313545862824234,0.5122032094445391
1.0,3.904701708502882
