alpha,s
1.9668172368887054,0.0
1.7319932769739814,0.035040110498602
1.3935928684896763,0.1023994058094236
1.5232944682578435,0.260073273164587
1.2067469311679915,0.5507230274031447
1.0,2.8161684109290444
