alpha,s
0.945101660554525,0.0
0.9712310710122889,0.13543986251269965
1.0880723817948046,0.3161098949044542
1.1385829922071866,0.557966738574604
1.0101340707931599,0.9806585098266738
1.0,4.755333560357404
