alpha,s
16.90661084971312,0.0
4.4824580289451275,0.00836734138049702
2.3844965502521984,0.05138823393240775
1.3358947314066314,0.16870954743929217
1.1894705942811397,0.5513814603208447
1.0,4.270544588425384
