alpha,s
1.020174810854494,0.0
1.0755496418324808,0.13390883958451547
1.0476913939406032,0.3005716186993056
1.257828704084305,0.5699761995383081
1.322263177785352,0.9732611573369754
1.0,3.2059068482712965
