alpha,s
1.9880313944700456,0.0
0.9817267256064816,0.004396023832834243
1.0157043098647778,0.04899778983459716
0.8596017254003409,0.1518466840365322
0.8388742523212098,0.47528209236586005
1.0,4.099612681454965
