alpha,s
0.1014996631281404,0.0
0.08307326552348934,0.09471492141552104
0.10092274922102433,0.30401083169377524
0.09550948029569069,0.5758064645970772
0.046733788388254684,1.0350331884220036
1.0,3.959422862893903
