alpha,s
1.0885634408734752,0.0
1.2109060824949875,0.07253404076266813
0.8893324131751055,0.16531617557228093
0.9187465814894297,0.3825805919192377
0.9141448652382613,0.801805884002074
1.0,5.383242532926459
