alpha,s
0.9804562781384611,0.0
1.064798846633565,0.10539767785971912
1.0657831580673274,0.25353822933991216
1.1864483387272489,0.49449910112147294
1.167679274783854,0.9272450803820645
1.0,4.065258508932669
