alpha,s
3.084886949245333,0.0
1.7355184098467589,0.051238168312547315
1.3869349201322076,0.171465286206486
1.5520618914020672,0.3949879899925493
1.0594471427070031,0.7415850407995228
1.0,4.017651495199365
