alpha,s
0.8271787228954507,0.0
0.6071342097366375,0.0599156356338074
1.5707377400915075,0.2258631700970178
1.0032300836606043,0.34329469359689824
0.6065271251068112,0.710909333825893
1.0,4.160942456288156
