alpha,s
3.201058288178396,0.0
2.022349978074705,0.0553292370952396
1.404435570960295,0.16926004718005913
1.1515283067311202,0.4102214612377882
1.7380951198523145,0.9267286216049685
1.0,2.621649448021886
