alpha,s
0.007570114125521952,0.0
0.03544721620157641,1.883287671232874
0.14764029231822623,3.74246575342466
0.12024408935551699,4.359452054794522
0.918563562397243,6.549041095890413
1.0,8.22739726027397
