alpha,s
0.00020586058501173606,0.0
0.0023322414491088843,2.23013698630137
0.033494569913456555,3.9473972602739726
0.07496142011059122,4.407671232876712
0.26115312020566767,6.33424657534247
1.0,9.4986301369863
