alpha,s
0.9509530975053572,0.0
1.0039031057373298,0.08898391839081589
1.437379094729712,0.217022982547163
1.1021576901565113,0.35631137956368414
0.9710467152175182,0.7285352025027868
1.0,4.380971325703583
