alpha,s
3.104753822293162,0.0
1.9734565163814741,0.0553292370952396
1.3797081838897294,0.16926004718005913
1.1387646262073776,0.4102214612377882
1.7258429014036218,0.9267286216049685
1.0,2.621649448021886
