alpha,s
1.0440092120050755,0.0
1.0812191136659461,0.055020223194984286
0.9569221406575958,0.14575459647770478
1.1930207252258151,0.3361462551078641
0.7362609290077534,0.6568368511757234
1.0,4.35003847684904
