alpha,s
0.918584335565493,0.0
1.0151134564384607,0.1428601494883217
1.12987896493637,0.31697357491402894
1.124448630482559,0.5536476672916482
0.9920455559655844,0.9682074632962958
1.0,3.566224619137496
