alpha,s
0.031558596596200146,0.0
1.1015006687153812,1.95342465753425
0.11512209404099082,2.03561643835616
0.22079914091576783,3.74246575342466
0.4186772037258764,5.15890410958904
1.0,8.22739726027397
