alpha,s
4.230586204527668,0.0
2.123926258084539,0.049840849915252
1.387333031052438,0.1678616757158803
1.6874577248601905,0.4282956269710981
1.7745283142249493,0.803902976642814
1.0,3.308493763062955
