alpha,s
0.5959439527754581,0.0
0.9039555630919497,0.09521533745529014
0.43514088023420905,0.21837255118234486
1.1704600360022461,0.697075196527232
1.1315721599632158,1.0646428134309085
1.0,3.5699711595318013
