alpha,s
4.670588176625787,0.0
1.4751329937386188,0.0036242329125380215
1.4681970361661605,0.042956761048548425
0.930518862030067,0.1330538252103282
1.111833466485056,0.49581719497981347
1.0,4.437751881640626
