alpha,s
1.4402395855923449,0.0
1.2709685402620354,0.005044563475575561
1.0362607657833713,0.03230304762969874
0.862276526036385,0.12483986777067495
0.7264150487811587,0.4260138354101755
1.0,4.557086459205668
