alpha,s
1.2036375761274192,0.0
1.351783987615605,0.11438603844886754
0.8111112999189108,0.2463686261753319
1.1012988439443527,0.5773483785938098
1.2878509777404716,1.009047850223786
1.0,3.7563140939050506
