alpha,s
1.4741365521882266,0.0
1.2802168800548206,0.04385160307958646
1.1590167577779615,0.12642571276807868
1.0576335632547111,0.2858177255054842
1.080682577982781,0.6662804681016147
1.0,4.072049976041923
