alpha,s
0.08683001671756177,0.0
0.2453066142486337,2.012602739726026
0.5619836612768155,3.06849315068493
0.22801771681151575,3.730958904109592
0.9456982349071466,6.435068493150685
1.0,9.4986301369863
