alpha,s
13.398647166387029,0.0
2.694101696258367,0.004070502003609661
1.4224195594033808,0.04115897468383446
1.1959864058215883,0.16653092925286528
1.052731168357252,0.5054530692041305
1.0,4.343476413502546
