alpha,s
0.3095818192040397,0.0
0.5922793183965039,0.10141205670719336
0.6905341687169437,0.22661398149256232
1.0107428538502234,0.4629483051706648
1.2562022640282822,0.8378375949088498
1.0,4.438945085951526
