alpha,s
1.2915634686288768,0.0
0.9525086761283369,0.0405744166672699
0.9066055873379121,0.14278949930042698
1.1078358618716944,0.3283953688841381
1.0876937395303399,0.6589888118623455
1.0,3.2709398722491807
