alpha,s
0.07461526642682559,0.0
0.1325597525706452,1.95342465753425
0.9489736042202807,3.023013698630138
0.11865814054934368,3.28767123287671
0.5313170300255325,6.094246575342466
1.0,9.4986301369863
