alpha,s
1.0763354070536364,0.0
1.153041426442008,0.11360806036561692
1.168408986884203,0.2597444494864039
1.2020835047563754,0.479292540553635
1.0130705713988324,0.8714845976542435
1.0,4.113850824043542
