alpha,s
1.0942358258656397,0.0
1.0531108375674447,0.12314012676208087
1.1636989812810892,0.2974868212391863
1.5490079920660556,0.5392476785279593
1.6496248166444016,0.8891967040275239
1.0,3.957996954552936
