alpha,s
1.2223996955792338,0.0
1.1545905213366332,0.10748123960254331
1.1366202807448265,0.2615000493549945
1.4149472843703752,0.4907971826618034
1.1673595640895333,0.8458680994546899
1.0,4.479004169491691
