alpha,s
2.1036058882964808,0.0
1.7279262916106068,0.06516895732583473
0.853087547752271,0.16216051447040228
0.950227713743984,0.4622057156704801
0.8727330409798164,0.9187747277551093
1.0,4.62964685721725
