alpha,s
0.3382545196770813,0.0
0.5202631061103982,0.09779964114006162
0.5979733966074855,0.25535868709402687
0.5835268725952447,0.5143307546341739
0.7164392205074761,1.1221889023232725
1.0,3.2254069194262667
