alpha,s
0.8110114515424847,0.0
0.9734724101882244,0.04867567430871352
0.8323787306080257,0.13453415988243062
0.7439887412091392,0.30964837418494817
0.8211285747508146,0.7983602346487026
1.0,3.934521501985537
