alpha,s
1.0624367571273858,0.0
0.9474489161507704,0.12097192033662904
1.0498934363243697,0.3054929630624542
1.0572582361058271,0.5549748955446401
1.2052752938887301,1.0209415076636466
1.0,3.9006918454157513
