alpha,s
0.021176854412464932,0.0
0.03784487757858351,2.36438356164384
0.25551944613289423,3.644383561643838
0.12374162126941725,4.19178082191781
0.7174940881222667,6.320000000000005
1.0,9.4986301369863
