alpha,s
0.9718605263106419,0.0
1.036664561581946,0.09985141264434844
0.9002308346951505,0.240101956706675
1.0705150808327026,0.5124373748758777
1.0329456764547276,0.9332793103972754
1.0,5.014618228978682
