alpha,s
1.6973010842111738,0.0
1.4752256975539328,0.11723447978231996
1.6267843240287054,0.28862664347515377
1.0482311904340031,0.5069916242414022
1.3065894426734435,1.0860165416818812
1.0,3.475175199554605
