alpha,s
1.7495951207697475,0.0
1.6691098535132305,0.11540520992304716
2.0021049034979415,0.26985575317218136
1.5394186879130294,0.448392202900843
1.4005742005677375,0.859568959651252
1.0,3.404904994946825
