alpha,s
0.04024938813857995,0.0
0.08209062615490091,1.98630136986301
0.12652561182498195,3.1068493150684944
0.20177870980647847,4.41643835616438
0.23681662467890713,5.85479452054795
1.0,9.4986301369863
