alpha,s
2.394501432276685,0.0
1.5645037572160931,0.03478274789843938
1.3330150950572501,0.12821033164650314
1.060456922241615,0.31629362815522377
1.0894551015421303,0.7738247965319843
1.0,3.6193083617800728
