alpha,s
0.7897777256862609,0.0
1.2180279746337437,0.11116792116818845
1.2504666360046686,0.21571908271682516
1.0522562328894562,0.3977783520674112
1.0779138608528451,0.8186870944675281
1.0,2.928620127257747
