alpha,s
0.19463370227347204,0.0
0.3325423639324977,0.09461504691131051
0.36311920666092745,0.22928714597822
0.48553081747587973,0.4937256754005418
0.511926003827644,0.9656853243719402
1.0,4.319297740070597
