alpha,s
0.00023789922826488276,0.0
0.0041718174988594195,2.0717808219178084
0.028222907390862074,3.1463013698630102
0.09691357957981998,4.2027397260274
0.42770524009996636,5.927123287671231
1.0,9.4986301369863
