alpha,s
1.943861577366443,0.0
1.8802739771311299,0.03351659035163022
1.092365408504173,0.10242506634735159
1.2008875222951119,0.31799343292311444
0.9097243557476639,0.6792108914064486
1.0,3.4426995844969346
