alpha,s
0.5079842835835049,0.0
0.5724506045153699,0.09612302198731058
0.923762614145992,0.27888416574704317
1.1032866430674617,0.4811535289913451
1.0530759738424957,0.8455108393609055
1.0,5.167138637407851
