alpha,s
1.2316163674795517,0.0
1.0077507319082057,0.09581672543049011
1.116187835615846,0.2587476976764597
1.034223575100373,0.4748372541934646
0.9485981083900824,0.9430847247382877
1.0,4.49999265266422
