alpha,s
0.5563100752455619,0.0
0.8247518189908123,0.10007041021558073
0.7882456477515132,0.24201867029524984
0.6820057744023207,0.4920322540938677
1.0059560145684376,1.0585112143366433
1.0,3.623379552617615
