alpha,s
1.0255739865898226,0.0
1.1588591511861341,0.130089031854845
1.0067621600114047,0.2821995275066956
1.038790008184802,0.5424945348767157
1.048378105688624,1.0069018291891572
1.0,5.522466577657473
