alpha,s
0.0060113914237892325,0.0
0.042575937046125986,1.999452054794518
0.11154996140142112,3.035068493150686
0.19225497334352473,4.453150684931504
0.5507356147620337,6.14794520547945
1.0,9.4986301369863
