alpha,s
0.03398560483398069,0.0
0.09269925404961538,1.8591780821917783
0.17579019547611732,3.039452054794522
0.4658903603942646,4.164383561643838
0.40852772329230996,5.12602739726027
1.0,8.22739726027397
