alpha,s
2.835706164982076,0.0
1.4497832718708306,0.05926401946674486
1.3741049783627657,0.20710498553963155
1.3385757431238472,0.45288383255232845
1.4851613430449058,0.8661541968280049
1.0,3.673031050273887
