alpha,s
0.01348802022587676,0.0
0.09709091468415282,1.4723287671232843
0.06387564286869689,1.98630136986301
0.15682234963333166,4.193972602739728
0.8359444978806008,6.305753424657539
1.0,8.22739726027397
