alpha,s
0.9595540138102628,0.0
0.9819341541885164,0.1341003244957176
1.0350050940428723,0.3086670462528689
1.237856365746203,0.5629679567527112
1.0847042589121547,0.959412911241786
1.0,4.747825966445309
