alpha,s
2.3784992577643833,0.0
1.1057833256519731,0.005543174108229961
1.0434198633057719,0.054589970689378965
1.190974973718055,0.18228681405116273
0.9305677261009411,0.4735819599386731
1.0,4.516426390134695
