alpha,s
1.0173663730953952,0.0
1.032775942933084,0.1848705512509297
1.0584432667846735,0.4179158740790595
1.038156336494931,0.7376475372996224
0.9740120473164815,1.278161282877994
1.0,5.632795959198547
