alpha,s
1.1294303447736267,0.0
1.129384369929294,0.1050344505027072
1.1094038053575315,0.2499982693340214
1.185036149578261,0.4753877971424537
1.0241204339151204,0.8686272656356079
1.0,3.962523319982582
