alpha,s
1.0594198350079398,0.0
1.256846710910166,0.18010731040832337
1.3582704584707708,0.3749708621582495
1.0576588441611283,0.6286733805765166
1.138006853130319,1.1744465180308397
1.0,4.093808587558501
