alpha,s
1.0330150577446917,0.0
1.149925984627518,0.09163348334186236
0.9899132910837238,0.21794015828217606
0.9250789112262697,0.4528324914862644
0.8899199371201849,0.9507322414819429
1.0,3.6741649744991753
