alpha,s
0.007567039492597952,0.0
0.051805439668527034,2.01917808219178
0.12225352909396359,3.01095890410959
0.15070152919577384,3.9473972602739726
2.0978442586165094,6.185205479452055
1.0,7.16986301369863
