alpha,s
1.0875721566194179,0.0
0.8850258959729912,0.17174171872396274
1.0461859489967198,0.4426490773771494
0.8338018113428387,0.7509329873347318
1.136419629886484,1.4323814527312655
1.0,4.94055045571499
