alpha,s
1.3383040418371317,0.0
1.1258053363034142,0.04025975550256002
1.1140905367408915,0.12089195965088514
1.054218155207141,0.27940283497039514
1.282607083161834,0.6450040483447389
1.0,3.104029492182561
