alpha,s
1.9261199936866193,0.0
1.073059606024369,0.005927223730305
1.3206377908481548,0.0479435229994935
0.7758580641996186,0.12208414307826589
0.8800027811488506,0.4909707415397487
1.0,5.160909410999036
