alpha,s
1.2216158416489693,0.0
1.1748557630998018,0.10526650539606379
1.2040461916547918,0.2601275867001186
1.125214626472226,0.4768968959051159
1.1272329490315307,0.9154157023358446
1.0,4.603325897818464
