alpha,s
0.0012333077570130064,0.0
0.16748870933275775,1.95342465753425
0.04428874757992902,2.03561643835616
0.1645297202347001,3.74246575342466
0.39684023206825725,5.15890410958904
1.0,8.22739726027397
