alpha,s
2.438307259899685,0.0
1.4614247289540452,0.00662845752228524
1.22952616055589,0.054897202468036206
1.0771998752818301,0.1751187531667584
1.1246091681056416,0.516216919647665
1.0,2.5596714978580537
