alpha,s
14.66237088183291,0.0
2.530686384732411,0.006049266521950981
2.035742265169918,0.05946426817316742
1.4065432985004251,0.16638564657026927
1.006941029596241,0.49255730034289735
1.0,3.3579817408413586
