alpha,s
15.613747146663249,0.0
2.5426013081129106,0.0050787709652021
1.6383909969031585,0.0534105676467337
1.2818109109802254,0.18570281784397424
0.9730201073273024,0.5267108676301676
1.0,3.315294070892421
