alpha,s
25.34155711437572,0.0
3.820689243986542,0.005827719674598763
2.114956667453267,0.057603877023737385
1.9349168120502767,0.19449375376857145
1.5523614965597312,0.46863723001340285
1.0,3.410880225199895
