alpha,s
1.0123610535187468,0.0
1.1109689434176844,0.126290265810301
0.9433469982062269,0.2792171344593683
0.900724281834084,0.5510998836691686
1.0880296396773648,1.0758448968173195
1.0,4.101765940932077
