alpha,s
0.8669828323830246,0.0
0.9415044347766742,0.12817515047029018
0.9226824786533344,0.2896448982978976
0.9415754535520163,0.5462809422454177
0.9437480520880089,1.0241594141816035
1.0,4.437252945860797
