alpha,s
0.6288026780821735,0.0
0.7566029652905516,0.055678265102443385
0.49687792269996106,0.14226879804620435
0.34862963923000834,0.3731535916450872
0.27163980295993195,0.9673724612165329
1.0,4.099499370246525
