alpha,s
1.9868566707884407,0.0
2.0315570054091228,0.057511162907336044
1.4675608866816707,0.13773992502805427
1.248723253256918,0.3138576098026305
0.9258322291041334,0.7008665248575238
1.0,3.9999436307929206
