alpha,s
0.9150971293335337,0.0
1.01379336912434,0.13834581099477639
1.1356515573667803,0.3063985262975617
1.125368409397027,0.536643700208086
1.433139377295873,0.9990689727026418
1.0,3.2513598375376564
