alpha,s
0.014432521834607942,0.0
0.06775200907309889,1.922739726027394
0.11744988272336153,3.01095890410959
0.12446688379535133,3.6361643835616477
0.7880758955075776,6.212602739726029
1.0,9.4986301369863
