alpha,s
17.498747152465725,0.0
2.8458135700966465,0.00264605335833064
1.3177563593928914,0.032219017653889084
1.1968987680345926,0.15283354694541065
1.1235508491055384,0.46022484095022753
1.0,3.126401106022233
