alpha,s
0.49877975929510465,0.0
0.5489535327390578,0.1021442593286553
0.5382139608700123,0.2625180943885828
0.6564126336272529,0.5466316910230732
1.0275992803274472,1.1007577750819606
1.0,3.69262289806461
