alpha,s
0.49699640431431347,0.0
0.7281151421240768,0.11879502616160796
0.6666018634577612,0.25814718052373337
0.8327369255040307,0.5304918009686396
1.1585852844115871,0.9911309810944722
1.0,3.4364944181850703
