alpha,s
1.5473058930614076,0.0
1.1063226391406278,0.045087827563244434
1.1971814887501493,0.15523737687169642
0.8688004916630702,0.3322414803657287
1.0304734364519645,0.8370645450507349
1.0,2.6968229305320945
