alpha,s
4.065807066688165,0.0
2.1748288339856425,0.04428785385967971
1.6788438004519948,0.15110857993077337
1.933632162065416,0.35436224758278434
1.1584081984658774,0.6158281636433327
1.0,4.212611453393179
