alpha,s
1.127652648612229,0.0
1.052135655258505,0.067117105887491
0.8457386606977125,0.1745687496946903
0.9667317205680318,0.3944396173588699
0.9094494993266224,0.793045797304375
1.0,3.2676777324016912
