alpha,s
1.4361375611461125,0.0
1.2334224256632769,0.0424791915953282
1.1745854238136124,0.1232069665332424
0.900915263844967,0.26920408404010265
1.2583827058612895,0.7063579411132291
1.0,3.394641306952545
