alpha,s
0.9254045379489153,0.0
0.9451020076686625,0.05372126244441409
0.9931560404990701,0.14249272974239904
1.1447105916990088,0.3071078580879237
1.0046393665782345,0.6175234623733794
1.0,3.7221989758591953
