alpha,s
0.3925708837918316,0.0
0.5749423394307956,0.10617792220042552
0.8063065829430461,0.2600607532939751
1.0379576190550397,0.48062571983225155
1.2900478515532323,0.8933198308404704
1.0,3.9183596899589626
