alpha,s
0.4158570954746212,0.0
0.9106421540929905,0.11465812602592908
0.5488168081779818,0.22010157438690267
0.8678823438748562,0.5658958275753477
0.7675050662689704,0.9737868484141612
1.0,3.9341794824134153
