alpha,s
12.32060836342063,0.0
2.819127811553343,0.00592048414394282
1.9447664712938175,0.04686959489242247
1.5865372146994303,0.15218498139544334
1.175035618350962,0.42376310114255417
1.0,5.001886183330838
