alpha,s
1.2901528693353772,0.0
1.083056954745169,0.048229218865902965
1.0373604167883017,0.1555013092467232
1.4165867115686197,0.3552672753500375
1.023914281882643,0.657682650419708
1.0,2.8732925951425914
