alpha,s
0.07105831285995437,0.0
0.1128179714167541,1.33424657534247
0.3660367502502359,2.2131506849315064
0.19121050318021077,2.89205479452055
0.37952645382672984,5.12602739726027
1.0,9.4986301369863
