alpha,s
1.077806326473283,0.0
1.0876942027489362,0.10541353685313237
0.9709740266209276,0.25475443872018433
1.1270541949956556,0.5120669858223247
0.922234459432368,0.9182883195051947
1.0,3.818767286420957
