alpha,s
0.6744581668520417,0.0
0.8324343197150689,0.12385030654917764
0.9712816129665868,0.278561688969134
0.8131915544541576,0.49347474606878566
1.0968056406986075,1.0080631134198406
1.0,3.309381013435481
