alpha,s
8.15047848641433,0.0
2.016714321755745,0.0062675846787772
1.3955787661466845,0.0518436642820549
1.293794358508915,0.18438194773216743
1.1689631794989497,0.5041314381240539
1.0,3.715820441480305
