alpha,s
0.362330358375825,0.0
0.505945150303436,0.1094378201127029
0.744237695463319,0.26291643445430063
1.0389026972814388,0.45975414487227084
0.40422785943985023,0.71041590047542
1.0,3.220407450605967
