alpha,s
0.942719438159198,0.0
0.9476409001808475,0.05648934319386799
1.1315800324629508,0.17721024506529665
0.8380176352512789,0.3429337371592077
0.5391734820814386,0.8011079503038303
1.0,4.849927514018924
