alpha,s
0.9653445279528784,0.0
1.121727727230211,0.13054176334947903
0.8880453781255935,0.27944744922094594
1.0426720407910455,0.5738297919502695
0.8790434502901101,1.0254112627092555
1.0,5.563594414617544
