alpha,s
1.0625406458759628,0.0
1.070424699090189,0.0742358028319667
1.4747258346401686,0.1928398127363153
1.0420664115408809,0.3456590374214228
1.1173378693539977,0.7661731581761277
1.0,4.152143612308094
