alpha,s
0.956591360773798,0.0
1.0290424060361232,0.1986624598209475
1.0879549135027502,0.4338824461253575
1.0677573397416287,0.7443450492619842
1.0407237053143426,1.27130124462202
1.0,4.552635239999363
