alpha,s
4.662433496328719,0.0
1.568640665734004,0.00264605335833064
0.9297821656578233,0.032219017653889084
0.9689558338392401,0.15283354694541065
0.9966819350127843,0.46022484095022753
1.0,3.126401106022233
