alpha,s
3.6645529057572404,0.0
1.341941974713464,0.039618424561434884
1.4851855922273136,0.1843547567558208
0.9251185713292139,0.38586389857852166
1.2892369530467802,0.9663349795412357
1.0,4.0158099993527205
