alpha,s
0.38921006353148974,0.0
0.5255521312746165,0.09605578180444588
0.5929109609608654,0.2520344796805188
0.8103329963931978,0.5245651523580478
1.1364359506915844,0.9748736785719914
1.0,2.7444289791325724
