alpha,s
0.3520803333918885,0.0
0.48840994508561597,0.10844110311395753
0.7138329090808105,0.2698448704076621
0.8653651511814758,0.489534141176496
0.9265592429195428,0.9171981367360025
1.0,4.125250631454199
