alpha,s
0.49980154780777714,0.0
0.49485437190263204,0.07135866945750174
0.7871207400578374,0.25341291468294824
0.7067244417105534,0.4647108457144894
1.0623773076791336,1.0051294159172806
1.0,3.16913547276734
