alpha,s
25.796350480395876,0.0
4.6174380970951425,0.004919395870771461
2.1886904375301945,0.04390719451112511
1.7129381309695006,0.16958334286716717
1.2524459189793253,0.47213172229929956
1.0,2.992318142422081
