alpha,s
4.922796451988036,0.0
2.2609340068738852,0.041757876044681466
1.9954399165284642,0.1565752346503096
1.2738925138254764,0.3313246782588816
1.1120645224139318,0.813277421689994
1.0,4.760190859433259
