alpha,s
1.8981969184690513,0.0
1.476198421106303,0.0405037321457607
1.2835328291179167,0.1321796432633614
1.0482969558434931,0.30698746270879523
0.874361446120581,0.703039214909718
1.0,3.48260418514528
