alpha,s
1.7009280374245987,0.0
1.1301481785069205,0.054303371087120855
1.1650932557440143,0.18746946603119305
0.9676801486538747,0.3872930097845031
1.0883262097042556,0.8805209241074503
1.0,2.935187104324536
