alpha,s
28.168357212798256,0.0
4.760372510590143,0.0046996983338131
2.415428982687306,0.0428665011668144
1.515431428569278,0.15659762039306613
1.2657025277106428,0.4892982378278096
1.0,3.374826243365679
