alpha,s
0.825639735926178,0.0
0.9079872352701429,0.13084353030078463
1.0186902712703503,0.29616842279186617
0.7519911669492362,0.5306050039776167
1.1626133794262687,1.1025052824279298
1.0,3.34547205046127
