alpha,s
0.000293357827082378,0.0
0.0009181753888721221,1.3041095890411
0.032955305695168226,3.793424657534246
0.07321522180783412,4.810410958904111
0.35422816263974943,6.806575342465755
1.0,9.4986301369863
