alpha,s
0.026378835569915996,0.0
0.04795732303233895,1.33424657534247
0.22231134747577938,2.2131506849315064
0.13528619599669822,2.89205479452055
0.3550554487712914,5.12602739726027
1.0,9.4986301369863
