alpha,s
3.4048830850127865,0.0
1.238676029974046,0.004258430269413061
0.9642363367778056,0.05043480385764528
0.9773981322997511,0.1878621804484304
1.1019398661617807,0.5469609976996307
1.0,4.501707356007143
