alpha,s
1.1544798497551696,0.0
1.0326456603731928,0.07387895926062371
1.104276382092061,0.19765000110522557
1.0080929882702028,0.38756593227970165
1.1459177765643078,0.8077128685611469
1.0,3.664459592942995
