alpha,s
1.073696298073414,0.0
1.0947187212176883,0.10641996533998814
1.1769685688829947,0.25821317537911875
1.179758826293184,0.4842720203080594
1.2173516775890363,0.9085940418823286
1.0,4.008250294431273
