alpha,s
2.4737092015335453,0.0
1.3928996666706384,0.0049731939830436
1.1911651174724824,0.0404823148502362
1.096138050780538,0.144282734729476
1.1601897305934612,0.4428175428469486
1.0,2.77628289152706
