alpha,s
0.8681424555411212,0.0
1.164170125769743,0.12531720468948923
0.883375859583597,0.2555718106215458
0.8932190603390061,0.5220039693459438
1.4092232606862471,1.0641967211024856
1.0,3.3881548578602
