alpha,s
0.9949881491345876,0.0
1.0261470100617693,0.12286132911916134
0.9966258653808495,0.2864875367430699
1.039746288510935,0.5411330306517014
1.1561674618463815,0.9862110725991051
1.0,4.282757320932248
