alpha,s
0.012159903222982858,0.0
0.042968659394196196,2.288767123287674
0.055615230117778414,3.3895890410958893
0.16823181682966315,4.915068493150685
0.8908918319539597,6.73972602739726
1.0,8.16438356164384
