alpha,s
1.176626582672123,0.0
0.7887424197336452,0.10727356298347733
0.9215235579211054,0.3326039537610331
0.9059546320350844,0.6153815787994017
1.23224289737265,1.1730800675667925
1.0,4.118317959130067
