alpha,s
2.710053273236242,0.0
1.2682528658249443,0.0045859925827777415
1.0335212440727124,0.04466659411822898
1.0501593336977741,0.1722276624987606
1.1478969811010857,0.4921509620876121
1.0,4.208529695627583
