alpha,s
1.3591800714854962,0.0
1.4966695624202329,0.0465371276377706
0.9963994491689432,0.1294720751118017
1.1471031251131456,0.3607705807262973
1.2466626356825545,0.7476603939649482
1.0,4.823816853960435
