alpha,s
7.97793294201526,0.0
1.9810470476205329,0.005488296658645001
1.4834094394904727,0.047393368953765
1.0777045956413829,0.15117778190590628
1.1842134126074304,0.5073753235407699
1.0,2.882773966889824
