alpha,s
0.9360309838064441,0.0
1.0636823875533443,0.12888727113446727
1.222051284853137,0.2904007546678004
1.5862279550029847,0.5009121084602144
1.3238741269544352,0.8053531324102939
1.0,3.966727964774387
