alpha,s
1.3815700995683604,0.0
0.9551601247913951,0.12542237645343973
1.5555644855826558,0.3438264883805628
1.050529098212191,0.545874368105116
1.5148549570682615,1.0993773509000573
1.0,2.8735355361102424
