alpha,s
1.177475227652215,0.0
1.2908918933939155,0.07908263009947836
1.3080744972724656,0.18180900839170366
1.397685755336482,0.3599630973090587
1.1835212818361953,0.6771910289213918
1.0,3.042179548606349
