alpha,s
1.496395463568942,0.0
1.2677109520011782,0.08883105894624024
1.2102360472710245,0.23067712894099107
1.0757247689268241,0.4555516035510378
1.2104914313921984,0.9224878061523518
1.0,3.875390641742073
