alpha,s
0.47208295615045587,0.0
0.6046848319913751,0.08812259667223592
0.8024765784619393,0.23409453579375214
0.8406950973260795,0.44676666572371543
1.039657600479494,0.9178112580259068
1.0,4.371995086285702
