alpha,s
0.36152557650794065,0.0
0.49123248242065987,0.12160342527237261
0.7205870898269218,0.29367123765426634
0.9566908201928861,0.5117921730709251
0.5093904978855278,0.8582694824388588
1.0,4.542143221595895
