alpha,s
1.3489714085450184,0.0
1.209083938968923,0.0986968269647446
1.0264261999909838,0.2461220311646562
1.2515478994328513,0.5119635740720142
1.0625212980595369,0.9153148478953964
1.0,4.639031586878207
