alpha,s
1.0835621597152956,0.0
1.2684656312307332,0.12808860931601967
1.3410933346200082,0.2768652351483266
1.3891671822795162,0.48871275383914586
1.5793803404805502,0.8558407715821508
1.0,3.895024915038829
