alpha,s
1.164865698091007,0.0
1.2707350214562678,0.09155390458871396
0.7034736383354796,0.2156156615598569
0.6647752628997022,0.5347225956156679
1.3798164613624653,1.2039929059491867
1.0,3.105340505280301
