alpha,s
0.021882627117596563,0.0
0.09898088087898262,1.974794520547942
0.13251761450484903,3.01095890410959
0.14155047482168956,3.7594520547945223
0.3711184288155225,6.066849315068491
1.0,9.4986301369863
