alpha,s
3.100164019281305,0.0
1.715858513815188,0.033719052579219456
1.319043189916173,0.1245285472325692
1.428348227650439,0.3179058954999696
1.087511437535074,0.6419668171478055
1.0,4.540256284302601
