alpha,s
1.1028087224556373,0.0
1.136004478930922,0.04880166291214506
1.2062414557767889,0.13898334327813244
1.1890123735413212,0.2889762972670242
1.0221405596411806,0.6029721540133001
1.0,4.10226899247237
