alpha,s
3.9455296795676453,0.0
1.9669704628866898,0.045087827563244434
1.7890389793462773,0.15523737687169642
1.1214737516922855,0.3322414803657287
1.2177332926113285,0.8370645450507349
1.0,2.6968229305320945
