alpha,s
1.1478738921677407,0.0
1.0582756291615787,0.0353221043880573
1.288948972998047,0.1369426301403819
0.9195653921164185,0.282424387654747
1.0923640154141343,0.7212340112210767
1.0,3.08310827184941
