alpha,s
1.224333541920015,0.0
1.381839967742571,0.0521806913436711
0.7529905772960156,0.1336964042063909
1.030885509854445,0.39031207922439765
0.9186575503770545,0.7839021844399022
1.0,3.337798365925857
