alpha,s
2.1149402373599147,0.0
1.1192006985614624,0.00460742468665054
0.661132544880791,0.044022398100723024
0.7314278816101832,0.19752040097285015
0.7967197459640716,0.5686055274467978
1.0,4.022403943748347
