alpha,s
0.21269697294285403,0.0
0.45302924095987107,0.1299344920218813
0.5609629204448665,0.2681179240874358
0.8322230016103929,0.5024234963780718
1.02654473375216,0.8860256592410599
1.0,4.26312684293529
