alpha,s
0.7320157814101945,0.0
0.890635429481747,0.1121617517117097
0.8546058266529926,0.2620241998037871
1.1896121631985808,0.5318868796771593
1.243749804930093,0.923216095044011
1.0,3.0695787040899014
