alpha,s
0.06941078948616479,0.0
0.10830228728608302,2.29315068493151
0.23188984660186782,3.730958904109592
0.33195052291309785,4.914520547945207
0.5339913170054924,6.35890410958904
1.0,9.4986301369863
