alpha,s
1.2514214616638704,0.0
1.2645725698513692,0.049243289693933094
1.2095176335448639,0.128799378451939
1.2471725480368552,0.2780389009306182
1.1717336169295678,0.5956680246577495
1.0,4.37887135491876
