alpha,s
0.30955040324715166,0.0
0.410543915088631,0.1037858423723805
0.294622054731267,0.24592356182709083
0.31579293403759545,0.6139241020512687
0.17847589596658706,1.2082354520677974
1.0,5.329038037509501
