alpha,s
0.2751451610170984,0.0
0.4259276172600133,0.0946173775611927
0.6057252688770062,0.2379054232149743
0.7027000394014664,0.45159148771515323
0.8962193409013073,0.8810372719061141
1.0,4.954296749221991
