alpha,s
0.015118133324104544,0.0
0.05739054674296315,2.012602739726026
0.1564269752885313,3.06849315068493
0.11487757886510692,3.730958904109592
0.727450117133588,6.435068493150685
1.0,9.4986301369863
