alpha,s
2.9497814869068257,0.0
1.4532821354014271,0.0471014564290143
1.2291728397215431,0.17290494098478534
1.2632490992595435,0.39971251180426537
0.7699701035872635,0.779301986197046
1.0,4.269303609280385
