alpha,s
0.06838051632184584,0.0
0.4468500990361436,1.95342465753425
0.1583295182630498,2.307397260273976
0.4952391978145054,3.786301369863012
0.4659381928981321,4.823561643835617
1.0,8.16438356164384
