alpha,s
0.042402857117293684,0.0
0.18572671218671097,2.140821917808216
0.14784723810961406,3.01095890410959
0.6038641573422766,4.368219178082194
0.2743489748433991,5.15890410958904
1.0,9.4986301369863
