alpha,s
1.1489909500291975,0.0
1.3716610712846924,0.11508544651539905
1.1282764739501794,0.24670093270144572
1.1876945484458457,0.4851570209715177
0.9429981887689247,0.8811134884426217
1.0,4.380775817456144
