alpha,s
1.0456030967307646,0.0
1.1743231519981183,0.07786296597701714
1.2848507452515532,0.19262599474110664
0.9997167438961829,0.37652181334482926
1.3503131255657679,0.825708678712361
1.0,3.277314460532601
