alpha,s
1.4783919917442385,0.0
1.1809881974622127,0.055302549656563636
1.0583627433555363,0.1705814687940528
1.287205025624861,0.38218056494730757
1.3612836651305729,0.7037496520870082
1.0,3.074931601442785
