alpha,s
0.04232509205451393,0.0
0.16878345552732021,2.002739726027398
0.7208879269192996,3.01095890410959
0.29534008000632844,3.28767123287671
0.6546981459166774,4.4767123287671255
1.0,7.07397260273973
