alpha,s
17.00580389563066,0.0
2.4791276673154656,0.004780809597763662
1.621179305807836,0.056015581651086076
1.5686973334351115,0.18982935045235164
1.1604657588094194,0.4750479263882583
1.0,3.318690560974832
