alpha,s
1.6146203178615979,0.0
1.2954556576281184,0.0553292370952396
1.0298064415803556,0.16926004718005913
0.9528764428468691,0.4102214612377882
1.5427870672449138,0.9267286216049685
1.0,2.621649448021886
