alpha,s
0.11385614507298646,0.0
0.2643220342753244,1.901917808219178
0.5594340567647512,2.8931506849315083
0.19348016937115495,3.74246575342466
1.1007864758039794,6.577534246575344
1.0,9.4986301369863
