alpha,s
0.007856824434327786,0.0
0.12232857930562076,2.014794520547948
0.07443767821677781,2.4482191780821925
0.17350858119802867,4.2027397260274
0.5347998361603218,6.14794520547945
1.0,8.16438356164384
