alpha,s
3.448019081192296,0.0
1.9119823077744058,0.04384010344838954
1.314435936160959,0.14583535970200345
1.4011915653123739,0.37488188628075747
1.0845708181675104,0.7767840710959858
1.0,2.819874755923508
