alpha,s
0.961903635037359,0.0
1.1748439602569674,0.12284672013566274
0.9782010677965399,0.2654714424950363
1.2045550525849058,0.5272489258607189
1.1235664450375287,0.9492183788072823
1.0,4.273407849747042
