alpha,s
1.0377049418816773,0.0
1.1138841615057904,0.18930036296967467
0.9067058585812281,0.41942553822140466
1.2279877062022708,0.8045884523428204
1.2782947458179037,1.2897817296525467
1.0,4.413320232316237
