alpha,s
1.5454830745699006,0.0
1.366219307774983,0.06516895732583473
0.7221623024452263,0.16216051447040228
0.829600646379773,0.4622057156704801
0.7511093282269364,0.9187747277551093
1.0,4.62964685721725
