alpha,s
21.891676128540535,0.0
3.0344610919085233,0.004258430269413061
1.6575362613612186,0.05043480385764528
1.3384472686662634,0.1878621804484304
1.292330000749485,0.5469609976996307
1.0,4.501707356007143
