alpha,s
31.976442561673256,0.0
3.8500540466934825,0.0041677950021435815
2.1603610467635237,0.05155255338017814
1.431978592574878,0.1805688148407749
1.1764742363347682,0.556833478310797
1.0,3.900274861755968
