alpha,s
1.1875123105587877,0.0
1.1392569089500841,0.12560818246810185
1.075819617846616,0.2998285489256337
1.343634693655013,0.582299491899537
1.6015729410583543,1.0051150793591928
1.0,3.747996622155072
