alpha,s
0.8361487143208622,0.0
1.103574828099418,0.06735967092587059
0.9639756293093373,0.16005507879969202
1.1980085453672598,0.3523683475450271
1.4855382625195515,0.6944713675497648
1.0,3.187197999589026
