alpha,s
4.376950917753597,0.0
1.6291907225501134,0.004027661870681901
1.4041491376962745,0.03992892029674392
1.0217495390792697,0.13734176324678848
1.365874454137442,0.4778116873533712
1.0,2.9685499061412592
