alpha,s
2.679424071773218,0.0
2.1779682911015175,0.05555352030279258
1.4064421142274022,0.14675596815812747
1.4287711110100387,0.34994973162142523
1.3228205197163063,0.7498772779578474
1.0,3.034540826800277
