alpha,s
0.7745639095174786,0.0
0.8853042587191883,0.11353974917807474
0.8568181260861645,0.25827912583983537
0.9406935764293058,0.5013931432550274
1.181568971136335,0.9548495506161615
1.0,3.712896067053788
