alpha,s
2.2474600836660468,0.0
1.2248514345835766,0.0336734260874784
1.2201329832223302,0.1447664888669593
1.257108614852617,0.32867282555432453
1.1778794059536106,0.6984720104773955
1.0,3.804232756541087
