alpha,s
1.2074252199004436,0.0
1.05035554280421,0.09613666553551803
1.1076577645879224,0.24571872666283737
1.0797543563076282,0.4853695412591469
1.168694340526764,0.9016601234524658
1.0,2.187696486626868
