alpha,s
0.8492973001197129,0.0
0.971229358677191,0.22932399588390737
1.0332347539627778,0.483299602789222
1.132805844607531,0.8273783620242275
1.2259380856264088,1.3697098926408369
1.0,3.699590777454735
