alpha,s
1.5653473639093531,0.0
0.45459792805464794,0.0037239657220088608
0.5967029429402921,0.0575585113483568
0.4802891860402248,0.15349479380984274
0.27249569677149027,0.45234873673388004
1.0,5.507909165105303
