alpha,s
1.7197849303556887,0.0
1.234843094571913,0.03820386993898698
1.1743803062893792,0.13820846672414858
1.039265363764535,0.31846138219323167
1.1741958599954625,0.7203093949583353
1.0,3.637822690860258
