alpha,s
4.482615727406228,0.0
2.212666310549791,0.046699973596372804
2.306813850269227,0.16197602731382763
1.3488866281405136,0.322167659594514
1.2082056378676542,0.7760905794324798
1.0,3.343349552670907
