alpha,s
0.950482873406218,0.0
1.342698332719044,0.1456866910015926
0.9706959647119711,0.279853027468834
1.017856909986161,0.5523130784998312
1.0232145764267229,1.032813475826654
1.0,5.6741958890070165
