alpha,s
1.180169052752807,0.0
1.1166319802646054,0.10209840068115227
1.3317971846975771,0.251013415388944
1.1355888214604868,0.4405514013105714
0.995710185697585,0.8358323584141698
1.0,4.822145655798697
