alpha,s
1.0837744706248926,0.0
1.1972291270266329,0.10984320787936983
1.0085017996082901,0.24885564568997304
1.3471331369878636,0.5037101779460172
1.274836525662305,0.8818341724354765
1.0,4.268482492243935
