alpha,s
9.377077222129387,0.0
1.8094996664473126,0.0050787709652021
1.3282721380004976,0.0534105676467337
1.1273358652088548,0.18570281784397424
0.9073821123314377,0.5267108676301676
1.0,3.315294070892421
