alpha,s
0.9760596447342389,0.0
0.9575535618721063,0.12314012676208087
1.078742724791659,0.2974868212391863
1.474410956153188,0.5392476785279593
1.616290759703979,0.8891967040275239
1.0,3.957996954552936
