alpha,s
1.0773522310453545,0.0
1.0438488801339891,0.10748123960254331
1.0483108230006877,0.2615000493549945
1.3462894273963946,0.4907971826618034
1.1352772328656713,0.8458680994546899
1.0,4.479004169491691
