alpha,s
12.600491089736806,0.0
2.5824561092891427,0.0037744159594159
1.828192374243783,0.0463898930185042
1.1238806304889362,0.16429655273509947
1.3417141000153685,0.5610476153192683
1.0,2.6806190068781315
