alpha,s
0.0005923505543539755,0.0
0.0034808806133254126,2.031232876712326
0.021842041924782358,3.59178082191781
0.039619020172599224,4.3227397260274
0.22441617234271669,5.94520547945205
1.0,8.17808219178082
