alpha,s
0.006112234380254715,0.0
0.046244138116446384,2.16712328767123
0.13608177901564739,3.238356164383558
0.1584395542833348,4.2027397260274
0.3112942043202562,5.94520547945205
1.0,8.17808219178082
