alpha,s
1.292729365202316,0.0
1.275941469220872,0.1047340050177333
1.2397878081783649,0.2426152774519884
1.1044245950768876,0.4531909105321115
1.0229822946405889,0.8853167029318313
1.0,4.604984397275785
