alpha,s
1.2662417852450008,0.0
1.2114249178941192,0.0620210474485466
0.9508717346865292,0.1565503877121409
0.8456978789531358,0.36215699594287715
0.7028040493574056,0.8192562825993381
1.0,4.683883022197176
