alpha,s
1.0025872239234996,0.0
1.1020141037729556,0.19175008120600126
1.0512149259711336,0.41387403693873426
1.0034237350284132,0.7368160274959388
1.2474670816140878,1.3310299611550547
1.0,5.179458313610444
