alpha,s
1.0082559619800469,0.0
1.123264156935486,0.12019122329633664
1.0223275225427642,0.2687930232835155
1.0503138284479019,0.5142109995738305
1.2172859112682275,0.9756690495214128
1.0,4.465598507776511
