alpha,s
1.558478108720872,0.0
1.3751299936500982,0.07383134288427042
1.168752482248564,0.18623391236537606
1.0962935584718843,0.38158459995955407
1.3463783421801507,0.8067657013284284
1.0,3.875613814832501
