alpha,s
0.21808510140415246,0.0
0.46607649732786394,0.1260902133861116
0.6689324344369412,0.27778567829651435
0.5770345943246032,0.48796423130713285
0.9977077910591453,1.0604148809610723
1.0,3.70455521146506
