alpha,s
1.0856659566083293,0.0
1.0609727854847186,0.07989453150570425
0.9880309890400581,0.20181495089759827
1.1259907820844361,0.4116022733099125
1.026399103112262,0.7895311669010667
1.0,3.697231717083892
