alpha,s
3.767922195092095,0.0
2.0524888363975435,0.04484706761651576
1.627806922227901,0.152149809781808
1.1463284065662875,0.3473735080353431
1.115192070406031,0.815859080855315
1.0,4.729421699518467
