alpha,s
0.720787494712615,0.0
0.7576658399161205,0.11289629044194502
0.6751310722058456,0.27051571869487134
0.8390661919469655,0.5415067170498665
0.9430016257976629,0.9940579462983028
1.0,4.459507929100689
