alpha,s
1.3253116318741929,0.0
1.407390922159468,0.0362652189335844
1.0910382096276263,0.11964217996219573
1.0398242531806303,0.3198617574772071
1.2070415400579357,0.7579033408523613
1.0,4.361409473464636
