alpha,s
5.27384042645985,0.0
2.694173758458628,0.039775760662727665
2.599347390495683,0.13319664955966
1.2019566680264586,0.27470226792105623
1.1885098248570067,0.7590852757275791
1.0,3.461809903397085
