alpha,s
0.7995118818901341,0.0
1.2266631073094116,0.2419496688150215
1.404836941269502,0.44388588951891267
0.9734192009284233,0.6882875204301288
1.4744957360827167,1.3073710874992277
1.0,4.05532321403266
