alpha,s
1.0937341841070345,0.0
1.1764767625429233,0.0786531781903194
1.0301329892399524,0.1969867767157726
0.8995835786453129,0.4195840237725159
1.1297981779375936,0.9304570594875984
1.0,3.6945970997459527
