alpha,s
0.31685964068815575,0.0
0.3919046170447509,0.09842536561145848
0.8316793701349715,0.2953499234629192
1.1252696961795026,0.49385804662928884
1.08970883287048,0.8347416023439186
1.0,3.2358244888006147
