alpha,s
0.44222942427881184,0.0
0.6708481260367375,0.09982503830980412
0.7223476403111234,0.22807939178141434
0.7850924790749628,0.46431660643671263
1.2321253856975984,0.9495714029495199
1.0,3.8659266001694745
