alpha,s
19.286312769058803,0.0
5.001433169700565,0.007925421622046522
2.5003436891332753,0.047754247548204676
1.4250491395785652,0.17055465125831998
1.4622428342598726,0.5471373601146525
1.0,3.8815655208443753
