alpha,s
0.042596521634880015,0.0
0.12608397472177144,1.038356164383564
0.08588331322648074,1.9605479452054788
0.18588275269004564,4.2027397260274
0.673142998562937,6.020821917808222
1.0,9.4986301369863
