alpha,s
0.864457643291945,0.0
1.1562035907408383,0.1377872909154544
0.9487030587521041,0.2780928800523523
0.9282353385153643,0.5298209767015482
0.9268521172451973,1.0186741578989231
1.0,3.5399661509490503
