alpha,s
2.1893462776572035,0.0
1.2610083492247819,0.02752475156861694
0.926352645695157,0.12569957422214262
0.7794888797985177,0.3662363638793544
1.1288254221368297,0.9578421510749476
1.0,3.787289391301724
