alpha,s
0.9263396506976438,0.0
0.8628607393614006,0.04449640233184588
0.8472295730707801,0.15520346760252668
1.1532866015193388,0.40066780619979964
1.405852570823446,0.7890529369197721
1.0,3.5398220088753805
