alpha,s
1.2611343354615931,0.0
1.0067109539958685,0.05225562254443826
0.9822396201037881,0.16469331386855207
1.0359947811162888,0.3767608571464348
1.109799248279035,0.8034955565739937
1.0,3.5301437464990446
