alpha,s
1.3313805221813817,0.0
1.3130326938023973,0.1024289689105532
1.013749338616483,0.2383406718813612
1.1254619185535617,0.5113007128802499
0.9673164612327567,0.9399071700608213
1.0,3.790933643596948
