alpha,s
1.0164659622548633,0.0
1.5443190129157676,0.13124045698724376
1.0742824039036443,0.24703228522485932
1.240588667730137,0.4962501575328422
1.058260089995694,0.873765698172514
1.0,4.665601708462206
