alpha,s
1.1053427840015164,0.0
1.0134688093933855,0.119004630159738
1.5617910159418202,0.2903738283822845
1.2303085403000507,0.4628308488898538
0.9632841698515212,0.8590045393754312
1.0,5.450257558225862
