alpha,s
1.448130469940031,0.0
1.0685484470541307,0.04205110140752772
1.07093250440633,0.1511080645383226
1.5822082559215274,0.34942157442328975
1.1621960212193554,0.615191342966627
1.0,3.999140285383696
