alpha,s
3.7048381228323137,0.0
2.0069837569718594,0.039775760662727665
2.0979442622045115,0.13319664955966
1.0410094640502565,0.27470226792105623
1.096846050088322,0.7590852757275791
1.0,3.461809903397085
