alpha,s
0.10854014262453936,0.0
0.10766840058162531,1.13424657534247
0.14118634227173263,2.01369863013699
0.08679103199587788,3.2054794520547922
0.5082318952832577,6.73972602739726
1.0,9.4986301369863
