alpha,s
0.03270254012950796,0.0
0.15886059169793312,2.242739726027398
0.14193123843871594,3.08219178082192
0.9708123853796519,4.184109589041098
0.26630971749966414,4.6
1.0,9.4986301369863
