alpha,s
4.052562976051477,0.0
1.7671929975518472,0.04541755842092113
1.5185490164934408,0.1751704364585305
1.1246068182000548,0.3891802241859758
1.1803749756097148,0.8953918314711251
1.0,3.2056528042738126
