alpha,s
0.9601005091874396,0.0
1.040386386126023,0.08576006163221124
1.2406361304540532,0.20312262026047512
1.3800891744171615,0.3714038140966712
1.4040532657797973,0.6510493995785482
1.0,3.1133290500390194
