alpha,s
27.040584565366583,0.0
4.014140182608309,0.004735541948180801
2.369983154289584,0.0486931847406529
2.2167231824917057,0.16638530615846975
1.340429425919701,0.40035784073525355
1.0,3.5089279981268127
