alpha,s
3.8737873570044794,0.0
2.8094989611765313,0.04437178051247048
2.4470365059926307,0.1213728275060942
1.5322972660727188,0.2504087245939882
1.2600969069299937,0.6370003304865561
1.0,3.511814479794086
