alpha,s
1.196793839659333,0.0
0.9546711513173409,0.1067482278196477
1.0519469335465939,0.2892186414453174
1.0216287232007255,0.5364367570204216
1.1258394618115941,1.0058076876791138
1.0,4.0792172466853245
