alpha,s
1.133567097390017,0.0
0.9693833944215918,0.0654560227990503
0.8828927860641826,0.1974710942896118
0.775560829483554,0.4292206762364384
1.2858143253071905,0.9921233392471528
1.0,3.357180834790992
