alpha,s
1.433331267446203,0.0
1.1891857374663184,0.043646884559789705
1.086359268519338,0.13061101352808435
1.1385037381607819,0.29953653891977244
1.1548270626107462,0.65194443365853
1.0,4.885892285795774
