alpha,s
12.791932260696312,0.0
2.4493714168142784,0.0036242329125380215
2.0563756450026607,0.042956761048548425
1.1848451061862535,0.1330538252103282
1.3184295658794205,0.49581719497981347
1.0,4.437751881640626
