alpha,s
2.290109266465253,0.0
1.1262834347194464,0.040395871920802004
1.600964573434979,0.16808222810500137
1.2059851460094158,0.3100841596320694
0.8610935894257525,0.6707984855347872
1.0,3.546886842951961
