alpha,s
2.1331161651074697,0.0
1.1685878639492868,0.0049646526481562005
0.8756657306965436,0.0423013761304275
0.8431402677931791,0.16344208548434255
0.767525324320569,0.4918948924629654
1.0,5.25350858824292
