alpha,s
2.1477872575131505,0.0
1.2059441283935122,0.00439858896861946
0.9845415315235236,0.04218497935149218
0.8954412220192584,0.1614073429620945
1.0227690438065005,0.5085358999627897
1.0,3.816270046028389
