alpha,s
1.2723582209336703,0.0
0.9083833510072672,0.03959143099366002
1.1355091629655905,0.14015518254976883
1.0752562846391465,0.2851810730878886
0.8468291184612129,0.6150676174864874
1.0,3.49895220813967
