alpha,s
0.9007453889763246,0.0
0.9672860682118822,0.0840235067179291
1.030718920965182,0.2174550131294701
1.2620509037168968,0.43552018287036337
0.880116959362383,0.7663269955959264
1.0,4.7278023259024105
