alpha,s
0.024409950391363604,0.0
0.11743074658669182,1.7287671232876705
0.06591039844526658,2.267945205479454
0.2475556521859422,3.7643835616438364
0.423055531678478,5.194520547945203
1.0,9.4986301369863
