alpha,s
0.6140844444657797,0.0
0.9125374834112838,0.12321459453275851
0.6139047195402678,0.2613380251750233
0.8722247137171157,0.6010939535750163
0.7647013291195739,1.0332314054682763
1.0,4.261107815973245
