alpha,s
1.013965311869785,0.0
1.0168117168864523,0.08834540101525433
0.84241381373149,0.22758537804348994
1.0014471531604634,0.502314991222352
0.9224332990273914,0.9392887212626156
1.0,4.172783605933856
