alpha,s
1.1080714502215723,0.0
1.1794839571870712,0.11920030532895598
1.0992735950866295,0.2734758714867076
0.918868704070231,0.5194899157167272
1.0649457823286665,1.056685806790837
1.0,4.158533550336978
