alpha,s
1.7401820392789635,0.0
1.0205943744743182,0.033858607218133926
0.9188835954043791,0.14519200172812177
1.0781882165836025,0.3798609112686983
0.8135406345909276,0.7537789992033272
1.0,4.93930845412709
