alpha,s
8.253335784235752,0.0
2.655503784357813,0.0049731939830436
1.8943107069591134,0.0404823148502362
1.5251926468720594,0.144282734729476
1.5121547294517914,0.4428175428469486
1.0,2.77628289152706
