alpha,s
4.390372461010702,0.0
2.238075743652446,0.048425235347110865
1.3811019509425637,0.16231105310952115
1.8235816178538438,0.4183627317013284
1.4242638946120219,0.764013900353387
1.0,4.168387418086945
