alpha,s
0.9690496199066391,0.0
0.9674761842936981,0.1924363753327947
1.0179461004551313,0.44810661683689706
1.004984766282226,0.7821631578683059
1.222516678127747,1.3699824020218494
1.0,5.250088494130088
