alpha,s
0.40576069267752296,0.0
0.7340810203209739,0.11568094907003745
0.9669171917852892,0.25383241699043546
0.8471642760573715,0.448045249659875
0.8212894607601128,0.9328120546248603
1.0,4.473737361600163
