alpha,s
33.05552719796854,0.0
5.718646201812207,0.0042191113916203605
2.791124318878758,0.0380399368560399
1.8312861652761763,0.13830440191674112
1.547040653865546,0.43793767521400706
1.0,2.900231225440953
