alpha,s
1.5237754165530082,0.0
0.9990344494610952,0.008326218917658442
0.9448232428121999,0.0595105066560155
0.9240955515975268,0.18568156051852766
0.747941666828887,0.49977459352901876
1.0,3.656691789286416
