alpha,s
3.120006954421503,0.0
1.6221889698143863,0.05360889881880571
1.3520851000902383,0.18382855715050417
1.018257526621076,0.4102339006404755
1.1363129506810081,0.9361081113040453
1.0,3.294117950676512
