alpha,s
0.2650347748433638,0.0
0.5115635063184852,0.12192241497869764
0.9263490520395228,0.28937623457004946
1.3699041929164355,0.4788404709254907
1.1237838886761846,0.7497804700819878
1.0,2.0578637542798823
