alpha,s
1.221272397490232,0.0
1.320239779128472,0.11746542327703265
1.1749632061378419,0.2588669897859322
1.3697581892271138,0.5040680214673054
1.3342894729185826,0.8769253028976718
1.0,4.365750470030245
