alpha,s
1.775257627837821,0.0
1.6240085384095106,0.0642932134547165
1.4000456932364271,0.16656753976860608
1.2230517360376667,0.3514079711368856
1.1667590501792815,0.740992751336175
1.0,3.8578344144253927
