alpha,s
1.13668560451017,0.0
1.168778419728978,0.06612492970058347
1.1324286192721134,0.16420724314819055
0.9717357082931762,0.3283936338427774
0.7112555011528734,0.7213600043109974
1.0,5.049365241982119
