alpha,s
0.9099220266108553,0.0
0.9852688462129995,0.11569082580533074
1.0508371188565522,0.2622060273031915
0.8445933396795949,0.4805671759817187
1.015156623528797,0.9972272448512629
1.0,5.325316022006558
