alpha,s
0.039184782139642424,0.0
0.05448585599997467,1.13424657534247
0.09414013330443777,2.01369863013699
0.07859852353598555,3.2054794520547922
0.7057469507679807,6.73972602739726
1.0,9.4986301369863
