alpha,s
1.0683083425716093,0.0
0.948232382524823,0.12407442473521134
1.2559191013154933,0.3122230340466079
1.149301182510883,0.5278337567702209
1.086716581756348,0.957482214305269
1.0,3.963740825870951
