alpha,s
1.096175346429924,0.0
1.1113522112479595,0.05193864936877133
1.1593764303633338,0.1350976328692163
1.1176398662058211,0.2849504281861685
1.0608485969984514,0.6080918506343903
1.0,3.61730589088008
