alpha,s
3.0551292510283785,0.0
1.4994750401393966,0.0041066547262177
1.2619589170838088,0.0390535708990581
0.7770437686703229,0.13202718630044033
1.113987372868483,0.5356658208665478
1.0,3.150771919285525
