alpha,s
0.4125785753378936,0.0
0.8829309607802381,0.16305956339065664
0.8117488549120553,0.304055127641629
1.2108618777270606,0.5591748898861627
0.9180600982306171,0.9053334346571824
1.0,4.073216463236378
