alpha,s
0.847581464963802,0.0
1.0245150012579083,0.1065397061838145
1.2417250161774698,0.2450733099098105
0.9493133268526871,0.4298716207023957
0.9418307555964062,0.8833113657785349
1.0,4.500526089904816
