alpha,s
1.2303179831567943,0.0
1.0927275602298478,0.10345848573256353
1.2739488767927793,0.2611432650563093
1.1820169736843997,0.4703576580285035
1.2058466545011004,0.9008596064657117
1.0,3.2929981705875027
