alpha,s
2.308515937679855,0.0
1.019408731861179,0.00520015845489284
0.8844291700314996,0.045501052581110465
0.9653826719114398,0.1649527529802221
0.9536735627051854,0.4610109083894371
1.0,4.174319187582528
