alpha,s
0.9757060569177127,0.0
1.06129758369983,0.11576695618871224
1.1358445858407344,0.2644928800275774
1.4087256854662178,0.4794156554451258
1.3386957257578385,0.8000454075555122
1.0,4.428391863272168
