alpha,s
1.0121023028668148,0.0
1.224071639742896,0.10906550291381177
1.1572291469290608,0.2324999112174886
1.1080873474816926,0.4288079785497118
1.2749942287291152,0.8187765174793503
1.0,4.120420532976826
