alpha,s
0.2809925469680513,0.0
0.6056303670675196,0.1016955454477296
0.7307926240909275,0.2134738164694191
0.682176275030602,0.4079699148283229
0.8671168948349378,0.8883798191873677
1.0,4.200343286459775
