alpha,s
0.418392008799188,0.0
0.5063485161377966,0.0934304755196742
0.5266685563178857,0.247168986957949
0.7105412958461711,0.5357047778282572
1.065379684655269,1.0240167506383528
1.0,3.956723617854938
