alpha,s
0.45029092506644613,0.0
0.7144363768557906,0.0972216941059212
0.6814098374377054,0.2166056699030533
1.181998025316942,0.4671308500986932
1.0838806175787727,0.7939591424345772
1.0,3.73205832091963
