alpha,s
0.3656854516948737,0.0
0.6267372525550396,0.1044796985530304
0.7349789142858681,0.2435187726282127
0.8096479920963557,0.4726916994813692
0.9914797247864348,0.9345328443773592
1.0,3.39922732384851
