alpha,s
1.0003695873083946,0.0
0.6515320352845639,0.04388811577574073
0.9179343274167117,0.18746604827463734
0.9008245454271218,0.3970104763722557
0.9181751476509707,0.8119158483616528
1.0,3.429972968744332
