alpha,s
0.06497782362709552,0.0
0.19159380114856173,1.6887671232876706
0.1497768267975908,2.438356164383562
0.17558710950372872,3.809315068493148
0.5420759687346377,6.35890410958904
1.0,8.16438356164384
