alpha,s
1.0609702350713355,0.0
1.0172737429623104,0.17981934647312034
0.8852564958338612,0.418358886516575
1.089778343094184,0.8003251727763835
1.3009153051896878,1.3206158631195102
1.0,4.994266664601051
