alpha,s
0.00017827030134707757,0.0
0.0038657150342106257,2.318904109589044
0.012223264028800798,3.20547945205479
0.07854667589825243,4.19178082191781
0.1993165381099467,5.15890410958904
1.0,8.22739726027397
