alpha,s
1.146568772796383,0.0
1.105667268658965,0.11918254776207446
1.0195650327908325,0.28400518589214924
1.1281486018686453,0.5474585491783003
1.0430855121987233,0.9818494463932445
1.0,5.280882889480268
