alpha,s
6.072716066199632,0.0
2.405084422534434,0.03340236230003242
1.50964207027513,0.1413987090734628
1.4240407884725372,0.3701496023643951
1.2541699924110852,0.7958175577661083
1.0,3.1770530933341345
