alpha,s
6.480343755880835,0.0
1.6816080538421883,0.006792528740637161
1.3163025789639027,0.06261959853061227
1.210807108046345,0.21000142329669674
1.1654159028086202,0.5561112361121497
1.0,3.613740999855484
