alpha,s
1.1718157260978885,0.0
1.1718760599205222,0.07170022242982046
1.1867871413596907,0.1794651827031197
0.9118703951305851,0.35815394393102734
1.4775640090035558,0.8346777332395011
1.0,2.5887189774589467
