alpha,s
0.04368154612669601,0.0
0.13843965755666687,1.6887671232876706
0.11328483316508678,2.438356164383562
0.14551231562281808,3.809315068493148
0.5043283339726208,6.35890410958904
1.0,8.16438356164384
