alpha,s
0.9360388301437984,0.0
1.3312722806870405,0.07000863168914666
0.9620680867721741,0.16645326415100112
1.0605744215015458,0.3994989223924237
1.0980816969945335,0.8018813874920075
1.0,2.710761435803148
