alpha,s
2.114987074960414,0.0
1.3712506832949354,0.043604760405950724
1.2050379986447395,0.15500234179781108
1.3830985983250617,0.34697242252017757
1.1101553522687548,0.6988019200539525
1.0,2.6609237082234376
