alpha,s
30.77220301099096,0.0
3.981131325402304,0.004862085092967281
2.767221715137137,0.054752046201205704
1.9705967763354133,0.1622339720471716
1.5250840625063555,0.4364391991948397
1.0,4.316497163574767
