alpha,s
0.8640574426413914,0.0
1.1391074860685246,0.15006309437235726
1.387988779044556,0.3057340914525772
0.9414646724105893,0.4876421325358925
1.3140437011580026,1.007582998490875
1.0,3.913295844582501
