alpha,s
1.0639744765740349,0.0
1.0227318068255424,0.1816146067174168
1.144637959229134,0.4219641777740415
1.1445821045847304,0.7179989997634483
0.9402640380270489,1.2098601122191182
1.0,4.785709298804197
