alpha,s
0.016278731201974664,0.0
0.04807326106228183,2.01369863013699
0.07102707970248245,3.20547945205479
0.21269667766722644,5.15890410958904
0.6024449399889776,6.35890410958904
1.0,8.22739726027397
