alpha,s
0.06780295447286096,0.0
0.13930171402619784,1.98630136986301
0.19975029125749516,3.1068493150684944
0.3751499591780497,4.41643835616438
0.5770742080484256,5.85479452054795
1.0,9.4986301369863
