alpha,s
1.0676818793751657,0.0
0.9560026001821358,0.10221584440936758
0.9791174470994729,0.27189366098603274
1.2056412377079548,0.525710530426928
1.0715924485909096,0.9146992233701995
1.0,4.639781469341982
