alpha,s
1.255170134894138,0.0
0.9141429077598008,0.062421638628948194
1.156922283555043,0.18706859135988943
1.0400934455145463,0.3598007199116384
1.209584063854632,0.7393536664073183
1.0,2.5531801846288738
