alpha,s
0.2273774336525299,0.0
0.41015533452488334,0.11920030532895598
0.5201848029150516,0.2734758714867076
0.5464298447262826,0.5194899157167272
0.7434421478540874,1.056685806790837
1.0,4.158533550336978
