alpha,s
0.10600663817420164,0.0
0.5907396267383906,2.014794520547948
0.2240035870554412,2.4482191780821925
0.3304239402277604,4.2027397260274
0.7327885882139051,6.14794520547945
1.0,8.16438356164384
