alpha,s
6.152946653136724,0.0
2.3367845467525044,0.029370845325227
2.289702168755603,0.12849181946852517
1.4877556772171256,0.26574113869554356
1.217174788811037,0.6519053853662927
1.0,2.3095758583311574
