alpha,s
1.9442708797888384,0.0
1.1569141692416867,0.03340236230003242
0.8778429310312064,0.1413987090734628
1.0031516569328227,0.3701496023643951
1.0060066871450426,0.7958175577661083
1.0,3.1770530933341345
