alpha,s
1.3609552681735988,0.0
1.1086518624850992,0.0934304755196742
0.8882678488104093,0.247168986957949
0.977720374045472,0.5357047778282572
1.2020306877508276,1.0240167506383528
1.0,3.956723617854938
