alpha,s
1.2818980008338983,0.0
1.556798234815333,0.1016955454477296
1.3605132622029361,0.2134738164694191
1.018494253476596,0.4079699148283229
1.0844071080382567,0.8883798191873677
1.0,4.200343286459775
