alpha,s
1.8710222802435625,0.0
0.9568265839552678,0.0041677950021435815
0.9385680911055354,0.05155255338017814
0.880531379184918,0.1805688148407749
0.9203778878780687,0.556833478310797
1.0,3.900274861755968
