alpha,s
1.0991161928657056,0.0
1.1149016440704238,0.10803855163691783
1.0050776135527073,0.25580581998252716
1.0665839733097062,0.5036916597846668
1.0098494701627758,0.9298113488716602
1.0,4.787659641822583
