alpha,s
2.5352991858105134,0.0
1.0094595074714265,0.0058400444616406415
0.9118772414353365,0.05503688600356638
0.8733090011128227,0.18327788171558212
0.8398594481135321,0.5142713727913374
1.0,3.2317606626966526
