alpha,s
1.3791355605077034,0.0
0.9803844709638689,0.009185662926672142
1.054702706750144,0.061726832080191564
1.009751041890198,0.1751180584673417
0.8010553741880674,0.47304755648107677
1.0,2.802997109300845
