alpha,s
1.083248477003975,0.0
1.0423357420269532,0.0723861548525351
1.0089092125605137,0.2017092300071021
0.953388886874387,0.43039633259730137
0.9203365940627195,0.8937600282656515
1.0,4.115650029190949
