alpha,s
0.017221107465249245,0.0
0.12145734637969131,2.02575342465753
0.08152643872004675,2.766575342465757
0.18669964515781337,4.2613698630137025
0.3037032983633172,6.26301369863014
1.0,9.4986301369863
