alpha,s
0.34090193357369303,0.0
0.527376624343915,0.10196030375829443
0.5722517185819352,0.25087812888314104
0.8751604804833288,0.5248197327329196
0.9394274762009068,0.9674133915432404
1.0,3.667799772457904
