alpha,s
4.160207965054073,0.0
1.7239633897739892,0.03110859877394301
1.4566682719360275,0.134952522422645
1.101321954713719,0.32694934674339093
0.7583465209318945,0.7657757748472439
1.0,4.201182783033947
