alpha,s
0.013323161064910287,0.0
0.028875636699733014,1.9917808219178061
0.093500404098831,3.491506849315067
0.10608893682997851,4.39452054794521
0.5884783469198479,6.107397260273971
1.0,8.22739726027397
