alpha,s
0.17910137924603947,0.0
0.18823768805181115,1.23561643835616
0.21371491295686615,2.4104109589041123
0.2825615278291407,4.23232876712329
0.7059267207206368,6.26301369863014
1.0,9.4986301369863
