alpha,s
0.9757306729076559,0.0
0.999333503439777,0.11136364186694052
1.2808919736182915,0.2580897718131021
0.8788909968323505,0.4360308753210207
1.4653857964209143,0.9948389998932278
1.0,4.511345736393747
