alpha,s
0.0027256779039127486,0.0
0.0201734075681711,1.96712328767123
0.008338850191063311,2.36438356164384
0.013612005842920565,4.19178082191781
0.05176581338050104,6.14794520547945
1.0,9.4986301369863
