alpha,s
1.2947337346014396,0.0
1.216997366736852,0.0378817408069878
0.7394223279563821,0.11359635305399232
0.7080172240448511,0.32398955912184935
0.615933887318873,0.7470161125878914
1.0,3.792975622128803
