alpha,s
0.0021922453775397375,0.0
0.026535913438156276,1.9709589041095859
0.016129911351749005,2.42191780821918
0.09395904925204338,4.486575342465755
0.4881016020981819,6.14794520547945
1.0,9.4986301369863
