alpha,s
0.968918764451084,0.0
0.8352973712300177,0.08841569876310229
1.142666298975439,0.2558356975972796
1.034896906194054,0.46264668382335405
1.1501617530889316,0.9049597139875376
1.0,3.599763734380609
