alpha,s
0.8921175500050764,0.0
0.9440513540831247,0.1047340050177333
0.9832755509051438,0.2426152774519884
0.9415829237843876,0.4531909105321115
0.942799951455117,0.8853167029318313
1.0,4.604984397275785
