alpha,s
0.35351046095676647,0.0
0.47798313863200964,0.1022507353920619
0.9193707055904659,0.2732490076483382
0.9605472974098305,0.45410255449572023
0.992428983753859,0.8603097267715416
1.0,4.30299106072841
