alpha,s
0.5065156925025186,0.0
0.73148780503946,0.12344844206255912
0.8690212848666959,0.29340676172698243
0.9700926291367035,0.5152498754214507
0.9334578399635093,0.961598099289221
1.0,2.575207849753692
