alpha,s
1.7523200148691398,0.0
1.8724698882585644,0.057511162907336044
1.3857416068212398,0.13773992502805427
1.1975718992031295,0.3138576098026305
0.8934564485904997,0.7008665248575238
1.0,3.9999436307929206
