alpha,s
0.6908051528493563,0.0
0.8434111200592826,0.07839843982047497
0.9495397613077753,0.21042091408473967
1.1347469566611321,0.4273674889724526
1.5890405869374484,0.7941908894191583
1.0,3.296227392535743
