alpha,s
0.7132285174660928,0.0
1.0598313448341732,0.1069109227852886
1.0057731208537655,0.2111346810437984
0.7944164683449951,0.40885624940193055
0.8887207441547201,0.8976982074180978
1.0,3.778525358108912
