alpha,s
0.8938098045959039,0.0
0.9871126455963538,0.0601212259539894
0.88482134408687,0.1537894184682275
0.9128211474796798,0.3464963345966472
1.1487346232874733,0.7643669266214866
1.0,3.810820662307052
