alpha,s
0.008823788272546543,0.0
0.23215327815242626,1.9709589041095859
0.049111559268498674,2.29315068493151
0.12595466401289418,4.3769863013698656
0.6395878724741119,6.97534246575342
1.0,9.4986301369863
