alpha,s
1.692639467752966,0.0
1.3703713933985107,0.009193049254339461
1.2530554622704224,0.04921332724434242
1.2016984394892054,0.1579831467196261
1.63855965307022,0.4562911142713612
1.0,2.1639769302094205
