alpha,s
0.9699193989975907,0.0
0.9791053472122003,0.12489985195822033
1.126423814318996,0.29603615721498927
1.0075029299382023,0.5182358881501118
1.0683357115842362,0.9700017209720659
1.0,4.23268354139439
