alpha,s
1.1392848118114656,0.0
1.196190343795251,0.1115829032813573
1.1376689109139206,0.2519159693111881
0.9420177132063137,0.46900752495686493
0.9761778901653605,0.9583195319576814
1.0,5.151442703850677
