alpha,s
3.4039685158400284,0.0
1.446426776131559,0.03586559595760924
1.7360907011054099,0.15481175215276133
1.6794956959886886,0.3134530631281794
1.9069103219215808,0.6287098838466717
1.0,3.0253747241858227
