alpha,s
0.7378354110516795,0.0
0.6901406920512634,0.0943539282140202
0.64118179833982,0.253233224503419
0.7221269036670765,0.5329520731852961
0.5873955709401065,1.0027464213831738
1.0,4.184446511258472
