alpha,s
0.01619656589184696,0.0
0.10252545228282404,1.96712328767123
0.04546255471325921,2.36438356164384
0.0879254829673227,4.19178082191781
0.6065686034159994,6.14794520547945
1.0,9.4986301369863
