alpha,s
3.1151117194986835,0.0
1.7687171274727775,0.04484706761651576
1.452038848494359,0.152149809781808
1.054150573043416,0.3473735080353431
1.0639879801530836,0.815859080855315
1.0,4.729421699518467
