alpha,s
1.354934196041126,0.0
1.2891148132708634,0.04727055640317401
1.6975116439972249,0.1374238233097403
1.505735035200674,0.255955772522223
0.8206603455474504,0.5220736897555734
1.0,3.2525523676989554
