alpha,s
1.1543111299804514,0.0
0.9780466402001784,0.05307614657381584
1.426524895848333,0.17429638477190296
1.2120364013675573,0.3310547792469649
1.227855981525512,0.68647869336189
1.0,2.985243105598853
