alpha,s
0.5653609686892163,0.0
0.6271121267874803,0.1096988978064925
0.6078290346968105,0.2561366657121393
0.8231180394094243,0.519648894905579
0.99753239360716,0.945422189281296
1.0,4.244835529678992
