alpha,s
0.4460548777048483,0.0
0.919909058406989,0.14575950831929424
0.8108153731919394,0.2563868949279375
0.9855552256616523,0.46002842094947916
1.1526833398417498,0.8204652081162819
1.0,3.5012762086486866
