alpha,s
52.186616005008624,0.0
6.911073838049796,0.004239426183925523
4.229582742658324,0.04414365992833336
2.1373497942631157,0.13481833337541968
1.569978613589564,0.44775192222950855
1.0,2.741696831269003
