alpha,s
1.7880878907248328,0.0
1.6700520793259925,0.1102896570415637
1.4799560464801174,0.2627232613222821
1.4194847440755294,0.5061271229883896
1.052983020538673,0.9213716643447812
1.0,4.190145343609309
