alpha,s
0.9599655275964022,0.0
1.0288544380209574,0.07916417249178613
0.8869656262287745,0.19469915464470489
0.8933132896208507,0.42094366272496414
1.1669255377431997,0.8653788991023161
1.0,3.165103774220289
