alpha,s
2.5061656269917623,0.0
1.5001488645669923,0.043604760405950724
1.2844552743218778,0.15500234179781108
1.4422009621665077,0.34697242252017757
1.1402691300851244,0.6988019200539525
1.0,2.6609237082234376
