alpha,s
1.1960101958105136,0.0
0.931456624046855,0.11316920240861535
1.0380201783590297,0.3089696157181114
1.1256607918232797,0.5678820320639312
1.0542444767614159,1.001362058574525
1.0,4.517994780856995
