alpha,s
1.1311391311437984,0.0
0.7720328994010311,0.0427409647500154
0.9682853142988808,0.1723023632581258
0.6103630951832687,0.35867761897054523
0.679190379929288,0.9276654307958594
1.0,4.663954588437704
