alpha,s
1.1451221971606667,0.0
1.0371222446319694,0.1659532235255963
0.989958238821677,0.40230193405072007
1.2207066503773905,0.7546267158529455
1.0453455679622186,1.2316344857458257
1.0,3.879032962940988
