alpha,s
1.15500687994065,0.0
1.1259219614505485,0.06463293757478998
0.8373318618974607,0.1735830591081339
1.1927280711170167,0.4275490623293899
1.4072896792033056,0.7793957637284546
1.0,3.683024486373221
