alpha,s
21.008921449144204,0.0
3.3888947439017625,0.004067179406949581
1.974684399716401,0.04162532834790053
1.0741173744961543,0.15095099134372236
1.130144565098628,0.5519552674244494
1.0,3.7731463706284063
