alpha,s
3.7395028921117666,0.0
2.037539342505296,0.04384010344838954
1.3735750332903833,0.14583535970200345
1.4400085891321164,0.37488188628075747
1.1003951738964195,0.7767840710959858
1.0,2.819874755923508
