alpha,s
0.9942612343757835,0.0
1.0588200073405818,0.11838979703899598
0.9933677774391633,0.27336907842300767
1.3886944027970953,0.5325896090616383
1.1069658972953202,0.8835827458539612
1.0,4.097687078114716
