alpha,s
1.117919807455092,0.0
1.121095433319734,0.11845593799889552
1.1753398867124933,0.27742182835240087
1.2648388506497872,0.5071448042073151
1.2093563180428246,0.8930455310849112
1.0,4.838411122192686
