alpha,s
1.4033967294048302,0.0
1.0883367882647916,0.04270940703943356
1.241259040072347,0.1349172465047061
1.0222100422087166,0.27870498418027584
1.1737696295091367,0.6581148393011399
1.0,4.910920472192102
