alpha,s
0.8227238750085386,0.0
1.0348308368403283,0.14315889208610247
0.9865570506333405,0.2931105020806987
0.858946972828373,0.5389469053562249
1.3491687283228386,1.073929946532042
1.0,3.6432041214580217
