alpha,s
1.0917796839228766,0.0
1.0147612848127354,0.10589407173937729
1.3653734662792263,0.2621797941363664
0.7070767430349638,0.43249238646837845
1.0675861073085526,1.07071818953442
1.0,3.806533688210988
