alpha,s
1.3950095249506997,0.0
1.1383609817586209,0.09305802675608905
1.1137758236433275,0.24721459548211142
1.238177005297192,0.48020651679541926
0.9517095925611334,0.8633011682262045
1.0,4.640130843602332
