alpha,s
1.061305652067435,0.0
0.9830512406092896,0.11720891716231548
0.9655383218676558,0.29029242226922575
1.1627779424448843,0.5475304437160524
1.0708253403393888,0.9434740625839596
1.0,5.598675395032483
