alpha,s
0.3782388598152971,0.0
0.6424406319482769,0.11609673101829662
0.6648983038915436,0.26004885311727
0.8918221205398053,0.5194713980692203
1.2565761595680685,0.966266324937477
1.0,3.250689497776979
