alpha,s
0.4216657218098729,0.0
0.5151098507269775,0.0845850466161783
0.7137498779600134,0.24161223230791626
0.721641874555401,0.46650122077627665
1.3615833670256592,1.0165041828335015
1.0,2.796724920703128
