alpha,s
0.901831776546115,0.0
0.7454280394929778,0.0537704825438577
0.9709603017867545,0.1826604795784772
0.7821510527777981,0.3718039316177032
0.7381825543369083,0.8549675264389716
1.0,2.615596072985274
