alpha,s
1.0103083485291577,0.0
0.9150446767391751,0.05251197823232284
0.6841086872811896,0.14790892828641344
0.6515924346449958,0.36928898287754797
0.43315972372009554,0.7873194723721006
1.0,4.697656535732862
