alpha,s
7.625444767326131,0.0
1.6506891882128112,0.00605417299455656
1.3133115689215291,0.06305185006861447
1.2871975211195639,0.19462062455850798
1.108654335114804,0.49420343571112724
1.0,3.893301080065821
