alpha,s
1.4647176572324294,0.0
0.9112049208998201,0.04277551032671961
1.0031088193714632,0.1592358797163153
0.8547350637323128,0.34332995130644073
0.5318405463096381,0.7580972593841169
1.0,4.950787952174758
