alpha,s
0.0002554142306120679,0.0
0.008829685411732098,2.01369863013699
0.005717391017411589,2.42191780821918
0.026311064757800873,4.17260273972603
0.1338050814530127,6.33424657534247
1.0,9.4986301369863
