alpha,s
9.193535297442372,0.0
2.279228606177058,0.007718704250690263
1.6176924065371567,0.05767375486916574
1.2629487521067049,0.17665698087103388
1.0889392956460338,0.4955197417730973
1.0,4.334504683605838
