alpha,s
1.0237921232687783,0.0
1.0019208273378029,0.11653292993669
1.1237628412794098,0.2795636863479099
0.9967792276304203,0.50504378031351
1.1590605237712517,0.984612555609175
1.0,4.369424783801061
