alpha,s
0.4720745847778406,0.0
0.6134399745001241,0.10390057600845033
0.747168728553834,0.24302324837782022
0.9947758253981032,0.4502105442856583
1.163384834585795,0.8005644508003056
1.0,4.992654689234055
