alpha,s
0.5484175146218984,0.0
0.6632615006728764,0.11540520992304716
0.9857275771795543,0.26985575317218136
0.9631186073147802,0.448392202900843
1.0691264521066002,0.859568959651252
1.0,3.404904994946825
