alpha,s
0.9309436442017817,0.0
1.1511549160799972,0.14091344705603945
1.2812425368973872,0.299321107191699
0.9969416103349336,0.5129418001011052
1.0843726952035155,1.0406870038277842
1.0,4.044440910013934
