alpha,s
2.934016573608564,0.0
2.0092078309465524,0.0606454588042959
1.403335261300357,0.17301480126157326
1.5926768066566854,0.407182115789538
1.183332169379811,0.765409015272276
1.0,3.573594736231
