alpha,s
1.486715246209973,0.0
1.2199387424254953,0.038986562309574466
1.1032960766878646,0.11723541473432467
1.5513326572615211,0.2759895007796632
1.2627608052180344,0.5202185822636232
1.0,3.4138200470798337
