alpha,s
0.2079183521951033,0.0
0.3990941108464408,0.12392761983484181
0.4638074170117997,0.280385582143044
0.6560961889945499,0.5605595719988961
0.7689671473482304,1.0025574833071
1.0,4.994575506562667
