alpha,s
0.014435947815064555,0.0
0.026091761070717256,2.29315068493151
0.0732537658607277,3.730958904109592
0.16070214279993245,4.914520547945207
0.45319395900169307,6.35890410958904
1.0,9.4986301369863
