alpha,s
0.9695534284036829,0.0
1.1040576083851414,0.19521234146488228
1.0018782113801286,0.41489589884668054
1.096877727980264,0.7603757790719692
1.0558672552463324,1.3030431572445138
1.0,5.453891316723795
