alpha,s
1.1196355104811058,0.0
1.116790411578238,0.05190093175927279
1.0413485706394583,0.1412851419679598
1.0572613439547804,0.317224450460005
1.1936140661954422,0.6869036843620131
1.0,4.33547100546827
