alpha,s
0.9725488022467582,0.0
0.9500796940136532,0.13235317516277104
0.9417311159885212,0.31743917898352153
0.9331674418237718,0.5953913196363697
1.0564512584932273,1.1106723131188
1.0,3.859801961793064
