alpha,s
4.410127524888437,0.0
2.768287198103534,0.047844544810927724
1.5693567982040533,0.14106499225056693
1.0027585547733253,0.36430985063256405
1.0993607225952982,0.9608000473518108
1.0,3.9738524273670057
