alpha,s
0.157193877370824,0.0
0.4103991775175921,0.14526204922257246
0.27463336906664965,0.28556423994584296
0.583896978418667,0.6117884946174621
0.396653642627384,0.9910636110526886
1.0,3.234925484626735
