alpha,s
0.4794418824693556,0.0
0.9160295666855935,0.11318380369892649
0.6902052376222577,0.2172449014198532
1.0787073810037284,0.4978582380598702
0.6268409126786216,0.8462210783523341
1.0,3.171147775492655
