alpha,s
3.9246779000447427,0.0
2.1980587756228935,0.041306403816781925
1.243944160614859,0.13814797939044707
1.258304322709345,0.38883666119666455
1.3006910105837528,0.8116080326486997
1.0,3.92590519059991
