alpha,s
0.9822134962939546,0.0
1.0713958361554083,0.13201380930480935
1.1318944199777072,0.2956008874881754
1.2546181974808002,0.5340952164192767
1.1357300298755428,0.9102530924089373
1.0,4.123846064166905
