alpha,s
0.8985384738567851,0.0
1.0348828084565418,0.1309422065485658
1.1715846232052571,0.2911018646140385
1.0385899890081274,0.5098756486574495
1.2176086082896898,0.9781655436259852
1.0,4.420430769481478
