alpha,s
23.428168584514545,0.0
4.337871445000079,0.005135656409854721
2.0239747457072905,0.045213793031136255
1.4665430634962733,0.17600246643203693
1.2352334865701742,0.5233872275441206
1.0,2.970749921685901
