alpha,s
0.9004045300184705,0.0
0.8825440553037136,0.0997906215872739
0.9910398013852311,0.2625489952921081
1.0049358330656224,0.4969316813059759
0.9235678799245399,0.9475071525498222
1.0,4.044511397642277
