alpha,s
0.9763279794234228,0.0
1.017901880312094,0.1348987716463274
0.9950162113350186,0.3070411792893378
0.9328575851929329,0.5685593260467326
1.0157257340703094,1.067156862621209
1.0,4.678265856671295
