alpha,s
1.4399688855285193,0.0
1.3518345591658791,0.0341946077614173
1.2143326037943214,0.1211753151969026
1.1907551861174483,0.29447539650770915
0.6480343716363475,0.6573774859734944
1.0,3.378102938949118
