alpha,s
1.0493646225723974,0.0
0.995386403746075,0.1125789170659196
0.973513343224769,0.2745134455608758
1.0453134191962494,0.5238818692104109
1.0215055846404448,0.9571437343846136
1.0,5.479373634110238
