alpha,s
16.113942861280282,0.0
3.2143698768324143,0.0046607442419630005
1.5003808607132074,0.04267523658514742
1.7095942550312833,0.19045646175262324
1.3827240156267442,0.4453530329798233
1.0,2.7731995250021497
