alpha,s
3.192580200859906,0.0
1.3513012427483424,0.003947501773509021
1.1003700396106912,0.040165122957839215
1.2258600816574772,0.14908882825110883
0.870691876407976,0.40086514257771927
1.0,3.662900955199559
