alpha,s
1.1339681203777916,0.0
1.0511025753418903,0.07241044048164705
1.0231357749332306,0.19001570749356486
0.9574521701270886,0.38944209230345633
1.0490153859888427,0.8203007253315767
1.0,4.285070054602291
