alpha,s
0.005468699714543257,0.0
0.04027210465263644,2.04876712328767
0.05833691492266885,3.20547945205479
0.1774855175508964,4.4953424657534224
0.4620396836297118,6.144657534246575
1.0,9.4986301369863
