alpha,s
0.9093946179053756,0.0
0.750044971716309,0.06839069280304183
0.9782587884539194,0.21695492038525435
0.6718288897070792,0.41321625026220205
0.6838136032927016,0.9437915399001919
1.0,3.440236191721323
