alpha,s
2.468912308229489,0.0
2.0803478968005327,0.07087312214790001
1.6879768038703968,0.18152392216333813
1.563130328819387,0.38318730974313236
1.6386172120807323,0.7431908897137416
1.0,3.686750306679903
