alpha,s
31.060935877118116,0.0
4.477365067145539,0.004239426183925523
3.003218059199074,0.04414365992833336
1.711685694950811,0.13481833337541968
1.4168293623046972,0.44775192222950855
1.0,2.741696831269003
