alpha,s
0.10342587731352218,0.0
0.18736788481447744,1.883287671232874
0.48487967424360723,3.74246575342466
0.2812831194726262,4.359452054794522
1.4822792348604594,6.549041095890413
1.0,8.22739726027397
