alpha,s
6.867585513216973,0.0
3.426565446147426,0.006921182937258202
1.7445637179318023,0.0364020145593174
1.4682918574903359,0.14986002613572566
1.6576159599006492,0.47420111733306297
1.0,3.347942241855292
