alpha,s
2.3963429290976577,0.0
1.665518588813275,0.0374861836575017
1.0355895249617721,0.1261723470057485
1.3052970064292633,0.3582416318492281
1.1196420127030262,0.7071066491705984
1.0,4.885286964295417
