alpha,s
1.251586565604505,0.0
1.1672620213516167,0.07118642034279132
1.044282081597417,0.18435383282140855
1.2168960359970953,0.392003960212699
1.2600900037731317,0.7588181347846802
1.0,4.803671225949785
