alpha,s
1.2243232851174635,0.0
1.0711146973335468,0.10283408000108846
1.1448043204057048,0.25742394335662216
1.14185960140206,0.48156978544887236
1.5004098364291225,0.8686493191868443
1.0,3.3507703652903693
