alpha,s
1.1288019044208482,0.0
1.3164592207568608,0.1207933119088727
1.3432315636271468,0.2584706665631004
1.2342215501165121,0.46094778019891336
1.1823363541016154,0.8793986213876817
1.0,4.723335741612782
