alpha,s
0.0007681693350998654,0.0
0.0044672928499025055,2.012602739726026
0.022178487323897517,4.12328767123288
0.04462275040517451,5.15890410958904
0.053248469364730426,6.33424657534247
1.0,9.4986301369863
