alpha,s
1.1890939443993798,0.0
1.7311662066144997,0.04654041184871291
1.1411378121667692,0.10283678458521028
1.1887000807665529,0.2739419658752559
1.1241937908227053,0.5973417725128021
1.0,3.702780159934015
