alpha,s
0.3769328264902871,0.0
0.7904351545673758,0.13574254611426376
0.5026257430950718,0.2414207229396302
0.6971781842099302,0.5292118283155404
0.983112510043754,0.9798605267782682
1.0,3.6953952540070754
