alpha,s
0.5514600546921692,0.0
0.5879924789776215,0.1020561496282674
0.609468269854602,0.2551989332818743
0.59492336137189,0.5158412711036418
1.2093250760246432,1.0767952174611866
1.0,3.9183901170574114
