alpha,s
1.0630046668741504,0.0
0.841641133185396,0.04606796956136038
0.659868670192795,0.15552763951316742
0.8480616533526698,0.4085322175573694
0.8820569626174601,0.8250811254575107
1.0,4.495525990410852
