alpha,s
0.8121581437472563,0.0
1.1536667340303055,0.1590843641153914
0.8264898530677385,0.3139122151941171
1.1555126318027236,0.6334260865327657
0.9892644488566787,1.0425450505249108
1.0,3.5903491649475665
