alpha,s
0.06378612823885486,0.0
0.10403488855759822,1.95342465753425
0.7289784140419167,3.023013698630138
0.08554877114585588,3.28767123287671
0.3397939027198198,6.094246575342466
1.0,9.4986301369863
