alpha,s
2.0044225936932554,0.0
2.049437353248309,0.10141205670719336
1.5542362049864253,0.22661398149256232
1.6331251576848205,0.4629483051706648
1.5295605016427918,0.8378375949088498
1.0,4.438945085951526
