alpha,s
0.3967131151515617,0.0
0.5910465930181175,0.1010034990186213
0.7196263928274187,0.22735975209169235
0.9423640748059239,0.4357491660749839
0.9375450413172832,0.7962403728547846
1.0,4.673764695805421
