alpha,s
1.1275559715994277,0.0
1.2570472224067601,0.03858467103980888
1.0246589024684585,0.10141597910214596
1.003459683275352,0.25159438085830205
0.9970775815185021,0.594421500628034
1.0,4.225070257534504
