alpha,s
1.0090008028803843,0.0
0.9433649627192993,0.0557973441484048
0.9682400208917263,0.1810849980851925
0.9155336828026774,0.41026654619670266
1.1703702464753925,0.8620379223557841
1.0,3.8401473451903128
