alpha,s
2.767983457198266,0.0
1.5216636650877025,0.003782931871779562
0.6862403561524598,0.0379027619574223
0.8777999016164874,0.22741982738796968
0.9019564176376412,0.5735886373652586
1.0,2.8175987673080005
