alpha,s
53.18292046138826,0.0
5.883167448540189,0.0041677950021435815
3.0056253103588735,0.05155255338017814
1.781300834880888,0.1805688148407749
1.3021882123804944,0.556833478310797
1.0,3.900274861755968
