alpha,s
0.9479616215882937,0.0
1.0562139229822158,0.12824955783618852
1.0034054918139041,0.28628585936469314
1.038151752967621,0.5293713965209994
0.8861995084590317,0.9796236053044793
1.0,4.247794189553562
