alpha,s
0.19697575933770287,0.0
0.45911511068332256,0.13057533743830607
0.603802965584007,0.2575041974348618
0.6154866976138627,0.464566142799497
0.7994816040202471,0.9471651582867262
1.0,3.992785544729096
