alpha,s
1.2188634855355325,0.0
1.0910450454883724,0.0481296774424923
1.134604566753022,0.1368703382049572
0.991306687174066,0.29446456557575257
0.8865283451253863,0.6641786505241285
1.0,4.846812971899046
