alpha,s
0.2858020016109711,0.0
0.45481048232455407,0.11723447978231996
0.7490054203846517,0.28862664347515377
0.668073809477392,0.5069916242414022
1.0979201261940124,1.0860165416818812
1.0,3.475175199554605
