alpha,s
1.2642682253017394,0.0
1.1273192963933898,0.04986046658471473
1.1265632824873728,0.15090313015079157
0.8985986191423808,0.33136296202849463
1.0815109245752998,0.809805845612323
1.0,4.598253675977826
