alpha,s
1.5597885920920465,0.0
1.3510374639369391,0.047844544810927724
0.9579524241734234,0.14106499225056693
0.7173296750688243,0.36430985063256405
0.9029741697151562,0.9608000473518108
1.0,3.9738524273670057
