alpha,s
1.154770259592904,0.0
1.012061026812935,0.06515279065385231
1.0247354973594296,0.19254092286332108
0.9556012289480326,0.406359677983023
1.009838884841772,0.8563666494499627
1.0,3.8124456413547247
