alpha,s
0.7558324314481073,0.0
0.8033760809637422,0.1102896570415637
0.8354170511243035,0.2627232613222821
0.950225493921604,0.5061271229883896
0.8427435639161495,0.9213716643447812
1.0,4.190145343609309
