alpha,s
0.3933187345500372,0.0
0.5245399232335076,0.09315383810415535
0.7146334311937671,0.24250672805865997
0.970956124381123,0.47007906675180355
1.1054755680157642,0.8769991363651186
1.0,4.381500630545231
