alpha,s
1.3216374965439845,0.0
1.3413173737073747,0.04695669837962198
1.1006012236555116,0.12192781600565417
1.073739416904938,0.2854725447628777
1.0154668933519748,0.6406445148388814
1.0,4.273777401081402
