alpha,s
7.697639579734628,0.0
1.959634371421868,0.005429949716924741
1.4901040889636243,0.05278784767188438
1.4024006269924212,0.1753124635627123
1.1850070570076054,0.48001921018051247
1.0,3.8357875633355536
