alpha,s
0.895614026229049,0.0
0.9149126694938784,0.0602238116203046
1.4397804650587431,0.1569726529981719
0.8933678860325025,0.274619648297592
1.187845449367785,0.6817863783584708
1.0,2.9967607891870025
