alpha,s
0.008984347397442088,0.0
0.05694975601259463,2.018082191780824
0.07447291580802473,3.0673972602739723
0.20728185450808095,5.145753424657532
1.1531412106602246,7.04383561643836
1.0,9.4986301369863
