alpha,s
0.7611600165919099,0.0
0.9892136243671562,0.093384959203524
0.9630634692103685,0.2162270253607553
0.9994414291195723,0.4660535273338319
1.022598150588621,0.9293582270243954
1.0,4.113473185992516
