alpha,s
1.8310388788992977,0.0
0.9330332389380309,0.0047384459058994405
1.1143378281102152,0.05205725557442608
0.8047519046657846,0.1551498522493307
0.8914150491902306,0.5038177245995192
1.0,3.372545403418539
