alpha,s
1.1717658655331407,0.0
1.127087473783102,0.13545643000052343
1.452474668377229,0.32253764964322784
1.4907647455678943,0.5428159843092857
1.0921198586853973,0.8988605855942888
1.0,4.090839597438484
