alpha,s
1.5906631369292885,0.0
0.8923556476588653,0.07091158346563546
1.095239348612109,0.2444299058004845
1.0076070617361867,0.45914094765134006
1.1393012756679972,0.902661542746856
1.0,3.0805859220785186
