alpha,s
0.6768065832571715,0.0
1.041094766487516,0.11470767784040509
0.8816803769323862,0.2542987388614522
1.0672905462276536,0.5029090042790403
1.0884553945437554,0.8997738162527272
1.0,5.025440683020188
