alpha,s
0.9213782233014716,0.0
0.9334121079850906,0.14191022450327298
0.9749095104343872,0.3325908901789646
0.9716612817703697,0.6024771692087352
1.112265417568132,1.1033553106703398
1.0,4.936470359845395
