alpha,s
0.48348674060289387,0.0
1.0551107789636984,0.13775909093283847
0.5768311239189855,0.25032312706296483
0.5878899572069294,0.6266387611327656
1.1381440551471438,1.3513164177102586
1.0,4.049229227663679
