alpha,s
0.880539190455695,0.0
0.875640431408758,0.14401909553008282
0.8291577979382373,0.3440235178597381
0.9684884079631129,0.6583217009900609
1.0832632944492941,1.168887845361237
1.0,4.047407491769182
