alpha,s
1.2636462229460954,0.0
1.7155105469668033,0.1275964069065903
1.1317990310200605,0.2512699456306832
1.362093606565461,0.5318827888979812
1.2796148622550685,0.9038690985113328
1.0,2.5578789966339794
