alpha,s
18.419261145872607,0.0
4.26670412856513,0.007964491252015623
1.9730010722763178,0.053053230738884134
1.787865694143782,0.19632843796123742
1.0965073205834133,0.48917934888063025
1.0,4.985617281927788
