alpha,s
1.0049295352989795,0.0
1.272990966759816,0.1932515435844345
0.876139071249751,0.38794905953428577
1.0954737543426567,0.778008647023654
0.9546440189776475,1.337457350171072
1.0,4.204773854856372
