alpha,s
20.541027487820095,0.0
4.953305848091259,0.007205333929193165
2.9277646355016125,0.0474590120845626
2.094980249483091,0.15249171230461073
1.5960796647515827,0.42090423419487144
1.0,2.761364656082092
