alpha,s
1.2010507043885414,0.0
1.0435198844716005,0.07200827638368576
1.654261090526614,0.2083348310875038
1.1906433308647055,0.3649623077240676
1.747199633744536,0.7826184471540982
1.0,1.8770576370557357
