alpha,s
2.3997523446442885,0.0
1.6278251150445744,0.0553292370952396
1.2090215546707108,0.16926004718005913
1.0528492703802952,0.4102214612377882
1.6573239081366606,0.9267286216049685
1.0,2.621649448021886
