alpha,s
0.05216293670144628,0.0
0.18812896971304804,1.6301369863013706
0.08435587740092484,2.242739726027398
0.23440475721203408,4.1627397260274
0.6438618985062227,5.94520547945205
1.0,9.4986301369863
