alpha,s
1.0402746369828837,0.0
0.9249773714551272,0.10028809063301164
1.012740095389968,0.25990566788975406
1.6743757883259212,0.5041004517326669
1.385374795264822,0.8064584930111548
1.0,4.53320920054014
