alpha,s
9.40848717537316,0.0
2.4648425495748456,0.00612872915591666
1.5872110060033104,0.04819910504720307
1.043196224725744,0.1628166455493372
1.0191411959597743,0.5400786174701911
1.0,4.115818308260454
