alpha,s
0.0006228072411420676,0.0
0.0037703773257109184,1.3041095890411
0.013441016041055173,2.36438356164384
0.07741040368756158,4.17260273972603
0.33188034905554004,5.94520547945205
1.0,8.17808219178082
