alpha,s
0.007617078495637764,0.0
0.04906192660319165,2.16712328767123
0.0780942865792231,3.101917808219176
0.2071271711823279,5.0958904109589
0.7660453428291037,7.07397260273973
1.0,8.22739726027397
