alpha,s
0.8987600818610219,0.0
1.4780977591900661,0.17809004927220548
1.8426762639784149,0.31730681664160026
1.0203768836384277,0.48423265071268273
1.4878599293674144,1.0550327902052494
1.0,3.6522240984352816
