alpha,s
0.9581217881552639,0.0
1.1128837311854993,0.13335515122506708
1.2304103740427164,0.2898100381825537
1.0557512943017222,0.5029067127181176
1.3452931218493982,0.9724981542871018
1.0,4.14150984750306
