alpha,s
0.9082308424035456,0.0
0.9465572142972446,0.0727245843178847
1.2642627980153998,0.2116994096804778
1.1490042603386479,0.38179700655476234
1.1241002584563624,0.7864869102063975
1.0,3.0053545177827887
