alpha,s
2.7758624399794587,0.0
1.3369231616400878,0.0047233954311116
1.1809741003723864,0.0449037440700097
0.9865170732245948,0.15168566716949886
1.0363042284429,0.4952661396876338
1.0,5.770043241181646
