alpha,s
0.5866962569400698,0.0
0.7626751322384743,0.07784543732788812
1.0246495537849127,0.21237382602248775
0.9184073273127709,0.3939599892301585
1.1591748066674574,0.8344425924696199
1.0,3.060874301697998
