alpha,s
0.01188798193097973,0.0
0.05480452154308603,1.95342465753425
0.5888182334038422,3.023013698630138
0.08992133076919892,3.28767123287671
0.4976159380495722,6.094246575342466
1.0,9.4986301369863
