alpha,s
1.4768524741818505,0.0
0.7771916908532358,0.039618424561434884
1.0234864935117087,0.1843547567558208
0.7198297363239617,0.38586389857852166
1.0928028780754888,0.9663349795412357
1.0,4.0158099993527205
