alpha,s
1.1213856034964191,0.0
0.8043128780736619,0.07044491545752561
0.9823668788042407,0.25513487396863116
1.4984471240343706,0.4797721628271872
1.8291824323562542,0.8066373595639204
1.0,2.398630347837064
