alpha,s
44.07524501551097,0.0
5.1301790203418856,0.0031987504854487027
2.777361072459469,0.04052805471758668
1.9265917308485938,0.14315662477659996
0.9914486792588721,0.40927405617938645
1.0,4.726369597317989
