alpha,s
0.006656881839634284,0.0
0.07735954463479541,2.242739726027398
0.0902105763022565,3.08219178082192
0.6965456336585276,4.184109589041098
0.17681253911595737,4.6
1.0,9.4986301369863
