alpha,s
0.018477294680391675,0.0
0.06719060157078895,2.018082191780824
0.07283908024195447,3.0673972602739723
0.20481188648940798,5.145753424657532
1.2635894256082965,7.04383561643836
1.0,9.4986301369863
