alpha,s
0.964755268714663,0.0
0.9020590418572235,0.13116794759556824
0.9526118370652683,0.32166303087548376
1.0768543057308235,0.5924332307721223
1.0670868349978806,1.0522978951145647
1.0,4.012578107849173
