alpha,s
1.434723228808367,0.0
1.0951501552491194,0.04135674997304322
0.975822705622042,0.12952752896447814
1.0036573349174125,0.3146598627142354
1.093943164219861,0.6982165615936964
1.0,3.882338193657677
