alpha,s
0.00016947728492821502,0.0
0.005117671760070036,1.922739726027394
0.029261823257009153,3.01095890410959
0.05725963743445592,3.6361643835616477
0.5676253987732515,6.212602739726029
1.0,9.4986301369863
