alpha,s
1.8738700220493858,0.0
1.276374289000254,0.07163289425441337
1.3082186342254036,0.211575795983641
0.9466851172453317,0.41677711330947026
1.469871744603742,0.9461418766175362
1.0,4.364185845613903
