alpha,s
1.2630195850830443,0.0
1.7037010681161218,0.10692074827488594
1.1278510542733655,0.2146070279358668
1.1607573032848308,0.4630201845790892
1.424530209233136,0.9154358024748299
1.0,3.55432385605462
