alpha,s
0.8925745585987533,0.0
0.9974278375382375,0.2110286496039357
1.0191822011162996,0.4536441087191629
1.0305995958180114,0.78887537760488
1.0488312287636723,1.3455788223819076
1.0,5.260354215903307
