alpha,s
0.022559586700110303,0.0
0.06635435125073723,1.901917808219178
0.1863631090084952,2.8931506849315083
0.11315679280548971,3.74246575342466
0.9188154025320997,6.577534246575344
1.0,9.4986301369863
