alpha,s
0.8637010233685594,0.0
0.7119887428057396,0.0471014564290143
0.727957076692475,0.17290494098478534
0.803710796989497,0.39971251180426537
0.45216887039175613,0.779301986197046
1.0,4.269303609280385
