alpha,s
0.059651529635153515,0.0
0.06001661642111347,1.154520547945208
0.08636951813025903,2.585753424657536
0.11199400247897016,4.034520547945206
0.3205447246056067,6.320000000000004
1.0,9.4986301369863
