alpha,s
7.471747423975699,0.0
1.9670844084453367,0.005429949716924741
1.5222641190114354,0.05278784767188438
1.4410061747116594,0.1753124635627123
1.2164381258719732,0.48001921018051247
1.0,3.8357875633355536
