alpha,s
0.00020776310488680643,0.0
0.010217494597481246,2.140821917808216
0.02945659716376524,3.01095890410959
0.38832724067246144,4.368219178082194
0.2835951996984886,5.15890410958904
1.0,9.4986301369863
