alpha,s
1.581859185562075,0.0
1.4655401950504263,0.09464505177746475
1.380486939507194,0.2236315733620872
0.8082398016875425,0.4098154843979246
0.5603601824052759,0.9171309391476896
1.0,4.793997218654878
