alpha,s
18.549223060249314,0.0
4.755164899587562,0.007837725099348844
1.873688693196873,0.04784248125161506
1.3526832792099486,0.20005498410586678
1.3042814988191613,0.5948097744799358
1.0,3.796291753477902
