alpha,s
30.334413909550733,0.0
3.7427956165509406,0.004780809597763662
2.1659138820188537,0.056015581651086076
1.8662987458010627,0.18982935045235164
1.2633769719495969,0.4750479263882583
1.0,3.318690560974832
