alpha,s
0.28511225141243907,0.0
0.4611160723568689,0.11353974917807474
0.5609168413128841,0.25827912583983537
0.7354058872107059,0.5013931432550274
1.0400088488448525,0.9548495506161615
1.0,3.712896067053788
