alpha,s
0.9771066285245629,0.0
0.9846264713715186,0.09228971525782571
1.034755754738002,0.24035330236999983
1.0173742282187468,0.4747745936488154
1.0799685009669222,0.9116358617411136
1.0,4.380632569534065
