alpha,s
1.3208836282255723,0.0
1.1804127211094562,0.04403603825614076
1.1698373114956957,0.1275733956774353
1.0219656078387374,0.27701782339974274
1.0858179480025056,0.6438843520271109
1.0,4.633102877563323
