alpha,s
2.71748935675527,0.0
0.9784389913052131,0.036650426491440735
1.0639724978529388,0.19147098530342888
0.9306412517589585,0.41344962210449493
1.2142666775449635,0.8731654180758113
1.0,3.0831336833154603
