alpha,s
0.4864280395241815,0.0
0.6467597430450529,0.11875855621711043
1.3752407623900174,0.29992714208038346
0.8869374058830767,0.4530917678143892
0.921264398654178,0.9090222190083376
1.0,2.965609755215909
