alpha,s
1.9471193715895379,0.0
0.8254183906629585,0.0039487310806388
0.8033236124536114,0.0486089438478396
0.9491940047191326,0.15940983702998987
0.6809904889165431,0.4252870603311748
1.0,4.277357835708636
