alpha,s
1.8314959785124387,0.0
1.0763883628876652,0.0317335613849857
0.901799511009882,0.1464695275807244
1.085909878680164,0.3804748752265987
1.3137535515965884,0.8005050360875456
1.0,3.118133809121077
