alpha,s
0.7089583910784052,0.0
0.7498172956441618,0.11756507689120338
0.9073333854897997,0.2991863027198773
0.8349623305395448,0.5368109938967418
0.978093740120342,1.0764167768473993
1.0,4.716046932463041
