alpha,s
11.952406250140399,0.0
2.8485654131106335,0.003947501773509021
1.7972009921786967,0.040165122957839215
1.7365542379612344,0.14908882825110883
1.1298861153713564,0.40086514257771927
1.0,3.662900955199559
