alpha,s
1.0725259023123273,0.0
1.1860360840817386,0.08464341260590347
1.1256935221227995,0.20497066985026507
1.058251115541341,0.4181880251125812
1.113886130418619,0.8599929396174587
1.0,5.23460429981918
