alpha,s
1.4277358394306563,0.0
1.2544086870854614,0.0439710505554437
1.0598237924011427,0.1263219528373117
1.0753697145116468,0.3022409135869238
0.9793586513715885,0.666846796071399
1.0,4.109496713146582
