alpha,s
0.5230781854607517,0.0
0.7122865455155802,0.09866627694221114
1.1880015334850107,0.26977034534323463
1.1419162986342,0.45579222540591835
1.3906814859079595,0.8709311772730214
1.0,3.303479859896212
