alpha,s
3.754143883933191,0.0
2.3027881259401872,0.0553292370952396
1.5463559970733098,0.16926004718005913
1.2226384242820394,0.4102214612377882
1.7937725585215243,0.9267286216049685
1.0,2.621649448021886
