alpha,s
1.003480079809532,0.0
0.8200799269173527,0.18640368505448782
1.06814643770865,0.47958909940857125
1.0857101555290032,0.7949707362913335
1.0406775860060995,1.3050795484116933
1.0,4.230337812367816
