alpha,s
0.06859614433152063,0.0
0.09986888425470711,1.98630136986301
0.2692350262209856,3.74246575342466
0.2693795750942398,4.600000000000001
0.9746135886179759,6.73972602739726
1.0,9.4986301369863
