alpha,s
0.5518597107145093,0.0
0.6681373868612148,0.13905143430588568
1.0344115624980605,0.3248209919041242
1.1984819326935092,0.5434732154502235
1.161533788454792,0.9036008119288916
1.0,3.9519025643181545
