alpha,s
0.012704538285018096,0.0
0.05814664723739925,1.978630136986298
0.08095301040647802,3.01095890410959
0.10280029198626942,3.82739726027397
0.4262618859849007,6.344109589041098
1.0,9.4986301369863
