alpha,s
0.6691845623935874,0.0
0.9163083306468441,0.11705816992603696
0.9086868357386626,0.2605158050108002
1.0123990339007487,0.5028223861047955
0.8980882519392609,0.924909746800638
1.0,4.833768218575084
