alpha,s
0.2756043136976913,0.0
0.4332870594384768,0.1278518506342193
0.530680951483061,0.2910956738877174
0.6926082227543491,0.5552952398323039
0.9534609500012494,1.0332970428052797
1.0,4.452210190383558
