alpha,s
1.0696257622733067,0.0
0.9209457125561976,0.1750911962011863
1.0258083957982271,0.4357411016123209
1.0136025858992164,0.7628786020960144
0.9588948568506942,1.3122139252356593
1.0,4.922016885469881
