alpha,s
2.409471080273353,0.0
1.0065863993139803,0.005770492850666182
0.9309881110613655,0.05194480713997949
0.9044175748503802,0.17447852538792405
0.8092687640129336,0.49501857558648343
1.0,4.521845360289911
