alpha,s
0.00045187013618334037,0.0
0.02720280004039572,1.9709589041095859
0.010277244655450636,2.29315068493151
0.04610500303073866,4.3769863013698656
0.4260790451109253,6.97534246575342
1.0,9.4986301369863
