alpha,s
1.5880869155621087,0.0
1.0902597059554504,0.09225425291591864
1.1743168898742329,0.270617470772387
0.7944160951821709,0.5135058995935462
0.9241929931026444,1.1449284279880216
1.0,3.537914752372038
