alpha,s
0.31369077208865304,0.0
0.47889070741245165,0.12281778476429801
0.687821588407718,0.29919676283114427
1.0636800059898295,0.5474966013577607
1.5283908134816662,0.910930736035318
1.0,3.346407538340067
