alpha,s
0.9076709640570373,0.0
0.9620412732179425,0.07596870619296679
0.9227726830970322,0.19731336048234005
0.9343883150165387,0.4197166274731576
0.9453488344592021,0.8872336812954403
1.0,3.508413571015841
