alpha,s
0.9083928563802632,0.0
1.2824144556826669,0.11210598685712142
1.0948450158658611,0.22795827526266313
0.8918102845664817,0.43873868302003843
0.7792818270336569,0.955130539188425
1.0,3.2561663736883504
