alpha,s
0.21209921607924348,0.0
0.4406994093993324,0.12641630831801565
0.553186820579852,0.2891337900823364
0.7257307631976457,0.5584690479775063
0.9607424102525322,1.0496892190266134
1.0,3.6336114227822023
