alpha,s
5.411095745316145,0.0
2.0714108516800365,0.03110859877394301
1.6602266781687687,0.134952522422645
1.2084873015739594,0.32694934674339093
0.8069288439638265,0.7657757748472439
1.0,4.201182783033947
