alpha,s
0.43860986079911807,0.0
0.8833605417000198,0.12565988812842216
0.8126509347003419,0.22896468970778133
0.7016496707592881,0.42763246602088395
1.0019807796208775,0.8964858331641571
1.0,2.959255153890997
