alpha,s
0.4614445249676852,0.0
0.6521774026650219,0.1260902133861116
0.7827962056901928,0.27778567829651435
0.5953262771094265,0.48796423130713285
0.9523422984286517,1.0604148809610723
1.0,3.70455521146506
