alpha,s
4.192538324224431,0.0
1.5173006925289247,0.0403367214307466
1.8616833797512398,0.1856867232145784
1.2702535606468952,0.35784706168656216
0.896186297118029,0.7854953161827702
1.0,4.342733187546769
