alpha,s
0.9563417428440132,0.0
0.9595619097372288,0.05648934319386799
1.1191069798364692,0.17721024506529665
0.8023900518257621,0.3429337371592077
0.4883943387407381,0.8011079503038303
1.0,4.849927514018924
