alpha,s
3.3826882774935068,0.0
2.5286221193175313,0.04437178051247048
2.2712014080091385,0.1213728275060942
1.4594020684915117,0.2504087245939882
1.2198474275167186,0.6370003304865561
1.0,3.511814479794086
