alpha,s
1.0551652659974753,0.0
1.0770186478206012,0.1773397680614678
0.9265782358579265,0.3997344796163467
0.9303417146633595,0.7565613329920112
1.0471682833592162,1.3572111212963163
1.0,4.691185275793384
