alpha,s
1.0090454228653911,0.0
0.9165922913269399,0.09698567044629909
1.0627008835348726,0.25253275122621643
0.7610134733870869,0.46725323641521477
0.7628405101684026,0.9940370232243823
1.0,5.248775825134429
