alpha,s
1.6659302320468758,0.0
1.1717519188696741,0.05349368146966313
1.140900846394204,0.17391373578159042
1.216825186191872,0.3869717091890458
0.9295008367322497,0.757557796569452
1.0,3.22773418147904
