alpha,s
3.3164016263916074,0.0
1.8560079179677786,0.040635776475474006
2.0354226377644027,0.1420615743918099
1.1393029421107017,0.28240433132285214
1.665524101784068,0.7268970770445313
1.0,1.9721595542862624
