alpha,s
0.7770724653478339,0.0
1.2975280236827589,0.07608488952676319
0.7924925171625754,0.16112161362399838
0.9475147214929979,0.4207627538344627
0.9531223204488875,0.8660858253909544
1.0,3.640549915391997
