alpha,s
0.01140189422620066,0.0
0.04638532769817828,2.318904109589044
0.06369859490922225,3.20547945205479
0.16802040984970382,4.19178082191781
0.3061693139608717,5.15890410958904
1.0,8.22739726027397
