alpha,s
0.6221100472746354,0.0
0.8979527921048133,0.15875487873334723
1.2243962286530126,0.33900800937672704
1.24621238438641,0.5342535486975012
1.2863747998538284,0.9386431421430745
1.0,3.411910184223112
