alpha,s
0.94687283045306,0.0
1.273428423381382,0.11632774467980198
0.9333341579919959,0.24060840622980123
1.1591581355488276,0.504407118822401
1.3655031548600525,0.9171681462503205
1.0,4.04062999574363
