alpha,s
12.280919410030597,0.0
2.0285039132663054,0.004780809597763662
1.4259317535440514,0.056015581651086076
1.4482154392167261,0.18982935045235164
1.0928818010829318,0.4750479263882583
1.0,3.318690560974832
