alpha,s
1.1744379056501284,0.0
0.9276601627522473,0.04601481790176104
0.6910563937811043,0.16652269253821164
0.9580822750644631,0.4687483163629132
1.2207453823463328,0.9123787758548995
1.0,3.2369489007909635
