alpha,s
0.35943633683986187,0.0
0.4147548109434964,0.0858524295937382
0.650950192259765,0.274253179981669
0.8095304282636562,0.5355948335673508
0.8730037805771924,0.9643288153479994
1.0,3.7106614859772566
