alpha,s
1.027523459062087,0.0
1.1312682148716409,0.109475407633489
0.8964140415374093,0.2514246925709211
0.9209489157067636,0.5283007494474561
1.0445659363787865,1.037179015491354
1.0,3.9749489759516567
