alpha,s
2.801619103283932,0.0
1.3045503460981336,0.0048839569808558
0.9020551481698904,0.0429355785008535
1.0626406996224051,0.17047770744310817
0.9741337268415713,0.4453883207090524
1.0,3.484372968401742
