alpha,s
1.0211464501071792,0.0
1.1718833085126195,0.18871015087914425
1.0106863422435493,0.3937587353089632
0.9646811427719646,0.7263421220665155
1.0744288763612524,1.3383882689862292
1.0,4.906084627781782
