alpha,s
3.146129248039332,0.0
1.7897023558610266,0.05315830509585467
1.2683856392377122,0.17218666050968606
1.0788361127733541,0.41192826548471645
1.3252535865083575,0.9070001712736118
1.0,3.359882287983908
