alpha,s
2.259936933006882,0.0
1.8282199951952744,0.05958902071433571
1.3398573227367938,0.16104621375275632
0.8638496035231076,0.36950399176641646
1.3511816522573254,1.00056981587796
1.0,4.502574740572897
