alpha,s
2.1601796447039225,0.0
1.2104080760988098,0.00477810507519928
1.0163483540744862,0.037856421647771865
0.9656729737526798,0.1394543033657083
0.86658912397345,0.4248016426043916
1.0,5.067401886280535
