alpha,s
28.301157269923614,0.0
5.261559907330308,0.007801342372240203
2.9312883225686006,0.0587836723065428
1.8327355555125133,0.18645113147710932
1.4441963899522605,0.5372738900601121
1.0,3.4906362807518567
