alpha,s
0.6685249753016324,0.0
1.396317400607248,0.1019999721667497
0.6648552666554501,0.19450485878354695
1.5398076190158314,0.5077591136844831
1.0513614181468771,0.791122524038861
1.0,2.865592432760113
