alpha,s
0.12433303893487649,0.0
0.17361047087240608,1.550136986301371
0.30315920093727483,3.087123287671234
0.2836293893953839,4.41643835616438
1.1984182058901438,6.2915068493150725
1.0,8.17808219178082
