alpha,s
0.09413260987630998,0.0
0.36612273889192615,2.242739726027398
0.2893325228041303,3.08219178082192
1.6043479151089566,4.184109589041098
0.36913526706604666,4.6
1.0,9.4986301369863
