alpha,s
0.36939937852727234,0.0
0.5567920931125102,0.1020561496282674
0.6690922329734216,0.2551989332818743
0.705416515862135,0.5158412711036418
1.4598449857501816,1.0767952174611866
1.0,3.9183901170574114
