alpha,s
0.7845655169106809,0.0
0.7908566649576071,0.23562326347994617
1.1834596890559999,0.5396939673341831
0.8267545683890902,0.8109030501412002
1.111059948801163,1.497822374832963
1.0,3.9577579565386096
