alpha,s
0.29763393317086745,0.0
0.4433312591875495,0.10201271725092244
0.539277448972579,0.24496577171171155
0.8418176219178634,0.5080057312597271
1.072020575894711,0.8941860042976718
1.0,4.364102499384303
