alpha,s
1.7642075894322429,0.0
1.7528587357389667,0.11196442062423594
1.695873386071122,0.25782237221596466
1.3900160686357224,0.46473054547583265
1.1834653015737606,0.9229367393763126
1.0,4.022760170207988
