alpha,s
0.8428559225954558,0.0
1.0243682878194993,0.12984127289141478
0.9377331554306084,0.2766336848743144
1.1967499465369562,0.5289729441476342
1.3185499719103053,0.9089536099498119
1.0,3.248823065204816
