alpha,s
1.0372291583595445,0.0
1.0349182243753199,0.05449041504235488
1.157912146464817,0.14750438158687537
1.0628964202684124,0.2969122629703855
0.9196315662841963,0.6511055063620955
1.0,4.924182102838572
