alpha,s
0.024321798916672764,0.0
0.10495815689477311,1.6301369863013706
0.05399375676737303,2.242739726027398
0.19649437620479535,4.1627397260274
0.8337455299142209,5.94520547945205
1.0,9.4986301369863
