alpha,s
0.011250671706042681,0.0
0.08112724683802912,2.022465753424656
0.4750702421907651,3.04109589041096
0.2131796514479409,3.254794520547942
0.30508675036260663,5.0958904109589
1.0,8.22739726027397
