alpha,s
0.7806129214676918,0.0
0.8257966438816716,0.1400559256074422
0.8157037313429606,0.3232200274369088
0.8566471118957802,0.6148873864408522
0.9706523785135911,1.12390286421746
1.0,3.930278504773975
