alpha,s
3.1399161554652664,0.0
1.4653900564926707,0.0032958925977158815
0.7612063573624582,0.03258831244187582
0.8560050209218383,0.17396467627770856
0.8173234459962988,0.5069159982976107
1.0,3.371138771524594
