alpha,s
0.8014506864400877,0.0
1.1752352991364416,0.13774535662729914
1.1587958557057532,0.27113634215212273
1.1361676225425772,0.47838969101329293
1.3496971702374205,0.8889755062087917
1.0,2.929272071130284
