alpha,s
34.084532949577,0.0
4.603464101911271,0.0038613262580333
2.3446303911850457,0.0438445714588119
1.4070099324496892,0.1626875981998143
1.4350976586311752,0.5383862656651439
1.0,3.622526689441398
