alpha,s
0.05936015250821205,0.0
0.0895799032438082,2.012602739726026
0.24902841777255294,4.12328767123288
0.3726404618354093,5.15890410958904
0.5799984802424356,6.33424657534247
1.0,9.4986301369863
