alpha,s
0.6080311807048868,0.0
0.856268817738714,0.10027184169523419
0.9520656922556369,0.23185088234495724
1.170003868777425,0.4384741439576129
0.8153426407476232,0.7609326814527451
1.0,4.0941457165187005
