alpha,s
0.8017877550750643,0.0
0.8422850841192907,0.05866025236282158
0.7347037018406481,0.15652522491630336
0.851874287574754,0.3773037224642383
0.804345097579437,0.7898363493585017
1.0,3.9600024543760406
