alpha,s
0.824667909959062,0.0
1.072858875711016,0.08704193981101488
0.8038451866702054,0.19193348743417973
1.0080933752682804,0.41258850185252
1.101035787523472,0.7886506882520469
1.0,3.3973926329534154
