alpha,s
1.868051128920651,0.0
1.5504547546711467,0.0380591679919664
1.863148508998433,0.1270035859688449
1.0865015678507042,0.25169142781662984
1.2862655774143117,0.7006103143169071
1.0,3.745040329309489
