alpha,s
2.9696146292479892,0.0
1.8322161907713415,0.05648934319386799
1.8365006891401658,0.17721024506529665
1.1943663596642629,0.3429337371592077
0.7243997332850224,0.8011079503038303
1.0,4.849927514018924
