alpha,s
4.613378942033953,0.0
2.556475270618088,0.0463208414685272
2.172784890678731,0.1496382119498792
1.448337176973028,0.31979011333715157
1.1532393968544707,0.7448916623021299
1.0,3.660346123889966
