alpha,s
1.2208929802807023,0.0
0.8967452926662262,0.12689799423019918
1.303753143459537,0.35386009919295436
1.4481937772975917,0.5947890536399664
1.2592709248495189,0.9723196008670907
1.0,3.251334913646819
