alpha,s
41.5208537249448,0.0
7.771576013497356,0.0054080004377888005
3.8283999962289696,0.04116422269985088
1.8780303011640718,0.13888109952766164
1.4090448393349084,0.4872379621642185
1.0,5.342098667138594
