alpha,s
1.0040479058663314,0.0
1.1614033901093062,0.05539567999684388
1.0799002232897499,0.13617996224150367
1.0020317359631759,0.29688927014849503
1.1089075832309658,0.6758650018905533
1.0,3.584514497444083
