alpha,s
0.39107033941132996,0.0
0.5275995801144642,0.09664729297592001
0.791628357631057,0.24033053339083596
0.6860252495795233,0.4264579736636532
0.8089141794358613,0.943463048560005
1.0,4.000835111493982
