alpha,s
0.2683193520019465,0.0
0.5686272330157198,0.1299344920218813
0.6900220636113118,0.2681179240874358
0.9844706124977098,0.5024234963780718
1.166483609907946,0.8860256592410599
1.0,4.26312684293529
