alpha,s
0.8830845365684491,0.0
0.9142232859168208,0.1320413908649069
1.0669063746652878,0.2977943952985496
0.9968837006846688,0.5161036259289057
0.9539577628059804,0.9492902940671828
1.0,5.4158617914435
