alpha,s
2.0540237337741947,0.0
0.8600582461210354,0.0050810338511862
1.1366416940555863,0.0573620522539998
0.8447176403917578,0.16075240703856702
0.9473672249694344,0.5236007087827284
1.0,4.960381459518924
