alpha,s
0.24847248902078733,0.0
0.35728666192825304,0.09350394689651112
0.47297562785870995,0.23506906447026754
0.4602344913899508,0.4427203358762032
0.5453894965142714,0.9453882126691667
1.0,5.206238475187355
