alpha,s
1.003793692318967,0.0
1.0574836401354113,0.1177196673951454
1.466707169015253,0.2751465647930528
1.3392901435230113,0.44006535998381685
0.8299507049716045,0.7874967171419224
1.0,3.746643580012336
