alpha,s
1.3303895304197375,0.0
1.0150585266429029,0.05076591712964312
1.049119515655722,0.15756451883095776
1.118892680466519,0.34231255856608356
1.1757061892662237,0.6906780559955148
1.0,4.550454637270568
