alpha,s
0.8295001782737771,0.0
0.9929064011196427,0.1062060232306221
1.060889997080143,0.25424612588723033
0.7982614737988972,0.4783695829250044
1.8202079038078418,1.0619631620613421
1.0,2.4641267732454284
