alpha,s
5.884111451422644,0.0
2.242224900916383,0.02983330574565066
1.4496817310299341,0.1272713682353731
1.2824759038053817,0.3460141527890504
1.5723198908560354,0.7899198004657013
1.0,2.630502213321056
