alpha,s
32.95135086778667,0.0
3.5579274241244727,0.003968486775973
2.679790156718184,0.0535230860407758
1.8524232441922666,0.15628058212428297
1.4293082969178255,0.4464579496696848
1.0,2.7802521236928053
