alpha,s
0.6636670997249952,0.0
0.9687606717128043,0.0518090176538391
1.0670936999824256,0.15653743661834685
0.7770850798250636,0.32400778937580843
0.7591891669947929,0.837115856475376
1.0,4.989991012800903
