alpha,s
0.0002132534159635964,0.0
0.009217654341344321,1.9709589041095859
0.01383687801643026,2.42191780821918
0.10897871645142648,4.486575342465755
0.550322261410017,6.14794520547945
1.0,9.4986301369863
