alpha,s
0.9357573823798241,0.0
0.9511074120841487,0.09517301632077649
0.7898181878866264,0.2397474374017491
0.9478318559105698,0.5211675462773053
1.0349806815984726,0.9899246800988996
1.0,3.737786955828513
