alpha,s
0.2319683489894429,0.0
0.44441567285737205,0.1260902133861116
0.6184012769972175,0.27778567829651435
0.5239028538643317,0.48796423130713285
0.9105620080310791,1.0604148809610723
1.0,3.70455521146506
