alpha,s
0.7482291648024055,0.0
0.9411339492006496,0.08831514830464841
0.8651549018319388,0.2200026171323023
1.084840846235046,0.46251998101645786
0.8392855411016683,0.8338341600354108
1.0,4.603351286877967
