alpha,s
1.708767576571687,0.0
0.9625318432539403,0.005830556257731581
0.7886232066565638,0.05222901066015216
0.6559278547876147,0.18417767330275484
0.8531230190092919,0.6020368009143351
1.0,3.685478053684133
