alpha,s
1.2964915214659622,0.0
1.2035391098794959,0.05044039190015402
0.9973858361674199,0.1511541579267814
1.032492722797999,0.36327036132943674
1.1673902440628958,0.7924298230548901
1.0,4.125896517086959
