alpha,s
0.04947217313144066,0.0
0.2817940713896779,2.232876712328768
0.15409229343825995,2.818082191780825
0.2854377367269615,4.196164383561646
0.27822027424023854,5.697534246575343
1.0,9.4986301369863
