alpha,s
0.9114425507765193,0.0
0.7207039997585664,0.0889262557231929
0.6490575651609031,0.2644463150645459
0.6933780061859329,0.5865688659562354
0.7990017255601496,1.1851741618753404
1.0,4.103696243878611
