alpha,s
2.4985955599478795,0.0
1.136804544694993,0.0043070368604156
1.0137011922919428,0.0441578215375064
0.9695219529128888,0.1517482434182723
0.8512383145683889,0.4514640428394602
1.0,3.926525375919753
