alpha,s
0.7555201372727403,0.0
0.8771503055111988,0.11920030532895598
0.874625875929957,0.2734758714867076
0.7777223799164877,0.5194899157167272
0.9499211043747371,1.056685806790837
1.0,4.158533550336978
