alpha,s
0.31114755339634914,0.0
0.4978021105506338,0.11200379752896064
0.5501391517698473,0.24777051239268852
0.7444029868358047,0.49240377757315335
0.9119661468213691,0.8921689922563675
1.0,4.642399142313996
