alpha,s
1.103383671709256,0.0
1.4233397001152177,0.047038684635256046
1.3436715074217929,0.12631994809603006
1.7177039108227765,0.29196467862064535
1.5583736092972602,0.5417629517576722
1.0,2.166802818469579
