alpha,s
0.22147988358112905,0.0
0.41901751968736084,0.12779668856441773
0.5486168110639397,0.2845795076353209
0.7291030266957548,0.526816168625689
0.8789324401005484,0.9819131067144495
1.0,5.05636707940329
