alpha,s
0.7302418830121938,0.0
0.9024051031736597,0.11328948911723727
0.9933830737316651,0.24708399110413573
0.8040740812055857,0.4450443261644885
1.1592525044716848,0.9641169083778243
1.0,3.945398841773504
