alpha,s
4.561744672195576,0.0
3.2232510260500313,0.03986866971089018
1.8398268107634248,0.11086104944145596
1.0121190862329383,0.29081613708193343
1.4988690993138722,0.8048487942452807
1.0,2.832264554545353
