alpha,s
39.6376423222292,0.0
5.123920426196151,0.003595127916360141
2.3032714629939526,0.04024167579263951
1.4314476183737008,0.159612284940089
0.9615998190075267,0.5105130098413777
1.0,4.972762416510323
