alpha,s
0.5511065918650137,0.0
0.7256755793121656,0.11270219824051958
0.8386425690992065,0.25135286072141844
0.9238954462103828,0.458645127778692
0.9587471310284883,0.8555820123294137
1.0,4.364277412942912
