alpha,s
0.5979176030450937,0.0
0.688380800757305,0.10751467937739956
0.7237598756059349,0.2550803138818745
1.0568055642858194,0.4987678751689915
1.0761888783110671,0.8669829155813962
1.0,3.163528096293956
