alpha,s
2.470525060728569,0.0
2.0817303186723275,0.07087312214790001
1.6890198220184816,0.18152392216333813
1.5639949364055985,0.38318730974313236
1.6386410681628152,0.7431908897137416
1.0,3.686750306679903
