alpha,s
0.8877083137784408,0.0
0.7435629932412154,0.07624717174236498
0.9781601143667115,0.24638287430699982
0.7933918313344412,0.46245230756805494
0.9047310675590032,0.9815805214581902
1.0,5.901356019574897
