alpha,s
0.7811866747446148,0.0
0.810294051761027,0.09068257474486338
0.9752285972958413,0.2419721335192285
0.794498613353473,0.4509437173522563
0.8473683401679123,1.0153599140289098
1.0,3.129641085866111
