alpha,s
0.8695395609257697,0.0
0.9572251481694936,0.14742188005728152
0.9506460995688987,0.3183496652240294
1.0436274106308143,0.579353077382747
1.1160687143968149,1.0031057845493216
1.0,4.340255809871103
