alpha,s
23.479273379387177,0.0
4.566373142381042,0.00612872915591666
2.4675553324092485,0.04819910504720307
1.380915628442191,0.1628166455493372
1.192912634479605,0.5400786174701911
1.0,4.115818308260454
