alpha,s
0.008562662726884827,0.0
0.0516733643311222,1.82739726027397
0.055324556914139414,2.48767123287671
0.30113870636639617,3.5917808219178102
0.29236922135098137,4.39452054794521
1.0,8.16438356164384
