alpha,s
1.665713627246324,0.0
1.1124284158607227,0.00541972894853358
1.1263715427361667,0.04503773559964614
0.957236886529696,0.14922115958535784
0.9488198791857639,0.46108490299432503
1.0,3.5400163368788324
