alpha,s
0.07400330367047532,0.0
0.4014156132648108,1.95342465753425
0.135058663968102,2.3704109589041122
0.641071142483135,4.196164383561646
0.5896914281758617,5.0958904109589
1.0,8.22739726027397
