alpha,s
0.9069384813762437,0.0
1.1539363538440395,0.14254610510853014
1.1417599584413074,0.292361553793819
1.0854092532569124,0.5155861979698803
0.881777879865328,0.9296883661854259
1.0,4.151284536884696
