alpha,s
0.8804194445220029,0.0
1.1774136987022155,0.14586486396377468
1.0301885547572796,0.2969751578306888
0.9743049986072534,0.5518834604689733
1.1693492529147238,1.0724100980610434
1.0,3.756646676676327
