alpha,s
34.10460478223945,0.0
3.606057809553569,0.00401478563665482
2.2660999721564634,0.054431759213727705
1.1116343608450547,0.17612130401952855
1.476152296135365,0.6556386790013078
1.0,4.125182163700378
