alpha,s
0.7156006742826599,0.0
0.6563354420765545,0.05621225352124326
0.8158738380436487,0.19853151838611252
0.7939876733073457,0.3950085567901857
0.44533798716479767,0.7669175630952829
1.0,5.132043244256532
