alpha,s
0.8830896043624231,0.0
1.0619254475832902,0.08687399875613193
0.9504391644876145,0.19098876903416534
1.3178757933190441,0.3820159325213188
1.0425103049082063,0.6548239356297808
1.0,3.479457200248663
