alpha,s
4.07764078148807,0.0
1.229515191112374,0.0034218474501105417
1.0818731680606084,0.0488071471680266
1.3280178985114415,0.16595525209709858
1.1352005310098854,0.41138459193927757
1.0,4.032657042499713
