alpha,s
0.9728196419829708,0.0
1.0772544661644514,0.19295106205243467
0.9860465513109927,0.41484926052202914
0.9901945883472458,0.7523269600882393
1.157651140202231,1.3298023735458178
1.0,4.992511834529462
