alpha,s
0.0003006170627089159,0.0
0.002523295909145947,1.316164383561648
0.024998853643022373,2.9304109589041105
0.11771193965356878,4.208219178082195
1.521569566067335,6.13150684931507
1.0,7.07397260273973
