alpha,s
1.0607229274086334,0.0
1.161103640802158,0.1496947026187644
1.5077242074018207,0.3246097207552303
1.0217943603860764,0.528720867741025
1.1403499562199666,1.0740900604088217
1.0,3.775493287087885
