alpha,s
0.00463976793985064,0.0
0.02128621727235084,1.82739726027397
0.035746059526455154,2.6860273972602773
0.05282962927907074,3.82739726027397
0.2537446307381114,6.33972602739726
1.0,9.4986301369863
