alpha,s
1.0525724726006302,0.0
1.1055098759694446,0.1218115648853816
1.0461071115204417,0.2762129073681562
1.0050581430153231,0.5231482620065283
1.3789415436873553,1.0040148720620454
1.0,2.7808042974446154
