alpha,s
0.917754509284783,0.0
0.9177563057810377,0.14821184247192043
0.8730155863313278,0.34435065928386493
1.0027638329417934,0.6546775435846681
1.3440773308950966,1.1385742147315197
1.0,3.842657623681088
