alpha,s
13.239699573405561,0.0
3.915898249272759,0.00917663095262748
2.008990843757156,0.05281108168824809
1.2266731013847914,0.185152671469717
1.3526161172822777,0.6118190031021968
1.0,2.638628488274411
