alpha,s
1.265699997419392,0.0
1.0574816293509273,0.0846946087899497
1.1538135361740633,0.2257724626380368
1.1212331586716893,0.4365614715689283
1.466378590765089,0.8516464750763124
1.0,2.6780597339118035
