alpha,s
1.0365454713445785,0.0
1.1239288068961313,0.11153944737699154
1.149144788256959,0.25423090360357764
1.265331240288432,0.4687555520716666
0.9099192420629989,0.8155961626385556
1.0,4.520379241606434
