alpha,s
1.1930723326781807,0.0
1.1516228640958508,0.06675006404054815
0.8911263594417367,0.17072497121104233
0.8994472542618661,0.3969531955266996
1.2150920892623738,0.8463426328952761
1.0,3.731293410971384
