alpha,s
0.9655741682566402,0.0
0.8540226348941428,0.04616964681826319
0.5938597543428282,0.16428492560082722
0.844410185365331,0.5120933155471257
1.3971224112539318,0.9451406050511855
1.0,2.850738907442227
