alpha,s
2.1982384229097107,0.0
1.1065399909072178,0.004682478585372061
1.050289501258415,0.04626856597256324
0.8764857705519501,0.15703078398296547
1.0629524958486491,0.5121271001358138
1.0,3.220494188928194
