alpha,s
1.1362135822005028,0.0
1.1754291297768127,0.1202930099184671
1.1282453098702232,0.2757631412933686
1.0351483891947484,0.51425738469844
1.093017738371515,0.99072992402857
1.0,4.287600173714257
