alpha,s
0.8577948858200817,0.0
0.7703316249869999,0.08181397409172494
0.8331379917239223,0.2224390836614435
0.9961657461569223,0.44236334328349103
1.3213131615213014,0.8422229714935052
1.0,3.452718106272457
