alpha,s
8.505575447669141,0.0
2.9535024397905603,0.0054080004377888005
1.9655580159276416,0.04116422269985088
1.2708178655955518,0.13888109952766164
1.2579138376317889,0.4872379621642185
1.0,5.342098667138594
