alpha,s
4.0413038049570575,0.0
2.6276725641872827,0.05066247861926768
1.9676388879930786,0.14762524903532595
2.108905332844664,0.33567424423346254
1.6819030326558881,0.6307687074786784
1.0,2.2918374400050388
