alpha,s
0.9746104708740826,0.0
0.9945071307388149,0.19299036563220237
1.0193578570787767,0.43758684462976405
0.9512680089893636,0.7664064784445266
0.9357119934900978,1.3618533078892026
1.0,4.972573097858923
