alpha,s
1.8716599874598636,0.0
1.5749432398666743,0.10844110311395753
1.649668083354893,0.2698448704076621
1.4502399741121705,0.489534141176496
1.1640727769479495,0.9171981367360025
1.0,4.125250631454199
