alpha,s
3.203825659411359,0.0
1.8622947522019002,0.05523483506092058
1.4617008142468617,0.1762314966275943
1.3491312011721364,0.3970345059648035
1.0777845540079465,0.8014515866091383
1.0,3.3022112312387546
