alpha,s
3.94200757795073,0.0
1.9658878461506266,0.045087827563244434
1.7885333122789353,0.15523737687169642
1.121328160612474,0.3322414803657287
1.2176757360732855,0.8370645450507349
1.0,2.6968229305320945
