alpha,s
1.1867262398393086,0.0
1.3721451043029171,0.1060451453368397
0.9607267755157262,0.2282044879038551
0.9421492105192657,0.4885855446446674
1.0465151191472861,0.9619209945018731
1.0,4.94563863743552
