alpha,s
19.587776087087192,0.0
3.2122948589234457,0.004735541948180801
2.0317206320554693,0.0486931847406529
2.0034943788043345,0.16638530615846975
1.2635581399347797,0.40035784073525355
1.0,3.5089279981268127
