alpha,s
2.353124018110008,0.0
2.283131002020491,0.057511162907336044
1.5878834273128564,0.13773992502805427
1.314917805027086,0.3138576098026305
0.9539771135085402,0.7008665248575238
1.0,3.9999436307929206
