alpha,s
11.75748697950481,0.0
2.498410776859538,0.00439858896861946
1.4562747408952306,0.04218497935149218
1.1192724745080074,0.1614073429620945
1.15119813149334,0.5085358999627897
1.0,3.816270046028389
