alpha,s
1.0685133968144418,0.0
0.9741231687734137,0.1228015515301123
1.005258592689501,0.3067147775841119
1.0790736164896937,0.5741563578926516
1.0485040250994235,1.0332652570374379
1.0,4.264261247621421
