alpha,s
0.5108606501054569,0.0
0.494107419772023,0.10597431931202891
0.6863663408388034,0.3243859870956353
0.7347193312832941,0.607983659818409
0.7444335212802666,1.128313341386244
1.0,3.814647827902197
