alpha,s
1.1084129148758304,0.0
1.2718009481177552,0.11902963169985396
1.0286662389670447,0.25786992801988345
0.9358478863305041,0.5075469411218259
1.4697069261077516,1.0231003682556645
1.0,3.11601931920717
