alpha,s
2.135672945758957,0.0
1.8912224064851273,0.0378817408069878
1.103045508959973,0.11359635305399232
1.0429366077054056,0.32398955912184935
1.060968537794837,0.7470161125878914
1.0,3.792975622128803
