alpha,s
0.9930572662413492,0.0
1.038035768454828,0.08994138064187934
1.3288125164464029,0.23117379159358445
0.6835931885246118,0.4030301976123908
1.1102042480297982,1.0469096604063677
1.0,3.557968347198172
