alpha,s
0.017422807462425288,0.0
0.046423910160307856,1.3041095890411
0.07707568399269378,2.36438356164384
0.21427274029850907,4.17260273972603
0.5069029115422743,5.94520547945205
1.0,8.17808219178082
