alpha,s
0.9018381004576556,0.0
1.1164118446174558,0.206057445530559
1.0339841952408193,0.4139062977045381
0.8964514910558753,0.7297075870953963
0.824511730367915,1.3125366293086205
1.0,5.2143132391427045
