alpha,s
0.23444305596458156,0.0
0.40243796414960115,0.11355281775927355
0.5892269127370499,0.305630560240487
0.5369996540983807,0.548201031298303
0.47332743150449985,1.1123387939236449
1.0,4.463078124443493
