alpha,s
0.897038004920953,0.0
0.9345599806190577,0.0823472092065248
0.7987405335772487,0.1997499443219446
0.6324044601211641,0.4285862696484245
0.8473441821163061,1.0313847598319994
1.0,4.2855609733312
