alpha,s
1.1023579965713666,0.0
0.9841184591759472,0.05442087162257074
0.8613178460417246,0.16417098623549292
1.0322230590978112,0.3982845649897248
1.1881707083130804,0.8430814830668929
1.0,3.4032353409063885
