alpha,s
3.1037856084649746,0.0
1.4089028369718846,0.0036907403769321214
1.028664737514315,0.0399452712279014
1.0145761495079324,0.1693506737971961
0.9241645214467904,0.49645619873165026
1.0,3.661145766158557
