alpha,s
4.088987248090782,0.0
1.7191260063912526,0.02983330574565066
1.193121443713994,0.1272713682353731
1.1478631408195648,0.3460141527890504
1.4719650422293085,0.7899198004657013
1.0,2.630502213321056
