alpha,s
0.896178718284206,0.0
0.718440894171972,0.09429321830559607
0.8892318327944847,0.2784568371233255
0.9441106640546865,0.5245579883341589
0.808606688625097,0.9405556051795338
1.0,3.7260776371175854
