alpha,s
1.9304358126640246,0.0
0.8645925313915018,0.005252765756446282
0.8196363199939185,0.052624557850742916
0.7967856754023903,0.17235223023447477
0.6860273596688906,0.49887026827041486
1.0,4.6419154208162015
