alpha,s
0.22435176798009498,0.0
0.420659488142683,0.1139473212179777
0.5167496160181538,0.24234189972332199
0.6543583650816837,0.46262558749830307
0.7353242425472625,0.8589707355518467
1.0,4.147117736562271
