alpha,s
31.689842229049205,0.0
5.472810901405973,0.003881098220223
2.216520978168182,0.0347769611826371
1.4753973512108958,0.15137430544399258
1.1198632138644355,0.4847467424960685
1.0,4.321595647781233
