alpha,s
0.846122437014325,0.0
1.3398832623870152,0.06360540527461808
0.9965773978592978,0.1472300619259109
1.017473273667335,0.3495344596276772
1.2969507439870278,0.7546891647081866
1.0,3.4560255250391028
