alpha,s
0.701286426112349,0.0
0.7666184917387932,0.10782808307064985
0.8023757680891868,0.2824627577534655
0.7353450160910537,0.5494288926994899
0.8748123420130922,1.1122442981195388
1.0,3.4876335252920203
