alpha,s
1.9671975040789522,0.0
1.2401750183902014,0.02808809404378312
0.9403631700662561,0.12149672209945465
0.9746860749587514,0.3345028575533728
0.882672454635602,0.7438685211975633
1.0,3.6569239091832766
