alpha,s
1.1577847751435133,0.0
1.1326239239011748,0.11497190339725998
1.409386090534546,0.2737005749897488
1.379022414564178,0.47037719180334286
1.1326181010467988,0.8290075700026249
1.0,3.373538901689655
