alpha,s
1.3129106411810745,0.0
1.1566560229586351,0.1166249494214647
0.9770288950421693,0.2922959618374503
1.8860827399891313,0.6155655831252429
1.6877185841634712,0.9118453210620582
1.0,2.3219895848816923
