alpha,s
2.7791998284826485,0.0
1.9180572838802228,0.0606454588042959
1.3603046410152697,0.17301480126157326
1.5606066064761739,0.407182115789538
1.1717959692821374,0.765409015272276
1.0,3.573594736231
