alpha,s
1.0583074556155643,0.0
1.0514944337035634,0.17963043399653994
1.007602753635279,0.40970860583294383
0.9923505353795745,0.7463836268664832
1.1638987006540662,1.329615044708767
1.0,5.478268993198804
