alpha,s
1.1063924746507303,0.0
1.1328847335693697,0.07646132836790258
0.9669034734427083,0.20171232839219788
1.064365397478356,0.4414660641515386
1.1750026251078003,0.8663509989826268
1.0,3.5824913928810025
