alpha,s
0.9429775355793001,0.0
1.099071445601705,0.1440232426410783
1.5294656177679105,0.3082862020459049
0.9944519938200438,0.4870237520157128
1.1865960188421876,0.992871632392347
1.0,5.742648926290734
