alpha,s
27.730060097356187,0.0
6.13237615921511,0.005150256909520042
2.3312069996880833,0.0360242057383596
2.099166286593196,0.16299068067895373
1.5430716088593932,0.4136758718320238
1.0,3.4788136624161585
