alpha,s
2.2146892350471896,0.0
1.1131685696900664,0.04155650036127034
1.1713588699257533,0.16739890733432186
1.0271487700153823,0.3637477777711053
1.0663967555490266,0.7866459647554451
1.0,3.5859469951970206
