alpha,s
0.0378112701648773,0.0
0.15133092908581214,1.82739726027397
0.12580107165919874,2.48767123287671
0.46783289793265775,3.5917808219178102
0.27377524807084,4.39452054794521
1.0,8.16438356164384
