alpha,s
0.7508797920552643,0.0
0.8087846885106571,0.08605463256791995
1.2465125398355605,0.23804607566732267
1.4932297264929806,0.4218718835123809
1.0984491313132017,0.6864076212169072
1.0,3.464007335379993
