alpha,s
1.5508373568790508,0.0
1.1171596200155915,0.04220033949207698
0.9900387011354649,0.1476326468210372
0.8289383125367035,0.3574296625344481
1.018779475023889,0.871168096983321
1.0,4.868893985450257
