alpha,s
1.185972118576047,0.0
1.0762144281534731,0.11357821869793022
1.0134652425519877,0.28244493816628474
1.0900455643889402,0.552299985728653
1.2145774052945468,1.0118073042495765
1.0,4.337981940373061
