alpha,s
2.640513679559016,0.0
1.604565813451946,0.05523483506092058
1.304637912789609,0.1762314966275943
1.253976777175357,0.3970345059648035
1.0368496185703706,0.8014515866091383
1.0,3.3022112312387546
