alpha,s
0.8815218502322486,0.0
0.9890731508141252,0.1518880065079
1.110160808341409,0.3361936761469227
1.1163268336444776,0.5835534818331427
1.3146819886313765,1.032823593615152
1.0,3.8603973270343226
