alpha,s
3.761511947508278,0.0
1.5430642608620622,0.040395871920802004
2.020414262142716,0.16808222810500137
1.4223426746194274,0.3100841596320694
0.97462937202402,0.6707984855347872
1.0,3.546886842951961
