alpha,s
0.2534402729856177,0.0
0.4455974024384534,0.11153944737699154
0.6041446706048704,0.25423090360357764
0.8152373019407442,0.4687555520716666
0.6874897709666846,0.8155961626385556
1.0,4.520379241606434
