alpha,s
0.9899879272948274,0.0
1.078354926003466,0.11920030532895598
1.024514079811874,0.2734758714867076
0.8729490451240044,0.5194899157167272
1.032071425988401,1.056685806790837
1.0,4.158533550336978
