alpha,s
1.355706174621687,0.0
0.9369884660364178,0.07688171505473584
0.9878421134988552,0.2271977356125706
1.370709752121611,0.4523760832533529
0.9447009561842256,0.7503396758075068
1.0,3.924984380889826
