alpha,s
0.36709909040906746,0.0
0.5199462719461823,0.09140940994880972
1.0739657571611119,0.27371236938993965
1.110700743313315,0.45137603731765774
1.1085448952450243,0.7818501043219239
1.0,3.387812982608036
