alpha,s
0.6221826847282197,0.0
0.7580020387446252,0.07613235056778143
0.6741153522375734,0.21297776637854643
0.9825317838990747,0.4719699676810576
0.9574218347732916,0.8695033232226108
1.0,4.25986663304746
