alpha,s
0.9338308438133847,0.0
1.5550027979476515,0.08361572890439717
1.0285614623038077,0.17778374313944315
1.0256585495903665,0.4173646975472618
2.319603430198982,0.8933543415497811
1.0,1.919646732391293
