alpha,s
2.1694848459571108,0.0
0.9284582999231876,0.005384212267398483
0.8240982493424496,0.049185761283978016
0.7404262561261511,0.1709282449381048
0.7135080126514874,0.5230459364129993
1.0,4.7719720135920864
