alpha,s
0.01404906745256653,0.0
0.031828126515444255,1.23561643835616
0.044501194280482534,2.29315068493151
0.07403152933328597,3.619726027397264
0.15316296179033687,6.14794520547945
1.0,9.4986301369863
