alpha,s
3.846607496374325,0.0
2.9271514471682876,0.05555352030279258
1.7600795088558956,0.14675596815812747
1.6525304805989673,0.34994973162142523
1.437946001232597,0.7498772779578474
1.0,3.034540826800277
