alpha,s
1.0284060739605376,0.0
0.9507000822576357,0.07622960583408914
1.079817658718169,0.2040321890532971
1.2730540360277138,0.40205273030139493
1.3456638341172333,0.7547096175693702
1.0,3.206670648519865
