alpha,s
0.7607792522484365,0.0
0.681931583611178,0.1347346578979431
1.0658848814550528,0.35094341875121915
1.1309040955586465,0.5628511244082725
1.1051173836866741,0.9427640136328148
1.0,3.017421683974109
