alpha,s
1.1661244921601412,0.0
1.1394439860588563,0.06598828996489536
1.0968957885392314,0.17145220649037626
1.2575491514598465,0.35042750769000985
1.0926617796647697,0.6894512012341171
1.0,3.914721451009045
