alpha,s
0.9918470347112683,0.0
1.0243160869167,0.0685919281780165
1.1976826086522212,0.17396394209571642
0.9491146022631006,0.3281863547529109
1.0357611791919445,0.7380513834437424
1.0,3.5134095174469886
