alpha,s
3.92191886268225,0.0
1.8552325878745843,0.044166100501257105
1.615468002802178,0.16459822988405182
1.3449710481003818,0.35574200193292144
1.0191863497137519,0.785490952381506
1.0,5.13455402999264
