alpha,s
1.0265764932124637,0.0
0.9949415183042736,0.083858107030285
0.9668364868384658,0.2238595503936001
0.9674441784300208,0.4589356863537923
1.0435087322210808,0.9167509225697668
1.0,4.809296279520194
