alpha,s
0.3320376994267678,0.0
0.3360911155841219,0.10808856987253176
0.6015905989055039,0.30272676957295913
0.58005822203769,0.5036427521782186
0.5813345863252736,0.9621797617534515
1.0,4.316814209145159
