alpha,s
0.4058643084423362,0.0
0.4182640571874435,0.10799172833164077
0.5164470001246751,0.2803416520828712
0.6995129974883576,0.5512693592871737
0.80224845300793,0.996568764003993
1.0,4.316714595483662
