alpha,s
0.36956302415506925,0.0
0.5040703017731795,0.12847632375863374
0.46975672686110875,0.28981180414268437
0.8649283318124885,0.6115769448205316
0.908561296964495,1.0079186897855805
1.0,4.0489289991718085
