alpha,s
4.680833711033899,0.0
2.548431998834137,0.0380591679919664
2.590173260733693,0.1270035859688449
1.3145927480571324,0.25169142781662984
1.418158838352096,0.7006103143169071
1.0,3.745040329309489
