alpha,s
0.6964293419101406,0.0
0.7501255452551412,0.05306272657018347
0.7737033681818117,0.15487343649144097
1.270403912389037,0.35322051239773966
1.2618294356715047,0.6068899385431132
1.0,3.9562570128977694
