alpha,s
1.6820263027151918,0.0
0.9212994116047774,0.00529933097394684
0.7133291638174357,0.044981701749766755
0.7409375272518866,0.17307989344241068
0.8462272749160393,0.5205143144178094
1.0,4.569716671557845
