alpha,s
0.0003795437373636937,0.0
0.009399256401912083,1.7287671232876705
0.04935489342309613,3.20547945205479
0.938981510796984,4.180273972602742
0.447692876183654,4.453150684931504
1.0,7.04383561643836
