alpha,s
0.048839018469457755,0.0
0.1360084430519664,2.018082191780824
0.11401810338429076,3.0673972602739723
0.255436721112018,5.145753424657532
1.2343412938239275,7.04383561643836
1.0,9.4986301369863
