alpha,s
1.8763316325345696,0.0
1.647932227431118,0.10495414409337002
1.4842973967638744,0.26163826998573353
1.469294129762409,0.49576922036022475
1.12297681353675,0.8974924661192301
1.0,4.4531845759602655
