alpha,s
1.0629970725257627,0.0
0.7970945001318793,0.09065080882452718
0.8264772376142089,0.2710505759903237
0.9263080510546597,0.5557138675389406
1.0398887366651188,1.0717262226532542
1.0,3.0945217056758683
