alpha,s
5.273959381916857,0.0
1.8001493589394302,0.039618424561434884
1.8516174034116624,0.1843547567558208
1.0764475862842733,0.38586389857852166
1.3922330337570803,0.9663349795412357
1.0,4.0158099993527205
