alpha,s
0.5215787726203425,0.0
0.6246037825008454,0.10748123960254331
0.7082781819402595,0.2615000493549945
1.0550970527314834,0.4907971826618034
0.9763719429562335,0.8458680994546899
1.0,4.479004169491691
