alpha,s
0.41274958828345526,0.0
0.5104727427069742,0.12314012676208087
0.6738584872645115,0.2974868212391863
1.1012823662212397,0.5392476785279593
1.4436834453571792,0.8891967040275239
1.0,3.957996954552936
