alpha,s
1.9234953345299515,0.0
1.5297606862504476,0.036972025693476566
0.9482812868442954,0.12015840946008889
1.6452650952190768,0.3494170449943353
1.2897383736590866,0.6577036544073399
1.0,3.006232080867484
