alpha,s
22.864292187254012,0.0
4.071701726600316,0.00529933097394684
1.9232275290100045,0.044981701749766755
1.4142079148426934,0.17307989344241068
1.2397038425092293,0.5205143144178094
1.0,4.569716671557845
