alpha,s
0.084275681165012,0.0
0.3346996091021238,1.82739726027397
0.15916807124053697,2.23013698630137
0.5368124346543265,3.804383561643841
0.29635475701735703,4.6635616438356156
1.0,9.4986301369863
