alpha,s
2.627298001155585,0.0
1.1212986251937866,0.002954544948644302
0.9284195568582211,0.038752727257005064
0.9312038820023634,0.15206893820367035
0.6670135620462155,0.4633565646502104
1.0,3.4449552082857924
