alpha,s
1.1779268333656248,0.0
1.289218909630161,0.1304433190233006
1.0251874132134464,0.2855071547695125
1.2346356198007895,0.5661520724935574
0.9860469900656084,1.0006580158208773
1.0,4.041069053634157
