alpha,s
0.00040698702201299905,0.0
0.006387621730920122,1.7090410958904085
0.024139727623575403,2.8016438356164386
0.07784601339919438,4.2027397260274
0.5584922716016991,6.1347945205479455
1.0,8.22739726027397
