alpha,s
1.2065422873914993,0.0
1.581017670813006,0.1057957132902264
1.2536158105059307,0.21163062160458315
0.9436682843907445,0.4216870154834759
1.2300418854850108,0.9337087015327615
1.0,4.090276347502595
