alpha,s
1.0672488217614604,0.0
0.8694808234489207,0.1852666286333368
1.21121292052684,0.469346409759124
1.2061290494398456,0.7558344660988541
1.0685366182831004,1.253711561068129
1.0,4.311993551179207
