alpha,s
4.053388733120591,0.0
1.767293556430266,0.04541755842092113
1.5185882020714825,0.1751704364585305
1.1246893714844164,0.3891802241859758
1.1804155911667231,0.8953918314711251
1.0,3.2056528042738126
