alpha,s
0.5304802371928925,0.0
0.6225659758898429,0.09656574581274832
0.756783255304994,0.23139717302216142
0.9378071160092439,0.4431016803054118
1.0149940690429227,0.8269997768718025
1.0,3.5463475742664903
