alpha,s
0.39991754297623344,0.0
0.6608306821602251,0.1596808169157258
0.9803763269617438,0.31544977692480164
0.7519032837868236,0.49934771754323426
1.108634980079746,0.9881368418599186
1.0,3.315793337046687
