alpha,s
0.9720593617974476,0.0
0.9476404705026809,0.0844523411278129
0.9853010288131581,0.2270064795856814
0.9968279007632737,0.45740019721293856
0.946307191127823,0.8922894760106529
1.0,3.806320769629522
