alpha,s
1.2493686571892857,0.0
1.2230297321579366,0.06621207252727639
1.0982155882043965,0.16780868342063177
0.9982466095741056,0.3582404472908839
1.1560128400330594,0.7900608919286869
1.0,4.148157036535549
