alpha,s
1.0187689980235803,0.0
1.0253664773593725,0.1834076975359536
1.0464062202801458,0.4192046457725602
1.0644075442336773,0.7424342812540122
1.009036340070574,1.2840571505743168
1.0,4.571998225133091
