alpha,s
9.333905721895611,0.0
2.510778985264825,0.00439858896861946
1.5543438840528776,0.04218497935149218
1.220114109635872,0.1614073429620945
1.2634615847610577,0.5085358999627897
1.0,3.816270046028389
