alpha,s
1.0544180769548859,0.0
1.2417926111698334,0.12746296171068086
1.0047471887096184,0.2723064065909362
1.0844374212945724,0.5437761765087031
1.23789511842622,1.005221627727278
1.0,5.209797366248894
