alpha,s
0.0004835432183370761,0.0
0.002202853232980705,1.316164383561648
0.016345160911770667,2.9304109589041105
0.08410845378978549,4.208219178082195
1.4220157684295611,6.13150684931507
1.0,7.07397260273973
