alpha,s
16.095157343930435,0.0
4.071966473654148,0.005150256909520042
1.7888864503420463,0.0360242057383596
1.776090502244676,0.16299068067895373
1.4275357938995035,0.4136758718320238
1.0,3.4788136624161585
