alpha,s
1.1112455381868456,0.0
0.9532414803023339,0.09760958780679523
1.2565027641392394,0.26660162984419494
1.1123886294188141,0.47590468330033636
1.1501144527130442,0.9183977289745902
1.0,3.182653465891241
