alpha,s
2.385299770880361,0.0
1.4238935156454045,0.045527571574010245
1.293321434578661,0.16008643097264658
1.411751623657717,0.3515988873640102
1.0520457280445545,0.6965419920573089
1.0,3.5009440354892427
