alpha,s
14.91761389035111,0.0
2.8838298361117336,0.00304299199089092
1.484234814932531,0.03338544891318268
1.2541397945268626,0.1501727870580801
1.0000321189489758,0.4674969043900154
1.0,3.978087842558704
