alpha,s
2.7210848937317853,0.0
1.3744834228570013,0.0039987146447574805
0.9153878988901174,0.03906774820220824
1.0327426725412359,0.17895349642441782
0.9376458025350175,0.4978768945693235
1.0,3.702249810040484
