alpha,s
1.0203201828721522,0.0
1.0131677302740478,0.1805917317453446
0.9615779691670255,0.4135981517574437
0.8986701863405696,0.7487177712192272
0.9270457032577148,1.3572258015329948
1.0,4.861112674856331
