alpha,s
13.164674797836732,0.0
3.119014020386151,0.004705321666195063
1.8493963203355905,0.039554701407173806
1.4532721545504739,0.14461828378214758
1.3076814480618706,0.42469698549567714
1.0,3.360715362884355
