alpha,s
1.6137341179957645,0.0
1.698835481964605,0.12385030654917764
1.7007857877572834,0.278561688969134
1.2019418579562584,0.49347474606878566
1.3551940907696862,1.0080631134198406
1.0,3.309381013435481
