alpha,s
0.2803583267758112,0.0
0.5027399189064352,0.1067283224254167
0.6524357608536813,0.24214381919708106
0.6478791400033412,0.47090591523062053
1.3131890702085474,1.0409143850357832
1.0,3.489199838431466
