alpha,s
1.3848341728689482,0.0
0.9289320427030765,0.0848674008268593
0.9072281511740775,0.2598817724790451
0.9794200767304231,0.5328459643312076
1.197910889264822,1.0119767078273754
1.0,3.4130420245806325
