alpha,s
1.064564414562986,0.0
0.8796044787509774,0.11968895312459742
0.9261586646442391,0.31670183174298056
1.390720712004117,0.5949690974462669
1.2443269602764369,0.954278123458254
1.0,3.6468224572395274
