alpha,s
1.1419790482539707,0.0
0.9669084071335641,0.10648576743467776
1.0256821984498272,0.277965180782129
1.1424112461024232,0.5200394929688688
1.5524149816415054,0.888725673524137
1.0,3.2365865780369383
