alpha,s
0.018363804962106052,0.0
0.04562750829427091,2.36438356164384
0.3315316021064531,3.644383561643838
0.12827556129095566,4.19178082191781
0.5925073467286552,6.320000000000005
1.0,9.4986301369863
