alpha,s
0.2651035493146792,0.0
0.47666448765860575,0.11094930722766742
0.6688108097995104,0.2644127450324497
0.7704130569093651,0.503246345121794
1.0134887064906029,0.9940499174908546
1.0,3.907601464720064
