alpha,s
6.891633912475651,0.0
1.699998798106951,0.006792528740637161
1.314619522477949,0.06261959853061227
1.2043207812849515,0.21000142329669674
1.149867431962088,0.5561112361121497
1.0,3.613740999855484
