alpha,s
0.7357013293114618,0.0
0.8852036615081316,0.0705131150639059
0.8524363871900373,0.2031767048468411
0.7196435190089588,0.42665494415072086
0.7300266427446681,0.9394347211821195
1.0,3.3298126281883684
