alpha,s
0.8480201603926207,0.0
1.1518675912852705,0.23484076231593917
1.026948727843234,0.4591979822196701
1.467927687037327,0.7990185418519936
1.309836272755173,1.21859723133826
1.0,3.755849129600691
