alpha,s
1.001501479894766,0.0
0.9268324037000243,0.0690189259999472
0.9320811430856402,0.186325131067388
1.0085683425112197,0.385629712100539
1.068968750106111,0.7714309198511744
1.0,3.518260801655799
