alpha,s
0.004184340114416883,0.0
0.04594151438935141,2.290958904109592
0.22109797407884998,3.670684931506852
0.2676774737729064,4.403287671232878
0.5194415509281827,5.94520547945205
1.0,9.4986301369863
