alpha,s
0.5391383003940841,0.0
0.8600286331777506,0.0989389657580645
1.4443116670459843,0.2304678614886239
1.2018817668219406,0.3785397905217688
1.0211264726078342,0.714191029168996
1.0,2.9029670760973683
