alpha,s
1.6850130712322484,0.0
1.4261317207795634,0.0362652189335844
1.0750141773154727,0.11964217996219573
1.020317590689297,0.3198617574772071
1.2030538908691026,0.7579033408523613
1.0,4.361409473464636
