alpha,s
1.1040917174960123,0.0
0.9964848973430206,0.1169560443448926
0.975659747850353,0.28947703343135806
1.0410987616848488,0.5637615010389193
1.1414464498586125,1.0192628266357673
1.0,3.280163301233487
