alpha,s
1.1379703800814127,0.0
1.1728095373236893,0.11285687073975681
1.2266643772106203,0.2623638400710011
1.2057212080526558,0.4857632905816496
1.4819987173984512,0.884687738757814
1.0,3.94341039030752
