alpha,s
30.582257476010188,0.0
4.692078061611962,0.003947501773509021
2.3938208433162314,0.040165122957839215
1.9533178103520328,0.14908882825110883
1.125084617483586,0.40086514257771927
1.0,3.662900955199559
