alpha,s
0.977248425752383,0.0
0.7657158802608389,0.07450968188415631
1.1101246579316848,0.24950299155792818
1.275382511566052,0.4372000614201209
0.787263172632669,0.7661021020851446
1.0,4.030563565107812
