alpha,s
1.035089815101109,0.0
1.3223811612375636,0.09396644943588366
0.6970007965098454,0.2049216006102797
1.119746769950483,0.5378016387890386
0.9612416364858782,0.9035319383555824
1.0,3.522687399048717
