alpha,s
0.5342650365016716,0.0
0.6023271468537351,0.07986768747664857
0.9617959414809766,0.24942606295612918
0.8929124459062316,0.45028417257768233
1.320550002673929,0.9291991687933577
1.0,2.5102550925387384
