alpha,s
1.8974829712676766,0.0
1.1065097776363289,0.0327291693516059
1.3884081457986563,0.1442345569474772
0.8910208460844985,0.3033209469660927
0.9380812855072488,0.7529271967530446
1.0,3.610859719316204
