alpha,s
2.3541288497300252,0.0
2.003016996478777,0.07087312214790001
1.6427380288283293,0.18152392216333813
1.5344944917311658,0.38318730974313236
1.62249036352465,0.7431908897137416
1.0,3.686750306679903
