alpha,s
1.2127668190745122,0.0
1.2788373951229994,0.09855559396236283
1.2537009323495092,0.2265009193407151
1.2367122923785747,0.42543028706307884
1.4915132360755972,0.8347487799048914
1.0,2.8658955162769137
