alpha,s
1.267739810301281,0.0
1.0498179324728256,0.10295307071331747
1.0832311770398166,0.27056438188614906
1.1417574286446681,0.5035427752628746
1.1473373028132932,0.9427798827640689
1.0,3.74979495327548
