alpha,s
1.0439911865118237,0.0
0.5568688637615459,0.039760989590327436
0.8412077741933291,0.21900539363460253
1.111913462648393,0.4616977682321767
1.1377806627874307,0.8141114916031833
1.0,3.3972169583567373
