alpha,s
0.9154363314076085,0.0
0.989670243490053,0.1350326797372668
1.52956117177671,0.3046983517060461
1.232528800938794,0.4705254114485643
1.2955196096052448,0.8568240696858718
1.0,3.59108807653944
