alpha,s
0.5976895232194731,0.0
0.9687291934718104,0.0859885777452631
0.9550108111593901,0.1951200451778404
1.1623120917631606,0.39253805802723113
0.7380270709430702,0.6985921414991102
1.0,3.358750105932421
