alpha,s
1.365109431664008,0.0
0.9871528436596588,0.00911859905805628
0.7764264877754042,0.051344518338278564
0.8570895805252773,0.18255255710733673
0.6910354347800364,0.4928545605956517
1.0,5.417777165788888
