alpha,s
1.4040078895905872,0.0
1.1466968102361446,0.08812259667223592
1.1651956584985117,0.23409453579375214
0.9776897113119325,0.44676666572371543
1.036208237821768,0.9178112580259068
1.0,4.371995086285702
