alpha,s
2.4091942432472178,0.0
1.697662149784107,0.0362652189335844
1.218747019760542,0.11964217996219573
1.1121027050794836,0.3198617574772071
1.2672826991630526,0.7579033408523613
1.0,4.361409473464636
