alpha,s
2.5197851176208315,0.0
1.1072437937128787,0.00471774393602178
1.053251409232234,0.04024825777695431
0.8775384194354806,0.13513747912620616
0.7333106891706751,0.4204063758758888
1.0,4.301861291749675
