alpha,s
6.533094279473255,0.0
2.4247190215467445,0.0336734260874784
2.014681739628016,0.1447664888669593
1.761730596104514,0.32867282555432453
1.4787966966410555,0.6984720104773955
1.0,3.804232756541087
