alpha,s
0.9650293284273838,0.0
1.1535435490213655,0.1154337901438262
0.9920303599238219,0.2455243325749983
1.251468575227412,0.49287119779519034
0.914449268970337,0.8399713023281837
1.0,5.442894466848597
