alpha,s
1.0052504671158686,0.0
1.1866365855270915,0.12191871307919369
1.0674886194755002,0.25662807238069335
1.1508824471111676,0.48233747257550524
1.0386351549063322,0.8751489417057807
1.0,4.536884036227471
