alpha,s
0.6154286255653644,0.0
0.593958637032497,0.09065080882452718
0.6929622194442914,0.2710505759903237
0.8266654945371378,0.5557138675389406
0.9615232461619732,1.0717262226532542
1.0,3.0945217056758683
