alpha,s
1.3574536328381008,0.0
1.2796796306121077,0.0885276017304
1.1985750672671927,0.21988240896167963
1.0812656527351185,0.42969565939456705
0.9456488657388665,0.8719949275788874
1.0,3.887120915994493
