alpha,s
1.0910411145404557,0.0
1.1037625314194437,0.11882660694648868
0.9946280830747956,0.28012423378457707
1.0931645391758305,0.5432852295120335
1.1282364102517206,0.9865430751833141
1.0,4.963974079178496
