alpha,s
1.3942903830245943,0.0
1.31847872333059,0.0058593084278904
0.6783134915175062,0.04024574611408
0.9050776696302496,0.19639028278140902
1.0323538228213334,0.5179323378360549
1.0,3.9714659677384976
