alpha,s
2.171417753342556,0.0
1.1152865728753292,0.04155650036127034
1.150864193752985,0.16739890733432186
1.0044288405389306,0.3637477777711053
1.038055700196177,0.7866459647554451
1.0,3.5859469951970206
