alpha,s
2.3965485872081325,0.0
1.249225352497912,0.04541755842092113
1.1839240759353793,0.1751704364585305
0.9496235010685051,0.3891802241859758
1.0658848708582918,0.8953918314711251
1.0,3.2056528042738126
