alpha,s
4.126776749454587,0.0
2.459311365229699,0.04375547608183522
1.67590707376298,0.13909707620666978
1.1935463404522724,0.33909740186559484
2.0406320455408253,0.860980464541449
1.0,2.7704438381131
