alpha,s
0.023379058067129404,0.0
0.046401921407422116,1.587397260273974
0.06841714294233124,2.9304109589041105
0.14861247671855438,4.705205479452055
0.42733176180180893,6.587397260273972
1.0,9.4986301369863
