alpha,s
1.244206912866961,0.0
1.1674284604483585,0.0652975660845929
1.0445994801331084,0.16945340984003354
0.9011519029220246,0.3636562228416103
1.0493376059195478,0.8532545225042298
1.0,3.3422381571871917
