alpha,s
3.9461062987195747,0.0
2.254762440875162,0.0380591679919664
2.37426136957422,0.1270035859688449
1.2497758484517132,0.25169142781662984
1.3846899357912872,0.7006103143169071
1.0,3.745040329309489
