alpha,s
0.9521792459783263,0.0
1.1675880311288667,0.0813599324529201
1.063671351253153,0.18476831181635972
1.136992710258059,0.36888568737176913
0.9874661477570259,0.7223391281457863
1.0,3.831325543323636
