alpha,s
2.294694688586611,0.0
1.833714306166718,0.08883105894624024
1.631353328493577,0.23067712894099107
1.3322678479320078,0.4555516035510378
1.3450749818891024,0.9224878061523518
1.0,3.875390641742073
