alpha,s
0.6378568160196275,0.0
0.8400668868292652,0.1187646885479542
0.6678618859515562,0.25309470273903384
0.8977772889276815,0.5239067787143987
0.8956943913173577,0.9586206352691092
1.0,4.826991628370492
