alpha,s
1.7171216975625851,0.0
0.9630696154762072,0.008461516674032903
0.8060514995849039,0.06520094846630141
0.8842256959359746,0.20963118450035526
0.9116919941865296,0.5634006069598252
1.0,3.734994716471441
