alpha,s
0.9943439659946688,0.0
0.9001889229393918,0.12234543258124615
1.1510886762947388,0.30221590994387654
0.9787402719911181,0.517573816430863
1.118345023242533,0.9557063234342836
1.0,3.1244359106667643
