alpha,s
0.4766305820449387,0.0
0.9500687091379235,0.12436774753444847
0.8282228950130607,0.24490590630313525
1.058423261207731,0.4975210682845672
0.9994221477115444,0.9132002987656792
1.0,3.0061147685052725
