alpha,s
3.819460805183516,0.0
1.933086236710457,0.046699973596372804
2.0920277816434716,0.16197602731382763
1.2626338989236299,0.322167659594514
1.169501283958453,0.7760905794324798
1.0,3.343349552670907
