alpha,s
2.1543608920185453,0.0
0.9746688366412934,0.00415061708593736
1.020717470347297,0.0492339843854113
0.9301425080191066,0.16288287797355364
0.87852107782761,0.4710126588558343
1.0,4.09336035103867
