alpha,s
0.011058358066959699,0.0
0.08601385012891306,2.232876712328768
0.05288306408770013,2.818082191780825
0.1855031304500893,4.196164383561646
0.3047597496512053,5.697534246575343
1.0,9.4986301369863
