alpha,s
2.8879478755714802,0.0
1.7435414869863124,0.041306403816781925
1.0645874441049317,0.13814797939044707
1.1353257966832124,0.38883666119666455
1.2404698290611245,0.8116080326486997
1.0,3.92590519059991
