alpha,s
0.16375917139610058,0.0
0.36808308042438126,0.12614277646549382
0.3799518109214405,0.2909417523339266
0.29379372587501756,0.5576710935918857
0.356971313072813,1.2508810164418653
1.0,3.6787512712834154
