alpha,s
20.89155351877532,0.0
3.3244549433877526,0.006792528740637161
1.9426888988184152,0.06261959853061227
1.4637805162681439,0.21000142329669674
1.1797467261712347,0.5561112361121497
1.0,3.613740999855484
