alpha,s
1.2683042926617851,0.0
0.9828804027009549,0.0450186286102632
0.93715024435746,0.1420486546087536
0.8860713524686231,0.32693722933701985
1.0826933594159718,0.7420023006327642
1.0,3.353845952491454
