alpha,s
1.1364997006087745,0.0
1.083979801609311,0.10513910172722486
1.0435752007441141,0.2575854804160609
1.1227729982954573,0.4986265059040585
0.9646312052558148,0.9063335345868293
1.0,4.24476217798963
