alpha,s
0.8980607063991658,0.0
0.9982809276896593,0.20831056775785564
0.9398775425435332,0.44738706318005744
1.042650005724863,0.8022782908033887
1.2097593013234094,1.376981112149295
1.0,5.135702210027332
