alpha,s
43.688702636807264,0.0
7.0566767257951835,0.005135656409854721
2.9392228900187427,0.045213793031136255
1.9102070870257977,0.17600246643203693
1.4210382837528837,0.5233872275441206
1.0,2.970749921685901
