alpha,s
0.9894715958035014,0.0
1.1912090172161673,0.12942621083396763
0.9966566759936829,0.27474859667688245
1.0469681508654465,0.5324429407818277
1.0706719468713066,0.9639697852121779
1.0,4.863671806916592
