alpha,s
4.276700400882875,0.0
1.044999486186484,0.00324249035538028
0.9220623395749306,0.05416668919700881
0.8001550656611726,0.18266585820090264
1.1072810457386861,0.5769800952934461
1.0,3.428030802287344
