alpha,s
2.231870519613797,0.0
1.5884588020810713,0.0045984537732566
1.1487499568069672,0.0366900097924484
1.025335300198057,0.1393074731118697
0.9085684094050601,0.4435299555685602
1.0,4.566081603867088
