alpha,s
1.1039993554227214,0.0
1.116502791040299,0.10992204991885224
1.1391023563610265,0.25537883425533403
0.9691070966011649,0.47319655590854676
1.2620262357378833,0.9621866878748258
1.0,3.5530507146239705
