alpha,s
0.007444624043150186,0.0
0.03525350607976894,1.98630136986301
0.13518156555463015,3.74246575342466
0.17618901349121094,4.600000000000001
0.7552634729540221,6.73972602739726
1.0,9.4986301369863
