alpha,s
2.183307043044598,0.0
1.4413226513320505,0.030835271273028278
1.5104125820195577,0.11210530219980745
1.2196133909049394,0.24976543687734382
0.8458794931510891,0.5597024593942066
1.0,3.7218382374915335
