alpha,s
1.0372048747897777,0.0
1.1042996888543974,0.008758367177324401
0.9299767000974128,0.04620563119021544
0.9386241585519568,0.1788178303574702
0.8035411020082256,0.48796690369200973
1.0,4.213134125619688
