alpha,s
1.106612172995901,0.0
1.0828220787726608,0.1191919176410545
1.0309499967513378,0.2833080847922042
1.0384364967770452,0.5407501312426486
1.0700838838072921,1.0131761258454373
1.0,4.889557877190456
