alpha,s
0.6312831741408091,0.0
0.6619859645390154,0.11723447978231996
0.8749706213427293,0.28862664347515377
0.6694138685066547,0.5069916242414022
1.0122443517858835,1.0860165416818812
1.0,3.475175199554605
