alpha,s
0.020646235399134356,0.0
0.06637485436615154,2.01917808219178
0.10291917588179245,2.9063013698630145
0.2343174828543116,4.193972602739728
0.7298486219315894,5.748493150684935
1.0,8.16438356164384
