alpha,s
0.04994434369095358,0.0
0.1876291239246339,2.002739726027398
0.7808621063132185,3.01095890410959
0.31137289445569777,3.28767123287671
0.6608092503357428,4.4767123287671255
1.0,7.07397260273973
