alpha,s
1.2255251316285685,0.0
1.1762493192174543,0.06320694162415688
0.9161686938737199,0.16266863329510106
0.9244908096604971,0.3686071751192782
1.115978015078071,0.819775363036026
1.0,3.268157198293487
