alpha,s
0.014653792962720012,0.0
0.033938829555099206,2.031232876712326
0.1201940248349713,3.59178082191781
0.15340909287544435,4.3227397260274
0.8560465072370765,5.94520547945205
1.0,8.17808219178082
