alpha,s
4.721682899221634,0.0
1.6955080826157642,0.0035275485105862804
1.1721870067131301,0.03794122232278608
1.0936512466797894,0.15269900307986511
1.1216969675994442,0.4646730201055299
1.0,4.711216938819347
