alpha,s
1.122672960696083,0.0
1.4739414098926569,0.1191557591192567
1.1428169580010192,0.2423620997996729
1.112749111072082,0.47861386986014354
1.3680517186179484,0.93018466651151
1.0,3.63829551402941
