alpha,s
1.1382512570713952,0.0
0.8751145732971345,0.11450945752214858
0.730386455958236,0.3116650857682234
1.1310695795160488,0.6805122425553023
1.0728836805658117,1.1160845648512299
1.0,3.9230082503756
