alpha,s
3.518361068153716,0.0
1.3744243270644052,0.005204919887462901
1.0584260178617229,0.04765812680301313
1.0021508523506915,0.17044538060058648
1.043098878430575,0.5173196940190578
1.0,3.478577895378327
