alpha,s
0.3439516404446837,0.0
0.7650455553533054,0.13166455377474132
0.8611409549261149,0.2875145893462532
1.2291856083230686,0.5439011854594358
1.0719505883238813,0.8677771363761273
1.0,3.2753202619593016
