alpha,s
3.5096391416900383,0.0
1.1280654048066339,0.003968486775973
1.29316116865436,0.0535230860407758
1.18036354769207,0.15628058212428297
1.1321830334291432,0.4464579496696848
1.0,2.7802521236928053
