alpha,s
0.6026369194430307,0.0
1.0053867100161655,0.11607648431617895
1.0901153966507158,0.2402535342870456
1.2222727037473886,0.4505915554116569
1.4813932058625146,0.8638066153698689
1.0,2.8919462110357084
