alpha,s
0.960454680769799,0.0
1.045411097410178,0.1366896567458682
1.0983094874272321,0.3061064614606294
1.0738953975969956,0.5552953389628105
1.066422147888089,1.0175962715902813
1.0,4.409685448648833
