alpha,s
0.9653707819688033,0.0
1.4206625885488344,0.14526204922257246
0.8022328658023568,0.28556423994584296
1.5249216024282035,0.6117884946174621
1.1904889326458263,0.9910636110526886
1.0,3.234925484626735
