alpha,s
0.9647320386833205,0.0
0.772837206237508,0.0746182352995955
1.1318734074993224,0.229030503497345
1.1356192057180166,0.4067711914727788
1.0934531585230711,0.7792587453821406
1.0,3.404219334910016
