alpha,s
0.2800505330636548,0.0
0.47834545249074234,0.10899136476929062
0.5262384346154863,0.2683098355925693
0.8897857871418917,0.5911299759459478
1.0873478226117197,1.0353873684016996
1.0,4.277097010063101
