alpha,s
1.123262564945148,0.0
1.3171024914422986,0.102554697375303
0.9532325300533077,0.2212330329975909
1.054776146412085,0.473974416708404
1.289869755661809,0.9280756034117684
1.0,3.476719948226652
