alpha,s
0.9238586460778796,0.0
1.1319048351330143,0.1187646885479542
0.8421863727891634,0.25309470273903384
1.0496305651097841,0.5239067787143987
0.9808450958195315,0.9586206352691092
1.0,4.826991628370492
