alpha,s
0.5391625673989144,0.0
0.7467823689436974,0.08790015070593525
0.8752435222757754,0.23654906041332846
1.1101589214373149,0.48152941760312745
1.9953995914048515,0.9012068486298885
1.0,1.9835801510319613
