alpha,s
2.007401372532837,0.0
1.3311124990718635,0.05523483506092058
1.1369861091953692,0.1762314966275943
1.1407639485890397,0.3970345059648035
0.9726803613839324,0.8014515866091383
1.0,3.3022112312387546
