alpha,s
44.13910435862167,0.0
8.210090914388578,0.00500558393931212
3.5060904994682414,0.03813812135994093
2.339945050783181,0.1439360442302811
1.3872536416727794,0.40662757808821604
1.0,2.9959410619159703
