alpha,s
1.0094419665644219,0.0
0.997453862474192,0.0891901044108794
0.8926934014457689,0.23474215214938693
1.5303632474138267,0.478611274105293
1.1661825918104611,0.7494278376119103
1.0,2.857023759090677
