alpha,s
14.867577204455245,0.0
3.604936131559222,0.0054080004377888005
2.148702945203433,0.04116422269985088
1.2620643595208785,0.13888109952766164
1.2002192667206582,0.4872379621642185
1.0,5.342098667138594
