alpha,s
0.3364511365293356,0.0
0.4710053482745511,0.09795204126646967
0.6153904596826035,0.24567078053752095
0.916586189180491,0.48896993227453595
0.9545627419921944,0.8547694026199917
1.0,3.840729135968613
