alpha,s
2.186669605842976,0.0
1.820116696977496,0.0465371276377706
1.1082186589882055,0.1294720751118017
1.2362312471327603,0.3607705807262973
1.3104096569337529,0.7476603939649482
1.0,4.823816853960435
