alpha,s
1.0587132470991798,0.0
1.1339579369409833,0.12402207635883243
1.0906570251481549,0.27990879222881176
0.9474873640904146,0.52393874451723
1.0166064755576396,1.0414554682624817
1.0,4.456548616548505
