alpha,s
0.018072240883441105,0.0
0.04681143378377666,1.2630136986301361
0.0895963998645968,2.23013698630137
0.11403468217098768,3.28767123287671
0.4596049921798504,5.133698630136983
1.0,8.22739726027397
