alpha,s
2.1448835353243307,0.0
1.207491307740534,0.005636144234361219
0.9701281457024515,0.047376501048973715
0.9099799574123668,0.1764240974700015
0.9037738101457202,0.5146872225809749
1.0,4.039392050004476
