alpha,s
1.5387174566583237,0.0
1.0475971535376816,0.08594469413687482
1.20178783786398,0.25621248233122107
1.1299314907969333,0.4730167857746943
1.103374887254581,0.885119458614392
1.0,3.020785974298012
