alpha,s
0.030663493463111032,0.0
0.04908930332176787,1.550136986301371
0.09788339347898838,3.087123287671234
0.13012272815608758,4.41643835616438
0.9385020300931323,6.2915068493150725
1.0,8.17808219178082
