alpha,s
1.2314345238655198,0.0
0.8916873431073589,0.10308782051602615
1.0914660352498067,0.2966708310839334
1.0218152612163196,0.5384284074010738
1.3995827829632135,1.0039955752453262
1.0,4.517199683717356
