alpha,s
1.1869923925583235,0.0
1.0550515717502278,0.07441734560786674
0.9706325924141507,0.20899198888675233
1.1020793066060013,0.45263939383630086
1.082902216571522,0.8695976393086923
1.0,3.3880609712336605
