alpha,s
1.3349526956721822,0.0
1.0965816298821498,0.0493852043435925
0.9714128264036489,0.1540561641248045
1.0115895077853496,0.3591395968151987
0.8093360680486683,0.7376344575118955
1.0,4.049419586079045
