alpha,s
0.9017081005318851,0.0
1.035586237485698,0.060876432019374
1.1134287709110668,0.1490754249597411
0.8505424779527619,0.30110136428394874
1.0550736228778115,0.7420036096875238
1.0,4.016411886005212
