alpha,s
0.01052809920121387,0.0
0.030361294607560662,2.23013698630137
0.2763536306020267,4.000547945205483
0.2566152434327125,4.489863013698629
0.7563638215333474,5.697534246575343
1.0,8.17808219178082
