alpha,s
1.047169134460712,0.0
1.1387584043658705,0.12493249506673482
1.0766024124866405,0.2810215485442001
1.1370285568347183,0.5263181560877875
1.2475015151755544,0.9510818715638605
1.0,3.895429383490757
