alpha,s
0.06550283692923108,0.0
0.08645889892109654,2.23013698630137
0.5390344293749009,4.000547945205483
0.37237732466200024,4.489863013698629
0.913220746432721,5.697534246575343
1.0,8.17808219178082
