alpha,s
3.7532071957058117,0.0
1.666873363856825,0.029370845325227
1.816658621724013,0.12849181946852517
1.2787146758777768,0.26574113869554356
1.1125753197920079,0.6519053853662927
1.0,2.3095758583311574
