alpha,s
0.04004831264365971,0.0
0.23987528445177955,2.014794520547948
0.11226118977151905,2.4482191780821925
0.20551271822322545,4.2027397260274
0.5705333522014755,6.14794520547945
1.0,8.16438356164384
