alpha,s
0.8573360367463301,0.0
0.8600888927483603,0.10495414409337002
0.8890769936634157,0.26163826998573353
1.020149725055601,0.49576922036022475
0.9160625236713756,0.8974924661192301
1.0,4.4531845759602655
