alpha,s
1.2845270474428043,0.0
1.3560894438829947,0.08853184897473522
1.0868687371406296,0.21141767123227614
1.2847184178305964,0.45096548966838157
1.15717280913158,0.8389867733864834
1.0,3.890283988717407
