alpha,s
0.4235212531416012,0.0
0.47878272905711,0.11185955008914021
0.6242034282755281,0.28604546753587756
0.7822401390710327,0.5225792996370355
1.179780556179334,0.9843694258957737
1.0,2.802186961650817
