alpha,s
0.4257537830859515,0.0
0.7035662544408251,0.13057533743830607
0.7738809465605471,0.2575041974348618
0.715611570200903,0.464566142799497
0.8777456373624101,0.9471651582867262
1.0,3.992785544729096
