alpha,s
0.10676318867974341,0.0
0.16121173264112534,2.36438356164384
0.7615600124643005,3.644383561643838
0.24183144375239848,4.19178082191781
0.9024325694838766,6.320000000000005
1.0,9.4986301369863
