alpha,s
6.286539624675709,0.0
2.118790395986763,0.02857096995334702
1.567134797160585,0.14344316577829186
1.8383813319369418,0.35968166292109344
1.5002830661336024,0.677786230474475
1.0,3.0735397591789657
