alpha,s
0.8004110703554745,0.0
0.6586655207835883,0.0906324628291549
0.8471006345258423,0.2547949158646525
0.7327560991145537,0.4563038433780112
0.7073601228500294,0.9227599005529699
1.0,5.583390420342542
