alpha,s
2.7929984719802845,0.0
1.7905744294348465,0.0046020414899228
1.2697910887043937,0.0326040159648756
1.0934406290267658,0.13577109665350975
1.0898756251499366,0.4317200660653812
1.0,3.801836710239291
