alpha,s
0.05718912237428089,0.0
0.10701561925228077,1.95342465753425
0.7736770339070594,3.023013698630138
0.09716451689918393,3.28767123287671
0.42554112891632917,6.094246575342466
1.0,9.4986301369863
