alpha,s
1.262649173061022,0.0
0.9473854367462486,0.04116472312647044
0.9596327031406328,0.15239259622099477
0.6796280568212504,0.35824062199273404
1.1175904721109509,0.9463375735200205
1.0,3.683181649191428
