alpha,s
0.3311574023887619,0.0
0.6342006397632436,0.1188761955532972
0.9864683480597596,0.2548895046994662
0.38878897056312156,0.40652993335854665
0.5657454743498339,1.0826885593670308
1.0,3.178005322990812
