alpha,s
1.1432784271319967,0.0
0.8631748872542838,0.1613532119134061
0.9552535218778321,0.432639945049085
1.0292809704931638,0.7745073373884316
0.9491387633202473,1.3136032715025265
1.0,4.455945776454885
