alpha,s
1.172508731009561,0.0
1.1649968423356427,0.1325816922631453
1.292777286657557,0.30011531274932113
1.0449208203190299,0.5313182023159712
0.9636764888689279,1.0099260546312119
1.0,3.463230141760615
