alpha,s
5.312178028256371,0.0
3.82038158009311,0.03833869538538384
2.0507966051875623,0.10432745948209828
1.6536500828327483,0.2819021601666555
1.2526252703760958,0.6625985727414203
1.0,4.143769209682702
