alpha,s
1.1488412542070137,0.0
1.1570582515818937,0.07613451861457964
1.0584496588829735,0.1877472785322572
1.101218832692389,0.38269615248573197
1.1282280732008603,0.7693327277212619
1.0,3.902592394292792
