alpha,s
3.7027401130822564,0.0
2.122739684101902,0.0463208414685272
1.8895391969574382,0.1496382119498792
1.3103971667340417,0.31979011333715157
1.0686264533565386,0.7448916623021299
1.0,3.660346123889966
