alpha,s
0.8307829867440313,0.0
1.1554210227002704,0.0642932134547165
1.116867517487098,0.16656753976860608
1.0326011479490849,0.3514079711368856
0.9997041024858893,0.740992751336175
1.0,3.8578344144253927
