alpha,s
39.49458414495413,0.0
4.654529497017292,0.0030190315325958014
2.3421796443866882,0.038630992873813184
1.4737304923712478,0.1484129094830251
1.6145576836057671,0.48626410643744394
1.0,3.6440417138839543
