alpha,s
0.022638088057046025,0.0
0.1135244768004815,1.96712328767123
0.05774686751533757,2.36438356164384
0.22091445583122923,3.815342465753422
0.3403237268911813,5.119999999999996
1.0,9.4986301369863
