alpha,s
0.982508333010511,0.0
0.9800424456904495,0.13379260247548408
1.1067299724916562,0.3124442890085207
1.223158112507557,0.5591200450153403
1.520048558421793,0.9517723070304043
1.0,4.008538823294328
