alpha,s
0.3292902562926774,0.0
0.5428493380795693,0.1096988978064925
0.6382932443565933,0.2561366657121393
0.9685878230930266,0.519648894905579
1.2153570700451333,0.945422189281296
1.0,4.244835529678992
