alpha,s
0.6032026094318466,0.0
0.5873043169116944,0.1022507353920619
0.9528190981400951,0.2732490076483382
0.8910600123978726,0.45410255449572023
0.8338490443958757,0.8603097267715416
1.0,4.30299106072841
