alpha,s
0.42120513950801103,0.0
0.57527157543517,0.11679164714972574
0.7775595064497793,0.2811921488972748
1.0633688605098726,0.49443586988790417
0.9740331170499964,0.8357030976756612
1.0,3.0562756806663867
