alpha,s
0.043114934634164416,0.0
0.05866552885097565,1.23561643835616
0.06506213989673909,2.23013698630137
0.24536645501110632,4.17260273972603
0.4891477913390369,5.58904109589041
1.0,8.22739726027397
