alpha,s
0.8431126091932154,0.0
1.199449460042372,0.15760185559243386
1.0898286049749277,0.3090490437464793
0.8943159685584722,0.5633589328785369
1.2022719679792817,1.1428632379443147
1.0,4.459978285661181
