alpha,s
0.056389040395191437,0.0
0.24534638890493488,1.95342465753425
0.14143579983780574,2.383561643835618
0.1484064193835269,3.727123287671236
0.36385377672921115,6.33424657534247
1.0,9.4986301369863
