alpha,s
1.0740718816852382,0.0
0.8510661155386632,0.0476288069841501
1.0261892324551616,0.1677841143649523
0.7618589899459562,0.3600082828011473
1.4096269380280284,0.9009654269268892
1.0,3.1988155317069977
