alpha,s
0.012984429908395897,0.0
0.03609291273424608,1.587397260273974
0.0638371499001037,2.9304109589041105
0.13433478462084933,4.705205479452055
0.3205243054934419,6.587397260273972
1.0,9.4986301369863
