alpha,s
1.250422918054613,0.0
1.2061539941704644,0.0432188159423531
1.073643562997392,0.1209112013255668
0.9951062481796338,0.2813119174776023
1.1590561977274627,0.675164696704564
1.0,4.421534619599173
