alpha,s
4.065132667209403,0.0
1.6692166762476275,0.04155650036127034
1.5573660890648513,0.16739890733432186
1.241211798400302,0.3637477777711053
1.2067284783501333,0.7866459647554451
1.0,3.5859469951970206
