alpha,s
0.34734436435461225,0.0
0.5952886342242113,0.11153944737699154
0.7954144244245206,0.25423090360357764
1.0740331895829072,0.4687555520716666
0.9273451657509302,0.8155961626385556
1.0,4.520379241606434
