alpha,s
1.0285896773256629,0.0
1.1535058844860062,0.05958902071433571
0.9606055212821146,0.16104621375275632
0.6873830929298013,0.36950399176641646
1.1437666287062487,1.00056981587796
1.0,4.502574740572897
