alpha,s
0.007129558309822867,0.0
0.014248827151802076,1.154520547945208
0.023286688572219254,2.585753424657536
0.034292748424776566,4.034520547945206
0.09137473047418948,6.320000000000004
1.0,9.4986301369863
