alpha,s
1.0787029683994391,0.0
1.0903986437576474,0.11719871625556608
0.9690205302271669,0.27559149704370645
1.007853020052207,0.5425579722033659
1.020857770754577,1.0154730761684696
1.0,5.222089372521112
