alpha,s
0.9577247298951201,0.0
0.8028854633746857,0.04484706761651576
0.7338355777355151,0.152149809781808
0.5358928745034277,0.3473735080353431
0.37082571766670086,0.815859080855315
1.0,4.729421699518467
