alpha,s
0.29353935035349565,0.0
0.35026466083743524,0.0906324628291549
0.5497506013310005,0.2547949158646525
0.5493390680463489,0.4563038433780112
0.564012247240388,0.9227599005529699
1.0,5.583390420342542
