alpha,s
0.10595394875493896,0.0
0.6688639000645318,1.9709589041095859
0.16991182753130576,2.42191780821918
0.431108474284235,4.486575342465755
0.8580303564342192,6.14794520547945
1.0,9.4986301369863
