alpha,s
0.9253195318167261,0.0
0.9784301472411198,0.1110864619039242
1.0484834598684134,0.257076001164832
0.7190140195899245,0.46740766027695047
1.312769111499314,1.1107132137602511
1.0,3.3443094573028933
