alpha,s
0.940903005560799,0.0
1.0736013791556671,0.12385030654917764
1.1749185365995285,0.278561688969134
0.923341043828512,0.49347474606878566
1.1740920693872912,1.0080631134198406
1.0,3.309381013435481
