alpha,s
0.0306971260044279,0.0
0.04653402784556531,2.23013698630137
0.33552096654174923,4.000547945205483
0.2751286180772923,4.489863013698629
0.7967431004438514,5.697534246575343
1.0,8.17808219178082
