alpha,s
0.9451949751269157,0.0
1.0187041120009925,0.20009401202617433
0.9794536084012261,0.43440431595357465
1.0805191173482311,0.770722600064254
1.089256893188066,1.2936658928227038
1.0,5.076614601594963
