alpha,s
8.76612479408837,0.0
2.359790142086267,0.005135656409854721
1.3715349542691715,0.045213793031136255
1.149727429535383,0.17600246643203693
1.0842454756503561,0.5233872275441206
1.0,2.970749921685901
