alpha,s
1.0459498196869914,0.0
1.0084877657533577,0.12432566623404799
1.0538469127693448,0.29815869075681223
1.013050226814387,0.5468381815437138
1.104935581272523,1.0365436272977648
1.0,4.151849512602425
