alpha,s
1.0399915612284525,0.0
1.129182721808116,0.08677840458079697
1.1165305423287661,0.21328860157323395
1.0289632410993432,0.427406403401821
1.0457415878081124,0.8633575221514825
1.0,3.891367350912875
