alpha,s
0.026213292379798345,0.0
0.07158503985248882,1.82739726027397
0.10276423158627651,2.6860273972602773
0.12466717738112815,3.82739726027397
0.6242885580614844,6.33972602739726
1.0,9.4986301369863
