alpha,s
0.557790043209178,0.0
0.6492625031872764,0.1092099412501887
0.5712277126458133,0.2804691316777884
0.9408302420485966,0.6030074859531769
0.8407972362807418,1.0143743709120452
1.0,3.0372778326742877
