alpha,s
1.2449020765931897,0.0
1.0267806255995942,0.15861788012608177
0.9329526836979088,0.39650477754249736
1.7261414558092802,0.7644830471535423
1.150100520892448,1.1011698773713863
1.0,4.749255884675902
