alpha,s
0.05999033327512462,0.0
0.12877834905863622,2.01369863013699
0.1378262362722363,3.20547945205479
0.3045073094121734,5.15890410958904
0.5778798653259,6.35890410958904
1.0,8.22739726027397
