alpha,s
1.0762039739982767,0.0
1.1089497221837061,0.1159007535192377
1.2181600794492686,0.2687775937423608
1.1158391512855452,0.4734068702079027
0.9855820708442097,0.8842793002568912
1.0,5.145283434041571
