alpha,s
1.0382519260378325,0.0
0.9407733860009626,0.12424535093673417
1.1137068634863512,0.3163344802717159
1.274745933269909,0.5624083265069354
1.4530996396335247,0.9690397903934003
1.0,3.438384707107348
