alpha,s
1.039602568026927,0.0
0.9349714778739399,0.10208896000989479
1.0048605797402035,0.27685267399591795
1.2253203930294103,0.524923166078409
1.0420086285106933,0.9126844685804515
1.0,5.132736373370624
