alpha,s
0.07216674681755499,0.0
0.40930361793067505,1.82739726027397
0.1677115998245899,2.28219178082192
0.27150352463837574,3.7232876712328813
0.3463991500675428,5.58904109589041
1.0,9.4986301369863
