alpha,s
0.01634339724827795,0.0
0.04474418489210504,2.0717808219178084
0.09078875444005072,3.1463013698630102
0.15595309839184904,4.2027397260274
0.5369240948762658,5.927123287671231
1.0,9.4986301369863
