alpha,s
0.5247941940814045,0.0
0.654934836061472,0.05758353713362277
1.177774695141528,0.1931157061281462
0.9744952304955189,0.3599782993531735
1.0618199575570544,0.7365733100654981
1.0,3.84463603361729
