alpha,s
0.015225274045406717,0.0
0.05743474904710696,2.7753424657534267
0.06150487330988864,4.17260273972603
0.27495426039811527,6.14794520547945
0.2567161428285024,7.04383561643836
1.0,9.4986301369863
