alpha,s
0.10442145634157775,0.0
0.15663693349362032,1.98630136986301
0.40768913027010417,3.74246575342466
0.3347263672821878,4.600000000000001
1.0688748730113093,6.73972602739726
1.0,9.4986301369863
