alpha,s
0.6587557190395353,0.0
0.8503162483274354,0.053022802968912985
1.022881225657346,0.14620407105835354
0.623500048604875,0.28321267657370097
0.4902649414796913,0.7847061807515094
1.0,3.844409722908056
