alpha,s
1.5236703760921575,0.0
0.6572071897963797,0.0339277893028456
1.0101225118318131,0.19145471285998847
1.3534201794817726,0.4167751491176065
1.4656774690254775,0.7302422585709302
1.0,1.935698820113104
