alpha,s
1.0362284793800032,0.0
1.3053691716290134,0.14498362020708577
1.3600331508096244,0.29661999091089764
0.7216590271202861,0.5110349566564877
1.225376740028505,1.200055381375434
1.0,4.319552788535615
