alpha,s
0.764812553572442,0.0
1.0878371929828008,0.1191557591192567
0.9102935826237387,0.2423620997996729
0.9598141238716054,0.47861386986014354
1.2848550393580687,0.93018466651151
1.0,3.63829551402941
