alpha,s
1.0579789297111288,0.0
1.2678458704269207,0.08414517261130987
1.0688309008129595,0.19288695668853414
1.4052496550997489,0.39501175744714456
1.199943520464518,0.7009132862084368
1.0,2.979376933488377
