alpha,s
1.5776451451913387,0.0
1.1444997142365154,0.04313578137436432
0.894941001695372,0.14898597393717192
1.0453910034271146,0.39197548809905586
1.1163788852715222,0.8164934898475307
1.0,4.006302452148758
