alpha,s
4.930263149339989,0.0
1.78099984893502,0.0317335613849857
1.2600444418729644,0.1464695275807244
1.334006368400266,0.3804748752265987
1.4542575012046255,0.8005050360875456
1.0,3.118133809121077
