alpha,s
1.2540782758778786,0.0
1.1022867514417762,0.0699618767801874
0.9128808574351035,0.1903167728084321
1.1770651082978396,0.42205858813241
0.9514276266461916,0.7543145694645941
1.0,3.1842604421639003
