alpha,s
0.9416313981407841,0.0
0.9283669039603202,0.10997428953185073
0.7823425229205168,0.26506555295005596
0.9066649869526363,0.5488337042501151
1.047815489147627,1.0352407308786895
1.0,3.983505764681933
