alpha,s
2.664581682169361,0.0
1.3219288928293238,0.0277229143108308
1.5391709080490328,0.127149703526711
1.058746515335264,0.26831262160835473
0.7544727511518067,0.6617200367902412
1.0,3.242898068881197
