alpha,s
0.9308515767217279,0.0
0.9472436901404105,0.051238168312547315
0.906864172832529,0.171465286206486
1.1587822175869535,0.3949879899925493
0.8382926300022052,0.7415850407995228
1.0,4.017651495199365
