alpha,s
4.775622630918684,0.0
2.1203253056706033,0.03617075989533765
2.121525153633828,0.13941192424804974
1.5451598658033991,0.29169551973560687
1.612231826705856,0.6561812579368016
1.0,2.3115130505410466
