alpha,s
1.0557201004698042,0.0
1.0710090548840625,0.1787618381464274
0.9738637393644797,0.40449743727878357
1.0833577792986002,0.7534208389979332
1.154604715117692,1.2882545043215154
1.0,4.928764679034728
