alpha,s
0.03975217166037754,0.0
0.11291149620681826,2.012602739726026
0.28116673851717294,3.06849315068493
0.12530056273284856,3.730958904109592
0.5191077531043937,6.435068493150685
1.0,9.4986301369863
