alpha,s
3.2826093593343706,0.0
1.8520515915525175,0.05315830509585467
1.3042244329132693,0.17218666050968606
1.101106070029804,0.41192826548471645
1.3436124768180155,0.9070001712736118
1.0,3.359882287983908
