alpha,s
1.1351216122324759,0.0
0.9615554259104335,0.07377131080992656
0.9758010447116574,0.21343808776219897
1.028324597316892,0.4469670218927656
0.9581923614681569,0.8661837334964633
1.0,4.614420695809878
