alpha,s
30.407072790120008,0.0
3.74574033381107,0.004780809597763662
2.1662662514264386,0.056015581651086076
1.8677586028301878,0.18982935045235164
1.2677655498735536,0.4750479263882583
1.0,3.318690560974832
