alpha,s
0.8168522016461137,0.0
0.8657043912874844,0.09656574581274832
0.953476208491779,0.23139717302216142
1.0900268549297438,0.4431016803054118
1.0939720204301966,0.8269997768718025
1.0,3.5463475742664903
