alpha,s
0.013514707627613115,0.0
0.066998161323865,1.978630136986298
0.09432079311467464,3.01095890410959
0.11369385860528307,3.82739726027397
0.433769987653089,6.344109589041098
1.0,9.4986301369863
