alpha,s
0.6507564064427506,0.0
0.9153949367902521,0.1183842262817611
0.758684169134524,0.24564465596236287
1.0423782690278618,0.4939950601403598
1.03738910382956,0.904852883675656
1.0,5.573011396035069
