alpha,s
0.8633021835137624,0.0
1.1186318791752525,0.08889236467444439
1.0749303344073755,0.19521403490260048
0.9631041531925866,0.38424531264435857
1.2584525044200976,0.8141524706965194
1.0,2.854606980437139
