alpha,s
1.0981884141647744,0.0
0.9581251504182411,0.11214886924905101
0.8694505799388638,0.28960158526663893
0.9337312587455864,0.576358158706333
1.0616281442107216,1.0475069097858458
1.0,4.065463240262313
