alpha,s
0.9172511712551648,0.0
0.9459611682268898,0.12294177580740784
0.7340690681761299,0.2880409351239524
0.9457598909898437,0.6031783810111475
0.9877163235748152,1.0450137233398025
1.0,4.429218192359362
