alpha,s
0.9965308257661472,0.0
0.9752242798737815,0.11289629044194502
0.821676287690612,0.27051571869487134
0.9519636894343417,0.5415067170498665
1.0032571815158964,0.9940579462983028
1.0,4.459507929100689
