alpha,s
1.1059158983917705,0.0
1.5524476872168778,0.1051551536693371
0.9810951191073086,0.2090566399945871
1.310573797607626,0.45744476530126404
1.1515136079381882,0.8345053176068586
1.0,3.827635545777111
