alpha,s
30.492211197678593,0.0
3.737416094892788,0.0046472743599439
2.3675962795758934,0.0561150928599776
1.7167787767366,0.1759547366664026
1.325926224770115,0.4771476288449929
1.0,2.5640548567302326
