alpha,s
0.8165447299350781,0.0
0.9712095920763463,0.11631035155982414
0.7256598286418374,0.2729301634457387
1.3859653904780915,0.6021610294948501
0.8334237335283157,0.9441145830230346
1.0,3.521166719600161
