alpha,s
0.90685346872239,0.0
0.978333680840187,0.07087836997427838
0.5063880875664987,0.17793362098585142
0.543273667606306,0.5290212230905237
0.7365452417954407,1.2251580098596215
1.0,3.809305958493137
