alpha,s
1.0628237720161349,0.0
1.007273012543579,0.08094100558443683
0.9532270390973,0.21824112559380104
0.9123657718207537,0.44744973510774044
0.8106419141164587,0.8948204158265997
1.0,4.93440664880871
