alpha,s
0.7825025275415547,0.0
0.9908199117854941,0.13926165200408608
0.7946754708792412,0.2946624780001305
0.9559395707699033,0.5782108434881826
1.1907546635285513,1.0556375158241762
1.0,3.056570262984673
