alpha,s
1.9607875994637425,0.0
1.635867672145942,0.10345848573256353
1.7541263529662277,0.2611432650563093
1.4754930070791306,0.4703576580285035
1.3713886632052215,0.9008596064657117
1.0,3.2929981705875027
