alpha,s
1.0327968968895422,0.0
0.5778409364057632,0.0354970082959428
0.585234890698341,0.1533966932199418
0.4267556568772351,0.3488552224960578
0.2828726369619251,0.8298809149976156
1.0,4.259665026261818
