alpha,s
0.9968378570046154,0.0
0.8984316757820726,0.1035811262051509
0.922410296150929,0.2745317836015999
1.0807221160404237,0.5424677419220268
0.8737007989295837,0.9717349471919268
1.0,4.118701229900935
