alpha,s
1.0231518422803982,0.0
1.0661703961619569,0.12957823035003863
0.9642011407321358,0.29839453112124803
0.9667114454953125,0.5746414057094754
1.2097675700567416,1.0706279593473753
1.0,4.835520728944642
