alpha,s
3.0111832279275728,0.0
1.867737954381836,0.0405037321457607
1.5014362308637932,0.1321796432633614
1.1712879731736185,0.30698746270879523
0.9524187914871541,0.703039214909718
1.0,3.48260418514528
