alpha,s
0.6463717278028549,0.0
1.479334100845794,0.09228900302740764
0.8840253851586937,0.16830748625673692
0.6469299590027567,0.4105687815166041
0.7326378033092537,0.9706746924553803
1.0,3.628626725156934
