alpha,s
0.576824082607074,0.0
0.6410678941520219,0.094704250306304
0.6568087981673474,0.2403612445851073
0.5993130544205673,0.47056699372319305
0.4180151846200536,0.9326625591699136
1.0,5.40104524959248
