alpha,s
1.0821649749363154,0.0
1.2096241304528077,0.10946530583505272
0.8838322834709905,0.2503173682611891
1.2136694371160988,0.5513508957339398
1.2628382242697724,0.9546073545261955
1.0,4.1759289315788015
