alpha,s
1.1128050270516687,0.0
1.0846283654000024,0.1208796024147848
1.1538608335077527,0.2873232446930638
1.0648364264056163,0.5233776881684803
1.0710605780805917,0.9857720527324306
1.0,4.538065203732706
