alpha,s
0.011451841805445525,0.0
0.06075446371682147,2.018082191780824
0.06908669897730481,3.0673972602739723
0.18858508771649873,5.145753424657532
1.0426756484282802,7.04383561643836
1.0,9.4986301369863
