alpha,s
1.2523763210705752,0.0
1.3059928135947374,0.1044796985530304
1.1784957320015659,0.2435187726282127
1.0500848851603406,0.4726916994813692
1.0753314161486367,0.9345328443773592
1.0,3.39922732384851
