alpha,s
1.3316019623589928,0.0
1.4454318929599195,0.0972216941059212
1.0755333575852706,0.2166056699030533
1.5542787644596825,0.4671308500986932
1.2230268745249868,0.7939591424345772
1.0,3.73205832091963
