alpha,s
1.7204021893797774,0.0
1.265389530573713,0.04351801673038462
0.973609995617189,0.15004062826290732
1.0868196031823831,0.38422455245627524
1.021560427694114,0.7934422746947967
1.0,5.827279156773696
