alpha,s
0.44526910716423734,0.0
0.6892584592692736,0.08138271390921016
0.4727656638095627,0.20523703038008667
0.44588608134489277,0.5268792385596954
0.5595736152255365,1.2004195335789243
1.0,4.296941612788887
