alpha,s
0.4343568823722748,0.0
0.6592724439968793,0.1299344920218813
0.6964086942021842,0.2681179240874358
0.9284026146783504,0.5024234963780718
1.0720153935514969,0.8860256592410599
1.0,4.26312684293529
