alpha,s
0.5605233618559785,0.0
0.5999411741010285,0.09664729297592001
0.8155814044529148,0.24033053339083596
0.6786905392389131,0.4264579736636532
0.7599489637564488,0.943463048560005
1.0,4.000835111493982
