alpha,s
1.2061879507807134,0.0
0.9767945909035795,0.11648933457000626
1.089430595612004,0.30072679611341246
0.9093612071078065,0.5413047428972131
0.9310194234327693,1.076147472777227
1.0,3.2007009065304315
