alpha,s
0.7909018513525257,0.0
1.04034325348213,0.1292851342234366
0.9013895977426735,0.2737647241073281
0.9542519988109839,0.5311824246651273
0.8887091773300533,1.0002575506239268
1.0,4.73451360406104
