alpha,s
0.6328602432741428,0.0
0.8976601443696679,0.1171468387060932
0.891247746253862,0.26300299604110705
0.7227698877885589,0.5166384395413464
1.508606775996072,1.2067632310691923
1.0,3.0725831492183344
