alpha,s
1.0519757725631986,0.0
0.8867815329058729,0.07106127415425087
0.9319726931445022,0.2291226738019631
2.0599715616379974,0.4799912085599139
0.9537163709331868,0.6810037354251374
1.0,2.526822125964419
