alpha,s
5.81996144837548,0.0
2.268882878814373,0.00917663095262748
1.387125516357992,0.05281108168824809
0.9844795510359645,0.185152671469717
1.204652171874792,0.6118190031021968
1.0,2.638628488274411
