alpha,s
9.612630216171388,0.0
1.7107005897665826,0.0041677950021435815
1.2399326493742644,0.05155255338017814
1.0190741453999757,0.1805688148407749
0.9856510736441959,0.556833478310797
1.0,3.900274861755968
