alpha,s
5.791892660778914,0.0
2.1946238393455966,0.00836734138049702
1.459786169904012,0.05138823393240775
0.9666098525412786,0.16870954743929217
0.994972123671415,0.5513814603208447
1.0,4.270544588425384
