alpha,s
41.24836051329685,0.0
6.572124940981385,0.005488296658645001
3.573775728333005,0.047393368953765
1.8316386001937999,0.15117778190590628
1.5366735879929672,0.5073753235407699
1.0,2.882773966889824
