alpha,s
2.509326947976084,0.0
1.4051896074293933,0.049840849915252
1.0169582870231784,0.1678616757158803
1.3496780173118912,0.4282956269710981
1.5134904177860595,0.803902976642814
1.0,3.308493763062955
