alpha,s
0.05518974226877644,0.0
0.34814878705881297,1.95342465753425
0.126993112342926,2.307397260273976
0.3984036856707915,3.786301369863012
0.3547736382949484,4.823561643835617
1.0,8.16438356164384
