alpha,s
1.2304933874668575,0.0
1.1021436963268323,0.15490836659254514
1.2081161238605942,0.3763441948751347
1.0510136528357585,0.6633255449632479
1.2342999370928835,1.2289108709795027
1.0,4.035643635079181
