alpha,s
2.984342120856274,0.0
1.1783445316424481,0.0403367214307466
1.5458135818159053,0.1856867232145784
1.1192822550893196,0.35784706168656216
0.8192768448940388,0.7854953161827702
1.0,4.342733187546769
