alpha,s
12.143849400417515,0.0
2.131842297773518,0.0043471817517566815
1.4425300739086138,0.04976687368531961
1.4877577180352024,0.16961974074157565
1.172536468525229,0.4300971680282253
1.0,3.6094754351623033
