alpha,s
0.007272617393689208,0.0
0.04894774888446486,1.82739726027397
0.03207030828027735,2.315068493150688
0.09135962506648168,4.022465753424658
0.33963926743565315,6.296986301369866
1.0,9.4986301369863
