alpha,s
1.0463120170394309,0.0
0.9542065445140046,0.12515538247706
1.015611975193591,0.30766473470301275
1.0265951286440762,0.5607042719381785
0.9917679918143902,1.006533245160007
1.0,4.856505818366219
