alpha,s
1.386652836931322,0.0
1.8701020688094323,0.03184618967890858
1.0508553319630587,0.0831670472786418
0.7391755171472487,0.26346288601719436
1.2283160394926065,0.731726099669682
1.0,2.2605015861248843
