alpha,s
0.9327994851349832,0.0
0.9389686356455171,0.11076296895092343
0.8312873133943112,0.2697441332501306
1.2184922535550675,0.5474594340676823
1.1351150628178353,0.9234589100260778
1.0,3.8214000642148753
