alpha,s
1.1681753483964696,0.0
1.076950140793308,0.0946173775611927
1.1390992057460887,0.2379054232149743
1.0624095487358691,0.45159148771515323
1.1730251577176518,0.8810372719061141
1.0,4.954296749221991
