alpha,s
1.550859642841671,0.0
1.222276058842033,0.04484706761651576
1.1165437045779323,0.152149809781808
0.8640293707324577,0.3473735080353431
0.9024888943556851,0.815859080855315
1.0,4.729421699518467
