alpha,s
0.04372511306025309,0.0
0.43083816919856843,2.23013698630137
0.10003752113734257,2.48767123287671
0.2576648568787307,4.35068493150685
0.5304319235408828,5.85479452054795
1.0,8.22739726027397
