alpha,s
3.5104742622493217,0.0
1.555768249336999,0.05014110009272
1.540956471622569,0.18804261314072057
1.0382248392421505,0.39539231497749067
0.9321983771139374,0.9178432209362162
1.0,3.5152874049639125
