alpha,s
4.177069837957248,0.0
1.6254380015852323,0.0425448856751411
1.1820667582283861,0.18184673984526065
0.8926034941883676,0.4481352763994459
1.1980005156356233,1.0448706707718367
1.0,4.405685667261735
