alpha,s
0.44689239627721056,0.0
0.5935018006800361,0.0737416029383354
1.000392460160051,0.21300433101358646
1.5771925849361919,0.39593160946476247
1.0358683449522341,0.605875533238486
1.0,2.9808898318752832
