alpha,s
0.20825064601032192,0.0
0.6567371857438435,0.1551238866322092
0.7353148814106698,0.30561517984965003
1.0177025967064515,0.559783383941191
1.5151981027380204,0.938981260221183
1.0,3.2639109871883187
