alpha,s
0.05301801397535136,0.0
0.08074504268247823,2.29315068493151
0.1673098712171208,3.730958904109592
0.22671735172536298,4.914520547945207
0.3025532506704404,6.35890410958904
1.0,9.4986301369863
