alpha,s
1.0923806127677531,0.0
0.6151404692435825,0.0420496219998887
1.4767567508921287,0.19487322663047085
1.0944708311329803,0.32594256396523036
1.3026559947066634,0.6882674895434645
1.0,2.428854480181653
