alpha,s
0.847891079091505,0.0
0.5826785430478479,0.0786468703030893
0.7009433673893085,0.2894204571739457
0.9430983976785844,0.6007036978195667
1.4542121666282506,1.055584303336253
1.0,3.874181591529834
