alpha,s
1.0159521743037963,0.0
1.1362495643828188,0.13126533344488717
1.091537877720558,0.2897522942760713
0.9062940832143621,0.5390308605858498
1.14862336496628,1.085863127412385
1.0,3.392442571534
