alpha,s
0.8621429467978121,0.0
1.1620592851880316,0.082235712413997
0.8610278559415371,0.1873814168762077
0.8175190090618539,0.41478700473959723
0.8331830573849283,0.897705027985668
1.0,3.317058322815908
