alpha,s
0.014932307477879509,0.0
0.09909784379712935,1.8295890410958944
0.035338615146984935,2.29315068493151
0.1067965764888812,4.155068493150689
0.2688297419444269,6.26301369863014
1.0,9.4986301369863
