alpha,s
1.0544229145921677,0.0
1.0827575290643525,0.11171207419211193
1.059477234069878,0.2621901913438173
1.009805130082776,0.4973791135146867
1.0415560962149002,0.952060450355955
1.0,5.25969326325781
