alpha,s
0.07624036487210016,0.0
0.16820272888168764,2.01917808219178
0.2597705880200336,3.01095890410959
0.21494267635615028,3.9473972602739726
2.371597059463011,6.185205479452055
1.0,7.16986301369863
