alpha,s
0.9704693628884892,0.0
0.9801859521212809,0.12929608359249312
1.0460867794463156,0.3012875986401524
1.098836148710773,0.5410414900574763
0.9086241333535681,0.9547170928317366
1.0,5.003256501010763
