alpha,s
3.3840036276878154,0.0
2.251122374881531,0.0024098602648416003
1.2035329418187404,0.02106886883903286
1.21498488359776,0.12155093255197871
0.9591841378100041,0.403047317135273
1.0,4.372375989412266
