alpha,s
6.525142603653738,0.0
1.9765777075219388,0.007984399214140963
1.311046114860329,0.05885656637931038
1.096243420003609,0.19321380271369262
1.2052398468954113,0.5580887194382861
1.0,3.1426852108961336
