alpha,s
0.012622664974166435,0.0
0.12581936354624734,2.23013698630137
0.13565063975850747,3.04109589041096
0.6061111963860563,3.810410958904108
0.36041445865726224,4.39452054794521
1.0,7.16986301369863
