alpha,s
1.324116797779192,0.0
1.6294885093919063,0.11845321148162742
1.6832800721129595,0.24296469169674964
1.0863781657752987,0.416675652464146
1.3428277500911565,0.9209800205293323
1.0,3.470557105971805
