alpha,s
0.9155906076337149,0.0
0.9907327578098892,0.07987038703006852
0.9504705984097959,0.1934376221105114
1.090789848528576,0.3861768676256713
1.0426055169414168,0.7500018551510397
1.0,4.499236535168263
