alpha,s
2.4916890617951855,0.0
1.2629747360709538,0.0053100929410084
1.009104627324698,0.0441609406058596
0.972237441802939,0.15853087774407032
0.881352535687726,0.4595194893423177
1.0,3.695936692916213
