alpha,s
67.20243629294356,0.0
6.626493426310425,0.0033786474626771
3.2110667773760873,0.0449648030405765
2.1583233819732026,0.1638151929407588
1.5288936986243107,0.4702068226232969
1.0,4.069696629752516
