alpha,s
8.002913293504687,0.0
2.812381776281891,0.0054080004377888005
1.9115348599486182,0.04116422269985088
1.264015491290979,0.13888109952766164
1.2734950723707652,0.4872379621642185
1.0,5.342098667138594
