alpha,s
6.521667605342926,0.0
1.6693694611581442,0.006792528740637161
1.3371754406005636,0.06261959853061227
1.2351520806279643,0.21000142329669674
1.1954589367327213,0.5561112361121497
1.0,3.613740999855484
