alpha,s
0.3503280933899029,0.0
0.5678671527181022,0.1047340050177333
0.7532033032872891,0.2426152774519884
0.8658382801747091,0.4531909105321115
0.9690630869964769,0.8853167029318313
1.0,4.604984397275785
