alpha,s
2.135360683461662,0.0
1.6383481536308815,0.0934304755196742
1.2178378475348988,0.247168986957949
1.2352702688171227,0.5357047778282572
1.3557598497048244,1.0240167506383528
1.0,3.956723617854938
