alpha,s
1.1676588185535146,0.0
1.0621433599521315,0.1176819949520428
1.1206838934862466,0.2891844171890321
0.938890928254329,0.529050775434498
1.0100703662657864,1.047023426533751
1.0,5.302839408250576
