alpha,s
0.00050706796950938,0.0
0.014717107075630226,1.95342465753425
0.0202984948144124,2.383561643835618
0.036404538227154476,3.727123287671236
0.11120552573104502,6.33424657534247
1.0,9.4986301369863
