alpha,s
70.05029647797949,0.0
7.483626363008898,0.0031987504854487027
3.700732468201394,0.04052805471758668
2.3566857821651928,0.14315662477659996
1.1045724988519972,0.40927405617938645
1.0,4.726369597317989
