alpha,s
1.3019406714263737,0.0
1.1930365317531397,0.0691185614344292
1.1786111111343027,0.1790571879215026
1.0505323307875278,0.36295218603595353
1.095886178768021,0.7823292265345432
1.0,5.422040896125872
