alpha,s
63.177524371189286,0.0
7.778941504320952,0.0034518809160966
3.233963809535447,0.038674443079637
1.942671411083671,0.15320480047865598
1.2600620395664628,0.4779028361593567
1.0,5.122983962125218
