alpha,s
4.879907789018864,0.0
2.18121018970299,0.04070017526774482
1.3594547799550294,0.154320019207761
1.690297635296158,0.41496948803034883
1.0287183343492756,0.78601098178634
1.0,4.380928959356072
