alpha,s
1.1840146944258343,0.0
1.0059344677619526,0.055000302530562
0.8392045709009653,0.17929680720554927
0.8820869038472279,0.4579853492261379
1.4617087467165983,0.9678789720526633
1.0,3.5496932208328644
