alpha,s
0.3181248922769326,0.0
0.4368224016215361,0.0906324628291549
0.7298092237529682,0.2547949158646525
0.7531180021880651,0.4563038433780112
0.848339157988005,0.9227599005529699
1.0,5.583390420342542
