alpha,s
1.043571822982319,0.0
1.040287082022258,0.1160065471337616
1.091915281963384,0.2755283781054365
1.0955509885196861,0.5073743308205186
1.1270454533609298,0.928491724918124
1.0,4.038873273303609
