alpha,s
0.987772629418256,0.0
1.0286595335794657,0.13257010166606037
0.998747947447125,0.30480404383750537
1.0070118967154222,0.5672476949295631
1.0794179642802233,1.0508641360775075
1.0,4.556495685263542
