alpha,s
0.00033051372805329647,0.0
0.004588766136346689,1.9917808219178061
0.029374368555707166,3.491506849315067
0.04894758453036668,4.39452054794521
0.2518265252142867,6.107397260273971
1.0,8.22739726027397
