alpha,s
3.261187628627313,0.0
1.2706136297661477,0.004735541948180801
1.1271443789062294,0.0486931847406529
1.3986777847466674,0.16638530615846975
1.0084098496091511,0.40035784073525355
1.0,3.5089279981268127
