alpha,s
1.5558538935339743,0.0
1.3361291441147807,0.05283032862572395
1.210229043939282,0.15877543563185492
1.3101945178708563,0.35078461887834844
1.0767688504951587,0.6826177780589384
1.0,3.758939145246485
