alpha,s
0.3747399891145477,0.0
0.5864458031202783,0.1047340050177333
0.751878535687735,0.2426152774519884
0.8391837080844974,0.4531909105321115
0.9280035934359904,0.8853167029318313
1.0,4.604984397275785
