alpha,s
0.34878882774489695,0.0
0.5519768326993463,0.09789187308565611
0.6775991516997408,0.23826803107577713
0.9295366886529156,0.47706401454883696
1.1018954528704525,0.891412372744425
1.0,3.2540424603846847
