alpha,s
39.98776214037289,0.0
5.155041821168037,0.003595127916360141
2.313173461945663,0.04024167579263951
1.4348201973363521,0.159612284940089
0.9632609149060153,0.5105130098413777
1.0,4.972762416510323
