alpha,s
1.4352432859686606,0.0
0.909038423624424,0.03873411246697446
1.0249558349760721,0.14923956464547272
1.3614027380962508,0.3274900300358131
0.7922810078613968,0.5883992700263595
1.0,4.54294135513432
