alpha,s
1.1142118382658732,0.0
0.9793175553824125,0.07146686330993725
1.0311699943053387,0.19751481720172503
1.0589620619124207,0.4012637110672032
1.4435987018936074,0.8327989949072033
1.0,2.785067336674449
