alpha,s
2.5867871348894926,0.0
2.0251500571657863,0.0458459636681344
1.4933966424878227,0.1266742617922271
0.88131255026628,0.3006611312310466
0.8656553143336092,0.8024105614199418
1.0,4.033797197950581
