alpha,s
0.31800352650238073,0.0
0.8495387530006531,0.12987175278021984
1.0899511980219623,0.24388883930081137
1.1326983540349231,0.4060092118728271
0.9612709569835804,0.7339013526269196
1.0,3.2941403001829697
