alpha,s
23.3007114744696,0.0
3.3901958504110916,0.0050787709652021
1.9746265376044718,0.0534105676467337
1.4438604293004687,0.18570281784397424
1.0406292969514948,0.5267108676301676
1.0,3.315294070892421
