alpha,s
1.3464401943408597,0.0
1.0056833501274236,0.0906324628291549
1.1795244665897566,0.2547949158646525
0.9307375009910839,0.4563038433780112
0.8475580000606875,0.9227599005529699
1.0,5.583390420342542
