alpha,s
0.7756625289044946,0.0
1.0450233376064173,0.10949221770878607
0.8848989011410712,0.24989346864672574
1.3325458290868186,0.5051466701791255
0.8703828637769604,0.8164302309003089
1.0,4.091048462969924
