alpha,s
1.1249838248720947,0.0
1.1067040306717706,0.11164904189365582
1.17440175341087,0.2710680715842037
1.3418386455767555,0.4940156206930018
1.5064151321485806,0.8686763212795078
1.0,3.170724175779048
