alpha,s
1.0450619083372539,0.0
1.113291484282706,0.1198867919054986
1.1395735614153546,0.2703611527129792
1.1410737365945909,0.5026856879513915
1.1089221521363355,0.9296096956052394
1.0,3.675679534208568
