alpha,s
23.515253543566192,0.0
3.9791763939785896,0.005153401663127203
2.365347088078221,0.04763225439198778
1.6700934965211918,0.1562450595870367
1.3085752879011923,0.4674097795036928
1.0,3.6209199137186654
