alpha,s
1.1747558955150394,0.0
1.107724570081595,0.06940640056721416
1.0863371696548503,0.17961223373543317
0.9142298442280982,0.3621661978697881
0.8819804846644779,0.8102416172343142
1.0,4.918814758321399
