alpha,s
2.0958614389067005,0.0
1.0733681315386236,0.0054538656684731
0.8613014842536545,0.0517606011773939
1.0101212383141038,0.1857898031317105
1.1140013561107192,0.4785079375992515
1.0,4.158261480124835
