alpha,s
1.056634553465027,0.0
0.8087561082380821,0.07615298194068805
1.417763479695078,0.2223024772392298
1.1345443883983632,0.36970813454074797
1.1120672299254133,0.7440888109435035
1.0,3.560819146665437
