alpha,s
0.004646291760463424,0.0
0.07294916980224617,2.02575342465753
0.0675091422252605,2.766575342465757
0.1812216726668833,4.2613698630137025
0.3305971261703606,6.26301369863014
1.0,9.4986301369863
