alpha,s
1.0953227152026759,0.0
1.0069318428330478,0.1057421991849653
1.0789141037151548,0.263419390244777
1.059298274009548,0.4872331216181771
0.9768736116432724,0.910102519005596
1.0,4.349517460387762
