alpha,s
0.7577428133785745,0.0
0.7200797641540434,0.0713656488606924
0.7949197065816365,0.2064919494570293
0.9336656607902302,0.41140962299357514
0.5193939955535998,0.73779933517915
1.0,4.687607717200005
