alpha,s
10.276775142824857,0.0
2.2670508386167265,0.0037744159594159
1.6323196102288486,0.0463898930185042
1.0194701905335786,0.16429655273509947
1.2439761690105724,0.5610476153192683
1.0,2.6806190068781315
