alpha,s
0.9159721659970603,0.0
1.540988732853833,0.12565988812842216
1.2291622696260862,0.22896468970778133
0.9302735745238704,0.42763246602088395
1.1677588738066211,0.8964858331641571
1.0,2.959255153890997
