alpha,s
0.864637854281461,0.0
1.042633790520315,0.1260902133861116
1.1175260321753417,0.27778567829651435
0.7663660681863154,0.48796423130713285
1.1067421007444822,1.0604148809610723
1.0,3.70455521146506
