alpha,s
1.739220702051404,0.0
1.107500741913993,0.038173815931086985
0.909631800618267,0.14127818693924374
0.8752605941054673,0.371058158075859
0.9125119390049966,0.8524201821900336
1.0,3.66763600595829
