alpha,s
4.258233808383859,0.0
2.48809950274532,0.0422365882220638
1.4463669083236985,0.1344134565598456
1.2316220997218044,0.3564322509687133
1.1183295526299857,0.7899108627345458
1.0,3.809914378536181
