alpha,s
0.2940787028136865,0.0
0.6540310470015952,0.1191557591192567
0.6811191428191923,0.2423620997996729
0.838040169645828,0.47861386986014354
1.2499234397214312,0.93018466651151
1.0,3.63829551402941
