alpha,s
0.28757917309635544,0.0
0.3973838915201171,0.11450945752214858
0.44770797007752894,0.3116650857682234
0.8581284457220685,0.6805122425553023
0.9602882850752485,1.1160845648512299
1.0,3.9230082503756
