alpha,s
0.0013089522718856773,0.0
0.047580727778946216,2.23013698630137
0.020651365743813804,2.48767123287671
0.14242769158257146,4.35068493150685
0.4557810263166985,5.85479452054795
1.0,8.22739726027397
