alpha,s
1.2581256231120248,0.0
1.033055793650727,0.06749830619612625
1.1208597521080765,0.19171620493145985
0.8729640461495157,0.37800681210342874
1.0747597255053465,0.8504183356398692
1.0,5.251857700057478
