alpha,s
1.1315133438674552,0.0
1.1925748061065695,0.04342531549064195
1.1005631015804482,0.1152107978958769
1.0466532071191599,0.2624798925453472
0.8936231916014428,0.6002643443431338
1.0,4.432853570956568
