alpha,s
1.0434032046012653,0.0
1.1255440576065547,0.11196442062423594
1.1648710227899788,0.25782237221596466
1.0726487836974443,0.46473054547583265
1.0328253161871117,0.9229367393763126
1.0,4.022760170207988
