alpha,s
1.021031738258202,0.0
1.099109878824745,0.10897382252982725
1.0717754987717942,0.24924075028462228
1.208218048862905,0.4720543563122095
1.3904828557745461,0.8794756174841482
1.0,2.8361169405678823
