alpha,s
0.9297646522570995,0.0
1.0407101167382924,0.07690049984334782
1.3077388022023422,0.18277006827204945
0.9389439075137668,0.3286932059095653
0.956612823901254,0.7565205010729896
1.0,3.587358642969649
