alpha,s
0.032564107109695636,0.0
0.05829432959843698,1.33424657534247
0.23890150869067797,2.2131506849315064
0.13897695842466007,2.89205479452055
0.34888398750594063,5.12602739726027
1.0,9.4986301369863
