alpha,s
2.0671795122383574,0.0
2.3178805817191215,0.0839736583053987
1.6772001655458728,0.1790845836501493
1.2134041818738004,0.3634813045229973
1.0054734650192936,0.8130508899306618
1.0,3.619744407871695
