alpha,s
1.2078366694988363,0.0
1.1983767379764836,0.09824168172485608
1.2379117102922947,0.23647513648215202
1.1047152450901985,0.44187830863247457
1.3549682997877766,0.8752118941808754
1.0,3.2578782773597204
