alpha,s
1.2417088495143207,0.0
1.3112738763885425,0.048061326432121916
1.2446934418291598,0.12404201300307341
1.064736319675579,0.26509152440731004
1.1085251728533179,0.6344956542710429
1.0,5.1046174256303365
