alpha,s
44.45804488877967,0.0
5.159789470038889,0.0031987504854487027
2.786989115070973,0.04052805471758668
1.931058538502092,0.14315662477659996
0.9931588944947823,0.40927405617938645
1.0,4.726369597317989
