alpha,s
1.3191419389676318,0.0
1.1999900868651796,0.0908891154036756
1.2107517905038456,0.2277537328606001
1.696474190535447,0.43056138923900295
0.9709590153193092,0.706189383106124
1.0,4.598688641974319
