alpha,s
1.1792232557113158,0.0
1.2553750339567071,0.10336493523834415
1.08795653181399,0.23490378431480033
1.2412563347574552,0.47248598209682274
1.0310804906979911,0.8499933761912652
1.0,3.419853169531741
