alpha,s
1.2660552345353333,0.0
1.1211999706007523,0.06992124146045149
1.2340852894339027,0.18540530014863751
1.0391552439620266,0.35937536032192885
1.2676291983293306,0.770561098109808
1.0,3.6404777451331434
