alpha,s
0.2492167585678814,0.0
0.36336943387626996,0.10886538822715681
0.5761327773303418,0.2831303882113496
0.5932694557086681,0.5035423638228833
0.842145629488837,1.011015084918875
1.0,4.847796467329928
