alpha,s
1.094691403935607,0.0
1.1233730791585974,0.1110864619039242
1.1583424428375808,0.257076001164832
0.7589038210106224,0.46740766027695047
1.3273560134409685,1.1107132137602511
1.0,3.3443094573028933
