alpha,s
1.0542064277398884,0.0
1.1776742429016755,0.12385030654917764
1.2588661347088062,0.278561688969134
0.9647121216110132,0.49347474606878566
1.1929788905434033,1.0080631134198406
1.0,3.309381013435481
