alpha,s
0.41908030149771586,0.0
0.6485558055923114,0.10486019697001127
0.684279149352325,0.23863843145315133
0.9216822085922589,0.4924631194640745
1.252414424487457,0.9206635486275762
1.0,3.6839267922668864
