alpha,s
0.4865856395263064,0.0
0.6110913456217903,0.0726146850783268
0.7845973544070587,0.21439502782803727
0.9316057665949397,0.42620889706625814
0.8766599820722679,0.8358352239788367
1.0,5.453033030809706
