alpha,s
0.001597989673856481,0.0
0.028483263454547464,1.978630136986298
0.05851990116102308,3.01095890410959
0.08374359172245768,3.82739726027397
0.3474786475705475,6.344109589041098
1.0,9.4986301369863
