alpha,s
28.02827484093037,0.0
3.5918536176711284,0.004180498094419142
2.0136937349570823,0.050015965241800325
1.4912743713470022,0.17579419174730515
1.2225041652587865,0.5100491130104803
1.0,3.683262664382828
