alpha,s
1.14108132263906,0.0
1.2965114378673295,0.11968205089309618
1.269466631934623,0.26199652430925807
0.9513644414684386,0.4731776755680005
1.1217704218449802,1.0023309783540468
1.0,4.923031870115013
