alpha,s
1.0725959257660649,0.0
1.3855694409273709,0.11971405669429787
1.2685424252911732,0.24402241743989558
1.1006222976002713,0.4473059351612051
0.8945328674596843,0.877881569055742
1.0,4.407798199837121
