alpha,s
0.4146226655306002,0.0
0.5013623896385541,0.09231424539260963
0.8165474187959365,0.2705775020943485
0.5797955275118146,0.452345824263451
0.6521118023802667,1.0173298360066267
1.0,3.181506086814053
