alpha,s
0.7427139191782346,0.0
0.727983662565959,0.096535077918451
0.7746938767121793,0.249310515190374
0.574072859153032,0.48567558746516354
0.9649953876444736,1.2402835631718416
1.0,2.798994130850565
