alpha,s
0.7725661903377681,0.0
0.8157066291122852,0.1160239175196066
0.8703918366046297,0.2828428790803602
0.9503317685474181,0.5213398899602495
0.9861190738337117,0.9617259150068633
1.0,4.111219046202068
