alpha,s
0.2518880707717889,0.0
0.4910320849348749,0.1159007535192377
0.7466048791021935,0.2687775937423608
0.868585518489993,0.4734068702079027
0.9736545839825119,0.8842793002568912
1.0,5.145283434041571
