alpha,s
0.592116136635426,0.0
1.1388273465363565,0.10867235556066708
0.7629996895574331,0.2086868285203979
1.026827558046914,0.48120389688217374
0.8813939454818751,0.8752610559463865
1.0,3.576856966314088
