alpha,s
0.9861204187036383,0.0
0.9998430559236081,0.07465987952530957
0.9380443544978091,0.18847584896080471
0.9312454585411296,0.3945307881639717
0.9485297764537214,0.8256442765464868
1.0,3.839750601694664
