alpha,s
0.6801242644317703,0.0
0.9792271386066331,0.12744333028324184
0.8183629412314106,0.25576562875364045
0.8559523599415463,0.5053384831260623
0.97416148798494,0.9667526555651349
1.0,3.6481968958717057
