alpha,s
0.02021814481701183,0.0
0.08199978058938245,1.978630136986298
0.1021404140105691,3.01095890410959
0.07922570452527879,3.82739726027397
0.2416937899917566,6.344109589041098
1.0,9.4986301369863
