alpha,s
1.0088369989182635,0.0
1.0057917858720273,0.1306732764966174
1.3387659659234672,0.30644479396713004
1.1456939396209005,0.5028443322480723
1.175586411704132,0.915988118548384
1.0,3.249418121026672
