alpha,s
0.31003263064718595,0.0
0.4944654876044535,0.10838038502542685
0.5307427630692342,0.29119631285923797
1.2578757156269291,0.6451054434271798
0.4856622956910148,0.9252205386667236
1.0,4.204893341264985
