alpha,s
1.0734437585667767,0.0
1.4150532464972225,0.12744333028324184
1.0764142401306667,0.25576562875364045
1.0265712349304699,0.5053384831260623
1.06255628305193,0.9667526555651349
1.0,3.6481968958717057
