alpha,s
1.1556459670132826,0.0
0.9101641002279932,0.0535105205769998
1.1637336994796375,0.1759628609721583
0.9252325677615549,0.3518800998432872
1.0819454118910412,0.8105308903883294
1.0,3.832710522052845
