alpha,s
8.52479324086968,0.0
2.347711195279856,0.009591878118089
1.63522022598067,0.0615101485448842
1.4019521125720065,0.190487201413509
1.1849938527681865,0.510154322552231
1.0,3.169532101175876
