alpha,s
4.778601012530999,0.0
1.8653767843920632,0.0021928927460220806
1.1335220284554475,0.029943502068340542
1.2384231425079344,0.14625134600058964
1.089054987231201,0.4262409471959442
1.0,3.0036538895597893
