alpha,s
0.0017020310201083513,0.0
0.01577119705605034,1.618082191780822
0.013421833127251837,2.284383561643838
0.04283790300942171,3.72328767123288
0.033712688905054786,4.688219178082187
1.0,9.4986301369863
