alpha,s
0.2724793169384473,0.0
0.5010250273615658,0.12824955783618852
0.6193304578544121,0.28628585936469314
0.8242899572223474,0.5293713965209994
0.8782095431521482,0.9796236053044793
1.0,4.247794189553562
