alpha,s
0.23127545930941837,0.0
0.43933374819677157,0.1192212682455446
0.6457295632301109,0.2748301052699106
0.5968451423627628,0.5011687265344116
0.9708270911182089,1.0823233802156595
1.0,3.630991963463752
