alpha,s
0.011513581598838868,0.0
0.07994253246616478,2.022465753424656
0.45163919189456525,3.04109589041096
0.22147571388900922,3.254794520547942
0.33470942360694494,5.0958904109589
1.0,8.22739726027397
