alpha,s
1.0807570798319948,0.0
0.8558547586862594,0.0619259220502002
0.8603139223637888,0.20757310037166596
0.6671219011873912,0.43827927290933405
0.9701067176539321,1.0908354486199752
1.0,5.385314246529265
