alpha,s
2.268342203485286,0.0
1.2571538064000978,0.0364128446532506
1.5045706846123161,0.143893782527181
0.7238575434730964,0.283584107466607
0.8259825156037313,0.8433129188037979
1.0,3.943608578259452
