alpha,s
22.965333562335534,0.0
4.189081595237993,0.0062675846787772
2.21571876695526,0.0518436642820549
1.7104341899185178,0.18438194773216743
1.337034059127004,0.5041314381240539
1.0,3.715820441480305
