alpha,s
57.02906650570219,0.0
7.103874398215048,0.0038981478970560603
3.0361898994799743,0.04267442635807703
2.2124978223430283,0.168849315788092
1.263542909150438,0.44964968923791443
1.0,3.6391224829422337
