alpha,s
1.090192073218657,0.0
1.026779112796934,0.1120688049585014
1.2059602046153144,0.2720403428449748
1.0402755839395297,0.4851562911077559
1.0374930320341356,0.9224507258745056
1.0,5.075700591048417
