alpha,s
3.9186630669623623,0.0
1.8542648377653743,0.044166100501257105
1.614871374291933,0.16459822988405182
1.344817657265597,0.35574200193292144
1.0191865330441616,0.785490952381506
1.0,5.13455402999264
