alpha,s
1.0081657488158091,0.0
1.2047664352222935,0.0860550389764196
1.0344840351111724,0.20131641296811098
1.0663145723673773,0.429263654814727
1.0056150040444463,0.8543559248966097
1.0,4.683695302072549
