alpha,s
0.32783595201681504,0.0
0.4748402770942454,0.10886538822715681
0.7507258858286455,0.2831303882113496
0.7646307968408738,0.5035423638228833
1.0737725417852504,1.011015084918875
1.0,4.847796467329928
