alpha,s
10.912036579484422,0.0
2.716983723830695,0.0042191113916203605
1.653058978986576,0.0380399368560399
1.331648312360821,0.13830440191674112
1.3499139322614286,0.43793767521400706
1.0,2.900231225440953
