alpha,s
9.609409712836424,0.0
2.4062341417703976,0.00541972894853358
1.7321822395488886,0.04503773559964614
1.2448700213155628,0.14922115958535784
1.1073167916427276,0.46108490299432503
1.0,3.5400163368788324
