alpha,s
1.0112886526532943,0.0
1.1915523992633466,0.0831261684773673
0.8704492971165325,0.1954979933602443
0.9440047142829651,0.44628946777338085
1.095376003692098,0.9251971855860356
1.0,2.945584920757441
