alpha,s
0.9883763166495665,0.0
1.052236411804685,0.10638318460800095
1.0858462425875683,0.2567308862311475
0.9549524615064574,0.4887726715806053
1.1117457374511106,0.9853907262018476
1.0,3.5774568731946115
