alpha,s
1.192019042065922,0.0
1.1337078829848202,0.047380374063023464
1.0384887715078641,0.13268261332461695
0.9993831495547731,0.30220353429709046
1.0561108331703195,0.6981102899478301
1.0,5.004570986587101
