alpha,s
0.27111194370020913,0.0
0.4281033571680185,0.10748123960254331
0.5341352942844138,0.2615000493549945
0.864872639721186,0.4907971826618034
0.8145564356947491,0.8458680994546899
1.0,4.479004169491691
