alpha,s
1.0809250228317853,0.0
0.7203127608404077,0.05014110009272
0.8943798361639057,0.18804261314072057
0.6923688833538023,0.39539231497749067
0.6700106419177386,0.9178432209362162
1.0,3.5152874049639125
