alpha,s
0.9464031467789029,0.0
0.908292395914133,0.14093692277745318
0.9985503914525877,0.3304169125442912
1.186088829415033,0.5855343099715264
1.1485847701034693,1.0053317180219181
1.0,3.78045165586005
