alpha,s
1.0562228341614197,0.0
0.9973109525060346,0.11951663237818357
1.0703236301933092,0.2883803174596265
1.141201005152291,0.5252067626149232
0.9309104679146879,0.9234630947857692
1.0,4.593085193210895
