alpha,s
2.746936397939112,0.0
1.6127553040780822,0.05315830509585467
1.1726997705078135,0.17218666050968606
1.0207575758195557,0.41192826548471645
1.2877819270133042,0.9070001712736118
1.0,3.359882287983908
