alpha,s
20.116404901999022,0.0
3.93470681087355,0.00463600400321238
1.9825616120913303,0.04064577140604188
1.7674254124421012,0.16264867545126424
1.2031712574426896,0.432266732303298
1.0,4.040314810830527
