alpha,s
0.872107169503492,0.0
0.9986335416233035,0.0944356201672877
1.0350368089765016,0.225560177579176
0.9554236879627245,0.4436617550492783
0.9651676560670067,0.89861020325912
1.0,5.058788711219882
