alpha,s
1.4692519002627005,0.0
1.0332511488256169,0.009652339988352245
0.9338853540823543,0.06122134472381728
0.9976614091666608,0.20401318062376184
1.0720715089622768,0.546551727350311
1.0,3.881357855739142
