alpha,s
1.091223046628958,0.0
1.1273819204442097,0.09313759359896376
1.311866189567148,0.23083590251773592
1.1223090178353394,0.42082741711990207
1.2020492085323795,0.8229931780662229
1.0,3.399179840016319
