alpha,s
0.5545017034921045,0.0
0.8451853982932838,0.1189493763054999
0.7124926747282709,0.2590455706922497
1.0741192604450767,0.5353003549291833
0.6920308356201491,0.9146525019136064
1.0,4.457310751421964
