alpha,s
7.873051579018115,0.0
2.3509942741570162,0.0061867692478509
1.4828460187150982,0.0499357686211558
1.146514703075114,0.18861828864648914
1.4006356130422115,0.6009017532703872
1.0,4.565279767696846
