alpha,s
1.149461649959994,0.0
1.010018298360179,0.10495990331961616
1.0849207034963286,0.266414559487589
1.1128117941204043,0.49680043228543397
1.1512469522785893,0.9246262016294108
1.0,3.99617904377896
