alpha,s
0.926632610317969,0.0
0.6913462397343431,0.0680940251044351
0.9914668408135273,0.2154789870292239
0.8426975531798436,0.4056050134224379
1.0038121471544648,0.8386338771326752
1.0,3.4729631561998
