alpha,s
0.5792273019854207,0.0
1.276560376909971,0.11278601515819246
0.8798548759473603,0.20973221987860569
0.9636630120388625,0.45326941194825665
0.6531240199441111,0.8527992283168613
1.0,3.398722201815151
