alpha,s
0.7410826948353144,0.0
1.508003945123112,0.13185156032888234
0.6392560360281752,0.22186595733005235
1.117505740038447,0.5891085717004754
0.8537204745978827,0.9648284489670995
1.0,3.694850322150921
