alpha,s
0.3986512468032937,0.0
0.6216296430682615,0.1351545009333579
0.7748787871125932,0.2878607586530774
0.6730098566298054,0.4916303312965255
0.27872631839398815,0.8811920030816448
1.0,5.29583777003548
