alpha,s
0.8974108079671291,0.0
1.0706987394421266,0.2093085058910643
1.0288977352963027,0.4366394345022897
1.031183057692604,0.7667101168266196
0.9975923613848479,1.3210378723010716
1.0,4.909130041537866
