alpha,s
21.918164068826993,0.0
4.408738031221174,0.00402657223816528
2.1487138398226096,0.034592883258900184
1.9110457648298074,0.1405079235948335
1.60863620992714,0.3932398523033069
1.0,4.493850008328173
