alpha,s
0.28566407264806565,0.0
0.38557559421434523,0.11214886924905101
0.464833426021708,0.28960158526663893
0.6229967097724264,0.576358158706333
0.8891665379304821,1.0475069097858458
1.0,4.065463240262313
