alpha,s
3.62678770975565,0.0
1.62923340833975,0.045455709201305435
1.2911173195673398,0.17021179538537282
0.8435793042511993,0.40115790362314013
0.7832872687317356,1.0047573719874678
1.0,4.155874456215472
