alpha,s
0.8036442648488353,0.0
0.7365610528599271,0.10886538822715681
0.9303048326420067,0.2831303882113496
0.802358108342687,0.5035423638228833
0.9963248998089432,1.011015084918875
1.0,4.847796467329928
