alpha,s
0.0006949578438889578,0.0
0.008470342202493687,1.154520547945208
0.01841128475760526,2.585753424657536
0.06765629041580332,4.034520547945206
0.3037925269185431,6.320000000000004
1.0,9.4986301369863
