alpha,s
0.0016552340330418958,0.0
0.012135777014131833,1.999452054794518
0.04555261913129123,3.035068493150686
0.09489350390471209,4.453150684931504
0.34744454597617674,6.14794520547945
1.0,9.4986301369863
