alpha,s
0.9887938818532116,0.0
1.0349428473254512,0.1332867222332228
1.0267904387642455,0.30533094072603656
1.1068048883241282,0.5656896128975154
1.1023240992476229,1.0044359514207981
1.0,4.499833560324373
