alpha,s
31.291140073176596,0.0
6.973889217170612,0.007205333929193165
3.778550803759331,0.0474590120845626
2.4815975591542676,0.15249171230461073
1.7331346624276995,0.42090423419487144
1.0,2.761364656082092
