alpha,s
0.05682310860255973,0.0
0.46309685557809105,1.9709589041095859
0.0710690682946859,2.29315068493151
0.13779951691407996,4.3769863013698656
0.4636159348450574,6.97534246575342
1.0,9.4986301369863
