alpha,s
1.2353154112179459,0.0
1.0710872554692432,0.10894250945405111
1.4119434875336347,0.2742611737263037
1.349825404947532,0.4675417123364781
1.1902467527522396,0.8328479133412908
1.0,3.669090948279144
