alpha,s
0.9012823979671095,0.0
0.9934906717399548,0.21497577182637692
1.1144585270049816,0.4673968414613811
1.0133271564803807,0.7736461265363168
1.1913430732471153,1.3787058524339868
1.0,4.136046499950952
