alpha,s
1.15602568994622,0.0
1.0689012176196626,0.0754997479214386
1.20001718630754,0.1976369432643437
1.128395184650397,0.3776173459171357
1.0118822006315844,0.7594980450538703
1.0,4.832290280842373
