alpha,s
1.0863692596886145,0.0
0.9301989520690404,0.08672074875746741
1.0365261876982477,0.24258241215711077
1.0875154895968575,0.4671470681370457
0.9904495141030976,0.8815891738027287
1.0,4.339741580492249
