alpha,s
0.0009545552321507624,0.0
0.01011143424503487,2.01917808219178
0.03943046535509641,2.9063013698630145
0.15488903763296544,4.193972602739728
0.6153962494054054,5.748493150684935
1.0,8.16438356164384
