alpha,s
1.3496084298329871,0.0
0.8810333947527109,0.06368444632955456
1.3682708241224781,0.2015149148817404
1.267574351334617,0.3544143351824487
1.0808363816134323,0.6591766458947729
1.0,3.0454441885265795
