alpha,s
1.1089840000220772,0.0
1.067080177413155,0.07129422710639603
0.9341194236103437,0.18269746864659606
1.079309272755569,0.398069796610693
1.0625835214851211,0.7730387206371588
1.0,4.272939833934229
