alpha,s
0.9982185288080753,0.0
1.061576313449164,0.1278518506342193
0.9830544772719653,0.2910956738877174
1.0180284593121165,0.5552952398323039
1.1709936266339995,1.0332970428052797
1.0,4.452210190383558
