alpha,s
0.9620590097933738,0.0
1.033601210558862,0.13168479375521316
1.0998955372680488,0.29752042022599334
1.2870069807028417,0.5437378996194361
1.4869687982558861,0.9291703159692543
1.0,3.2491166708150256
