alpha,s
0.7661608504865408,0.0
0.7191732640119913,0.09809429150496404
0.8259164795356193,0.2729297862084364
0.6522014559323952,0.5330617777926975
1.0157825625303325,1.1579623502448897
1.0,3.217167258856168
