alpha,s
1.1148616347915845,0.0
1.261955028253731,0.1209040890967558
1.1678161690128694,0.2640943089010747
0.9888653658472843,0.4906113358591284
1.2055900151613623,0.984044141185159
1.0,4.033865363551592
