alpha,s
0.6846706389388771,0.0
0.9337352975557284,0.09137772649506148
0.9922511123587197,0.20064064361778416
1.0009902077131922,0.39370566448219746
1.155546636394612,0.8013760071160999
1.0,3.392026165618294
