alpha,s
1.4692170628491725,0.0
1.267201576700105,0.03773188146438502
1.0421773939994756,0.11315239415487276
0.8713561051191056,0.27305507450540967
1.042812029262961,0.689467099459658
1.0,5.401091265828231
