alpha,s
1.0251288774443976,0.0
1.013495775468078,0.12604846825900298
0.9957279824234914,0.30001225542301857
0.981693028585302,0.5616135516911629
0.9597658111534703,1.0387567508501838
1.0,5.352233920375156
