alpha,s
1.6354838486335095,0.0
0.7485699482729202,0.036650426491440735
0.8820976201697275,0.19147098530342888
0.8172424025806954,0.41344962210449493
1.1143932884488048,0.8731654180758113
1.0,3.0831336833154603
