alpha,s
0.00029880189478305544,0.0
0.007205641997532017,2.232876712328768
0.008217373118237021,2.818082191780825
0.055879861071051806,4.196164383561646
0.12107221268065577,5.697534246575343
1.0,9.4986301369863
