alpha,s
1.1606701989600967,0.0
0.954859214266426,0.0745756896645873
1.09440631072456,0.2097456229883955
1.0139344331334768,0.40736728223482366
1.0483148939463673,0.8151953337943906
1.0,3.484255404016199
