alpha,s
0.7697446842911455,0.0
1.0857885290100648,0.1596808169157258
1.406012732660277,0.31544977692480164
0.9531251525696511,0.49934771754323426
1.2571680805597731,0.9881368418599186
1.0,3.315793337046687
