alpha,s
1.2425163388607123,0.0
1.0507908999087523,0.00604345872415568
0.9728437326586722,0.04333956987466208
0.7139281827057731,0.14712775900191902
0.9448328865670391,0.5801574551642031
1.0,3.025416711588871
