alpha,s
42.179161120554,0.0
6.271094736488476,0.0053057265074722
2.9845455740957516,0.0501801530446782
2.0302958323893376,0.17901361324134932
1.460647497991315,0.490177434952823
1.0,4.132544402020455
