alpha,s
2.681007225265224,0.0
1.1550758895513724,0.005172176382855683
0.9556454676859161,0.050125271115396906
1.1087093068921177,0.18388370843001575
0.9863047922106487,0.48731160538462354
1.0,3.39782673794834
