alpha,s
1.1898376336654608,0.0
1.459550703534874,0.039354706604586606
0.9583236819228916,0.10513881766340653
0.631786885389997,0.2853030520219772
0.814829809623607,0.8786506199723855
1.0,3.4157214172211177
