alpha,s
5.6332480093086685,0.0
2.5117521903080657,0.03658770029215541
1.4639423774660203,0.13568789794537778
1.2915997699393744,0.3874837733356737
1.0085039101801128,0.8614228438273916
1.0,3.0702484356078394
