alpha,s
0.04494311584565127,0.0
0.22093462516793042,1.82739726027397
0.08187886868955756,2.29315068493151
0.20194918098524375,4.279452054794525
0.7050432363031154,6.277260273972606
1.0,9.4986301369863
