alpha,s
0.002945209863430402,0.0
0.010873842326374568,1.23561643835616
0.03190775954175082,2.4104109589041123
0.08229609161548726,4.23232876712329
0.3606642901681934,6.26301369863014
1.0,9.4986301369863
