alpha,s
1.440406322832698,0.0
1.1716633821313187,0.09305802675608905
1.141332380044399,0.24721459548211142
1.2578847938669326,0.48020651679541926
0.9568365708991566,0.8633011682262045
1.0,4.640130843602332
