alpha,s
0.9029910884447544,0.0
1.0053034744258493,0.09672667352528784
1.1370458362562246,0.23729338610061879
1.233344853634345,0.4465142437584917
1.2283360509215981,0.8292685190141831
1.0,4.219652242698701
