alpha,s
0.002965032336710595,0.0
0.024733579748190813,2.16712328767123
0.06591704388490478,3.238356164383558
0.08320570502009327,4.2027397260274
0.2095964264716197,5.94520547945205
1.0,8.17808219178082
