alpha,s
1.086416548602616,0.0
1.1617682187201512,0.1219500686615216
1.0441091098398274,0.2758724086643442
1.1139023994464643,0.5370331468296576
1.0295942378651735,0.9826054631511584
1.0,5.106692340718011
