alpha,s
0.31217755859675855,0.0
0.6732860149525678,0.1304433190233006
0.6307780795904552,0.2855071547695125
0.8597007538722643,0.5661520724935574
0.6840804927279217,1.0006580158208773
1.0,4.041069053634157
