alpha,s
0.30757632405947505,0.0
0.6842605501168223,0.13166455377474132
0.7791198828648137,0.2875145893462532
1.1166736274630509,0.5439011854594358
0.9842155089615985,0.8677771363761273
1.0,3.2753202619593016
