alpha,s
1.210327401686138,0.0
1.1121634658427535,0.10196030375829443
0.889847608922827,0.25087812888314104
1.0605756890900297,0.5248197327329196
0.9495691299300953,0.9674133915432404
1.0,3.667799772457904
