alpha,s
1.1798329783144894,0.0
1.2372816609200024,0.05096064234266179
1.0292818758388784,0.1317804093790272
0.9759644817376649,0.30272386628566567
0.977178288694907,0.6788707210689106
1.0,4.89265705598188
