alpha,s
1.0665594767593813,0.0
1.0066639882458857,0.0691092754078656
1.0086953371461607,0.19509185685933397
0.9843281614178917,0.4065627300430732
0.9033852739772842,0.8432170464486741
1.0,5.055411115187215
