alpha,s
1.322871529604643,0.0
0.8565771239815366,0.14236615400563846
1.181685525262655,0.41740244597540643
0.9322157824267558,0.6976226697776091
1.318990712141177,1.31401113552631
1.0,3.072490691356859
