alpha,s
1.2389141416590093,0.0
1.6750550743900052,0.11318380369892649
1.0360285857961444,0.2172449014198532
1.432960979001953,0.4978582380598702
0.7608942076110538,0.8462210783523341
1.0,3.171147775492655
