alpha,s
1.406321756778872,0.0
1.0500503715355016,0.09211274903116776
1.0193630993245884,0.264043480094008
1.0530886073255206,0.5291559967152357
1.196595276348845,0.9958072543297514
1.0,3.665630553721302
