alpha,s
1.4579442082412413,0.0
1.051629452403039,0.04094051375616644
0.8317067763052534,0.14365197806882787
0.7824320734588621,0.3651210651909183
0.7575858091360685,0.8318441305431895
1.0,4.884487619000035
