alpha,s
1.0270032194944037,0.0
1.180298941301357,0.1811309617703905
1.0232714008976964,0.3825274139269253
1.1433049382732967,0.7062498120671896
0.9101929183109677,1.219626929424355
1.0,5.396761056168056
