alpha,s
2.1204520455730846,0.0
1.8453209141802087,0.07087312214790001
1.5488279011303212,0.18152392216333813
1.475533719194348,0.38318730974313236
1.5897570444163378,0.7431908897137416
1.0,3.686750306679903
