alpha,s
5.696531583911552,0.0
2.7082649145495457,0.030835271273028278
2.401139118620823,0.11210530219980745
1.7216064358531504,0.24976543687734382
1.1212060887455917,0.5597024593942066
1.0,3.7218382374915335
