alpha,s
1.2205563600505438,0.0
0.98706898464357,0.04605145313441836
0.8536626822588751,0.14953351331952716
0.882416171849471,0.3681312901215594
0.9114442000584625,0.7791892284921976
1.0,3.793076152921485
