alpha,s
1.0648073024970353,0.0
0.8839689762996948,0.11773997138740498
0.829213005887969,0.30945541397176296
0.9646137040320539,0.6289138916650985
1.1851973247259537,1.1293351260514521
1.0,4.095975926922826
