alpha,s
0.014720848054729401,0.0
0.036386606387801564,2.23013698630137
0.29905427811284024,4.000547945205483
0.2473740816084526,4.489863013698629
0.6779495627726948,5.697534246575343
1.0,8.17808219178082
