alpha,s
0.2639589677146024,0.0
0.4980796396931941,0.1166249494214647
0.5894523756049446,0.2922959618374503
1.3676071734068158,0.6155655831252429
1.3875975633821749,0.9118453210620582
1.0,2.3219895848816923
