alpha,s
0.9235324435361034,0.0
1.0047522077698043,0.1207334605187155
1.0122781368547393,0.2755641211018995
1.073956192621337,0.5121105187241295
1.4050012723945988,0.931169457385931
1.0,4.03612505684117
