alpha,s
3.2396913930202644,0.0
1.3388428095302942,0.0040557164676371426
1.149137774521786,0.04501141029582028
1.044895477234701,0.15368486209570995
0.858910007576911,0.44008654595902014
1.0,3.844061011454497
