alpha,s
6.02590342055792,0.0
2.1331135141444215,0.0277229143108308
2.1397933357043324,0.127149703526711
1.3253685626982203,0.26831262160835473
0.8842093630183526,0.6617200367902412
1.0,3.242898068881197
