alpha,s
0.056867611139880654,0.0
0.16769102831550506,2.288767123287674
0.16624826863000403,3.3895890410958893
0.3376307084747934,4.915068493150685
1.0477423444835916,6.73972602739726
1.0,8.16438356164384
