alpha,s
1.9812788479577317,0.0
1.0458986873154388,0.041946990614048926
0.9913728183003939,0.17924698930595057
1.1325890016697984,0.4127333436653424
1.2869701355615333,0.8023504039287976
1.0,3.388748827639392
