alpha,s
0.990492747769064,0.0
1.0787549194765438,0.13201380930480935
1.137593119942298,0.2956008874881754
1.2588821714206693,0.5340952164192767
1.1386878160321945,0.9102530924089373
1.0,4.123846064166905
