alpha,s
1.0496996487715458,0.0
1.3164399362063743,0.07136974916196001
0.9948312164193888,0.15707070170085086
0.9811188463554161,0.35809160470714313
0.9634611920866956,0.7600184662349742
1.0,3.829356074400502
