alpha,s
1.0882509889029948,0.0
0.978219862670384,0.11574900176146787
1.0396460513202004,0.28775609467084706
1.0588718633744616,0.5346501478920083
0.9223567108173905,0.9529568665607159
1.0,4.577888744728443
