alpha,s
16.89974782626956,0.0
4.505408927435632,0.007925421622046522
2.3241245500388867,0.047754247548204676
1.3572064014693472,0.17055465125831998
1.4377719112742753,0.5471373601146525
1.0,3.8815655208443753
