alpha,s
9.527387266715605,0.0
2.0040991605290266,0.005770492850666182
1.4696233324846808,0.05194480713997949
1.2436072230197386,0.17447852538792405
1.0628296733212783,0.49501857558648343
1.0,4.521845360289911
