alpha,s
0.34382162709545844,0.0
0.5890560528078597,0.11576695618871224
0.8073953773216249,0.2644928800275774
1.2063499167542806,0.4794156554451258
1.3385087793690789,0.8000454075555122
1.0,4.428391863272168
