alpha,s
1.2369797309988704,0.0
0.9648094383557984,0.10470807664165174
1.3319392603185036,0.29181691725844544
1.2377456586209814,0.4892336054732319
1.2855978220322155,0.9082966046314598
1.0,3.0697876298431783
