alpha,s
1.332961626259739,0.0
1.1079973577022086,0.09315383810415535
1.1134691562009857,0.24250672805865997
1.1892436570630465,0.47007906675180355
1.128855727135348,0.8769991363651186
1.0,4.381500630545231
