alpha,s
1.0526311949434841,0.0
1.165206942162717,0.1257800800704581
0.9005007700741372,0.2785519953319586
1.2763109809720392,0.5838836048606494
1.595224671315079,1.0344045305318548
1.0,3.3624921013276072
