alpha,s
1.3958173189841983,0.0
1.0874698794576696,0.05579411674673315
0.8445552977167389,0.16020506244068397
0.8929690766900843,0.4122796334076645
0.9039808703949723,0.8644016384661413
1.0,5.07563912640591
