alpha,s
3.243802084464274,0.0
1.385142618771417,0.041946990614048926
1.2003477805345633,0.17924698930595057
1.2841314028711808,0.4127333436653424
1.3768977995388243,0.8023504039287976
1.0,3.388748827639392
