alpha,s
0.7966133919741082,0.0
0.8188249420895326,0.09395511813745376
0.9663390950335451,0.24558769277955092
0.7968147315808143,0.4608976651210461
0.7932591829756744,0.9778445771538724
1.0,4.460473280783347
