alpha,s
1.680893945216056,0.0
1.0132711698876993,0.043171750545641256
1.2930985625773033,0.16462887214963898
0.9508720528471308,0.3252335019033382
0.7868871819876443,0.7606705263161377
1.0,3.910746775837409
