alpha,s
1.0613853955118975,0.0
1.0603288097452328,0.12293664714723085
1.0968781238616834,0.28910347704540434
0.9746507685050834,0.5263964458273043
0.9516517115473078,1.007153010545794
1.0,4.654318440293859
