alpha,s
2.9357882420808967,0.0
2.010040887259624,0.0606454588042959
1.4036351494675396,0.17301480126157326
1.5928616327191962,0.407182115789538
1.183509531371909,0.765409015272276
1.0,3.573594736231
