alpha,s
0.009972539118712006,0.0
0.02153072198182708,1.13424657534247
0.05300249652418912,2.01369863013699
0.05675145014936979,3.2054794520547922
0.5348505584925023,6.73972602739726
1.0,9.4986301369863
