alpha,s
0.4941771722787869,0.0
0.6193215925018498,0.12641630831801565
0.6308212649769472,0.2891337900823364
0.727824147717208,0.5584690479775063
0.8751607550455884,1.0496892190266134
1.0,3.6336114227822023
