alpha,s
0.7288239112753189,0.0
0.6056893613296672,0.08261619275290301
0.8438495698798997,0.2405173776718903
0.8612436853114531,0.4383834775129465
0.9302643064183085,0.8825474451681085
1.0,3.2512120407986487
