alpha,s
1.096831753709737,0.0
1.0890139473178606,0.1243531002296427
1.0418677856151213,0.2924860535152285
1.154749863500458,0.5510054047702451
0.9548335769022354,0.959580685990622
1.0,4.595061901868885
