alpha,s
1.4732498696993088,0.0
1.1754578486489313,0.055000302530562
0.9156368776025938,0.17929680720554927
0.9124353074308263,0.4579853492261379
1.4392424445215761,0.9678789720526633
1.0,3.5496932208328644
