alpha,s
1.1777754105970497,0.0
0.9475104319041318,0.0509838918575821
0.9934981981154338,0.1672163585985027
0.8339472040866096,0.3610990577141961
0.8220222568776103,0.8249444377736133
1.0,5.200056864399567
