alpha,s
1.1080991120458379,0.0
1.1768637553891481,0.1013963864446029
0.9714611916524541,0.23594425278597467
0.9312726602056572,0.4932087492013786
0.9831821280938714,0.9859531424083914
1.0,4.087411708896863
