alpha,s
28.17932830694909,0.0
6.84717302430506,0.007925421622046522
3.156296803384688,0.047754247548204676
1.6774698471376326,0.17055465125831998
1.5596715362552664,0.5471373601146525
1.0,3.8815655208443753
