alpha,s
5.653450364246631,0.0
2.1401064404546837,0.03110859877394301
1.700771429817948,0.134952522422645
1.229623517585375,0.32694934674339093
0.816427948312775,0.7657757748472439
1.0,4.201182783033947
