alpha,s
0.0030404674775301424,0.0
0.04429175761540628,2.242739726027398
0.06348999626642908,3.08219178082192
0.6740374073137366,4.184109589041098
0.20023941686508376,4.6
1.0,9.4986301369863
