alpha,s
0.6950686367257561,0.0
0.9850296681570033,0.06992143717593736
0.9820666372705794,0.17683745098354103
0.8276150922739394,0.3659794911170018
1.456067505160531,0.8589037192559474
1.0,3.280706715768199
