alpha,s
4.953158207799953,0.0
1.9097678053228018,0.03586559595760924
2.1275067762657143,0.15481175215276133
1.8949765575953508,0.3134530631281794
2.0084324406093024,0.6287098838466717
1.0,3.0253747241858227
