alpha,s
13.41070260879324,0.0
2.410350786405374,0.005429949716924741
1.6108349308954757,0.05278784767188438
1.379336936958644,0.1753124635627123
1.1109397866167512,0.48001921018051247
1.0,3.8357875633355536
