alpha,s
30.50058528474465,0.0
5.351117374508016,0.00471774393602178
3.0501981079539373,0.04024825777695431
1.814719253706321,0.13513747912620616
1.236913633197735,0.4204063758758888
1.0,4.301861291749675
