alpha,s
0.3880915864428635,0.0
0.5316119008902331,0.09550229823678383
0.6415856208814886,0.24021710275802813
0.9490101309838275,0.48904399285132844
0.9929004995354561,0.8925011440438594
1.0,4.262421936248389
