alpha,s
0.3514946750297443,0.0
0.5202694295712481,0.1077586734152175
0.946988231622278,0.2630219434272671
0.8098392703711629,0.4297298866029172
0.8265575924595114,0.8844158810588844
1.0,3.393353898135388
