alpha,s
31.393981403570393,0.0
4.510022023599669,0.004239426183925523
3.016798837228065,0.04414365992833336
1.7152455472602433,0.13481833337541968
1.4182204380421817,0.44775192222950855
1.0,2.741696831269003
