alpha,s
4.092353221864091,0.0
2.483615099454879,0.038297013535808506
1.27516180302403,0.12259576291462956
1.7778368241609641,0.362850066798445
1.6756089337351336,0.6749804749604333
1.0,3.382350380038776
