alpha,s
4.544946138091853,0.0
2.2993924256029814,0.043604760405950724
1.7943439273083641,0.15500234179781108
1.84048435008866,0.34697242252017757
1.3715471352881414,0.6988019200539525
1.0,2.6609237082234376
