alpha,s
1.1459655859065243,0.0
1.1536831921446555,0.04503730483345278
0.8939139091375219,0.12475391673974547
0.8631877633519909,0.323076076778219
1.1903086480033032,0.7575019723885189
1.0,4.327603258167776
