alpha,s
1.2162760157216448,0.0
0.9106982320832797,0.03658770029215541
0.7118125853746932,0.13568789794537778
0.7769802223623321,0.3874837733356737
0.7021001521882132,0.8614228438273916
1.0,3.0702484356078394
