alpha,s
10.611958779566503,0.0
2.1052037910948975,0.004239426183925523
1.7978501277712418,0.04414365992833336
1.2727129543726436,0.13481833337541968
1.2318681697706455,0.44775192222950855
1.0,2.741696831269003
