alpha,s
0.8816120297083764,0.0
0.9225232346491685,0.080003482838682
0.9383448138784114,0.1978711730103776
1.160737389876724,0.3998663415705939
0.9069763698236131,0.7497464482332487
1.0,3.5858210768447734
