alpha,s
3.1270780068610136,0.0
1.3747713095481302,0.04155650036127034
1.348848164653539,0.16739890733432186
1.1238649588565943,0.3637477777711053
1.1320826007154101,0.7866459647554451
1.0,3.5859469951970206
