alpha,s
0.6904280172518243,0.0
0.95412695693333,0.1677107058011873
0.9976050075589347,0.3313789237442526
1.0724138873542346,0.5795254551478635
1.3444794334988874,0.996144075691762
1.0,3.500890198703876
