alpha,s
0.3655004695657226,0.0
0.49617946645738503,0.11534571149180395
0.6665659935023116,0.26328007128399805
0.8616890045853322,0.47648884354789
0.9183677995123669,0.8473283577566156
1.0,3.1446629402066177
