alpha,s
0.5157750553047191,0.0
0.6018196902001403,0.1102896570415637
0.6754692232043328,0.2627232613222821
0.8171379341455848,0.5061271229883896
0.7707249821251494,0.9213716643447812
1.0,4.190145343609309
