alpha,s
1.0305799723867368,0.0
1.143283924819019,0.12344256065573724
1.0011310480474216,0.2746818410343078
1.0974377212215116,0.5322745488846344
1.0233961686347484,0.9565182150287522
1.0,4.660061093831951
