alpha,s
10.893694573847071,0.0
2.8783059664582695,0.0067714609721023205
1.5875604955806837,0.04724878405080142
1.4071352221243223,0.16850702842178383
1.0394042628603986,0.46052401561491724
1.0,3.6421986247990494
