alpha,s
1.7121262278758902,0.0
1.0439406298730367,0.0077915480663787425
0.9150254550480491,0.05761911818109182
1.1652227924556036,0.1838089569437817
0.7885559080017767,0.4167500998462136
1.0,4.470434697868591
