alpha,s
2.4267626821244557,0.0
1.3003129058728216,0.03340236230003242
0.9491076927379426,0.1413987090734628
1.0505889713520522,0.3701496023643951
1.0301767278359415,0.7958175577661083
1.0,3.1770530933341345
