alpha,s
0.06342519014382393,0.0
0.15831620678421288,2.16712328767123
0.14662218374039146,3.101917808219176
0.2663445583395261,5.0958904109589
0.8238964345607105,7.07397260273973
1.0,8.22739726027397
