alpha,s
0.001583644106278457,0.0
0.04029805753665311,2.02575342465753
0.04670960367774,2.766575342465757
0.15389862526071663,4.2613698630137025
0.3134404567126209,6.26301369863014
1.0,9.4986301369863
