alpha,s
0.33292547295502284,0.0
0.5836447207409468,0.10897382252982725
0.7023730381819006,0.24924075028462228
0.9646034917657161,0.4720543563122095
1.289535717556078,0.8794756174841482
1.0,2.8361169405678823
