alpha,s
0.3119395578674212,0.0
0.5578263110325568,0.11196442062423594
0.7314837460812363,0.25782237221596466
0.8381169064025861,0.46473054547583265
0.9360047950014148,0.9229367393763126
1.0,4.022760170207988
