alpha,s
0.027678965736496697,0.0
0.12757646176780713,2.002739726027398
0.5653399447753241,3.01095890410959
0.25621594717715573,3.28767123287671
0.7425464493466134,4.4767123287671255
1.0,7.07397260273973
