alpha,s
0.8037225684209024,0.0
0.5013108524447334,0.08666042688689506
1.2842784569245522,0.3460948856560241
1.1375575805487441,0.5338500458770236
1.7606207393062037,0.9205232662715885
1.0,2.2172145585510608
