alpha,s
0.9951207476264022,0.0
1.0504947538762017,0.0858980813134063
1.0332951288592667,0.2059978853449919
1.1281698620270868,0.4074586312307829
1.083820882271222,0.7893713225208115
1.0,4.285134257160244
