alpha,s
4.960774632264613,0.0
1.893060394290532,0.041946990614048926
1.526035825983308,0.17924698930595057
1.506226105804053,0.4127333436653424
1.4899280391411005,0.8023504039287976
1.0,3.388748827639392
