alpha,s
2.280244163056438,0.0
1.4242079032992254,0.05349368146966313
1.289735238681731,0.17391373578159042
1.3239067868792997,0.3869717091890458
0.9853172940917301,0.757557796569452
1.0,3.22773418147904
