alpha,s
2.0872528486779767,0.0
1.9699302705025892,0.03986866971089018
1.28886488634311,0.11086104944145596
0.7923056720617854,0.29081613708193343
1.2958680127357305,0.8048487942452807
1.0,2.832264554545353
