alpha,s
1.7803331080642906,0.0
0.737936380658174,0.08560385828225199
1.5439289287369222,0.3700831583354234
1.5485848482078288,0.5655866791192202
1.0954938032246353,0.9104329955971772
1.0,2.9646287065852484
