alpha,s
0.7835374427910603,0.0
0.9459849471844461,0.08889340673093564
1.0601684818277077,0.22130671930308735
0.9595604826582381,0.42249529373945427
0.9919737123379386,0.8735742669094184
1.0,4.001815495052387
