alpha,s
5.933538557829133,0.0
2.7949227674661308,0.030835271273028278
2.454775702195379,0.11210530219980745
1.746361015588696,0.24976543687734382
1.1290537466484123,0.5597024593942066
1.0,3.7218382374915335
