alpha,s
1.3436565485527894,0.0
1.2771055656370434,0.09461504691131051
0.9795376153328632,0.22928714597822
1.0059262846335304,0.4937256754005418
0.9388357988170825,0.9656853243719402
1.0,4.319297740070597
