alpha,s
1.2619638774070687,0.0
1.2073524839799248,0.10052649574882828
1.122608780703852,0.2425973342378562
0.9431222669352918,0.4726389623877142
1.4101592987177,0.9628545196933201
1.0,2.5460136874153907
