alpha,s
0.9538737341749164,0.0
0.9675735805001845,0.0843732647969451
0.991906737215211,0.2269782890474238
0.9811724557951841,0.45412100921141113
0.9164340882287813,0.884034485074103
1.0,4.105365622141349
