alpha,s
0.010227329233691037,0.0
0.05209557792955211,1.2904109589041122
0.08730027495538534,2.3358904109589083
0.15923907404400775,4.19178082191781
0.5551982689440061,6.277260273972606
1.0,8.22739726027397
