alpha,s
47.154849106644456,0.0
7.135859438938672,0.0046996983338131
3.2591529844253264,0.0428665011668144
1.8720262100834248,0.15659762039306613
1.4075852053493085,0.4892982378278096
1.0,3.374826243365679
