alpha,s
1.098932333886092,0.0
1.0626973717717274,0.08203147907181783
1.0922075881326814,0.20539453599149118
1.111833111667078,0.4011468886727487
0.9189275540588375,0.7731567208044655
1.0,5.512058711493343
