alpha,s
0.9159645830432646,0.0
0.8954111879571927,0.1184908092291215
0.8057793725798218,0.2785811811469107
1.0473133692858005,0.5625823628163485
0.9218882483004158,0.9829811531304108
1.0,4.426136478329235
