alpha,s
1.3252268708542574,0.0
1.1460544884743895,0.08883105894624024
1.1193684508125707,0.23067712894099107
1.0208369647412634,0.4555516035510378
1.176542047186739,0.9224878061523518
1.0,3.875390641742073
