alpha,s
0.0015895025044047881,0.0
0.010242945696834824,2.16712328767123
0.02516000321314064,3.238356164383558
0.02495974963680423,4.2027397260274
0.05245009241833024,5.94520547945205
1.0,8.17808219178082
