alpha,s
7.112599502376084,0.0
2.6165269515330993,0.02983330574565066
1.6337830758517298,0.1272713682353731
1.3803772522957467,0.3460141527890504
1.6499905120487224,0.7899198004657013
1.0,2.630502213321056
