alpha,s
0.9025767840647257,0.0
1.0422645562939679,0.08683653303385777
0.908586413851968,0.20976275458735885
0.8696834051514616,0.45000197198740355
0.9243946277236431,0.9399027364560237
1.0,5.089938536091806
