alpha,s
1.017620280337274,0.0
0.937308240879319,0.18419062939995365
0.944281443480734,0.44263994211975355
1.0801766684039067,0.8048996399948324
1.1810821313158681,1.3410033559151349
1.0,3.811392746743513
