alpha,s
26.47760204462482,0.0
4.479230826315474,0.0051175506297473005
1.8278708151615781,0.04524341530146886
1.6005700251561803,0.19366325646303367
1.340138762065932,0.5228431745441404
1.0,3.058985415592392
