alpha,s
0.018659459155257976,0.0
0.06572072444366193,2.022465753424656
0.38036477567347965,3.04109589041096
0.2052283638525799,3.254794520547942
0.36667034097272583,5.0958904109589
1.0,8.22739726027397
