alpha,s
0.36468425993549547,0.0
0.5839360407389799,0.1423506457291433
0.6970593356696119,0.3239141109790703
0.7101477890742063,0.5747151222598634
0.7106059941837425,1.1129815102868492
1.0,3.800885011703372
