alpha,s
0.0004166292648815143,0.0
0.007758406158407747,2.140821917808216
0.01723711236224077,3.01095890410959
0.23049064261079968,4.368219178082194
0.1940709805477328,5.15890410958904
1.0,9.4986301369863
