alpha,s
2.946407540025991,0.0
1.3729844744298545,0.03586559595760924
1.6851599222303577,0.15481175215276133
1.6527942007302212,0.3134530631281794
1.8968078517167688,0.6287098838466717
1.0,3.0253747241858227
