alpha,s
3.51422478430098,0.0
1.5569701297072096,0.05014110009272
1.5416434174804095,0.18804261314072057
1.038538427834241,0.39539231497749067
0.9325222024428896,0.9178432209362162
1.0,3.5152874049639125
