alpha,s
0.48649121007115775,0.0
0.8571997602821564,0.1442190969194875
1.3078855988341427,0.3044240163297469
1.031012618414787,0.48406697970658874
1.968027823722527,0.933834824154121
1.0,2.733992146494671
