alpha,s
4.271653022335234,0.0
2.405631974117234,0.0405037321457607
1.808305255113312,0.1321796432633614
1.3383308907032825,0.30698746270879523
1.0242469580054354,0.703039214909718
1.0,3.48260418514528
