alpha,s
0.21768467950489537,0.0
0.6420113770623017,0.17809004927220548
1.0442536278608854,0.31730681664160026
0.7236782569175773,0.48423265071268273
1.2299750703796757,1.0550327902052494
1.0,3.6522240984352816
