alpha,s
0.11106420175770829,0.0
0.22046962845614057,1.8591780821917783
0.33627179023316695,3.039452054794522
0.7000365361743196,4.164383561643838
0.5410487825978337,5.12602739726027
1.0,8.22739726027397
