alpha,s
16.32899944990542,0.0
3.107957043499381,0.005914849818811492
1.5968901863293117,0.05302540177245314
1.4698957732037499,0.19892987199250542
1.3407724117525204,0.5146753503176018
1.0,5.3925079266737805
