alpha,s
32.05996645836651,0.0
3.867430008606472,0.0041677950021435815
2.169850159663657,0.05155255338017814
1.435387328235647,0.1805688148407749
1.1734591616555439,0.556833478310797
1.0,3.900274861755968
