alpha,s
0.001835609931975735,0.0
0.035981882576182976,1.82739726027397
0.057397308742763775,2.290958904109592
0.12358410285428582,4.13315068493151
0.6360195103809735,6.349041095890412
1.0,9.4986301369863
