alpha,s
0.7810191146433846,0.0
0.9648366643499927,0.16199220238956408
1.2980883221739028,0.33933034275454654
0.9510660843177616,0.540848796245006
0.831173146442528,1.0553952211898399
1.0,4.076695773117679
