alpha,s
2.8945956869769867,0.0
1.3195671112374,0.007801342372240203
1.1588760030677763,0.0587836723065428
1.0400130123134714,0.18645113147710932
1.0839870777015383,0.5372738900601121
1.0,3.4906362807518567
