alpha,s
1.017188516443543,0.0
0.9621732780575086,0.0503177534565862
0.976319517842567,0.1447989760492973
0.9814012095561645,0.31593200255346243
1.0677242385588985,0.6865081874577085
1.0,3.8168422810663776
