alpha,s
4.2546741966430055,0.0
2.486733384573861,0.0422365882220638
1.4458926751824892,0.1344134565598456
1.2313940793487919,0.3564322509687133
1.1181881560145555,0.7899108627345458
1.0,3.809914378536181
