alpha,s
0.03277716914150453,0.0
0.15884991925686281,2.242739726027398
0.14161010765415358,3.08219178082192
0.9691259318565887,4.184109589041098
0.26592182102050077,4.6
1.0,9.4986301369863
