alpha,s
1.0834185664904914,0.0
1.1937040811567727,0.05623276682340875
1.108407882408241,0.15410600281835557
0.974347989196238,0.35793366034769863
1.1182035643848154,0.8053960311004197
1.0,3.2821672712244
