alpha,s
26.518426125962293,0.0
4.32686928479002,0.0053057265074722
2.2358465225589024,0.0501801530446782
1.6602197522044249,0.17901361324134932
1.3327104763586128,0.490177434952823
1.0,4.132544402020455
