alpha,s
2.6509431014778198,0.0
1.1190230350364812,0.0040260873139464
0.7075276635385764,0.0427458211423719
1.0396625910199622,0.19187697225604275
0.8458326698764064,0.483347286509842
1.0,3.3272857327900103
