alpha,s
31.070435333318574,0.0
4.906145024277398,0.004027661870681901
2.7761567552078246,0.03992892029674392
1.5143220604502385,0.13734176324678848
1.6228475796201778,0.4778116873533712
1.0,2.9685499061412592
