alpha,s
3.451725109741449,0.0
2.561636222483579,0.05958902071433571
1.7407967024606716,0.16104621375275632
1.021960242951441,0.36950399176641646
1.4760013391511595,1.00056981587796
1.0,4.502574740572897
