alpha,s
0.2497000422445003,0.0
0.5035986098636118,0.13973912015381526
0.47172357158972583,0.29744012171522916
0.8958505954873346,0.6154756338984871
0.3850256226303292,0.9220722394733906
1.0,3.452923502997437
