alpha,s
0.36371539948974024,0.0
0.47751489039272993,0.08622656528917436
0.6267042329161339,0.28164019781894706
1.0717492270123947,0.5944702872989365
1.0587757699765095,0.9571985962891817
1.0,2.8613832105551693
