alpha,s
3.8065102703060574,0.0
1.6807191204203975,0.03340236230003242
1.1428033629381165,0.1413987090734628
1.1944795025911856,0.3701496023643951
1.1438641073785647,0.7958175577661083
1.0,3.1770530933341345
