alpha,s
0.8659196628909113,0.0
0.9684435061935098,0.11811213470483824
0.9303940629448884,0.2770564257408598
1.0540607115026241,0.5434590179126029
1.0391037336912419,0.9968127934146621
1.0,3.9417327296078057
