alpha,s
1.7090058039690539,0.0
1.8855123364220192,0.11879502616160796
1.343285242002132,0.25814718052373337
1.3755841273126166,0.5304918009686396
1.5074143387528134,0.9911309810944722
1.0,3.4364944181850703
