alpha,s
0.9955914694668188,0.0
1.1694264894631727,0.1260902133861116
1.2243091421840895,0.27778567829651435
0.819924536519914,0.48796423130713285
1.14689784441148,1.0604148809610723
1.0,3.70455521146506
