alpha,s
1.0217767056019254,0.0
1.6839167608849455,0.12565988812842216
1.3165111152665296,0.22896468970778133
0.9744086866924421,0.42763246602088395
1.198302293977011,0.8964858331641571
1.0,2.959255153890997
