alpha,s
1.1967865464981415,0.0
1.1535257094276579,0.10253665678193617
1.1593462380113628,0.24819155651928151
1.265044274108372,0.46926359945917945
1.05611201471418,0.8442060733407233
1.0,4.6905405371958935
