alpha,s
1.2979611586683146,0.0
1.00982247699175,0.05315830509585467
0.8549381242166953,0.17218666050968606
0.8124935287468364,0.41192826548471645
1.0935063264317342,0.9070001712736118
1.0,3.359882287983908
