alpha,s
3.754102699239867,0.0
1.4005360744902102,0.0035541470212183397
1.0124107993026463,0.04099613050987437
0.9777282450790753,0.1654222107861265
1.0578727721397956,0.4917716879260813
1.0,4.697395183719848
