alpha,s
1.4280702345627332,0.0
1.3334531475697042,0.04196933214931409
0.9385835912550414,0.11564357762121866
1.0788876608906297,0.3079051740427869
0.9686563580447249,0.6644973488417487
1.0,4.956908737998571
