alpha,s
5.876760273741614,0.0
2.2403920891949216,0.02983330574565066
1.449018663847752,0.1272713682353731
1.2820099403843082,0.3460141527890504
1.5718279394588144,0.7899198004657013
1.0,2.630502213321056
