alpha,s
1.9050571306687865,0.0
1.1093332154757296,0.0336734260874784
1.139667135946587,0.1447664888669593
1.1859209265998287,0.32867282555432453
1.1227012428213083,0.6984720104773955
1.0,3.804232756541087
