alpha,s
0.3536999909267915,0.0
0.5269721199482038,0.09350394689651112
0.7072821346242729,0.23506906447026754
0.6824108157251639,0.4427203358762032
0.906143606837756,0.9453882126691667
1.0,5.206238475187355
