alpha,s
0.24698246891748324,0.0
0.43807462041348777,0.10676998271631649
0.6424543188881874,0.26240981671249314
0.7112607008221862,0.4781250962232818
0.8700028109273661,0.9576242966102996
1.0,4.275348330821872
