alpha,s
0.6618055006262139,0.0
0.8495974042703176,0.0908647416668078
0.7929928531549397,0.2418127382209048
1.0395663906114405,0.5154574253582302
1.3948186798154034,0.9390274982541958
1.0,2.799468773037196
