alpha,s
0.9622423373471808,0.0
1.1194875327191953,0.0816865400154623
1.1267886643316103,0.1993787566509273
1.050828862114556,0.3981973876660714
1.1371020381030692,0.8314552566614511
1.0,4.026719176631829
