alpha,s
0.9027117932468468,0.0
0.9723343741204661,0.08790015070593525
1.0181598851024136,0.23654906041332846
1.2105650567830706,0.48152941760312745
2.066398099609383,0.9012068486298885
1.0,1.9835801510319613
