alpha,s
1.0702849717087746,0.0
1.5267592528470886,0.04640888059203892
1.094117224881698,0.1030166398853475
0.979962812693981,0.24257015830601147
0.909535026110434,0.6085757174000469
1.0,3.902566181613314
