alpha,s
1.6769107181263445,0.0
1.6334186497110166,0.05555352030279258
1.1582993566767932,0.14675596815812747
1.2644528368386643,0.34994973162142523
1.2266506997877675,0.7498772779578474
1.0,3.034540826800277
