alpha,s
1.1661157687961607,0.0
0.970306531399247,0.1022507353920619
1.4015994812586274,0.2732490076483382
1.1679752611172356,0.45410255449572023
0.9946362662233322,0.8603097267715416
1.0,4.30299106072841
