alpha,s
0.963682423879237,0.0
1.0140533602525823,0.11679164714972574
1.1759785617075955,0.2811921488972748
1.3990991739034815,0.49443586988790417
1.1328834134361225,0.8357030976756612
1.0,3.0562756806663867
