alpha,s
1.5013346074486955,0.0
1.2934285787554614,0.0929636255958641
1.0736444282441464,0.2324205106034145
1.2645258763447058,0.48079838247972895
1.2201003712638812,0.8863843668147213
1.0,3.801090409442119
