alpha,s
1.1243518138870858,0.0
1.0957930225343218,0.1160239175196066
1.0986688687481507,0.2828428790803602
1.1079284856808194,0.5213398899602495
1.0614498931613578,0.9617259150068633
1.0,4.111219046202068
