alpha,s
0.032439971639981316,0.0
0.07090319773592955,1.98630136986301
0.11392752818062732,3.1068493150684944
0.19355239806968963,4.41643835616438
0.2462129065773327,5.85479452054795
1.0,9.4986301369863
