alpha,s
9.07065053198933,0.0
3.072377306577473,0.00500558393931212
1.809310252311626,0.03813812135994093
1.5992879424898845,0.1439360442302811
1.1896669455875633,0.40662757808821604
1.0,2.9959410619159703
