alpha,s
0.6520314587489685,0.0
0.7840170146008494,0.1325816922631453
0.9734904548311253,0.30011531274932113
0.8602387887080417,0.5313182023159712
0.8228217930355475,1.0099260546312119
1.0,3.463230141760615
