alpha,s
10.518561453180864,0.0
1.864733582935198,0.004180498094419142
1.2694770422205492,0.050015965241800325
1.1118045694283376,0.17579419174730515
1.0490388655428096,0.5100491130104803
1.0,3.683262664382828
