alpha,s
0.008621633868020373,0.0
0.0424457985750252,1.98630136986301
0.06327377632310265,3.01095890410959
0.16007208158016684,4.15287671232877
0.5874191532838446,5.781369863013698
1.0,8.17808219178082
