alpha,s
0.09547837527420658,0.0
0.249535605382295,2.03561643835616
0.3326485057750695,3.10684931506849
0.42054351858913125,4.191780821917811
0.6127309614819281,6.13150684931507
1.0,9.4986301369863
