alpha,s
0.9948658648199841,0.0
0.7683115490202559,0.05264284178923931
0.8529609322326605,0.17148550567962834
1.0015289597693982,0.3674730066798385
1.0325070769921376,0.7384821166491642
1.0,3.541550414652593
