alpha,s
17.243547227622408,0.0
2.6276835142876176,0.0030190315325958014
1.6010113991195374,0.038630992873813184
1.1784442687363454,0.1484129094830251
1.4528280482012355,0.48626410643744394
1.0,3.6440417138839543
