alpha,s
0.5982289632511735,0.0
0.6491657985802735,0.1022442134130361
0.6951299217432425,0.2902154262843654
0.7494116026098033,0.6092191458813565
1.179875891451446,1.1883929098234627
1.0,3.4515372184057638
