alpha,s
0.9998461993401332,0.0
0.8637150475256717,0.07766455818943216
0.9918955266478433,0.22222741253926787
0.9261723055137071,0.4332754213735446
0.7988761530881603,0.8680302039149137
1.0,4.283817320932191
