alpha,s
1.1166754227306877,0.0
1.2549470386061026,0.1041361649925284
1.0874604567651494,0.23136154367941683
1.06317845127679,0.4527005196125712
1.025773402025185,0.8696164787627481
1.0,4.404141968571472
