alpha,s
47.25060865658806,0.0
7.713688973571602,0.00471774393602178
4.0345040926835845,0.04024825777695431
2.210155826108761,0.13513747912620616
1.3277475631921931,0.4204063758758888
1.0,4.301861291749675
