alpha,s
0.9610858608900116,0.0
1.0398624099250202,0.08686874131692063
1.3732926391243578,0.21286529817423833
1.0735322648084438,0.37009157332303894
0.9243259410347382,0.776574669322319
1.0,4.369963124583339
