alpha,s
1.0806756833982347,0.0
1.3979523933325777,0.1049462859809577
1.1695730754267744,0.2186720001751431
1.0129614682827695,0.4245170279062822
1.0161275851471365,0.868323350925908
1.0,3.5656681748500807
