alpha,s
0.9256610798673452,0.0
1.1086557821981733,0.09515935462567549
1.0674122396076167,0.22581671107933496
1.1291837351107175,0.4548733994770446
1.048913464047617,0.855486914792853
1.0,3.4509970273618267
