alpha,s
0.4954798898083157,0.0
0.45337893642214233,0.092241046363536
0.6501836066823343,0.27260323070003745
0.8540222734332887,0.5000524457407461
0.933978316961023,0.871792363205597
1.0,2.6567823034582747
