alpha,s
0.5709391602820256,0.0
0.6120068167322681,0.10196030375829443
0.5681376839314913,0.25087812888314104
0.7908508069106696,0.5248197327329196
0.8024578365318433,0.9674133915432404
1.0,3.667799772457904
