alpha,s
1.315077668607462,0.0
0.7811846606423407,0.041600294988086706
0.895956491292053,0.15213864483269215
1.3423527313840589,0.3262441700246739
0.9966449854761864,0.597342520439389
1.0,3.4457273413481238
