alpha,s
1.0127807310962855,0.0
1.0750635833281694,0.12568581642027357
1.3088336225349113,0.2820296960340247
0.9365094719554224,0.4736304684182891
1.172135827143769,0.9681389104001634
1.0,3.0803281338984547
