alpha,s
0.7914947953755077,0.0
0.6224589305995318,0.10808856987253176
0.9610033876049663,0.30272676957295913
0.8239384882405172,0.5036427521782186
0.7638818448177975,0.9621797617534515
1.0,4.316814209145159
