alpha,s
1.0971175224729144,0.0
1.118483566406756,0.1109636461760583
1.188655275199166,0.260368082340131
0.9925742474270348,0.46942912968315215
1.0252738843606168,0.9305832877500956
1.0,3.5826815921772344
