alpha,s
1.359043067996997,0.0
1.2820613024719267,0.10065809109229623
1.3111129592691324,0.24809998862369834
1.1205820288087367,0.4552934701548227
1.4229941369965293,0.9371414292905602
1.0,3.425128621892729
