alpha,s
0.20912303392007114,0.0
0.39205956093620503,0.13201380930480935
0.5695736365607245,0.2956008874881754
0.7875289865014612,0.5340952164192767
0.8748087320779108,0.9102530924089373
1.0,4.123846064166905
