alpha,s
0.8221628424962918,0.0
1.029496133394463,0.1584884114863592
1.0497305533708852,0.3254709857783327
0.9319822969530615,0.5801520542560443
1.211420264610428,1.0969489805443284
1.0,5.3499388529056295
