alpha,s
0.10168808603903826,0.0
0.9365906558200989,1.9709589041095859
0.13629887264227358,2.29315068493151
0.2428751838609312,4.3769863013698656
0.8507294383375921,6.97534246575342
1.0,9.4986301369863
