alpha,s
0.855458032433885,0.0
0.9844018115135317,0.14223120839438377
1.0823411631928224,0.30493748536888254
1.1287089569327708,0.5528310128099485
0.8486690205050768,0.9631005454807421
1.0,3.3713749369701094
