alpha,s
0.009531504289084515,0.0
0.05566116745964459,2.01917808219178
0.11318555545258804,2.9063013698630145
0.24979983868081312,4.193972602739728
0.7168694977245648,5.748493150684935
1.0,8.16438356164384
