alpha,s
1.0026825066217082,0.0
1.0647717002096868,0.1278518506342193
0.984678994815094,0.2910956738877174
1.0192996483240413,0.5552952398323039
1.1742601120522647,1.0332970428052797
1.0,4.452210190383558
