alpha,s
2.325433407641251,0.0
1.5255458561779949,0.0654560227990503
1.2286266023073533,0.1974710942896118
0.9630043010577839,0.4292206762364384
1.4451369198727113,0.9921233392471528
1.0,3.357180834790992
