alpha,s
0.00014838838036842076,0.0
0.002300503614670267,2.290958904109592
0.01471706233946156,3.670684931506852
0.02042048996707193,4.403287671232878
0.028481609725024816,5.94520547945205
1.0,9.4986301369863
