alpha,s
0.33713002995706737,0.0
0.5732576604935722,0.09656574581274832
0.7898964923213826,0.23139717302216142
1.0344205682035312,0.4431016803054118
1.1497028141780954,0.8269997768718025
1.0,3.5463475742664903
