alpha,s
1.185369972723878,0.0
0.938527884292375,0.0472514733386871
1.0920008199109965,0.15244092201527162
1.111742515091693,0.32307935449147535
1.0955658113182138,0.6658712780874587
1.0,3.780276194958289
