alpha,s
1.2277081689887963,0.0
1.0232910296200872,0.0989997745225507
0.9149990212210908,0.2609584439889742
0.9287553333162815,0.526974596488732
0.8990848355157408,1.0047287106840848
1.0,4.526284613619729
