alpha,s
0.7790383761173607,0.0
0.9560773865425488,0.05437182194488654
0.9809808147586813,0.13909519022298944
0.9610040187355694,0.299268643839427
0.853940724077768,0.6587030814334867
1.0,4.616660536566018
