alpha,s
8.016716069134983,0.0
2.403988572132487,0.00592048414394282
1.8241384235194564,0.04686959489242247
1.5849663777430485,0.15218498139544334
1.215320678954426,0.42376310114255417
1.0,5.001886183330838
