alpha,s
1.1193657046308452,0.0
1.3074621472776082,0.10858559980497486
1.3211684752398303,0.2328553894034788
1.0974133211124584,0.4231581080903461
1.0505663396428617,0.8628749531074086
1.0,4.6864916850882175
