alpha,s
0.08318475280955778,0.0
0.10377079579383798,1.3041095890411
0.10785270910388076,2.36438356164384
0.22142427358679304,4.17260273972603
0.45949021089028275,5.94520547945205
1.0,8.17808219178082
