alpha,s
1.0057056316345427,0.0
0.96731507380977,0.1178416178129038
1.134233487491717,0.2796590888230302
1.0714950400821577,0.4851834976420581
0.8366321743357552,0.8922130433308371
1.0,3.922625576226239
