alpha,s
0.005205993238312989,0.0
0.021229291426899426,2.04876712328767
0.024537605674960515,3.20547945205479
0.04824560015621325,4.4953424657534224
0.07716130988434948,6.144657534246575
1.0,9.4986301369863
