alpha,s
1.0026651594240132,0.0
1.00469413547089,0.13626583057825298
1.3222944345873455,0.3211526424057292
1.1046302299032864,0.5278143631577094
1.2781351508237737,0.9752008210326361
1.0,3.91926248772304
