alpha,s
1.148802251995167,0.0
1.1617378627350554,0.0999112117509609
1.1127332545083946,0.2366478761787238
1.0012973503292875,0.45568341889783326
1.1880864618108065,0.9165433625492124
1.0,4.263330129381438
