alpha,s
1.8793954203143872,0.0
0.9935099244694439,0.00817191884890426
0.8959444910618553,0.0642805104032238
0.7081099291727597,0.21625888496740436
0.8318430385781386,0.6600503210527926
1.0,3.4386408364369743
