alpha,s
3.9695085300351476,0.0
1.736880430868175,0.005089596943026662
1.2662284676789322,0.04112390493132919
1.2238304689369728,0.14635062402390528
1.0639784113601465,0.4311048719053877
1.0,2.789196704939841
