alpha,s
2.210638123613779,0.0
1.20389984091627,0.05926401946674486
1.214648876587049,0.20710498553963155
1.2336197742629453,0.45288383255232845
1.4298205528679067,0.8661541968280049
1.0,3.673031050273887
