alpha,s
0.9988120947586677,0.0
1.0496116006064382,0.07843389936948267
0.9215928235167778,0.19017445614956321
1.0033459508609421,0.40586923295312505
1.0570940375142117,0.807879806727467
1.0,4.39134669418466
