alpha,s
1.1166756070124904,0.0
0.8917909347691713,0.09838486418650118
0.9069956113796099,0.26746572279780123
1.1623163352717814,0.5207609899862854
0.89835789016716,0.9007748376930306
1.0,4.469755756875091
