alpha,s
0.6871866372242305,0.0
0.9398028493018475,0.16437999024425293
0.9120778039855625,0.3361682076540757
0.7359840335907818,0.6076873762765255
1.3140428848052235,1.2861554364417154
1.0,3.71733449616455
