alpha,s
0.8965823115591569,0.0
0.8952013690966116,0.0864030247484455
0.9845936339771111,0.2289445362195937
1.0044338706252622,0.4510217113175869
0.8343637657888932,0.8789562031085539
1.0,4.250295395710925
