alpha,s
2.238493088868173,0.0
1.4408034371931355,0.033719052579219456
1.1726383024109481,0.1245285472325692
1.3355740168415944,0.3179058954999696
1.0583394624534828,0.6419668171478055
1.0,4.540256284302601
