alpha,s
1.0419736691090904,0.0
1.1139821545119946,0.1159531012726199
0.8085778060556537,0.2637165843387227
1.0485480646212593,0.5656117921499283
1.132629804995319,1.0186517639769759
1.0,3.2348792231724177
