alpha,s
1.9370674796037153,0.0
1.4864507027771838,0.05283032862572395
1.293110647729048,0.15877543563185492
1.3684118259787004,0.35078461887834844
1.1134760814384772,0.6826177780589384
1.0,3.758939145246485
