alpha,s
22.596713048045128,0.0
5.270732848519349,0.00976261539537296
2.8467557060302027,0.06228284013543712
1.8634858614246637,0.19473608562947425
1.2874310035849403,0.5278338876722198
1.0,4.66665240301618
