alpha,s
2.644951396081917,0.0
1.926005565459176,0.05227653196141945
2.093497059244784,0.14924903605847142
1.6616478436528064,0.2899755663169118
1.7004594012547523,0.6042814040973027
1.0,2.685080961126208
