alpha,s
3.1887874506697065,0.0
2.0162544249728214,0.044020487998413425
1.6104170858818172,0.140828309192449
2.128195940519256,0.32392709762103267
1.4474429831193225,0.5855862828324836
1.0,2.70175970378786
