alpha,s
0.9634926270552301,0.0
0.8624770460070481,0.11214886924905101
0.8014742629067272,0.28960158526663893
0.8839051508570241,0.576358158706333
1.0419122664392575,1.0475069097858458
1.0,4.065463240262313
