alpha,s
0.7953557203661721,0.0
0.8372289669619508,0.12294177580740784
0.6630811137173012,0.2880409351239524
0.8740622837230498,0.6031783810111475
0.9257353187946031,1.0450137233398025
1.0,4.429218192359362
