alpha,s
1.6851358113430355,0.0
0.9672223153195705,0.034531761899114125
0.9068752761990228,0.141533049009047
1.288431542106493,0.3563145531252029
1.3270080739749734,0.6759471597279573
1.0,2.370092926956105
