alpha,s
0.011147086513349558,0.0
0.11221773961770774,2.2361643835616443
0.1003750556345893,3.20547945205479
0.24162360720877674,4.385753424657538
0.9219196781735128,6.14794520547945
1.0,8.03561643835616
