alpha,s
1.248890531262326,0.0
1.0129164520649698,0.06982365149037578
1.0668191592541314,0.19684255808372045
1.0555398537135625,0.39686959093008145
0.970359116196665,0.8009166850468195
1.0,4.711313308765611
