alpha,s
1.2164015132269306,0.0
1.1733874890971006,0.04783307196678924
1.1419556628373233,0.12923740253350924
1.1080507803343445,0.2786527142634645
1.0508736504895577,0.6250842957904907
1.0,3.8268421297927646
