alpha,s
1.0499593797917754,0.0
1.1912462504225843,0.08090626045168983
0.9255016694362052,0.1858689800086169
1.0439012796513516,0.4095245495536364
0.9564036760753525,0.7964179363915141
1.0,4.518578380009779
