alpha,s
0.9672483103536073,0.0
1.0883903239665391,0.1108264829956529
0.9457472740852992,0.2549240337088589
1.0775046828287416,0.5150593728023777
1.0244610129986458,0.9704194550485594
1.0,3.5096929876646072
