alpha,s
3.968934547700531,0.0
2.8667280102052124,0.04437178051247048
2.4805196387256907,0.1213728275060942
1.5409555751922903,0.2504087245939882
1.2584555075140609,0.6370003304865561
1.0,3.511814479794086
