alpha,s
4.661685591719602,0.0
1.612917131828121,0.00817191884890426
1.2266515000228873,0.0642805104032238
0.8962604387397889,0.21625888496740436
1.023819251859028,0.6600503210527926
1.0,3.4386408364369743
