alpha,s
0.8316325463661345,0.0
1.1401419088645355,0.07035121424113924
0.9791893172360354,0.1574289831876064
0.6890918045737668,0.33390264469753306
0.7616896427353408,0.851063538805757
1.0,4.69628943700908
