alpha,s
5.161063282684597,0.0
2.10942757510525,0.03340236230003242
1.3591136935513148,0.1413987090734628
1.3289164405874363,0.3701496023643951
1.2097161617468337,0.7958175577661083
1.0,3.1770530933341345
