alpha,s
1.5722650442832153,0.0
0.9435422489258671,0.006053055693229242
0.8057800918960037,0.05096959448262926
0.7899357475896702,0.1889031040368742
0.7976073047152068,0.54455475175491
1.0,3.1650995022923687
