alpha,s
0.580322129061441,0.0
0.9265490983943853,0.10218188042583012
0.848667743485604,0.23255881310049042
1.151252500714045,0.4841915555265435
0.9997821832843149,0.8273536431166609
1.0,2.6831436454682454
