alpha,s
1.0223679396442535,0.0
1.149461574619683,0.060890538178703886
0.9715005338180754,0.15197729397504545
0.9633698416504696,0.34176928686466956
1.1414369000409144,0.732508381503111
1.0,3.1865958354677963
