alpha,s
0.20211926246913814,0.0
0.3648326137540812,0.17219113716553378
0.9854016551220993,0.39976133116804136
0.5891901807301071,0.5514792200905116
0.6630996671935582,1.1152122920552423
1.0,4.643169331847175
