alpha,s
1.663941795805242,0.0
1.322305434950638,0.00917663095262748
1.0037680907679338,0.05281108168824809
0.8165756097022895,0.185152671469717
1.092135161642547,0.6118190031021968
1.0,2.638628488274411
