alpha,s
1.056424734379616,0.0
0.8294538531502238,0.1138081842970887
0.9484981553563715,0.30687752073455693
1.0566939411238088,0.558596856747266
0.8427546897005723,0.9656546077766414
1.0,4.794548516757494
