alpha,s
1.2928919657281475,0.0
1.364213607886185,0.13605596520242913
1.697453895349906,0.31425281933309723
1.7291874417679418,0.5153339288317923
1.7643132962575703,0.8988999275209965
1.0,2.8647845421492284
