alpha,s
0.3200784134027424,0.0
0.6115109793325086,0.10984320787936983
0.6576077623956866,0.24885564568997304
1.048163822472912,0.5037101779460172
1.1584774309830548,0.8818341724354765
1.0,4.268482492243935
