alpha,s
0.2824541375897982,0.0
0.47643528406850566,0.10209840068115227
0.7798773655698362,0.251013415388944
0.8189862129525385,0.4405514013105714
0.838866986317726,0.8358323584141698
1.0,4.822145655798697
