alpha,s
1.3640546399121452,0.0
1.3010847831404595,0.08348405205297123
0.7315914570641816,0.20926668216280067
1.2090845858565586,0.548702930090315
1.1003057806679175,0.9253932018840214
1.0,3.903465733697464
