alpha,s
0.33718144529594857,0.0
0.6142102198593854,0.11409476594667876
0.7679838752267436,0.25498541553657417
1.1126069403800078,0.4818828342179021
1.1614271394709899,0.8499391884894368
1.0,4.139828374042139
