alpha,s
1.0992608397748806,0.0
1.0639919387150687,0.12244350077837582
1.0602271155395036,0.29212203324373914
1.0544405389298872,0.5454091904473312
1.0391592815376367,1.015210998247819
1.0,5.544583735934244
