alpha,s
13.335262026430486,0.0
2.3664788096468197,0.006792528740637161
1.5149883655819758,0.06261959853061227
1.2512179270746113,0.21000142329669674
1.0904765931388691,0.5561112361121497
1.0,3.613740999855484
