alpha,s
0.7928486492164091,0.0
0.7957749636371474,0.1030945279619307
0.6427566413105884,0.2734800824378443
0.8319275604380258,0.6005809537967979
0.8946712928860822,1.12941516023456
1.0,3.409537771860596
