alpha,s
0.7176548642487652,0.0
0.5385198053686591,0.1232080125185826
1.077791437630398,0.3677413156453185
0.6917110276543215,0.5749860022932627
0.9985233266685462,1.2144280639222498
1.0,3.7187737441263415
