alpha,s
1.1478262570641016,0.0
1.017908990636134,0.06428581292812569
1.023527158499496,0.17664877083225336
1.078826547627161,0.3684012818904483
1.1052571487472989,0.7576651627117184
1.0,4.475286952479164
