alpha,s
0.8701642221009924,0.0
0.8499184300843835,0.08391207704105258
0.9856154057965522,0.2325550653399503
0.9792455449963292,0.4497319431970119
0.8476974454439224,0.8631675354371825
1.0,4.761886995659645
