alpha,s
2.5229407645426494,0.0
1.462145563621336,0.05758353713362277
1.829767311218323,0.1931157061281462
1.2792574480626782,0.3599782993531735
1.21453419061761,0.7365733100654981
1.0,3.84463603361729
