alpha,s
0.00946112140244801,0.0
0.6184012687718997,1.95342465753425
0.09674764519346031,2.03561643835616
0.2265065314884361,3.74246575342466
0.46983052177536994,5.15890410958904
1.0,8.22739726027397
