alpha,s
1.110551457232632,0.0
1.147284053284777,0.1178077269189658
1.1408130555469143,0.2725960043710151
0.9746357176318992,0.5013065404833058
0.9806896719853808,1.0008452003312902
1.0,4.03923526132032
