alpha,s
1.3624239872935169,0.0
0.7820852662935943,0.04155650036127034
0.8727019774891414,0.16739890733432186
0.7995793639264742,0.3637477777711053
0.8237929480057704,0.7866459647554451
1.0,3.5859469951970206
