alpha,s
0.41955005699454556,0.0
0.5869030317444323,0.1187159578431454
0.7256553951474052,0.2761366451493475
0.7968876236311655,0.5037864686359177
0.3768531290044732,0.8529195069991974
1.0,3.871658807619601
