alpha,s
0.37539285011926615,0.0
0.5415987460796794,0.09305802675608905
0.7069394320362327,0.24721459548211142
0.986677104403973,0.48020651679541926
0.9209109779382235,0.8633011682262045
1.0,4.640130843602332
