alpha,s
0.025399167371850575,0.0
0.13442192913077874,1.82739726027397
0.08801421340382927,2.23013698630137
0.36037992033139077,3.804383561643841
0.26689625280420576,4.6635616438356156
1.0,9.4986301369863
