alpha,s
3.437450348176064,0.0
1.823855172176525,0.043604760405950724
1.4746804934878008,0.15500234179781108
1.5727675329311346,0.34697242252017757
1.202773612231239,0.6988019200539525
1.0,2.6609237082234376
