alpha,s
1.8037458421670356,0.0
0.9302166091162001,0.0043909951985927
0.9277330913080484,0.0485938366117404
0.8916077364492097,0.1712780527988381
1.1322169137852924,0.5089045431060724
1.0,3.832363484241453
