alpha,s
1.3926713866350793,0.0
1.974988674210258,0.11465812602592908
0.9193348907441468,0.22010157438690267
1.2677109312433372,0.5658958275753477
1.0267856681939773,0.9737868484141612
1.0,3.9341794824134153
