alpha,s
4.279687594280322,0.0
1.5436337285759998,0.0403367214307466
1.8866429258416582,0.1856867232145784
1.2811404405424918,0.35784706168656216
0.9031223371969669,0.7854953161827702
1.0,4.342733187546769
