alpha,s
0.0661200451811929,0.0
0.5940789545539723,1.9709589041095859
0.08876832574985512,2.29315068493151
0.16969884345018113,4.3769863013698656
0.7349486652536498,6.97534246575342
1.0,9.4986301369863
