alpha,s
1.0404006450735312,0.0
1.0877007949555833,0.1294861078438693
1.2012412674510802,0.29493120518840893
1.1343713649106197,0.5167690849505231
1.070998322494845,0.9462320875158938
1.0,4.365442607268222
