alpha,s
27.48589571844315,0.0
4.8789766206766965,0.005135656409854721
2.201423435174877,0.045213793031136255
1.5475280740550719,0.17600246643203693
1.2628913332560185,0.5233872275441206
1.0,2.970749921685901
