alpha,s
0.00041865074214578847,0.0
0.0035183825905404,1.33424657534247
0.07886453237201253,2.2131506849315064
0.09343583033910681,2.89205479452055
0.2868647294252305,5.12602739726027
1.0,9.4986301369863
