alpha,s
3.431657125104021,0.0
1.6641895351057419,0.044166100501257105
1.4857363120499207,0.16459822988405182
1.2695888550492473,0.35574200193292144
0.9758931161311459,0.785490952381506
1.0,5.13455402999264
