alpha,s
0.8144471465984456,0.0
0.6779055655021091,0.08375570754363314
0.8483759300072412,0.2577952817504687
0.6293596884955802,0.47972935436688563
0.583022231734742,1.0934498482505601
1.0,4.962306390904603
