alpha,s
4.082663855121177,0.0
2.405617507932245,0.0422365882220638
1.4093313168304906,0.1344134565598456
1.2087629025307605,0.3564322509687133
1.1060489400253253,0.7899108627345458
1.0,3.809914378536181
