alpha,s
0.10902932117373067,0.0
0.25904390069810523,1.999452054794518
0.3056307596243036,3.035068493150686
0.37493301456997424,4.453150684931504
0.7216540564902607,6.14794520547945
1.0,9.4986301369863
