alpha,s
0.406697826045395,0.0
0.48396357293682774,0.11723447978231996
0.7016351790761849,0.28862664347515377
0.5780339733747024,0.5069916242414022
0.9290099450430783,1.0860165416818812
1.0,3.475175199554605
