alpha,s
0.29322961415545434,0.0
0.6069263068665498,0.1502044783112517
0.5428243504612134,0.2734602889575167
0.8334638800120875,0.5322712178843964
0.5783984271198758,0.8802562642915719
1.0,5.1194200143050255
