alpha,s
5.054636992326432,0.0
2.5178547106340603,0.034685116329488105
1.6378059374366076,0.12898677386556656
1.2606139992467587,0.3322550726294188
1.0309356276845991,0.7576118043220411
1.0,2.9250993778087824
