alpha,s
1.2950447865834518,0.0
1.199327608452856,0.10495414409337002
1.14473947788502,0.26163826998573353
1.2138918726759649,0.49576922036022475
1.0087676323759591,0.8974924661192301
1.0,4.4531845759602655
