alpha,s
0.03926297335778101,0.0
0.17935883848055714,2.204931506849314
0.10501908444272368,3.20547945205479
0.22868679997933414,4.1035616438356195
0.5409863279645497,5.85479452054795
1.0,8.16438356164384
