alpha,s
0.29979182374193236,0.0
0.6070489752268812,0.15482671473719922
1.1991471935666524,0.35046603947423394
1.3694074031226682,0.5361608187671671
1.7473487627249273,0.8810003913834059
1.0,2.395664450662051
