alpha,s
12.621392416885232,0.0
2.8535793632637323,0.0036907403769321214
1.5928525313706898,0.0399452712279014
1.377341662971713,0.1693506737971961
1.1690228035087737,0.49645619873165026
1.0,3.661145766158557
