alpha,s
1.030488558025247,0.0
1.1479348666792428,0.07156634832996503
0.996550321524762,0.17004654656357093
1.0029001804470692,0.36010242323673136
0.9829975120963039,0.7526541589083146
1.0,4.419109708232388
