alpha,s
1.1468019119474793,0.0
1.1357265188401209,0.0664652489797457
1.0325886874530819,0.16709001097514098
1.0614096057163718,0.3492504944159386
1.2348763064144348,0.7414029207010645
1.0,3.131081288410752
