alpha,s
0.7006209009111081,0.0
0.8625075471734958,0.0908647416668078
0.8065251954712301,0.2418127382209048
1.063939955472606,0.5154574253582302
1.4367508493194374,0.9390274982541958
1.0,2.799468773037196
