alpha,s
1.0946159792680792,0.0
1.2467178878428116,0.0531557920321291
1.098263371793904,0.1318889731799608
1.0362551761841334,0.2893242689037237
1.001190148020642,0.6638687976996354
1.0,4.809986291865625
