alpha,s
1.1778254836632318,0.0
0.8033714287608168,0.0490986953521543
0.8901535431051323,0.1918133856232511
0.8518538304616038,0.4148531205868026
0.7868502798337778,0.8883673255206015
1.0,4.133703584470517
