alpha,s
0.05418565516078396,0.0
0.13207911750293788,2.04876712328767
0.1319103268487222,3.20547945205479
0.25977896678171175,4.4953424657534224
0.4708877010475373,6.144657534246575
1.0,9.4986301369863
