alpha,s
0.7692947968894145,0.0
0.8731300851982229,0.1115829032813573
0.8925749541915982,0.2519159693111881
0.7954385065926683,0.46900752495686493
0.8840424569600195,0.9583195319576814
1.0,5.151442703850677
