alpha,s
0.05504710380167687,0.0
0.20006998057074615,2.318904109589044
0.2273976907923575,3.20547945205479
0.44049506005585864,4.19178082191781
0.5526699396382093,5.15890410958904
1.0,8.22739726027397
