alpha,s
1.158358082166372,0.0
1.1199662203275755,0.07563501959489279
1.067950345107303,0.1889148781409251
1.041701524090748,0.38399367636321946
0.9918321726046431,0.7830409026178674
1.0,4.415776787982943
