alpha,s
0.02820971191687364,0.0
0.1526204936279506,1.82739726027397
0.09223283299008683,2.23013698630137
0.3591591163196109,3.804383561643841
0.26226184417339726,4.6635616438356156
1.0,9.4986301369863
