alpha,s
1.1038152250530235,0.0
1.5942600528708353,0.12196465727352487
1.1751870496846,0.2343933563645069
1.0642883241632095,0.46488134476491116
1.3248885690484942,0.9448766314383557
1.0,3.5088306107429146
