alpha,s
1.1324129116993216,0.0
1.1912033132090274,0.1115829032813573
1.1345479642885197,0.2519159693111881
0.9408780208390459,0.46900752495686493
0.9761045009005175,0.9583195319576814
1.0,5.151442703850677
