alpha,s
1.357529389448686,0.0
0.7117077980685252,0.09527316519707786
1.0415174642371599,0.32610095768707054
1.0410712792543986,0.5710960808819218
1.1586660583177362,1.0065984177345313
1.0,3.0722179167663017
