alpha,s
2.11337843639153,0.0
1.255716982590295,0.049840849915252
0.9417411611611285,0.1678616757158803
1.2844875272695555,0.4282956269710981
1.4685170364167817,0.803902976642814
1.0,3.308493763062955
