alpha,s
0.06188748793469502,0.0
0.17274775807032566,2.29315068493151
0.286117897172847,3.28767123287671
0.22046311303622837,4.19178082191781
1.923095488808449,6.26301369863014
1.0,8.17808219178082
