alpha,s
0.27032373639919843,0.0
0.6147831378535444,0.1820568041138136
0.7867829959223049,0.3663179449177924
0.8537454828104817,0.6502483217770358
0.9834894951425965,1.0881185359590908
1.0,3.451148187468652
