alpha,s
0.050445667296015524,0.0
0.1652192017572209,2.140821917808216
0.18958733932464233,3.0969863013698617
0.1859258371501444,4.281643835616439
0.6555084533955808,6.277260273972606
1.0,9.4986301369863
