alpha,s
1.817680513320085,0.0
1.057313042550929,0.004516152336927541
1.0629916042706586,0.04518969043408892
0.9240517236324526,0.1540682764808258
0.8523452131896516,0.4962021286729287
1.0,5.560384958802589
