alpha,s
0.05889322732753321,0.0
0.14843075519163376,2.03561643835616
0.20129860897969765,3.10684931506849
0.28488145032183765,4.191780821917811
0.4400858833742838,6.13150684931507
1.0,9.4986301369863
