alpha,s
1.4815550851053811,0.0
1.2947541939030012,0.04375547608183522
1.093965398663812,0.13909707620666978
0.9284164162121008,0.33909740186559484
1.7973527790693733,0.860980464541449
1.0,2.7704438381131
