alpha,s
25.27773904442165,0.0
3.7320796471192854,0.006049266521950981
2.6762716838499365,0.05946426817316742
1.6667257217460658,0.16638564657026927
1.0958389453385848,0.49255730034289735
1.0,3.3579817408413586
