alpha,s
0.02634205823428053,0.0
0.09308458648156326,2.7753424657534267
0.09363184463703753,4.17260273972603
0.3852814317234254,6.14794520547945
0.35065132940979243,7.04383561643836
1.0,9.4986301369863
