alpha,s
1.1851356998620632,0.0
1.0827751929907277,0.10415061870396096
1.1350406610491155,0.25986657938068514
1.0869602473696138,0.4906834646112917
1.307820185135251,0.9381539379596548
1.0,4.00833477160721
