alpha,s
1.017663246874275,0.0
0.9986440811566216,0.18638837984154027
1.1536540638076105,0.43145499098852214
0.9946414850810177,0.7295272337852551
1.1010243106956985,1.321686654446655
1.0,5.049912911675938
