alpha,s
1.1149248114703907,0.0
0.75199812918349,0.1100626157044405
0.8532868943293515,0.3317711580243683
0.9596359441650909,0.6216412403923718
0.9842996471435619,1.0976030437029338
1.0,4.96915072164421
