alpha,s
20.77605607798141,0.0
6.543210543347057,0.006921182937258202
2.569410151713605,0.0364020145593174
1.7679183173727302,0.14986002613572566
1.7312315103052596,0.47420111733306297
1.0,3.347942241855292
