alpha,s
1.2393392687155969,0.0
1.1402481394609358,0.08884917310184916
1.3368556807811967,0.22547749480578358
1.4781657879203538,0.404051164468537
1.019294524236837,0.7115083355098624
1.0,3.496270401525814
