alpha,s
0.6268010959498211,0.0
0.7209251929843513,0.04766161007842475
0.715940864043011,0.1248208014862104
0.7381910445858153,0.28876420428926797
0.909505507633865,0.7030502644139887
1.0,3.745318810114703
