alpha,s
0.29875216172686564,0.0
0.5084770328160547,0.1311264574522158
0.6557916227293882,0.3000485488184163
0.8860148857741825,0.5620236931872491
1.1367343517940216,1.0401459099095511
1.0,3.618485204088106
