alpha,s
0.7283313056579815,0.0
0.7331463461392816,0.12281778476429801
0.8501615967105212,0.29919676283114427
1.1491668961374126,0.5474966013577607
1.4911370128676797,0.910930736035318
1.0,3.346407538340067
