alpha,s
0.04530864632850155,0.0
0.20414393490569707,1.7287671232876705
0.10353453965534766,2.267945205479454
0.24817736744592928,3.7643835616438364
0.30061426061171365,5.194520547945203
1.0,9.4986301369863
