alpha,s
0.9492783574797503,0.0
0.8823577102561253,0.0580248775742734
0.8897822285314897,0.1878081323627405
1.0140343840447503,0.4184540012948788
0.9518307457986178,0.8085184261177711
1.0,3.3317148942602417
