alpha,s
2.0621002940652207,0.0
1.4472843114951008,0.09673530487634985
1.5974145675882925,0.2751957124761496
1.1918239634072514,0.4997576881778018
1.1788008150127574,1.0293024163608675
1.0,4.238640553272335
