alpha,s
1.1097788621517697,0.0
1.2493940565812527,0.11609673101829662
1.0181179363205448,0.26004885311727
1.1171707837941067,0.5194713980692203
1.3384968297699564,0.966266324937477
1.0,3.250689497776979
