alpha,s
1.567948429443514,0.0
1.124149085505177,0.0845850466161783
1.1712036106475052,0.24161223230791626
0.9139921547602938,0.46650122077627665
1.491386274408415,1.0165041828335015
1.0,2.796724920703128
