alpha,s
30.643195396987075,0.0
3.745101010870731,0.0046472743599439
2.3696118918486895,0.0561150928599776
1.7174971348251018,0.1759547366664026
1.3274374615722977,0.4771476288449929
1.0,2.5640548567302326
