alpha,s
0.6188803930014671,0.0
0.7142776292220074,0.10065809109229623
0.8530283764507596,0.24809998862369834
0.8519135985365787,0.4552934701548227
1.233721464668891,0.9371414292905602
1.0,3.425128621892729
