alpha,s
0.4657319847191891,0.0
0.5963321602223287,0.1109636461760583
0.7493016062926247,0.260368082340131
0.7204221159177475,0.46942912968315215
0.842946814910348,0.9305832877500956
1.0,3.5826815921772344
