alpha,s
8.94782536282496,0.0
3.0731542416727917,0.005150256909520042
1.532887042934372,0.0360242057383596
1.6531675521944642,0.16299068067895373
1.4247796908249706,0.4136758718320238
1.0,3.4788136624161585
