alpha,s
0.9752924549621985,0.0
1.3890898288687157,0.1551238866322092
1.156284606741904,0.30561517984965003
1.3550298003596521,0.559783383941191
1.7179763025391497,0.938981260221183
1.0,3.2639109871883187
