alpha,s
0.7292243973012811,0.0
1.46144497173371,0.17783042079199185
1.1275793179921454,0.2983017760558883
1.1791511825821683,0.5325000728224941
0.9536915697850363,0.9294752442142853
1.0,4.904096041739827
