alpha,s
0.8430009353890754,0.0
1.088826704929991,0.082092486227342
0.9012423184532263,0.19925573016923712
0.6500610945936284,0.4273008806230018
1.0836632669228274,1.0829265746348062
1.0,3.827143566506919
