alpha,s
0.5378176414113635,0.0
0.6798654343105841,0.11409476594667876
0.7312564609325104,0.25498541553657417
0.9708666018635613,0.4818828342179021
0.9501630874935902,0.8499391884894368
1.0,4.139828374042139
