alpha,s
0.3089443194442999,0.0
0.5486917232361338,0.11978395921556768
0.5508000247932294,0.26243834772206526
0.7160538742337375,0.5397321150121004
0.8427162962952762,1.0259549708890576
1.0,4.049512499269195
