alpha,s
39.37338720552254,0.0
5.294956533431696,0.0034518809160966
2.38165394368699,0.038674443079637
1.580063212770304,0.15320480047865598
1.1443269725049336,0.4779028361593567
1.0,5.122983962125218
