alpha,s
1.0241822091306036,0.0
1.011528655473577,0.10194166727745961
0.9493916820917916,0.24346869291448348
0.779370639998374,0.4816621421082329
0.904190913172234,1.0289974974972858
1.0,4.437502902441951
