alpha,s
1.8109196730339951,0.0
0.8504359580259319,0.005353167957101621
1.1245046784353183,0.05898837084928053
0.7275812828673508,0.1565310569449716
1.0721527671799205,0.5865776415059917
1.0,3.1197331528609884
