alpha,s
0.3388815114868819,0.0
0.6640428305977559,0.12744333028324184
0.6535452156915537,0.25576562875364045
0.7569491395420257,0.5053384831260623
0.9427522143321485,0.9667526555651349
1.0,3.6481968958717057
