alpha,s
0.3451711912800408,0.0
0.748106658466147,0.09415426447936984
0.6614067526595044,0.20568659954950888
0.7670505463626738,0.4493964586024968
0.7989271419052472,0.9415533243890623
1.0,3.804193705223169
