alpha,s
2.4096140974307683,0.0
1.8182142980385745,0.05227653196141945
2.0198244365466915,0.14924903605847142
1.62155572264197,0.2899755663169118
1.6708752147138022,0.6042814040973027
1.0,2.685080961126208
