alpha,s
2.0489258689739653,0.0
1.0697313761006932,0.045455709201305435
0.9468156936788675,0.17021179538537282
0.6719794335403882,0.40115790362314013
0.6451776383459391,1.0047573719874678
1.0,4.155874456215472
