alpha,s
2.558635944167927,0.0
1.292995722661003,0.03110859877394301
1.1812131870002078,0.134952522422645
0.9349329795098522,0.32694934674339093
0.6440791838031987,0.7657757748472439
1.0,4.201182783033947
