alpha,s
0.8661070124248523,0.0
0.741891477406687,0.16654499469896766
0.7317941334824777,0.40648237640059864
0.5194152860578575,0.7140447017683283
0.3883172522755815,1.3615318386225919
1.0,4.292642082816499
