alpha,s
1.220434755678125,0.0
1.416691058202399,0.1393488031575567
1.2670836227559494,0.2944987593846304
1.499061935127406,0.5409131774539343
1.2094020992493444,0.9291586172904516
1.0,3.654970845913436
