alpha,s
1.0896780776261776,0.0
1.1854796133039727,0.08876252764510145
1.0410166237916023,0.21410676951904692
1.0110347422506702,0.4519701293288644
1.1998850869261817,0.9161483804344607
1.0,4.266044041673383
