alpha,s
0.31555639293072907,0.0
0.8692119733092306,0.1073371564397486
1.2177589063361418,0.2012630603259331
0.6017304829979644,0.3401040312669632
0.6086219862356601,0.8922673561119175
1.0,3.33109280154805
