alpha,s
0.007550843326050147,0.0
0.021535460898704714,2.29315068493151
0.06325582796303657,3.730958904109592
0.10398286798539254,4.914520547945207
0.15865878882193996,6.35890410958904
1.0,9.4986301369863
