alpha,s
0.34681518404421546,0.0
0.6192676179206055,0.11813062563241206
0.642424167819415,0.25340116117369504
0.9454995910099332,0.5261672016633256
0.982744466190076,0.936272664293163
1.0,5.213150347220227
