alpha,s
1.0289020234067794,0.0
1.3755795716908306,0.1191557591192567
1.0862419111013681,0.2423620997996729
1.0775520086780987,0.47861386986014354
1.3557990244140408,0.93018466651151
1.0,3.63829551402941
