alpha,s
1.0172400748622499,0.0
0.7991246922174623,0.11450945752214858
0.6816828703328855,0.3116650857682234
1.0769662680640395,0.6805122425553023
1.0402207412073896,1.1160845648512299
1.0,3.9230082503756
