alpha,s
1.0518046787700002,0.0
1.0890376563649506,0.18521376281537902
1.1551120801459551,0.42086623456384903
1.084707446615033,0.7236886336467047
1.2899495662911535,1.2744430538315017
1.0,3.403647760890001
