alpha,s
1.175904874761017,0.0
1.0629060261616405,0.04546059299967628
0.8876151401959698,0.132116467798556
0.9347145078697805,0.3176366417753142
0.9045625550083227,0.7047377520687997
1.0,5.657541337790711
