alpha,s
0.9640243993315639,0.0
0.9192304473188182,0.12281778476429801
1.007501661257234,0.29919676283114427
1.287050644607386,0.5474966013577607
1.5695205138573602,0.910930736035318
1.0,3.346407538340067
