alpha,s
0.8410137743073732,0.0
0.9300201122981526,0.13179221587790302
0.9870659797811216,0.29364968271056785
0.9439313010561001,0.5332407044421361
1.1634278954757362,0.9979356942684579
1.0,4.703104856402371
