alpha,s
0.021194405499769958,0.0
0.07797143343162569,1.2630136986301361
0.15010887761428945,2.23013698630137
0.15894445880917007,3.28767123287671
0.5235959828657591,5.133698630136983
1.0,8.22739726027397
