alpha,s
1.2918475434118468,0.0
1.153715893848444,0.1561438565021634
1.4867367572455834,0.3790773108093765
1.1480307947585344,0.6237527078299528
1.2392467248973216,1.1697874743335943
1.0,4.627529087414263
