alpha,s
1.0791412585051183,0.0
0.9312972276191125,0.07284881395158616
1.2577204210436757,0.21442884926738046
1.0080072455012297,0.3938039152086518
1.0240494534435274,0.8324854592310716
1.0,3.9153469726898846
