alpha,s
0.2839773628473943,0.0
0.4800631141879626,0.10495414409337002
0.6272729300330514,0.26163826998573353
0.8602508421486933,0.49576922036022475
0.8998143195708019,0.8974924661192301
1.0,4.4531845759602655
