alpha,s
0.961315109481241,0.0
1.0254546088879701,0.1398177471243561
1.1006825473761292,0.3135876754315878
1.0500127600120719,0.554155784476675
1.174997754553245,1.027921604840344
1.0,3.952279555398644
