alpha,s
1.0902386059193792,0.0
1.0610197710816702,0.10630059120882247
1.0730781846764161,0.25593468717529844
1.0383138264220915,0.4894199672344611
1.110182488682851,0.9383942263489334
1.0,4.405587114075323
