alpha,s
2.771885624929793,0.0
1.2039732980764888,0.0425448856751411
0.9509565520263605,0.18184673984526065
0.7698270913489859,0.4481352763994459
1.0910723579481916,1.0448706707718367
1.0,4.405685667261735
