alpha,s
0.3250296353332395,0.0
0.5618232313738089,0.1325816922631453
0.8030839248904076,0.30011531274932113
0.7763946999138494,0.5313182023159712
0.7944113941977292,1.0099260546312119
1.0,3.463230141760615
