alpha,s
0.11287558602741396,0.0
0.21353987667199092,1.038356164383564
0.13525821810366054,1.9605479452054788
0.24131627228367264,4.2027397260274
0.7113160173152591,6.020821917808222
1.0,9.4986301369863
