alpha,s
21.816977429855946,0.0
2.6502157468879166,0.003968486775973
2.1937470658616585,0.0535230860407758
1.6396495287243145,0.15628058212428297
1.353842826688043,0.4464579496696848
1.0,2.7802521236928053
