alpha,s
0.8217335462781755,0.0
0.6947320849902358,0.09838486418650118
0.7471253341999845,0.26746572279780123
1.0087675124418285,0.5207609899862854
0.8165266006989867,0.9007748376930306
1.0,4.469755756875091
