alpha,s
4.116572348486918,0.0
1.9530468929743812,0.04465097313951786
1.951931053273306,0.16383682039806
1.4885443944874632,0.32804591277441414
1.1933061810770222,0.7111880622690125
1.0,4.835546020635269
