alpha,s
16.277385514203456,0.0
2.2790925474676476,0.0033786474626771
1.4802191713598032,0.0449648030405765
1.2950897482275296,0.1638151929407588
1.1895700136273628,0.4702068226232969
1.0,4.069696629752516
