alpha,s
3.43303808558209,0.0
2.1245979651998765,0.04375547608183522
1.5106675005183625,0.13909707620666978
1.11914544974326,0.33909740186559484
1.9848317358601497,0.860980464541449
1.0,2.7704438381131
