alpha,s
0.40793000954730724,0.0
0.734810673324282,0.11933408347860598
0.7658740460497118,0.23728869173735423
1.0182738556079531,0.4468956131019103
0.9252966570351733,0.777627350889756
1.0,4.201754192755516
