alpha,s
0.48622725927434035,0.0
0.535446738556031,0.10899136476929062
0.4891454204123157,0.2683098355925693
0.7629426940799485,0.5911299759459478
0.8453968190640474,1.0353873684016996
1.0,4.277097010063101
