alpha,s
11.743660561943829,0.0
2.4276808752940555,0.003947501773509021
1.5337203258963996,0.040165122957839215
1.4768452387539857,0.14908882825110883
0.9689966822057492,0.40086514257771927
1.0,3.662900955199559
