alpha,s
0.0002778551041889118,0.0
0.014656688364740258,2.232876712328768
0.023446537915007115,2.818082191780825
0.12857232175771338,4.196164383561646
0.19657220386444788,5.697534246575343
1.0,9.4986301369863
