alpha,s
4.738372734303645,0.0
2.1227720465427,0.04162203066446644
1.956629294706721,0.16045345050043094
1.5198973388570653,0.3448208635925985
1.1069092139887202,0.731555421975108
1.0,4.240532818282173
