alpha,s
3.2633387655609463,0.0
1.631668898138737,0.0038074352364840204
1.1004516555418504,0.04128082882517324
1.0849399102626833,0.17508816817003012
1.1311565020690801,0.47852888918552594
1.0,3.064181977092
