alpha,s
1.0906423314221985,0.0
1.0793688432416557,0.09990768098732318
0.9405662504208262,0.24846813852954105
0.96246627111565,0.5156124314488465
0.9780923400845157,1.0016688057662606
1.0,4.36989350909767
