alpha,s
56.1082692091843,0.0
9.120826230188666,0.00402657223816528
3.6291396328344026,0.034592883258900184
2.6470165277607856,0.1405079235948335
1.8428573369003558,0.3932398523033069
1.0,4.493850008328173
