alpha,s
1.046139509028334,0.0
1.015452104615145,0.09412076421006989
1.0909729352122215,0.2355124906992167
1.0254794350120529,0.46285877070986275
0.8707257655389696,0.9044383308487446
1.0,5.468447660335562
