alpha,s
0.9632825360705152,0.0
1.1849566014804926,0.09672920611405823
0.8183154938845424,0.22078590396407266
0.9662175756462101,0.5086286361561569
1.008816446086633,0.9981497381618644
1.0,3.9700416168009407
