alpha,s
0.06251827403998866,0.0
0.09248385956256797,2.23013698630137
0.5133350551457337,3.9473972602739726
0.310763381433334,4.407671232876712
0.5590075639752464,6.33424657534247
1.0,9.4986301369863
