alpha,s
1.230164157770223,0.0
1.095930157550596,0.041306403816781925
0.7644561435544726,0.13814797939044707
0.8933829872577155,0.38883666119666455
1.0183655225996167,0.8116080326486997
1.0,3.92590519059991
