alpha,s
0.8876725764083996,0.0
1.0585792040524742,0.15095011408474254
1.4009332544440907,0.3257943409303567
1.4568832626828259,0.5214017268181956
1.5384660949312776,0.8659711932567887
1.0,2.4953190646299968
