alpha,s
0.9041592864730652,0.0
1.1551542143590685,0.20837829237616445
0.9375321977896397,0.41364610571606536
0.9005464589342559,0.7643107068065715
1.0065787811179836,1.384514204495973
1.0,4.40491722796768
