alpha,s
1.1765867741457083,0.0
1.0060853306598037,0.110217681706751
1.0400503651652873,0.2861154849309416
1.1862079160034071,0.5387743506625028
1.155693757350125,0.9477068757187028
1.0,4.213244190817071
