alpha,s
3.15329010567733,0.0
1.4544702680452146,0.0063986968536508
0.970194631361244,0.0486136649476881
1.0967342929468684,0.19009668402479052
0.9761857311561175,0.4981274604694481
1.0,4.119216052559183
