alpha,s
0.35216518311736106,0.0
0.6170825270953861,0.11813062563241206
0.6386469770379498,0.25340116117369504
0.9349013471022654,0.5261672016633256
0.9676257691624747,0.936272664293163
1.0,5.213150347220227
