alpha,s
0.913515621706271,0.0
1.3277664725716234,0.1300086750906123
1.0667560828692468,0.24995796582303537
0.8854387414363533,0.47683837453066275
0.8558784982054973,0.9539342962973201
1.0,4.138021052515877
