alpha,s
0.001215940961760099,0.0
0.019746551897315025,2.01369863013699
0.059127822017389114,3.20547945205479
0.20904131488456337,5.15890410958904
0.5187848123500015,6.35890410958904
1.0,8.22739726027397
