alpha,s
1.093549462179304,0.0
0.9856439920775865,0.17264138342896856
0.9963294038502563,0.4180670932090765
1.07913861836413,0.7537837090631875
1.1532930794926646,1.2854637481894764
1.0,4.920114442189557
