alpha,s
0.08473049649310349,0.0
0.3159207325920728,1.82739726027397
0.15525878341083,2.290958904109592
0.20416796107498245,4.13315068493151
0.7573538461787057,6.349041095890412
1.0,9.4986301369863
