alpha,s
3.2370581336165913,0.0
1.8103853299099222,0.055000302530562
1.2048471722375715,0.17929680720554927
1.0985279638463297,0.4579853492261379
1.5866790499969965,0.9678789720526633
1.0,3.5496932208328644
