alpha,s
0.06784503459016636,0.0
0.14898701622252028,2.01369863013699
0.15319117340629057,3.20547945205479
0.345703327130439,5.15890410958904
0.7003598392625825,6.35890410958904
1.0,8.22739726027397
