alpha,s
0.037260126276639265,0.0
0.045410808117737816,2.16712328767123
0.16371386843116278,3.74246575342466
0.13492291447305024,4.600000000000001
0.5793579917411626,6.73972602739726
1.0,8.17808219178082
