alpha,s
0.9780924973071987,0.0
0.9507354259849536,0.19592078764231627
0.987975758348881,0.45426309901458456
1.09761208207766,0.8038325278733446
1.0391764092004274,1.3360702892751333
1.0,4.088053783521963
