alpha,s
0.3019884064742485,0.0
0.7298061023247153,0.11845321148162742
1.003689529441578,0.24296469169674964
0.8162016840305154,0.416675652464146
1.2178642958101202,0.9209800205293323
1.0,3.470557105971805
