alpha,s
36.63116274358561,0.0
6.1119231026820415,0.003881098220223
2.3990465606638645,0.0347769611826371
1.5570688659691017,0.15137430544399258
1.1440865726821983,0.4847467424960685
1.0,4.321595647781233
