alpha,s
1.207560081914419,0.0
1.0016706074639041,0.1043364730226951
1.1659813941852855,0.2750048231905726
1.2209320635272094,0.49602646882826
1.0126929978126504,0.8839729828974888
1.0,4.2614709337832535
