alpha,s
14.302816246031508,0.0
2.793141669215236,0.005153401663127203
1.8355523916724341,0.04763225439198778
1.4238712302934933,0.1562450595870367
1.212206911392113,0.4674097795036928
1.0,3.6209199137186654
