alpha,s
0.07915398310629541,0.0
0.502942995255689,2.232876712328768
0.2648751511144048,2.818082191780825
0.4803105348645657,4.196164383561646
0.4459879686427367,5.697534246575343
1.0,9.4986301369863
