alpha,s
1.196765925445603,0.0
1.2654888466005507,0.11153944737699154
1.2590003149126592,0.25423090360357764
1.3495981679786313,0.4687555520716666
0.9381060963820544,0.8155961626385556
1.0,4.520379241606434
