alpha,s
1.118659211438671,0.0
1.0737865950423084,0.1696886590548547
1.0121019430901703,0.3993444898240061
0.9405867282057055,0.7369397658289248
1.271604782271034,1.3522677233705525
1.0,3.843011297307241
