alpha,s
0.009095868369492981,0.0
0.06118025565717886,2.29315068493151
0.14755320853897516,3.28767123287671
0.14743181315249843,4.19178082191781
1.7492661454225504,6.26301369863014
1.0,8.17808219178082
