alpha,s
2.2813027647722945,0.0
0.773873401097904,0.005296650704867421
0.9529976288195683,0.06945370507416287
0.9450974755641465,0.19760617245822784
1.1491449225558008,0.5109328903409188
1.0,4.505345041640702
