alpha,s
0.08588095827022582,0.0
0.12588973071025095,1.0997260273972562
0.12715177260545507,2.36438356164384
0.1490136669568767,3.2547945205479425
0.8784082975495976,5.8252054794520625
1.0,7.16986301369863
