alpha,s
36.991923098836274,0.0
4.963310841120139,0.0036907403769321214
2.145593751099255,0.0399452712279014
1.5621476982258682,0.1693506737971961
1.1769778688671595,0.49645619873165026
1.0,3.661145766158557
