alpha,s
0.04078403114723367,0.0
0.07441739651760822,1.0997260273972562
0.09917617574043823,2.36438356164384
0.146475504205674,3.2547945205479425
0.9829492425877123,5.8252054794520625
1.0,7.16986301369863
