alpha,s
1.9398654164960647,0.0
1.941209644066687,0.10486019697001127
1.4546502185703896,0.23863843145315133
1.4657636381832637,0.4924631194640745
1.5130961215478302,0.9206635486275762
1.0,3.6839267922668864
