alpha,s
0.002657726771287389,0.0
0.02520091519807708,2.01917808219178
0.10563484793748373,3.01095890410959
0.11601215005602517,3.818630136986305
0.5255378594894597,6.349041095890412
1.0,9.4986301369863
