alpha,s
0.8561896202997216,0.0
1.3614470710000022,0.05664232560799876
1.197585559084151,0.13808154061832642
1.0809524422116599,0.2921394725363476
0.7300517142193648,0.6645921688786579
1.0,3.193618534873903
