alpha,s
1.1014552216029474,0.0
1.0159820075852852,0.0440561879863804
1.0409137124404746,0.128012410958054
0.9668200546457513,0.28675336797715234
1.1958827612262015,0.6905939187323535
1.0,3.81526989177664
