alpha,s
0.673713497927901,0.0
1.248475658327683,0.1495202069947576
0.9877421188279859,0.27463531097816696
1.3673014367696463,0.5212648968274161
1.395770914480184,0.896409359678829
1.0,4.056468069596646
