alpha,s
1.1004579766902434,0.0
1.1593649143028033,0.0801918506751061
1.152448281410037,0.19261791484186702
1.13958640109059,0.3786900848436425
1.1250048497084466,0.7615347977444821
1.0,4.151399898892711
