alpha,s
4.820540732292021,0.0
1.5778418169616006,0.009591878118089
1.249407080880062,0.0615101485448842
1.187655642049818,0.190487201413509
1.08553738736602,0.510154322552231
1.0,3.169532101175876
