alpha,s
9.71760057047548,0.0
2.372747906470244,0.0046607442419630005
1.2506730166138622,0.04267523658514742
1.5243664415068574,0.19045646175262324
1.310696589964891,0.4453530329798233
1.0,2.7731995250021497
