alpha,s
5.878176686266651,0.0
2.829288025499477,0.034685116329488105
1.7906654740584136,0.12898677386556656
1.346011991592895,0.3322550726294188
1.070922198984057,0.7576118043220411
1.0,2.9250993778087824
