alpha,s
0.01848260735012246,0.0
0.029338314406347685,1.3041095890411
0.059798706614821916,2.48767123287671
0.1359242330891769,3.7424657534246615
0.3791636023645393,6.14794520547945
1.0,8.22739726027397
