alpha,s
1.056279530767553,0.0
0.8550692950532468,0.0356314709141308
0.695737488456054,0.1508797123572459
0.701799435839143,0.4163953769651762
0.7687928027397031,0.8991689461213905
1.0,3.362797193111068
