alpha,s
0.6309788912493819,0.0
0.47983594054507733,0.11530940118083881
1.2832250322983734,0.3909155711639227
1.1371389526834688,0.5657323604987093
1.1306194358237738,0.9292480590966473
1.0,3.1476965164234656
