alpha,s
0.991167910710004,0.0
0.8865220006649238,0.12941242060463426
1.1882714814547803,0.33539217138114524
1.0715343464908036,0.560585800506944
1.5788945446513218,1.0223263791938533
1.0,3.8091239386279314
