alpha,s
1.2278487811871805,0.0
0.6665036309471409,0.1565034106249537
1.1043824535293132,0.5275930302789088
1.1218309613077582,0.8565868363752306
1.2026125742832527,1.395150798928692
1.0,4.420407535538593
