alpha,s
1.025467015301131,0.0
0.9448465835602486,0.1286053118815495
0.8831639095642455,0.3173782883779986
1.0051281638225669,0.6142938494443467
1.0375385831778126,1.0993690785030417
1.0,4.9908320188465485
