alpha,s
1.0249228529776127,0.0
1.1771507252756979,0.19818039038422047
1.0195067256033583,0.41002066598699394
1.1780095346413457,0.7595385972768735
1.1857593427344968,1.3152810001792312
1.0,3.7687643298782554
