alpha,s
1.696595609021483,0.0
1.3470436753483832,0.09068257474486338
1.3842107678383326,0.2419721335192285
0.9951972391669319,0.4509437173522563
0.9981095186851868,1.0153599140289098
1.0,3.129641085866111
