alpha,s
0.879744570078669,0.0
1.0588387295430626,0.1403591401456533
1.080955858898318,0.30063667659877885
1.295556864861329,0.5423607948557798
1.041976025978694,0.9043004262766718
1.0,4.5846107153351765
