alpha,s
0.9407171701323995,0.0
0.9878848540061249,0.12775032387098353
0.7395343324049217,0.2923305376745464
0.8205021075530005,0.6126947562059455
0.8585919335574547,1.1609867679462014
1.0,4.31089640487012
