alpha,s
0.5537304968427512,0.0
0.5063796378352763,0.10945582830212662
0.4503791588709475,0.27359799961996173
0.4664514603627604,0.5395320384451595
0.1665658649905729,0.9466188314074503
1.0,5.322185194390011
