alpha,s
0.7014059136075844,0.0
1.0786765252524322,0.0865074601063408
0.9590735786633945,0.19562425116613777
1.0233552563829986,0.4028847058623709
0.7806058637449442,0.8197628940306458
1.0,4.354707189880983
