alpha,s
0.03519540155796676,0.0
0.044536242757104334,1.95342465753425
0.10034703367563234,3.815342465753422
0.32858122272793916,5.731506849315067
0.7123428962138552,7.04383561643836
1.0,8.17808219178082
