alpha,s
0.9692752587165323,0.0
1.1626438051078862,0.13310756001248794
0.8934798540335686,0.28151320612826086
1.3015555119297009,0.5613345661523728
0.8197270284905867,0.951100452436849
1.0,4.611460270831737
