alpha,s
0.035523827338303726,0.0
0.08400402628101782,1.960000000000002
0.102787302444343,3.039452054794522
0.13583735550023218,4.407671232876712
0.41720440584125756,6.320000000000005
1.0,9.4986301369863
