alpha,s
0.6676203845653328,0.0
0.94655546918626,0.052239068323972175
0.5619029177108598,0.16006219398577964
0.9917453363084479,0.5228163023401329
1.2386427559813644,0.9244480384539834
1.0,2.7879675410801585
