alpha,s
29.563916843896628,0.0
5.4676063034924764,0.0049731939830436
2.852715389848081,0.0404823148502362
1.8521418247837886,0.144282734729476
1.5309380991028232,0.4428175428469486
1.0,2.77628289152706
