alpha,s
0.43094076539151915,0.0
0.5744439037920678,0.0902722365098587
0.752460318121761,0.26788331042487085
1.0104312762071994,0.5163759984547077
1.3310422494857574,0.9633264689284865
1.0,2.740382881406037
