alpha,s
0.537089406635342,0.0
1.0889041249588405,0.0957615223477669
0.7027679811532784,0.20757544162201627
1.2981421096273014,0.5198303148684487
1.7855157645914044,0.8584662632763198
1.0,2.807644835905334
