alpha,s
1.2093008020406573,0.0
1.1462287311199055,0.1114432712901361
1.159051505878885,0.26746420654319913
1.172554838583134,0.5006016556364821
1.0997090230913948,0.9177020611869691
1.0,4.755948041467711
