alpha,s
7.880626726248874,0.0
2.560971534294379,0.007205333929193165
1.912002879142329,0.0474590120845626
1.643935134177022,0.15249171230461073
1.4245586044287504,0.42090423419487144
1.0,2.761364656082092
