alpha,s
0.9188681965965828,0.0
1.0186568168561851,0.08587112088398917
1.0290458195792016,0.205455756249755
1.103319581511372,0.40365016033358764
1.0774972241462943,0.798226807941765
1.0,4.031204850620403
