alpha,s
1.4400023819320147,0.0
1.206289042747346,0.0553292370952396
0.9885021261134932,0.16926004718005913
0.9340145721473561,0.4102214612377882
1.53572024032515,0.9267286216049685
1.0,2.621649448021886
