alpha,s
1.4126388512752566,0.0
1.274045475448477,0.05283032862572395
1.1713328378074046,0.15877543563185492
1.2840152051672253,0.35078461887834844
1.0680253215415008,0.6826177780589384
1.0,3.758939145246485
