alpha,s
0.07642289204648055,0.0
0.08447620818459071,1.95342465753425
0.16727219426526646,3.04109589041096
0.1946033173311209,4.191780821917811
0.43294147140580075,5.94520547945205
1.0,8.22739726027397
