alpha,s
0.004928877453928214,0.0
0.04102312074125617,1.96712328767123
0.018406437438752688,2.36438356164384
0.028713171719716928,4.19178082191781
0.09964871161408652,6.14794520547945
1.0,9.4986301369863
