alpha,s
1.1001375873529087,0.0
1.0215102648564929,0.17138833694209732
1.0526087008725566,0.40855409139814364
1.0298363708493974,0.7332192431051547
1.181222408317897,1.2838636431957784
1.0,4.874004776926724
