alpha,s
1.078584901450626,0.0
0.8117537862842106,0.11614430264820529
1.0302698100199617,0.3214397794683442
0.8655780351952247,0.5656346315781348
0.8430253126413021,1.0746652080079482
1.0,3.8936906345941824
