alpha,s
25.31674935831692,0.0
4.184559012714276,0.005153401663127203
2.4478922399565737,0.04763225439198778
1.7038760295287612,0.1562450595870367
1.3392499276605612,0.4674097795036928
1.0,3.6209199137186654
