alpha,s
1.156532100683625,0.0
1.0745227087700737,0.0695323134268551
1.0329516234837692,0.1835947106729604
1.0773451382575496,0.37623670064811365
1.2128520427554155,0.7604843656213963
1.0,5.119095762439229
