alpha,s
0.8750175886846677,0.0
0.9482573332306674,0.053360580169639425
0.914307825100943,0.13866758808452107
0.9694130577879339,0.31584394579249936
1.1051793224620032,0.7037523715005598
1.0,2.698085285552928
