alpha,s
0.7872080192017834,0.0
0.8495769107005605,0.05003115540485598
0.8566675782775851,0.18599388556078994
0.8920007776819687,0.41194637018827335
0.7982893468494294,0.839975863356378
1.0,3.7881761622788632
