alpha,s
10.364293766389183,0.0
2.455542079830009,0.004239426183925523
2.1494342663399157,0.04414365992833336
1.4735670889147057,0.13481833337541968
1.3664046279131743,0.44775192222950855
1.0,2.741696831269003
