alpha,s
0.25419904362163676,0.0
0.4582511114554832,0.13179221587790302
0.6459143804459302,0.29364968271056785
0.7368226815208913,0.5332407044421361
1.0712382355137093,0.9979356942684579
1.0,4.703104856402371
