alpha,s
0.36265582685870934,0.0
0.5106075998051148,0.12281778476429801
0.705948596219528,0.29919676283114427
1.07104631531293,0.5474966013577607
1.5158349381475529,0.910930736035318
1.0,3.346407538340067
