alpha,s
1.1219382784681122,0.0
1.395407295846524,0.1016955454477296
1.2553377119693478,0.2134738164694191
0.9650009882444881,0.4079699148283229
1.0523685726735934,0.8883798191873677
1.0,4.200343286459775
