alpha,s
1.219259553829686,0.0
1.010621040255136,0.0934304755196742
0.8260022909100772,0.247168986957949
0.9257962930987258,0.5357047778282572
1.1627293907887544,1.0240167506383528
1.0,3.956723617854938
