alpha,s
1.4672462157584512,0.0
0.9965204981887448,0.005178614184949902
1.11565367432294,0.051547859078069004
1.0296171559564715,0.15732431888517417
0.8789762942139475,0.4361581978128916
1.0,3.51930135187317
