alpha,s
1.2929993842671754,0.0
0.9478008668428389,0.0788832932655674
1.07189719339998,0.2433443172804711
1.0724025239464814,0.4733996942254511
1.020932447420268,0.9138187544497302
1.0,4.446774368702021
