alpha,s
1.9304216495265782,0.0
1.3476118727047024,0.0052214626230764
0.8524020101771863,0.0395000873767904
0.8527570977818654,0.16836837461816256
0.9908931224391725,0.4929970944692807
1.0,3.860545500092688
