alpha,s
0.6473412882011749,0.0
0.7474323954489649,0.1278518506342193
0.755441531086505,0.2910956738877174
0.8507160616402637,0.5552952398323039
1.0513458162738774,1.0332970428052797
1.0,4.452210190383558
