alpha,s
0.041872008821301133,0.0
0.05743226261936152,1.154520547945208
0.08731588513544657,2.585753424657536
0.17518266269211544,4.034520547945206
0.6028251442452438,6.320000000000004
1.0,9.4986301369863
