alpha,s
0.6573970295382097,0.0
0.9718415877173331,0.13619536615252753
1.4858574948067709,0.2857515849302459
1.3908928209991833,0.46418822793233666
1.0065047352643557,0.77152461392835
1.0,3.983276693108334
