alpha,s
0.3850494927313177,0.0
0.5644513080116621,0.1096988978064925
0.6225185879657725,0.2561366657121393
0.9188683367619837,0.519648894905579
1.147860109922625,0.945422189281296
1.0,4.244835529678992
