alpha,s
0.23352774072062224,0.0
0.3781779075151177,0.09810648121410104
0.5127404783950333,0.2525029172315228
0.6331961370974735,0.504152348100641
0.932812062138912,0.9886376833358602
1.0,4.414350925792336
