alpha,s
1.234928326062955,0.0
1.1094935118056084,0.09919926474882321
1.2069767309201074,0.25076930988508117
1.1863757081933044,0.4688145954269424
1.24398982758533,0.8796545042892536
1.0,4.570891915051647
