alpha,s
3.4304388538235084,0.0
2.2974942261957554,0.0606454588042959
1.5414614707840724,0.17301480126157326
1.699578363142214,0.407182115789538
1.227437767992464,0.765409015272276
1.0,3.573594736231
