alpha,s
4.107899557957259,0.0
2.197158313781093,0.04384010344838954
1.4469673661404177,0.14583535970200345
1.4878704784245056,0.37488188628075747
1.12153769213707,0.7767840710959858
1.0,2.819874755923508
