alpha,s
0.7784260884274268,0.0
1.1972107062075759,0.08846487146969764
1.5001863246416633,0.20761195120894105
1.4119159958980694,0.3864377678199593
1.8170064768137093,0.7327010940803956
1.0,1.7464851136949384
