alpha,s
1.5998984666596683,0.0
1.4608415354471347,0.050905493477097
1.0648138801621467,0.1448313092822347
1.2464227978056055,0.34965783538103773
0.8575970852561662,0.6927571182328236
1.0,3.048281295983496
