alpha,s
0.04456431662468734,0.0
0.049139602283741646,1.95342465753425
0.11686624292509454,3.04109589041096
0.15656995774915425,4.191780821917811
0.4857159473443685,5.94520547945205
1.0,8.22739726027397
