alpha,s
0.2643922776200952,0.0
0.5476308262269086,0.11153944737699154
0.778935513692795,0.25423090360357764
1.087516497997755,0.4687555520716666
0.9583213712210609,0.8155961626385556
1.0,4.520379241606434
