alpha,s
1.1748546270449294,0.0
1.1642498608614973,0.16324800054186003
1.2213584993404565,0.37874885737627995
1.4057016918324254,0.6664293852913612
1.0347730292778905,1.0871701328890442
1.0,4.271047835451159
