alpha,s
2.960107854183603,0.0
1.500211170021913,0.05926401946674486
1.4079314713373141,0.20710498553963155
1.3617437187040258,0.45288383255232845
1.5003004184172735,0.8661541968280049
1.0,3.673031050273887
