alpha,s
1.1413593824328088,0.0
1.3060819462462177,0.0433456943371735
1.043133266176251,0.11345474744473177
1.176407400562152,0.2829593520369144
1.193958223245376,0.5750203595160044
1.0,3.4747535108179424
