alpha,s
4.776417964902896,0.0
2.3557116447113375,0.043604760405950724
1.7977144157229388,0.15500234179781108
1.7895376995102816,0.34697242252017757
1.2878091023818388,0.6988019200539525
1.0,2.6609237082234376
