alpha,s
0.8400507343313334,0.0
0.648465339243195,0.05621762346789933
0.5947020095459602,0.19605044483062883
0.778410394641779,0.46234996206191786
0.8064518340865061,0.8703235174126228
1.0,3.53485738751756
