alpha,s
0.3843513428301646,0.0
0.519370495372087,0.1169560443448926
0.6698089192414375,0.28947703343135806
0.8443631787132495,0.5637615010389193
1.0678900010501278,1.0192628266357673
1.0,3.280163301233487
