alpha,s
0.31618035847966347,0.0
0.5329585905574393,0.11285687073975681
0.7579453071792656,0.2623638400710011
0.9090535296467547,0.4857632905816496
1.3253557017973214,0.884687738757814
1.0,3.94341039030752
