alpha,s
0.09448866785848418,0.0
0.13771564181021237,1.23561643835616
0.1553877691364013,2.29315068493151
0.22784083077718584,3.619726027397264
0.49677569053744336,6.14794520547945
1.0,9.4986301369863
