alpha,s
1.0357728713689374,0.0
1.1427379998403266,0.1306720898360364
0.9462190556106962,0.2894449155853308
1.3369515868585105,0.5631224777734012
1.4668524929170492,0.9328631396738272
1.0,3.0725984078293798
