alpha,s
1.4934657808472227,0.0
1.1079292900492654,0.04322400159714518
0.9650431375908968,0.15027364995925954
0.988819393204439,0.37556384876918897
0.8158039248706307,0.7889925350537479
1.0,3.893051083452207
