alpha,s
3.5907529317653397,0.0
2.140308558824665,0.05648934319386799
2.093421484156398,0.17721024506529665
1.3241695894745111,0.3429337371592077
0.7831328810979267,0.8011079503038303
1.0,4.849927514018924
