alpha,s
0.7551156506112834,0.0
0.8185138003352043,0.09480753061240806
0.7422413833949314,0.25244789383575306
1.043579600364741,0.5269962230557539
1.4059813324243318,0.9821319125168364
1.0,3.040803788215474
