alpha,s
0.9778167582775031,0.0
1.0313579974251808,0.11227439201513657
0.9117099889231804,0.2588304651698244
1.1740051147330774,0.5209908157134308
1.2097458307229958,0.8952529893604464
1.0,3.669215758116784
