alpha,s
1.185436124211282,0.0
1.165884778313715,0.11353546950174677
1.0453089818895447,0.26875318990124886
1.0653836997359907,0.521392001674522
1.057058164530224,0.9703818112083287
1.0,4.678141720682824
