alpha,s
0.014813203692937583,0.0
0.02740268337414413,2.29315068493151
0.07772670568529871,3.730958904109592
0.16146204948166581,4.914520547945207
0.43096551118906523,6.35890410958904
1.0,9.4986301369863
