alpha,s
3.2641689901677338,0.0
2.451331955867808,0.06388929809472005
1.3483492569121045,0.16863399547779334
1.580119559371198,0.44110627215516957
1.1315777181374238,0.8226966997745229
1.0,4.379051372720861
