alpha,s
1.6148871181393099,0.0
1.1224807189314272,0.044124132863315
1.051064763435117,0.1531063821423832
1.2121510362030237,0.3577199990985887
0.9497615679451653,0.7057082200936934
1.0,4.2686484180937
