alpha,s
0.9726386144814462,0.0
1.0890889601604135,0.07491584955932867
1.2287499197345333,0.19800100581083116
0.7536786224019689,0.3707565644292522
1.0887783573382375,0.9888815218023075
1.0,4.2157616952706665
