alpha,s
1.6862432224064574,0.0
1.908378391151676,0.1187646885479542
1.3089971320242912,0.25309470273903384
1.439708669289906,0.5239067787143987
1.1891006256468262,0.9586206352691092
1.0,4.826991628370492
