alpha,s
1.0966200239824195,0.0
1.1179258658793132,0.1109636461760583
1.189092562535193,0.260368082340131
0.9940541672601217,0.46942912968315215
1.0290496713130575,0.9305832877500956
1.0,3.5826815921772344
