alpha,s
17.264629957727507,0.0
3.351326627658509,0.00817191884890426
1.908599933810669,0.0642805104032238
1.144007478211757,0.21625888496740436
1.1197693765587158,0.6600503210527926
1.0,3.4386408364369743
