alpha,s
17.32530257992945,0.0
2.898546598846921,0.004239426183925523
2.211638627723602,0.04414365992833336
1.4304256393548145,0.13481833337541968
1.3020029205071184,0.44775192222950855
1.0,2.741696831269003
