alpha,s
1.007310146101514,0.0
1.1683756548048965,0.0767111989709091
1.1191445582310955,0.18991625643206123
0.9049045061609208,0.381067091625518
0.9816148112144155,0.8411375330228824
1.0,4.532359134638213
