alpha,s
1.7985061480365532,0.0
1.7954585509815544,0.11153944737699154
1.6692346971184227,0.25423090360357764
1.6587443604791834,0.4687555520716666
1.0248773427433948,0.8155961626385556
1.0,4.520379241606434
