alpha,s
0.9948433393563297,0.0
0.8460200420121526,0.09590848827669993
0.9488731956438041,0.26686223110002266
1.1150672504653765,0.5132318942276581
0.8940377987436391,0.9028851799033659
1.0,4.7464344032279
