alpha,s
1.0602146073483554,0.0
0.9878479073957557,0.11230245740863246
0.9634119470598475,0.2781874508867553
1.1502636404636224,0.5334311349576095
1.0834328111206402,0.9287102616855921
1.0,4.303499178809961
