alpha,s
0.400886715023752,0.0
0.6964514233029456,0.1589757544892985
0.7744308670776666,0.3345464832855209
1.2803527902524718,0.6148860359106348
1.5198316162962127,0.974556483185686
1.0,2.6491495741672844
