alpha,s
9.397926678334224,0.0
2.334170457854558,0.004239426183925523
2.123992126605327,0.04414365992833336
1.4775385875112306,0.13481833337541968
1.3758655176612968,0.44775192222950855
1.0,2.741696831269003
