alpha,s
9.257372041561895,0.0
2.1460126076111563,0.005178614184949902
1.7392430097985843,0.051547859078069004
1.3598968393286492,0.15732431888517417
1.0433550213179923,0.4361581978128916
1.0,3.51930135187317
