alpha,s
9.210304307680081,0.0
2.296581333798432,0.004239426183925523
2.0400383698365228,0.04414365992833336
1.4154510422861635,0.13481833337541968
1.330046988916062,0.44775192222950855
1.0,2.741696831269003
