alpha,s
1.6578689762874395,0.0
1.6775047540984178,0.1198867919054986
1.5647212130169823,0.2703611527129792
1.4254429799633173,0.5026856879513915
1.2530771500231686,0.9296096956052394
1.0,3.675679534208568
