alpha,s
1.616378247372629,0.0
1.5231690631777712,0.090728821516771
0.9447693450146507,0.22108517203839978
1.3305080706707462,0.523047646926539
0.9387102673411819,0.9385766171487233
1.0,4.418889384440503
