alpha,s
0.3792240564140578,0.0
0.6990029601093931,0.11326573061251964
1.041197886715823,0.28094596430162483
1.2512353295224234,0.48252367420641784
0.9613852520490767,0.8044850335585111
1.0,2.66653399085354
