alpha,s
4.773111820117821,0.0
1.8899726719224201,0.033858607218133926
1.3866813458157068,0.14519200172812177
1.4434764510231854,0.3798609112686983
1.0269351722468616,0.7537789992033272
1.0,4.93930845412709
