alpha,s
0.7029483664688999,0.0
0.8469719806097411,0.0996753280135319
0.8996274802825109,0.25113082292880445
0.7945433694194355,0.4894270121753613
0.9054131652265153,0.9989245933057681
1.0,4.015166371113605
