alpha,s
0.005501526544369294,0.0
0.04510550120626381,1.978630136986298
0.06478113405578903,3.01095890410959
0.05689468408129097,3.82739726027397
0.1678393907753074,6.344109589041098
1.0,9.4986301369863
