alpha,s
1.1495053368723618,0.0
0.8842305271277594,0.04852344497179972
0.9608438175525128,0.17674654032204618
0.936899102642875,0.3727792747785452
0.598789093662074,0.7619892035671897
1.0,4.293476179207544
