alpha,s
8.997284446141148,0.0
1.793992769204083,0.0047333721307145195
1.2985237532562652,0.0562771548527309
1.2517641799975783,0.19443598527041644
1.0068551288256287,0.5122032094445391
1.0,3.904701708502882
