alpha,s
3.01867581405915,0.0
1.1503020892114963,0.0062752205231293
1.238280075690943,0.061538347630632956
1.0717259248017525,0.18289296448158948
0.9229809333002108,0.4851416056283925
1.0,3.593678828013927
