alpha,s
1.138414260094947,0.0
1.1338999207673601,0.11094930722766742
1.13533521038581,0.2644127450324497
1.0407344022145935,0.503246345121794
1.127399375098155,0.9940499174908546
1.0,3.907601464720064
