alpha,s
1.1776391789149916,0.0
1.28841742870202,0.11200379752896064
1.07562245072113,0.24777051239268852
1.1704532039218596,0.49240377757315335
1.2045328068958423,0.8921689922563675
1.0,4.642399142313996
