alpha,s
26.056032113192217,0.0
4.435790177224187,0.0046607442419630005
1.8436776897242237,0.04267523658514742
1.9497084286451734,0.19045646175262324
1.463511622965316,0.4453530329798233
1.0,2.7731995250021497
