alpha,s
1.3818033717803195,0.0
1.3605869535492563,0.04360871634736346
1.1379685539149231,0.11808948696071231
1.0738316977870483,0.2780408297781855
0.9428344467385954,0.6299964712257584
1.0,4.228856299311595
