alpha,s
5.4015018330770745,0.0
3.871810821927437,0.03833869538538384
2.0708717826410488,0.10432745948209828
1.6625747104701858,0.2819021601666555
1.2541179380869074,0.6625985727414203
1.0,4.143769209682702
