alpha,s
0.04818696849653108,0.0
0.2074746454792959,2.02575342465753
0.13562846971946307,2.766575342465757
0.2605854362277018,4.2613698630137025
0.3983237314804263,6.26301369863014
1.0,9.4986301369863
