alpha,s
1.1297144099603518,0.0
1.0212525834254198,0.1179495457037382
1.0153186295137462,0.2943342156315356
1.1435691159296044,0.5600877428818292
1.2126293169152484,0.9869042690015076
1.0,5.49739328934237
