alpha,s
0.6464186733134768,0.0
0.7105461013534974,0.12160342527237261
0.9409825312884779,0.29367123765426634
1.190291294367651,0.5117921730709251
0.6609716066685285,0.8582694824388588
1.0,4.542143221595895
