alpha,s
2.316093895795042,0.0
1.219095426869391,0.005914849818811492
0.8949468970316841,0.05302540177245314
1.0259776885407965,0.19892987199250542
1.0756900172907984,0.5146753503176018
1.0,5.3925079266737805
