alpha,s
2.0149545999587093,0.0
1.0246329136749754,0.0039258119931261
0.6917180330389147,0.0417155882416979
0.5988217944469588,0.18066608314420718
0.6949102874504758,0.6301994969783619
1.0,4.785841871877424
