alpha,s
0.11588854060212267,0.0
0.1147953071578495,1.3041095890411
0.2483445996370538,3.04109589041096
0.36706152348510623,4.123287671232881
0.4634941952341857,5.85479452054795
1.0,9.4986301369863
