alpha,s
28.15444227518236,0.0
6.081539564121318,0.007964491252015623
2.614402982926579,0.053053230738884134
2.1641573008257997,0.19632843796123742
1.2236624206017845,0.48917934888063025
1.0,4.985617281927788
