alpha,s
1.045393672004251,0.0
1.0112810219686617,0.12480922065709889
1.050417716805473,0.29799207928532173
0.9902171693813213,0.5447279659838905
1.0395029484019058,1.0324811955555937
1.0,5.8651758617777645
