alpha,s
1.1827477361627405,0.0
0.9573319973396033,0.07978384305124242
0.9831494155257705,0.22996591850065132
1.0676819870181506,0.4650374330807559
0.9069916745405019,0.8756982804256421
1.0,3.753248534642261
