alpha,s
0.3221988565835944,0.0
0.482959824750253,0.0557912859474889
0.3156125349296199,0.151018097780765
0.3856498568904493,0.40625724733752366
0.16527920393999293,0.8179445948053293
1.0,4.099532688016972
