alpha,s
1.06290390478927,0.0
1.016922201947118,0.1050493243930495
1.1110477349999865,0.2571479335908583
0.9301734432791249,0.4783461460519447
1.108644322073393,0.9627155613382574
1.0,3.968067142264765
