alpha,s
0.40084702972190167,0.0
0.539039227993397,0.1071151547781473
0.45437703379522076,0.2749730502681997
0.7115212519191871,0.6409358261188471
1.0408859282833458,1.1663311287052138
1.0,2.895365818576291
