alpha,s
0.2874819615350615,0.0
0.3803393043218882,0.08812259667223592
0.5192319794329203,0.23409453579375214
0.5660262809758329,0.44676666572371543
0.7155573103854787,0.9178112580259068
1.0,4.371995086285702
