alpha,s
0.9494249744337302,0.0
1.2443869480402967,0.08792191555394513
1.336888690435383,0.20116364841031653
0.9417431987019986,0.38735354666713745
1.4458466380501576,0.8896900456885307
1.0,4.569981635776534
