alpha,s
0.9682293001971628,0.0
0.8817666556343922,0.11295994187347887
1.0322465948754156,0.2835344865412456
0.9983552042187676,0.5121877557013523
1.0497905480053953,0.9555708227498206
1.0,4.676002216818403
