alpha,s
0.6724992746903856,0.0
0.9427937781536241,0.06293970048700445
0.5798687439392097,0.16274127029902363
1.423242159078644,0.4617271261583233
1.2698964452283201,0.7532893665904011
1.0,3.295506604349217
