alpha,s
1.5259640825471992,0.0
1.5713510848119505,0.13201380930480935
1.5385224602458303,0.2956008874881754
1.5781153206245973,0.5340952164192767
1.2835337902395199,0.9102530924089373
1.0,4.123846064166905
