alpha,s
1.045282786093125,0.0
1.0971622486939834,0.12568440270479808
1.0882373751032077,0.2861131905767755
1.0695985076319636,0.5267831374439589
1.1138724199216568,0.9627246324806447
1.0,4.638889297378409
