alpha,s
31.98975340663636,0.0
4.83226493479362,0.004516152336927541
2.67566088907169,0.04518969043408892
1.6184807405340431,0.1540682764808258
1.1969916126207842,0.4962021286729287
1.0,5.560384958802589
