alpha,s
1.1337250934222258,0.0
0.9330582015654169,0.05926401946674486
1.0345828277591231,0.20710498553963155
1.1062288111226486,0.45288383255232845
1.3375959875942778,0.8661541968280049
1.0,3.673031050273887
