alpha,s
1.7004631095304554,0.0
1.4391524654843806,0.09502848412422063
1.2192071045311332,0.2414776089766243
0.8778020990377003,0.5060207479125098
1.9045481327486777,1.100589102542088
1.0,2.174545430253116
