alpha,s
1.185172169254635,0.0
0.9274896908161886,0.05864455053790704
0.8734243259371116,0.17737895492285483
0.7606244362304989,0.3841702348394839
1.4583924127949357,0.9370550316526264
1.0,2.916549766769305
