alpha,s
0.012180477378873938,0.0
0.06446921189927192,2.01369863013699
0.09877608865833268,3.20547945205479
0.26988567371031796,5.15890410958904
0.6086094909993778,6.35890410958904
1.0,8.22739726027397
