alpha,s
0.561977692964422,0.0
0.5800562148341553,0.05404286365035159
1.4697915664859442,0.214416578665644
0.8912539777562122,0.3353077835224114
0.6567987715489343,0.7669265892972672
1.0,4.376055881242006
