alpha,s
1.7800937511691797,0.0
1.0794627584341616,0.0665958004735964
1.7665748652665985,0.22155959786792742
1.5170364448115672,0.3578393206226358
1.3411071651115996,0.6692348710121238
1.0,3.398320944355348
