alpha,s
0.8507734479264254,0.0
0.9908032856596706,0.0988350793103116
1.0426661934494446,0.242014620685359
0.9420898053896809,0.4686943492519866
1.0443690200519695,0.941777410381564
1.0,3.529978607297695
