alpha,s
0.5938528963482895,0.0
0.628502130596026,0.09564164138107527
0.953036671905543,0.2781374219082228
1.1820421117908355,0.4892081578132512
1.0101955492537036,0.8013073522012963
1.0,3.1245049089139934
