alpha,s
3.0549860453936812,0.0
1.7327056868330992,0.055000302530562
1.1681650771723153,0.17929680720554927
1.0754321808128364,0.4579853492261379
1.5733785189772922,0.9678789720526633
1.0,3.5496932208328644
