alpha,s
0.8527030918575872,0.0
1.3685676046368334,0.13079042331428184
1.1158876615281317,0.245818091571853
0.9545925153299554,0.4628596905024341
1.1363046647705188,0.989674981074929
1.0,3.2378578173983725
