alpha,s
1.05848678422272,0.0
1.048626075007586,0.10526650539606379
1.1015302855361073,0.2601275867001186
1.0584575658695445,0.4768968959051159
1.0934397516631318,0.9154157023358446
1.0,4.603325897818464
