alpha,s
0.7755375275356807,0.0
1.0934542227444828,0.1339994209314981
1.3691881493084221,0.2738527954348533
0.7887804724851075,0.4594182955468961
1.3147728119764464,1.0905812922400016
1.0,2.669996836079193
