alpha,s
47.42910348117003,0.0
8.039130350907474,0.004705321666195063
3.6408816642402075,0.039554701407173806
2.2762044267895627,0.14461828378214758
1.6494419926702817,0.42469698549567714
1.0,3.360715362884355
