alpha,s
1.5532061803571813,0.0
1.2020300847735672,0.0407470358180826
1.1242336294505808,0.1259783045293828
1.1484931982619802,0.2897936040248918
1.0345293897741723,0.6427121133258191
1.0,3.977543489928298
