alpha,s
0.9056613295589179,0.0
1.2295017763428036,0.1266040237675585
1.1474947425732818,0.2563531317005011
1.0869260728402024,0.46885203001062964
1.1896923346645718,0.8751671440718579
1.0,4.252844853516554
