alpha,s
0.7611609808019227,0.0
1.0641287513298012,0.1404241960726313
1.016923546821209,0.2766517110193435
0.8972776786018423,0.502097547904041
1.043604236762235,1.0203065519412016
1.0,3.857397181600166
