alpha,s
0.9389507573986791,0.0
0.9760243209351579,0.2025134029727054
1.1351301193243355,0.44850802448507154
0.9868440549487845,0.7474550105031882
1.0447483508661355,1.3284153219015558
1.0,5.135319546823731
