alpha,s
23.827889266562902,0.0
6.222353213385661,0.00917663095262748
2.824690728318337,0.05281108168824809
1.5106939112849864,0.185152671469717
1.4893571699764432,0.6118190031021968
1.0,2.638628488274411
