alpha,s
1.307046179751341,0.0
1.2687923572746664,0.09656574581274832
1.2579379086079505,0.23139717302216142
1.3067214141629746,0.4431016803054118
1.212737326697272,0.8269997768718025
1.0,3.5463475742664903
