alpha,s
12.481111587748783,0.0
2.211136266230941,0.00605417299455656
1.5972105361202547,0.06305185006861447
1.4463604781183823,0.19462062455850798
1.1703448222593176,0.49420343571112724
1.0,3.893301080065821
