alpha,s
0.08157219697855032,0.0
0.29634078908864414,1.82739726027397
0.13310247533988734,2.315068493150688
0.2175410496954001,4.022465753424658
0.47895799220097635,6.296986301369866
1.0,9.4986301369863
