alpha,s
0.018658395468818336,0.0
0.08886429713292823,2.140821917808216
0.11669093416252863,3.0969863013698617
0.13301924561355297,4.281643835616439
0.4661000340510701,6.277260273972606
1.0,9.4986301369863
