alpha,s
1.1204616692469676,0.0
0.994983015843738,0.1159580479096158
1.0206624947850782,0.2920542669548568
1.1741133158666293,0.5474114948404145
0.9726454251965206,0.9487523173605007
1.0,4.799228756188811
