alpha,s
2.8754382422648086,0.0
1.9703837051286741,0.0763910611116993
1.7654052536972964,0.2146011192755844
1.524828029226885,0.427094872480268
1.3488184687033937,0.8531308847577889
1.0,3.630205098458836
