alpha,s
0.7663649996885089,0.0
1.0221156979271293,0.2563000932360794
1.278737354739579,0.5121606890684957
1.363019736440082,0.7931689303736893
1.4069368297731832,1.2385918409764745
1.0,4.517148606887006
