alpha,s
0.7765392523133119,0.0
1.0049324094703818,0.05495054027890445
0.9117643078602568,0.12865637503487154
0.9011688521676441,0.2831603134629189
0.7552019224204918,0.6861534515356924
1.0,4.277436422504076
