alpha,s
0.038645664617679695,0.0
0.054634960137203044,1.154520547945208
0.08647641762410987,2.585753424657536
0.17548902102378225,4.034520547945206
0.6085791076976049,6.320000000000004
1.0,9.4986301369863
