alpha,s
1.535465853819951,0.0
1.039472221077659,0.07134017617926991
0.9947799009784005,0.22556355411909215
1.2710312012551221,0.47509837756898526
0.6852361201100841,0.8113164280000189
1.0,4.554801037136367
