alpha,s
2.5749484424622042,0.0
2.048328918585318,0.06516895732583473
0.9721640013117255,0.16216051447040228
1.046541689460222,0.4622057156704801
0.9432521970171509,0.9187747277551093
1.0,4.62964685721725
