alpha,s
0.7162550741966736,0.0
0.7038473248162305,0.047844544810927724
0.5075418742093684,0.14106499225056693
0.35920802643948413,0.36430985063256405
0.3351566558576648,0.9608000473518108
1.0,3.9738524273670057
