alpha,s
2.3208985924661136,0.0
1.3535104145628918,0.054303371087120855
1.3337299919341647,0.18746946603119305
1.066020524501368,0.3872930097845031
1.2056879235582731,0.8805209241074503
1.0,2.935187104324536
