alpha,s
0.023709888327438734,0.0
0.026700697605522235,1.4246575342465762
0.05765138575349341,3.172602739726024
0.125664706676665,5.0958904109589
0.4160033528608472,6.769863013698633
1.0,9.4986301369863
