alpha,s
0.9564101328266031,0.0
1.1064154809687576,0.13764105483480873
1.1178434977437512,0.2967733919231126
1.0342015316740947,0.5312057098559763
0.9668435043331856,1.00715043057466
1.0,5.604597549435049
