alpha,s
1.2177238784168847,0.0
1.3828759942362385,0.037277576589809285
1.5469768008221292,0.10764617436230171
1.0326822023937148,0.23082075300665383
0.9928630213656131,0.6146960806211403
1.0,2.3602382872965246
