alpha,s
1.2291189426701632,0.0
1.3273113812531372,0.12779668856441773
1.2787785319240812,0.2845795076353209
1.2723878166069267,0.526816168625689
1.253831395259624,0.9819131067144495
1.0,5.05636707940329
