alpha,s
10.824186137119634,0.0
2.3145402216139632,0.0043471817517566815
1.634315236530988,0.04976687368531961
1.6417338052881298,0.16961974074157565
1.307397690699458,0.4300971680282253
1.0,3.6094754351623033
