alpha,s
0.0007158369376573342,0.0
0.007049325695411101,2.04876712328767
0.012958544025707834,3.20547945205479
0.0462950368470895,4.4953424657534224
0.10131611901847466,6.144657534246575
1.0,9.4986301369863
