alpha,s
0.0695359563011506,0.0
0.07926466707479292,1.95342465753425
0.15913753958268556,3.04109589041096
0.18965550895778271,4.191780821917811
0.4350674537133862,5.94520547945205
1.0,8.22739726027397
