alpha,s
0.516178049459914,0.0
0.5920941537040467,0.10245718375570366
0.662146466205141,0.24897315931063171
0.9581653592058381,0.4959066027129468
0.9002478734625832,0.8763387424394471
1.0,3.621733414529841
