alpha,s
0.6625067592029424,0.0
0.7033110180033744,0.10617792220042552
0.8430456295420748,0.2600607532939751
0.9823828814759402,0.48062571983225155
1.1379513353086501,0.8933198308404704
1.0,3.9183596899589626
