alpha,s
0.8675651922228078,0.0
0.9118170042495872,0.047844544810927724
0.6905420060380933,0.14106499225056693
0.5472595910311047,0.36430985063256405
0.6991951165466816,0.9608000473518108
1.0,3.9738524273670057
