alpha,s
0.20125409527875565,0.0
0.3630337613209835,0.11289629044194502
0.4124937608496147,0.27051571869487134
0.6250076727292623,0.5415067170498665
0.8036726052795542,0.9940579462983028
1.0,4.459507929100689
