alpha,s
0.3319149026987317,0.0
0.6327107257659047,0.13444028455380608
0.6813296398006023,0.3175101074571567
0.9494487003466424,0.5967070108028959
1.1940187572939593,1.0115265745687863
1.0,3.102500414447936
