alpha,s
2.1508295056262865,0.0
1.6626045165479684,0.09305802675608905
1.5407928646938038,0.24721459548211142
1.586580928489884,0.48020651679541926
1.1179993223864129,0.8633011682262045
1.0,4.640130843602332
