alpha,s
1.9418100566760252,0.0
0.9658169549972252,0.0059539003849779
0.6625563672051216,0.0497833447103694
0.7557563381497796,0.2061108256426549
0.9132746963533135,0.5537837556940707
1.0,3.6570604677014416
