alpha,s
3.1422628799721575,0.0
2.2980292276636516,0.0464559604826307
2.0602736624122313,0.1320518654581352
1.2504411255472927,0.27978410627285133
1.3766060126115158,0.705472213753151
1.0,3.214587334539961
