alpha,s
1.217265727586533,0.0
1.1627019760698103,0.0688839824423624
0.8685732136181419,0.1755723327425428
0.8564701917153752,0.40067161097523274
0.9736720380663447,0.8842690638730134
1.0,4.962899811768886
