alpha,s
1.2369042192936166,0.0
1.303611962609614,0.06964100894914971
1.0669696929930728,0.1684053123452078
1.0799018520941268,0.36337200785490464
0.9441707277091316,0.7479686067815009
1.0,4.05453338003063
