alpha,s
0.02423280858005049,0.0
0.06016033289791897,1.13424657534247
0.12074828734431178,2.01369863013699
0.09508702518291745,3.2054794520547922
0.6681764944738494,6.73972602739726
1.0,9.4986301369863
