alpha,s
0.8327671957924397,0.0
0.5473352977803213,0.06368081465560538
0.7793756949759869,0.274195372287699
1.0167924680936662,0.5268970448884194
1.2750228343677945,0.9910872609140464
1.0,2.580705347628504
