alpha,s
2.7164320358250693,0.0
1.7227135483142468,0.0654560227990503
1.3543208917414222,0.1974710942896118
1.0251139106388538,0.4292206762364384
1.4874586402246144,0.9921233392471528
1.0,3.357180834790992
