alpha,s
0.3372947968244057,0.0
0.5414943922957387,0.10495414409337002
0.6903649230575796,0.26163826998573353
0.9195593903680669,0.49576922036022475
0.9398959831665302,0.8974924661192301
1.0,4.4531845759602655
