alpha,s
34.20328092756197,0.0
4.851718051836189,0.00390490533411038
2.7575708463418565,0.041072689822409865
1.6259070854438777,0.14032880520385116
1.2189042211325816,0.4549960066713841
1.0,4.2971045153920695
