alpha,s
0.9341569140833604,0.0
1.0478819092770828,0.2013997681215477
1.0164550904860534,0.433703633961691
1.0018669281670745,0.7673288177361651
1.1943936141035227,1.3383803675127663
1.0,4.8649485529296825
