alpha,s
0.019465602675544973,0.0
0.20503188535594014,2.031232876712326
0.08576960712232932,2.36438356164384
0.14094865328323566,3.82739726027397
0.6582623382187369,5.936438356164389
1.0,8.16438356164384
