alpha,s
1.2637303569698195,0.0
1.0065375915576342,0.05572629838978286
1.1711627110469798,0.1705943338217415
1.1074721413613666,0.3499240625373084
0.8441138329524759,0.7195560761056189
1.0,4.558420199616011
