alpha,s
1.2095533567146959,0.0
0.9652428659894421,0.10713610263433802
0.9669408911687529,0.2905861783054018
0.975517927538493,0.5701936622741913
1.2771634483321395,1.07501110222607
1.0,3.981943978824504
