alpha,s
0.21541490098737334,0.0
0.4627374373360093,0.16179399337266848
0.6884020834348169,0.32632598544302044
0.711205316415223,0.5346896331272242
0.3539097247303447,0.9114790147672863
1.0,4.88681203759747
