alpha,s
1.1769809218661496,0.0
1.0369813603974294,0.06561927054732389
0.9777684069438629,0.17789448724960774
1.2747873775937733,0.38842243750725186
1.190244195648991,0.7100597033281505
1.0,3.858142205495368
