alpha,s
1.015249456373058,0.0
0.6899740905247336,0.1016924408238475
1.0806924506598858,0.313716108779846
0.8883402028644709,0.5266497172126113
1.1730392985742022,1.0281938518790277
1.0,4.625890082084629
