alpha,s
1.3836086608124607,0.0
0.9603737747030745,0.08578498789214854
1.246062661788949,0.25421489301147593
1.0089933285359345,0.4510094505173924
0.9688074280571372,0.9083082961669887
1.0,4.892579515717912
