alpha,s
1.0895415267916282,0.0
1.1510268260627128,0.0790224851999169
1.027628052859392,0.1912783951484475
1.0751160023164996,0.39737674571674536
1.184512615646088,0.7931312422973632
1.0,4.157929658243011
