alpha,s
0.4849622716644895,0.0
0.8601610557450812,0.0882786616530981
1.071987993192522,0.2086280580005383
0.8902510772548751,0.3988050617866001
1.2347516153409512,0.8480746206311119
1.0,4.20743317632561
