alpha,s
1.2850912571951647,0.0
1.0725388631439001,0.04569550853793508
1.0609439529742588,0.13705496390164743
0.9126308988195706,0.29970456051596533
1.0185961854756194,0.7165249485231822
1.0,3.602036554240087
