alpha,s
1.2217459094530574,0.0
0.9235262659139291,0.0623442377886424
1.1415282084326528,0.1954077946519762
0.8591806382358976,0.3824015253149665
0.8227547912531401,0.8602619155767873
1.0,4.698053269106054
