alpha,s
3.8519256822665464,0.0
2.170936636709459,0.05349368146966313
1.7144038678477143,0.17391373578159042
1.6276038103054338,0.3869717091890458
1.119712275882801,0.757557796569452
1.0,3.22773418147904
