alpha,s
1.7706253436324875,0.0
1.1531684085272296,0.09140940994880972
1.7667175400344308,0.27371236938993965
1.5593508405482492,0.45137603731765774
1.3783782459047693,0.7818501043219239
1.0,3.387812982608036
