alpha,s
36.96802011552256,0.0
6.149880749627233,0.003881098220223
2.4089506403542296,0.0347769611826371
1.5617656903979995,0.15137430544399258
1.1468721892665383,0.4847467424960685
1.0,4.321595647781233
