alpha,s
0.0006279299136973536,0.0
0.012752822838447064,2.018082191780824
0.03573042446118405,3.0673972602739723
0.13840485578266784,5.145753424657532
1.1222230772891222,7.04383561643836
1.0,9.4986301369863
