alpha,s
1.2577198525534512,0.0
1.5071134237665151,0.00795139123970522
1.2241257643375103,0.03544821402842953
1.5458478181896924,0.12596968341862275
1.379074840333011,0.3143131624428993
1.0,2.227265156598944
