alpha,s
0.9705488572373231,0.0
1.0058551214691391,0.192855693047341
1.12086427951451,0.429981942444665
0.8582641071433621,0.7247283766329452
1.0739559009388184,1.3855497059885773
1.0,4.574835309141647
