alpha,s
2.6418707448149044,0.0
1.4138062199105494,0.004070502003609661
1.0152432637084428,0.04115897468383446
0.9994665114511037,0.16653092925286528
0.9647782215908107,0.5054530692041305
1.0,4.343476413502546
