alpha,s
0.3487776835920536,0.0
0.2684018913887663,0.06482691153844475
0.31906064049240435,0.21794874965047895
0.2832244572948807,0.4357537977261059
0.11154899484281679,0.8319221667181556
1.0,4.422284231560009
