alpha,s
0.05449416250936128,0.0
0.07147431451239433,1.3041095890411
0.08732930919897496,2.36438356164384
0.2221461504536671,4.17260273972603
0.48970970267598635,5.94520547945205
1.0,8.17808219178082
