alpha,s
3.8600506288199745,0.0
2.010923454403615,0.045527571574010245
1.6686506504946839,0.16008643097264658
1.6455921889177563,0.3515988873640102
1.156012484973789,0.6965419920573089
1.0,3.5009440354892427
