alpha,s
0.06148911490021834,0.0
0.08270066840222991,2.23013698630137
0.519639954636006,4.000547945205483
0.33771693437924183,4.489863013698629
0.7417290835506632,5.697534246575343
1.0,8.17808219178082
