alpha,s
0.0015830018181076037,0.0
0.016519314353422535,1.82739726027397
0.024940504376576085,2.290958904109592
0.06912094668620568,4.13315068493151
0.4931771851224093,6.349041095890412
1.0,9.4986301369863
