alpha,s
0.8320624027802164,0.0
1.0489297432690956,0.23198435199613596
1.0515919715348414,0.4710424118312688
1.321073745512672,0.8138774721681241
1.3642430516629223,1.2636184412906444
1.0,4.189933435060518
