alpha,s
3.382242736001754,0.0
1.8274561026546374,0.054303371087120855
1.697621411297008,0.18746946603119305
1.279623708500239,0.3872930097845031
1.3886434311631988,0.8805209241074503
1.0,2.935187104324536
