alpha,s
37.029903764965205,0.0
3.8932743287169838,0.003968486775973
2.859624683568288,0.0535230860407758
1.9279602719071718,0.15628058212428297
1.4562241623758292,0.4464579496696848
1.0,2.7802521236928053
