alpha,s
1.1863949553380433,0.0
1.3725653704404854,0.16571387355468886
1.0515179043515122,0.34922954813929663
1.0701517208054259,0.6819633046302682
1.1843073715063241,1.250134163182649
1.0,5.389233173972841
