alpha,s
0.06768303342752553,0.0
0.35383449604854483,1.95342465753425
0.12657230571100545,2.3704109589041122
0.5677447518448336,4.196164383561646
0.465021640703267,5.0958904109589
1.0,8.22739726027397
