alpha,s
0.18699033415575325,0.0
0.32927066361559987,0.1115829032813573
0.4258963176728022,0.2519159693111881
0.44848403811091814,0.46900752495686493
0.5207885190166709,0.9583195319576814
1.0,5.151442703850677
