alpha,s
1.0375518727108108,0.0
1.1218037017298548,0.10261341984558993
1.1141561248786918,0.2406951981019242
0.9676683432743026,0.46952783750144744
1.1259378839908278,0.9552642871290012
1.0,3.99430865794814
