alpha,s
0.0036587873560049587,0.0
0.0138279130478404,1.13424657534247
0.03606015103423368,2.01369863013699
0.04508103025021555,3.2054794520547922
0.4846196903535404,6.73972602739726
1.0,9.4986301369863
