alpha,s
1.9761381143024075,0.0
0.9983631553267359,0.00610397456309212
0.9280152305340693,0.053963305303192134
0.8656623043086001,0.1735843841128776
0.9302000044713478,0.5219056160540126
1.0,4.35847390695562
