alpha,s
6.645483264892436,0.0
2.4242690005264413,0.03110859877394301
1.8679544787146911,0.134952522422645
1.3151128919574842,0.32694934674339093
0.8527549724550612,0.7657757748472439
1.0,4.201182783033947
