alpha,s
0.09024389263237943,0.0
0.18072843767432117,1.96712328767123
0.13281022393341813,3.10684931506849
0.40323717864930964,5.58904109589041
0.8819713325741354,7.04383561643836
1.0,9.4986301369863
