alpha,s
0.7231059232120058,0.0
0.7688885982068879,0.07929751594261687
0.8605732778334866,0.2266682381022246
0.7830825615598047,0.4476171614619444
0.8228593802654623,0.9824817805269399
1.0,3.4764305475029835
