alpha,s
1.2171396263100451,0.0
1.1532474591710646,0.09217158597935232
0.8495096564058215,0.2277589922515576
1.0208760821966523,0.5072688524364735
1.264842987693076,0.9358349500256664
1.0,3.3738274782695576
