alpha,s
0.9548244254914615,0.0
0.9251791809912746,0.05553989397103432
1.0138083644435303,0.15482939235865584
1.0110753519635387,0.32142507357496236
1.0992775464938618,0.6975449379410051
1.0,4.212484840484074
