alpha,s
0.9913388209354518,0.0
1.0274236693122412,0.12401101780706132
0.9743428660449508,0.2848238368162615
0.9371913106159188,0.5340000346350736
0.9760065758034431,1.0206878278808498
1.0,4.69112258429228
