alpha,s
3.015270682200611,0.0
1.5611052752255115,0.0034619184679850206
1.3886004043731874,0.040425664398166646
1.1685584121595478,0.1413973643344975
1.2232334115306907,0.40525108340203936
1.0,2.954618565272523
