alpha,s
36.4165660394593,0.0
4.3663076060965045,0.00401979256147952
2.367024468328545,0.04783034934712114
1.7700562999603184,0.16949873943596275
1.2850766768887767,0.47403447085650313
1.0,3.4046761235624965
