alpha,s
25.000222241413752,0.0
2.5153648273051012,0.00324249035538028
1.6423087468186899,0.05416668919700881
1.1675154967487258,0.18266585820090264
1.3598778345109688,0.5769800952934461
1.0,3.428030802287344
