alpha,s
2.0693723803736677,0.0
1.2367110068461706,0.07898102032616879
1.322927270565274,0.2471696693099279
1.1041816184344555,0.4684343942453035
0.6633497446672452,0.939338513821184
1.0,3.7916145881860697
