alpha,s
1.0118134502846459,0.0
1.2894057550558198,0.11548144134519751
1.0695407201550216,0.24338577677511128
0.9515502591898897,0.48648492880331456
1.1350327529888584,0.9882189860981275
1.0,3.425854697140596
