alpha,s
0.2522169195363944,0.0
0.4522504860980046,0.10486019697001127
0.5245903740820449,0.23863843145315133
0.7671945280939095,0.4924631194640745
1.1004215558512225,0.9206635486275762
1.0,3.6839267922668864
