alpha,s
1.1488371259143766,0.0
1.2091946505723952,0.11977233412359217
1.0129357438872726,0.27037965319047397
1.1945600295217458,0.5384681079146819
1.1893944826388205,0.9547811646974673
1.0,4.848213768014857
