alpha,s
0.7951837857471871,0.0
0.6243480167566093,0.050935173069458085
0.9206357728871737,0.18243836910714883
0.7432145345074733,0.35318264453003995
0.6676624300159428,0.861207892533265
1.0,3.079568659075856
