alpha,s
1.2411772274494972,0.0
0.8940468312881585,0.07430173453782371
0.8471133856556446,0.23695695589992616
1.0944159500868489,0.5144486017256601
1.1464541051715165,0.9363116475107951
1.0,3.911593062368754
