alpha,s
0.0003042404799007265,0.0
0.008202049091111573,2.012602739726026
0.041313357416300954,3.06849315068493
0.05871593288892896,3.730958904109592
0.48165129376611193,6.435068493150685
1.0,9.4986301369863
