alpha,s
0.9802847940775065,0.0
1.104896962299475,0.08721284037262729
1.3072121366651337,0.20080628263223696
1.2632127757660936,0.36016236451561967
1.1987286583801244,0.7164749871839312
1.0,4.127593666557002
