alpha,s
1.5268270591954085,0.0
1.8289488264156673,0.0839736583053987
1.4013895732690087,0.1790845836501493
1.0675478750142633,0.3634813045229973
0.9108319481814481,0.8130508899306618
1.0,3.619744407871695
