alpha,s
0.22076425931057325,0.0
0.4315547876235829,0.11920030532895598
0.561058050710194,0.2734758714867076
0.593438304264748,0.5194899157167272
0.819470498237481,1.056685806790837
1.0,4.158533550336978
