alpha,s
0.8039453564683736,0.0
0.9977762919682372,0.09248195446609285
0.9842226314248901,0.2250625155763818
0.8938577459421503,0.4393925106047738
0.8473043847053349,0.898184492744711
1.0,4.243127042189981
