alpha,s
0.7588462307947251,0.0
0.9916992005653756,0.06301445481574768
0.9617362619911747,0.14956127053190346
1.114276075518721,0.3124594368230572
0.9621260925078731,0.6402418260942294
1.0,3.2732061451440493
