alpha,s
1.2120963566868668,0.0
1.36561172708027,0.07503675323209141
1.3419908057581298,0.1767101333465162
1.3447809482891135,0.3398135266198134
0.990303188390227,0.6655586630853115
1.0,4.496564712723058
