alpha,s
1.1300954763875946,0.0
0.9982760328360404,0.1627310816321267
0.9584444303008222,0.3996375466735583
1.0159995353110691,0.734698905880643
0.9115232255174648,1.2779919832222102
1.0,5.196684430211569
