alpha,s
1.1449245747593169,0.0
1.0914957249991748,0.07326243362538908
1.077157943882961,0.18865415404119382
0.9330981441453405,0.37527649152573056
1.1029329337787261,0.8241896375426088
1.0,4.501346133492835
