alpha,s
0.9502347426209939,0.0
0.9025424830489179,0.08738353046604407
0.8745820232499699,0.23740735010608396
0.9927188281316335,0.49902334960016725
1.0259713767086616,0.9602019679255743
1.0,4.386555360035747
