alpha,s
1.008248502770492,0.0
1.2084393198363337,0.19399741128812037
1.1211713345594347,0.4046630393435847
1.0348961609354845,0.7181970769115215
1.3974325281507716,1.3132432205963394
1.0,3.877502951796392
