alpha,s
2.3157764124232063,0.0
1.25473551378943,0.0317335613849857
1.000561002004891,0.1464695275807244
1.156827571655866,0.3804748752265987
1.3518449104027614,0.8005050360875456
1.0,3.118133809121077
