alpha,s
0.4831249517446635,0.0
1.2330553035904104,0.10398697887791639
0.9591569571371396,0.19015784570872274
1.1402146484938682,0.37936039257205234
1.2306171700272777,0.7723223701382219
1.0,2.390615002196068
