alpha,s
1.056366100196961,0.0
1.155090986625564,0.11178997350760608
1.0999021448004127,0.2519005477816132
0.9510566410250467,0.4820672988505113
1.0785918022843142,0.972154214977595
1.0,5.0080611646298525
