alpha,s
1.9584837004469058,0.0
1.6602026969026147,0.1020561496282674
1.390048745550485,0.2551989332818743
1.0889076811922411,0.5158412711036418
1.705256254847686,1.0767952174611866
1.0,3.9183901170574114
