alpha,s
0.001623699694635535,0.0
0.01455033085392479,1.168219178082196
0.023175903167078547,2.190136986301368
0.12971621483600704,4.198356164383564
0.39580771957252764,6.128219178082195
1.0,8.22739726027397
