alpha,s
0.00873812806610542,0.0
0.029597837041678874,2.16712328767123
0.14654087473230834,3.74246575342466
0.14871856176520226,4.600000000000001
0.7159973700248979,6.73972602739726
1.0,8.17808219178082
