alpha,s
2.772131431075641,0.0
1.3983466931540625,0.00515252038648598
0.9940139737718988,0.04688746861167011
1.1181242087600574,0.17742808399750182
1.0096765988412502,0.4878539318611325
1.0,5.480012958886389
