alpha,s
2.2033822755334422,0.0
1.7947024596351349,0.007393524536195161
1.0169469068933137,0.037172801729814305
1.0239483631901904,0.17118501363467536
1.0420494445395614,0.4781438256336467
1.0,3.596146455244924
