alpha,s
7.6415787641244775,0.0
3.6956011768191437,0.006921182937258202
1.8426024325733257,0.0364020145593174
1.5231558768968896,0.14986002613572566
1.6869051585220127,0.47420111733306297
1.0,3.347942241855292
