alpha,s
1.1378309235505375,0.0
1.5094417944048355,0.057511162907336044
1.2015988192122464,0.13773992502805427
1.070745534543206,0.3138576098026305
0.7999558035385959,0.7008665248575238
1.0,3.9999436307929206
