alpha,s
1.1171082461280888,0.0
1.1216814316125288,0.1169464100487451
0.8886368637066362,0.2736703145759809
1.0640073188887345,0.5730027981704148
0.946226165712084,1.0148715563383228
1.0,4.761413258829441
