alpha,s
15.89286082334066,0.0
2.7589687071662277,0.0038613262580333
1.6686601164763866,0.0438445714588119
1.143482761110485,0.1626875981998143
1.2960632049927843,0.5383862656651439
1.0,3.622526689441398
