alpha,s
4.425237507389078,0.0
1.7495987843981544,0.0327291693516059
1.8743492858695334,0.1442345569474772
1.1085671458040716,0.3033209469660927
1.0871224486292248,0.7529271967530446
1.0,3.610859719316204
