alpha,s
1.0310990005695253,0.0
0.9867304710393869,0.11103129714773731
1.190240181735059,0.2723330679488307
1.283801678719957,0.48549255432872845
1.0999367000206253,0.8523497060469981
1.0,4.75114219120148
