alpha,s
32.289913916761414,0.0
4.003750593508635,0.004145451601100222
2.3491764105802946,0.05014286219675318
1.890200786498741,0.16462309026989855
1.1274542190393781,0.44522164327835045
1.0,3.734669171285139
