alpha,s
19.39384002024077,0.0
3.8975440106086796,0.006688539672248503
2.4478117575003644,0.050813406063970216
1.7578592436974358,0.15960106237831892
1.1684040158796463,0.4470462179705585
1.0,3.3735247487592166
