alpha,s
1.1460289256264309,0.0
1.129985508802353,0.03821980217512973
1.243977141325406,0.1304084693451772
1.6117991359366968,0.3062739756884805
1.0679800700577455,0.5514403892934139
1.0,2.892946347133572
