alpha,s
0.7514113735216027,0.0
1.3259121024509426,0.1073371564397486
1.5791394591561152,0.2012630603259331
0.7128976932728914,0.3401040312669632
0.6732831974683585,0.8922673561119175
1.0,3.33109280154805
