alpha,s
15.715041543191399,0.0
4.539782859325962,0.00911859905805628
2.188791670587482,0.051344518338278564
1.7242822964649793,0.18255255710733673
1.1580530998195846,0.4928545605956517
1.0,5.417777165788888
