alpha,s
0.8094080856426082,0.0
0.8445842299576999,0.15116333515719038
0.9271636919573103,0.34902673315759575
1.0447073463943224,0.6146566766262828
1.056034380359244,1.0734538899134474
1.0,4.277374015519871
