alpha,s
0.006483064500649337,0.0
0.031596601294525906,2.012602739726026
0.1432002227326842,4.12328767123288
0.26665451418380565,5.15890410958904
0.44736472988713527,6.33424657534247
1.0,9.4986301369863
