alpha,s
2.3658114245384287,0.0
1.2152798569593328,0.0063240932354785
1.1115264950181485,0.0520364305042978
1.0137154517851423,0.17070758893469085
1.0300699366870132,0.5042175713743913
1.0,4.52054807629594
