alpha,s
1.7032801271578815,0.0
1.219442951964439,0.03909444028338352
1.0328030378442346,0.12741584665920797
1.1282798056585932,0.31498286640916573
1.0838194535853203,0.6673178044332964
1.0,3.2745661423617
