alpha,s
0.017178918356408026,0.0
0.0589660745280784,2.018082191780824
0.061344082909333415,3.0673972602739723
0.17151396397571492,5.145753424657532
1.1957450949912352,7.04383561643836
1.0,9.4986301369863
