alpha,s
1.9867807110374083,0.0
0.9575107187946995,0.004180498094419142
0.8982547915308206,0.050015965241800325
0.9017336898582303,0.17579419174730515
0.9309122583727198,0.5100491130104803
1.0,3.683262664382828
