alpha,s
0.39072399109287764,0.0
0.5694618361302056,0.1166249494214647
0.6417407655666743,0.2922959618374503
1.4650953287097905,0.6155655831252429
1.4573376390227035,0.9118453210620582
1.0,2.3219895848816923
