alpha,s
0.9399736539628223,0.0
1.0468346220926865,0.13069711096619324
1.0407124151984708,0.28972130719560885
1.1852233505160112,0.5351402114425857
1.2138434698954597,0.9246480886126509
1.0,3.3502632991637955
