alpha,s
1.185246979571678,0.0
0.7830622547251221,0.03608122486251618
0.8768434937959592,0.15911765793084096
0.7153769105676618,0.3609808777616322
1.0238064399187903,0.9125290452369069
1.0,2.9649250050661577
