alpha,s
1.2653131119488037,0.0
1.3096813653867618,0.1043240392798436
1.233504538026765,0.2387654617460828
1.2432652354560518,0.45823701906791364
1.2830023055234343,0.8359218591678418
1.0,4.504023128348918
