alpha,s
1.0809164203931603,0.0
0.9603805263712605,0.1755735495232211
0.9733731630386688,0.43126834830994387
1.0312569602541455,0.7835213024706666
1.054916217960116,1.3525210190237518
1.0,5.120593347146043
