alpha,s
1.2441731897302668,0.0
1.116046691157655,0.09409108862402091
0.9877940726589188,0.24007585069986115
1.11336681639894,0.48849062028253915
0.9939834383509865,0.9061143106953775
1.0,5.222215196039179
