alpha,s
0.012562600095158142,0.0
0.11968407899853434,1.96712328767123
0.07304578323700034,2.36438356164384
0.2748547508880823,3.815342465753422
0.3609170816291637,5.119999999999996
1.0,9.4986301369863
