alpha,s
1.001239137037305,0.0
0.8962339666898309,0.1270334197949036
0.8182710630222643,0.31698966484058383
0.905092346200539,0.6146969681839384
0.9515172700332692,1.166464434480267
1.0,4.038995031310301
