alpha,s
0.39160679297592166,0.0
0.6241867283162188,0.09461504691131051
0.6436426103908272,0.22928714597822
0.8485502886877786,0.4937256754005418
0.9687692966894422,0.9656853243719402
1.0,4.319297740070597
