alpha,s
0.5875633476280196,0.0
0.5929284656050401,0.11355281775927355
0.6967790694191586,0.305630560240487
0.5583179671426309,0.548201031298303
0.43020655281960607,1.1123387939236449
1.0,4.463078124443493
