alpha,s
1.1656214281834394,0.0
0.9876082246110717,0.06398709785377134
0.9168732078743083,0.17881397625107437
0.9226758639221828,0.40015395820030925
1.1588113987121693,0.8544302467551047
1.0,3.564888203433139
