alpha,s
0.908222725993134,0.0
0.8679806488212238,0.09350394689651112
0.9403355007390273,0.23506906447026754
0.7892888405518707,0.4427203358762032
0.9239621901125432,0.9453882126691667
1.0,5.206238475187355
