alpha,s
1.0355997144204008,0.0
1.3117523732907306,0.1299344920218813
1.168169844483848,0.2681179240874358
1.309340483918979,0.5024234963780718
1.264415186979634,0.8860256592410599
1.0,4.26312684293529
