alpha,s
0.6353984188703511,0.0
0.9519635819652225,0.13057533743830607
0.9603406597350753,0.2575041974348618
0.8304704429438008,0.464566142799497
0.9537734667727843,0.9471651582867262
1.0,3.992785544729096
