alpha,s
0.8999089100993584,0.0
0.99781295843471,0.1309255147115473
1.0756291411401167,0.2929562333659807
1.0865311118361092,0.5217585106097649
1.1200146240840525,0.9492735153040838
1.0,4.056885769025301
