alpha,s
0.1871348770652081,0.0
0.4249120950550511,0.1284787922507682
0.4634931616563036,0.2706624418411544
0.6611845201122755,0.5497298843585561
0.8317021632157086,1.0354325896537044
1.0,3.8609474460247233
