alpha,s
2.894523221927845,0.0
1.0904404728816293,0.017120266239053522
1.5693204763195643,0.11646801479485354
1.75145584616133,0.2366875261106247
1.064780055744685,0.5272874951850928
1.0,2.86753622349697
