alpha,s
2.4459740014979423,0.0
1.2496711993417777,0.00327165263152058
0.8690490856527029,0.0436906904251156
1.0488616621620015,0.1926094328581769
1.0789226558457234,0.5060027949130664
1.0,3.1852313441082365
