alpha,s
0.7768453963579028,0.0
0.6414585664422197,0.07945622907589399
0.840096716996922,0.2453607983843033
0.9694248743021971,0.4754559952902238
0.8667074066471683,0.9037343184141294
1.0,4.360227884172179
