alpha,s
0.6872704911972275,0.0
0.8635315470488433,0.1820568041138136
0.8702591680697385,0.3663179449177924
0.850375571682261,0.6502483217770358
0.7877657247272923,1.0881185359590908
1.0,3.451148187468652
