alpha,s
3.100788381787557,0.0
1.5757067430752123,0.03658770029215541
1.0487169069687425,0.13568789794537778
1.026352259994254,0.3874837733356737
0.8769031728857023,0.8614228438273916
1.0,3.0702484356078394
