alpha,s
0.5822423424651164,0.0
0.5488670791185625,0.108870634099039
0.6884585174768512,0.3154459555888416
0.7630267460460027,0.5847294510880336
0.45574900979853905,0.9874232951316276
1.0,3.893528434768793
