alpha,s
1.0676305882801598,0.0
1.0365475488380538,0.18244248740302738
1.1069756043552414,0.41819291260101255
1.0357831250125962,0.7288189748855277
1.0151914723005242,1.265366989394739
1.0,4.001147212411578
