alpha,s
0.10522331861544253,0.0
0.11117975747911564,1.154520547945208
0.15938663575152123,2.585753424657536
0.2308144844401477,4.034520547945206
0.6435728339140615,6.320000000000004
1.0,9.4986301369863
