alpha,s
1.2626757991802902,0.0
1.1342905590810837,0.0479666806692279
0.9885816399049066,0.1338021768777113
0.8365654730536246,0.30690998187150187
1.2912106728282335,0.7322402471128051
1.0,3.0059169066266214
