alpha,s
4.5589796512890635,0.0
1.623654199159041,0.007718704250690263
1.3458475997505104,0.05767375486916574
1.1666731334498668,0.17665698087103388
1.0687133381376364,0.4955197417730973
1.0,4.334504683605838
