alpha,s
1.1119240274458353,0.0
1.2649286784374674,0.1166525121135885
1.5449761912068434,0.250260346940966
0.9739054081043997,0.41874819081850073
1.1021532704200179,0.9020170263469324
1.0,4.000278584410863
