alpha,s
1.1623224122649933,0.0
1.2294034073243723,0.11353974917807474
1.0962912587426914,0.25827912583983537
1.1091269941245616,0.5013931432550274
1.295399140434069,0.9548495506161615
1.0,3.712896067053788
