alpha,s
21.898109989003352,0.0
2.988302262168768,0.00401979256147952
1.8257131796005162,0.04783034934712114
1.4988806586514505,0.16949873943596275
1.1820578206879666,0.47403447085650313
1.0,3.4046761235624965
