alpha,s
1.2533109989191855,0.0
0.9082379743059811,0.04080624945045152
0.886461688610199,0.13552326440659604
0.9125078862823871,0.3110001386591835
1.128447427273125,0.7267311558212906
1.0,2.9170005774318675
