alpha,s
1.231268078580163,0.0
0.8326117370371987,0.0344203777928877
0.8993129436989218,0.15005007643206672
0.8128603132668779,0.33975550614189715
0.7720506149226689,0.7755423821482779
1.0,3.2023025496185307
