alpha,s
0.9652117816766442,0.0
1.0904125730922887,0.12165938202644902
1.296526448354159,0.27139396357099405
0.9971491763409802,0.4707677642466705
1.1250346984023174,0.9489562059429493
1.0,5.37999093128056
