alpha,s
1.000725687752631,0.0
0.8612023188108857,0.11061163429337466
0.7931174181293889,0.29698943193840144
1.2585902932207405,0.6004307113455029
0.8858937852441268,0.9622473340926635
1.0,4.02199331565018
