alpha,s
1.3180261072047206,0.0
1.0178619639560824,0.0649925757756722
1.2860487001062653,0.1911692431615123
1.1229517060861813,0.3505089827796774
1.076860698837092,0.7376516044145515
1.0,4.670886403630052
