alpha,s
1.6974319681390382,0.0
0.903006473726363,0.0425448856751411
0.7810931849441076,0.18184673984526065
0.6706276951678971,0.4481352763994459
0.9749781729202808,1.0448706707718367
1.0,4.405685667261735
