alpha,s
0.02841878709699937,0.0
0.047161630320190336,1.550136986301371
0.09581028861031182,3.087123287671234
0.13076239031230488,4.41643835616438
0.9542603415213519,6.2915068493150725
1.0,8.17808219178082
