alpha,s
1.0901149522642308,0.0
0.9332481214279117,0.11762068741852355
1.152272194508221,0.30306030829824665
1.2659109583190937,0.5364779506329197
1.3062195483301597,0.9219176823962213
1.0,3.815404108857617
