alpha,s
0.0001916213869425063,0.0
0.011479100545868395,2.288767123287674
0.03701285124901242,3.3895890410958893
0.17977489607747407,4.915068493150685
0.8427865040083392,6.73972602739726
1.0,8.16438356164384
