alpha,s
1.3047120096899232,0.0
1.0624958775544828,0.1022507353920619
1.5042674853321325,0.2732490076483382
1.2235240489917414,0.45410255449572023
1.0147986570821113,0.8603097267715416
1.0,4.30299106072841
