alpha,s
1.0028768601477667,0.0
1.17537956235115,0.1260902133861116
1.22860661485186,0.27778567829651435
0.8218579262065057,0.48796423130713285
1.14864067747486,1.0604148809610723
1.0,3.70455521146506
