alpha,s
1.0515620260775198,0.0
0.8723527208859381,0.08460499969698394
0.9404753698468323,0.24503554900111627
0.8656689062082439,0.48775188829710975
0.915849254074903,0.9841603962478567
1.0,4.9395531802629415
