alpha,s
1.6136510690783483,0.0
0.815543485638943,0.0403367214307466
1.2230853860445152,0.1856867232145784
0.9418354125701618,0.35784706168656216
0.7064840549354561,0.7854953161827702
1.0,4.342733187546769
