alpha,s
1.0830253358307784,0.0
1.0130210076334516,0.12281778476429801
1.0859403931213172,0.29919676283114427
1.3530669109415505,0.5474966013577607
1.6019533842950349,0.910930736035318
1.0,3.346407538340067
