alpha,s
0.9175660701708027,0.0
0.48859300745896955,0.101213539372201
0.7116568000084607,0.3706797919276841
0.7448526388886084,0.6742488375838773
0.9053609738280461,1.2849286086375018
1.0,3.3121119020176533
