alpha,s
0.03031608037330086,0.0
0.07766998525120719,1.82739726027397
0.10537974205162072,2.6860273972602773
0.12130460349252588,3.82739726027397
0.5884007251515143,6.33972602739726
1.0,9.4986301369863
