alpha,s
3.143316251732432,0.0
2.437060424301108,0.06516895732583473
1.1163587090933156,0.16216051447040228
1.1514312628640913,0.4622057156704801
0.998229059893462,0.9187747277551093
1.0,4.62964685721725
