alpha,s
0.9452097704471473,0.0
1.1482625802499322,0.14123809171186993
1.1840834794236905,0.2934358682514222
1.023800557463925,0.524040971714476
1.160214433386792,1.0094556051233718
1.0,3.494948019138731
