alpha,s
0.7985233116890492,0.0
0.9153025353766703,0.10336493523834415
0.8661520116515316,0.23490378431480033
1.0642928618409309,0.47248598209682274
0.9455428621954776,0.8499933761912652
1.0,3.419853169531741
