alpha,s
11.570879860823835,0.0
2.1927406721926412,0.004180498094419142
1.5171175239146129,0.050015965241800325
1.2867845272302387,0.17579419174730515
1.1874646991435371,0.5100491130104803
1.0,3.683262664382828
