alpha,s
1.5706428186811483,0.0
0.8249345823622587,0.10347244520174322
1.483888634768531,0.37075835020425535
1.1136013655547619,0.5991971399600031
1.1121820855886817,1.080971487473028
1.0,3.1663091919457447
