alpha,s
1.0671039071068913,0.0
0.9990154452226716,0.17955190252989126
1.1680302946061072,0.4236488408723695
1.0836442213911386,0.7138450401987467
1.2695746396421543,1.2607291226934072
1.0,4.761528417844521
