alpha,s
0.005095742003098263,0.0
0.06900112821868774,2.140821917808216
0.12317746951810807,3.0969863013698617
0.1493450139728639,4.281643835616439
0.610633727317764,6.277260273972606
1.0,9.4986301369863
