alpha,s
1.6776881769397767,0.0
1.4789474876720963,0.05227653196141945
1.770769066122272,0.14924903605847142
1.4897234590963537,0.2899755663169118
1.5952476552274482,0.6042814040973027
1.0,2.685080961126208
