alpha,s
0.8779975276326267,0.0
1.1509014788415048,0.11961048750018369
1.1048751438852205,0.25262038382095764
1.0630724264497486,0.4783835243096985
1.0734989579123486,0.9212839054651971
1.0,4.163521686698721
