alpha,s
0.030858951105807133,0.0
0.08024522266372947,1.9709589041095859
0.16401465926503597,3.28767123287671
0.131153252706674,4.2027397260274
0.7463743025241416,6.144657534246575
1.0,8.22739726027397
