alpha,s
0.00165007059177119,0.0
0.005644205685581265,1.3041095890411
0.011060936785024194,2.36438356164384
0.03723945946585026,4.17260273972603
0.09251118713382189,5.94520547945205
1.0,8.17808219178082
