alpha,s
0.906483633447464,0.0
1.0378830024553105,0.1327476496797719
0.9584766550220783,0.29647860851435187
1.2529205932415723,0.5569958357434245
1.2648837112670106,0.9410798566939651
1.0,3.0092554246791696
