alpha,s
1.0407210881277367,0.0
1.1214025797280776,0.12392761983484181
0.9436980813193196,0.280385582143044
1.0583641726408053,0.5605595719988961
1.0313612102307084,1.0025574833071
1.0,4.994575506562667
