alpha,s
1.0395381647125657,0.0
1.2442284456830306,0.08553137473541667
1.0139766783233095,0.18496403342736134
1.0683530416122378,0.3923370037850509
1.2671184634059989,0.768151269066672
1.0,3.656498103956858
