alpha,s
0.05870783435198401,0.0
0.14280188763936422,1.960000000000002
0.17191502473771958,3.039452054794522
0.2298599368428367,4.407671232876712
0.7133445388516502,6.320000000000005
1.0,9.4986301369863
