alpha,s
0.3600031408745726,0.0
0.43302755359580525,0.1440430798555024
0.8889065377387728,0.38667512650084135
0.6737089471176284,0.5830829723834366
0.9655883147260718,1.162805702234743
1.0,3.413590557630619
