alpha,s
0.20016390965024625,0.0
0.22736910442812086,1.23561643835616
0.2021328577745133,2.23013698630137
0.47323301995175343,4.17260273972603
0.6691076842688377,5.58904109589041
1.0,8.22739726027397
