alpha,s
1.1712966312184039,0.0
1.028777525693731,0.06816708202392653
0.9377191100826616,0.187885498587173
0.949081930947142,0.39268805662753975
1.079151067197608,0.8073022480650144
1.0,4.9028119109836
