alpha,s
1.328947010619607,0.0
0.996289274938225,0.0906324628291549
1.1732224939165328,0.2547949158646525
0.9315264665827558,0.4563038433780112
0.8567496637482392,0.9227599005529699
1.0,5.583390420342542
