alpha,s
1.053562758135128,0.0
1.0092148181587832,0.1130628143122296
0.8328803533614347,0.2728455192206029
1.2753039188562183,0.5732218149621955
1.3652243989493384,0.9501126951843354
1.0,3.164880413279162
