alpha,s
0.7709464111335405,0.0
1.0860265805052443,0.10373661634181035
0.6762428944472781,0.22564682738444955
1.2121573357308295,0.5336618662019067
1.5840480247245305,0.9222239598951234
1.0,2.470923470036761
