alpha,s
0.944524333355084,0.0
0.9701270446171993,0.13573404063020358
1.1588456331237158,0.31231913467591027
1.0976972462071135,0.5329447032570374
0.9992247554863156,0.964941697530179
1.0,4.967096624778191
