alpha,s
3.131047392229136,0.0
1.7854576345329196,0.04428785385967971
1.4644781720514715,0.15110857993077337
1.7478431136557961,0.35436224758278434
1.0943473973846343,0.6158281636433327
1.0,4.212611453393179
