alpha,s
0.9231174914280024,0.0
1.3235272401279334,0.1300999534686528
1.0949458447906513,0.2546565622835546
1.2266650550341047,0.4857577199605974
1.2644393826397187,0.8596563630337455
1.0,3.858169525398381
