alpha,s
0.9779059519101593,0.0
1.1045193419007764,0.12702238132365296
1.2245802503109078,0.2800328046108991
1.0602762706909048,0.49143239349071405
1.0256748713813566,0.9459650386728318
1.0,4.462748353525518
