alpha,s
54.49619098637017,0.0
7.703143333765547,0.004027661870681901
3.8779358962544093,0.03992892029674392
1.8884583081141681,0.13734176324678848
1.7934770464500598,0.4778116873533712
1.0,2.9685499061412592
