alpha,s
0.044904827708806314,0.0
0.09435218816093582,2.16712328767123
0.1988549117511796,3.238356164383558
0.1745252356520148,4.2027397260274
0.2971808076042593,5.94520547945205
1.0,8.17808219178082
