alpha,s
2.7915792340406362,0.0
2.15087488124715,0.06388929809472005
1.2257278468682897,0.16863399547779334
1.4708685002268203,0.44110627215516957
1.069261463397099,0.8226966997745229
1.0,4.379051372720861
