alpha,s
1.0498042169608266,0.0
0.9850557442588136,0.13875045033598815
0.9244831442281062,0.3241319862972222
0.7354264177325072,0.6277994569952531
0.7226005025216152,1.27417465963263
1.0,3.607042334323475
