alpha,s
1.0117416342929095,0.0
1.0569484621415095,0.1855757564908613
0.9636167768309394,0.4103276286146826
0.9983406309792061,0.7578914033995091
1.000145755176757,1.3235853946629867
1.0,5.259188331182621
