alpha,s
3.8160177477489587,0.0
1.8115181251125647,0.044166100501257105
1.58462101557348,0.16459822988405182
1.324115112309296,0.35574200193292144
1.0020103994105112,0.785490952381506
1.0,5.13455402999264
