alpha,s
1.5894382017635367,0.0
1.088738947171432,0.04333041711917202
1.2423240909735453,0.1586666126115931
1.0043251901871593,0.3377042399162336
1.0502043092315685,0.782604427599331
1.0,3.679752463289967
