alpha,s
0.05509759296729976,0.0
0.2317169895649001,2.2361643835616443
0.1638903037933123,3.20547945205479
0.3297258400165295,4.385753424657538
1.0704755497569052,6.14794520547945
1.0,8.03561643835616
