alpha,s
1.0408458368712843,0.0
1.0143555466341745,0.1264226082554786
1.0462792124646376,0.3015222999193196
1.117542066364086,0.5540168311750595
1.1110193946326476,1.0005260358648185
1.0,3.9539950394180368
