alpha,s
0.993033000531271,0.0
1.0811009589042675,0.1291199315310008
0.9446382228899736,0.2867211505932784
0.9181077033507156,0.5574718148776917
1.0081772521456525,1.0734499051685502
1.0,4.254734004333263
