alpha,s
0.6567313312684314,0.0
0.8362712970413743,0.0908647416668078
0.7794593996945515,0.2418127382209048
1.037357494839914,0.5154574253582302
1.3823220839396813,0.9390274982541958
1.0,2.799468773037196
