alpha,s
0.10648109225881994,0.0
0.5237268568824681,1.96712328767123
0.19985501304188052,2.36438356164384
0.2502718292944292,4.19178082191781
0.7747785055055745,6.14794520547945
1.0,9.4986301369863
