alpha,s
28.97716400115797,0.0
3.843396584108585,0.0043471817517566815
2.182602648227599,0.04976687368531961
1.9115497756152389,0.16961974074157565
1.3251087344960166,0.4300971680282253
1.0,3.6094754351623033
