alpha,s
1.059821574769469,0.0
1.1009671460015193,0.18105879084490556
1.2227318246915888,0.4005254659628153
1.0521340169549427,0.6807470610575248
1.0621408376581447,1.219229401098371
1.0,4.12803783245435
