alpha,s
16.306036828436373,0.0
4.2929857556614195,0.007837725099348844
1.7323401873564308,0.04784248125161506
1.2814727757131883,0.20005498410586678
1.269941623401299,0.5948097744799358
1.0,3.796291753477902
