alpha,s
0.017027956581039446,0.0
0.1282504608489278,1.9709589041095859
0.04059888041638029,2.42191780821918
0.13453615049626128,4.486575342465755
0.30198940610647623,6.14794520547945
1.0,9.4986301369863
