alpha,s
1.9652268676988442,0.0
1.0620481493334277,0.0070386993840778
0.844941644408628,0.0505084197606535
0.7307245563110304,0.18161519841946952
0.7861672793893674,0.557850313501598
1.0,4.353628393184411
