alpha,s
1.1747593821984577,0.0
1.1910966619337942,0.04486577270583541
1.16589277367696,0.12152462769682182
1.0683846430680028,0.2670649652543286
1.041963954094381,0.615754011901123
1.0,4.71652728997338
