alpha,s
0.021372026835004835,0.0
0.16913920156844278,2.23013698630137
0.16420799687076001,3.04109589041096
0.6896168487810059,3.810410958904108
0.3834424232544954,4.39452054794521
1.0,7.16986301369863
