alpha,s
1.1321074768318151,0.0
0.9550773007444648,0.1069160367156109
1.1538382651251002,0.2788723928275156
0.9554052572573882,0.4966183715448699
1.1153245693135982,0.9839493968574669
1.0,4.264761612628652
