alpha,s
56.314273424133354,0.0
7.661713279756869,0.003947501773509021
3.4512253705556146,0.040165122957839215
2.4946747325708425,0.14908882825110883
1.2546728375468619,0.40086514257771927
1.0,3.662900955199559
