alpha,s
15.73869359535716,0.0
3.096968707652105,0.005488296658645001
2.000428116927164,0.047393368953765
1.2749043030468052,0.15117778190590628
1.2869544658797594,0.5073753235407699
1.0,2.882773966889824
