alpha,s
0.04526621133329139,0.0
0.05764203405888044,1.23561643835616
0.07907771136217025,2.4104109589041123
0.13016747294069478,4.23232876712329
0.44220974684897485,6.26301369863014
1.0,9.4986301369863
