alpha,s
0.01745395973478323,0.0
0.05044687893035521,2.01369863013699
0.07247894562584022,3.20547945205479
0.2133429755657718,5.15890410958904
0.6060233512081248,6.35890410958904
1.0,8.22739726027397
