alpha,s
0.9204323772998856,0.0
0.9330734709863882,0.1273994553931029
0.8786376311350079,0.29347194575797
0.9055184665139958,0.565702008784278
1.0250174230626448,1.060183802328282
1.0,3.4165365682090005
