alpha,s
0.07107056179075757,0.0
0.10502147698458963,1.550136986301371
0.19659448418226064,3.087123287671234
0.21129465431616382,4.41643835616438
1.0217372185707136,6.2915068493150725
1.0,8.17808219178082
