alpha,s
4.552014109116698,0.0
2.936765790171353,0.0378817408069878
1.5078997434390737,0.11359635305399232
1.3060815771947476,0.32398955912184935
1.2499113876540595,0.7470161125878914
1.0,3.792975622128803
