alpha,s
0.6915135030792765,0.0
1.1319065296025297,0.1273217935247958
1.1357765968897124,0.2560199826317487
0.9813607619473849,0.4596286946060549
1.38542008128002,0.9364518896439652
1.0,2.806483014008343
