alpha,s
0.7661560004062974,0.0
0.8531335312901366,0.05648934319386799
1.0560019746275473,0.17721024506529665
0.8000988352649936,0.3429337371592077
0.5134783711209792,0.8011079503038303
1.0,4.849927514018924
