alpha,s
0.8218356553378604,0.0
0.8613989343816298,0.10201271725092244
0.8160155349480974,0.24496577171171155
1.0924888043772336,0.5080057312597271
1.1924113850185536,0.8941860042976718
1.0,4.364102499384303
