alpha,s
2.2364787329469453,0.0
1.2561261505821315,0.005075290621798002
0.8730513578858795,0.044999966416665906
0.8959764860991308,0.18309569915069338
0.8318359448832203,0.5239857332330583
1.0,3.61789508263097
