alpha,s
1.1365057967345713,0.0
0.9786252771072965,0.101402025869512
0.9905489320940606,0.26192674428132673
0.9170414737521105,0.507523932109557
0.9946494459175743,0.9739707385686648
1.0,3.489185360739171
