alpha,s
0.0008774369195363568,0.0
0.015538128260693566,1.82739726027397
0.0257650028297874,2.48767123287671
0.19823193938720726,3.5917808219178102
0.25116915964726183,4.39452054794521
1.0,8.16438356164384
