alpha,s
1.163003234364693,0.0
1.102384960482093,0.07802446557311218
0.8525041461098957,0.2035105496705657
0.911436745838774,0.4692147104303369
0.7763764756509461,0.9118095776093054
1.0,4.814281281084912
