alpha,s
0.015704998680360086,0.0
0.024977271852366287,2.23013698630137
0.2122386344301139,4.000547945205483
0.2244217812773241,4.489863013698629
0.7478549366517466,5.697534246575343
1.0,8.17808219178082
