alpha,s
0.034022024234179694,0.0
0.09284798487046698,2.16712328767123
0.09361768281986393,3.101917808219176
0.18823347203912746,5.0958904109589
0.6849715355381022,7.07397260273973
1.0,8.22739726027397
