alpha,s
0.019878860928935888,0.0
0.059257359295294076,2.16712328767123
0.06769357659576496,3.101917808219176
0.1834922336801787,5.0958904109589
0.7329254300159762,7.07397260273973
1.0,8.22739726027397
