alpha,s
0.09965723289735069,0.0
0.11573729193672115,1.23561643835616
0.10986946696741716,2.23013698630137
0.30888418109959925,4.17260273972603
0.49409512624287444,5.58904109589041
1.0,8.22739726027397
