alpha,s
1.086286479969373,0.0
1.1846788424261934,0.10734950111197031
0.9043075102672163,0.2458618990710667
0.9393822670637375,0.5252718004201417
1.4922678554586193,1.0441761531371951
1.0,2.6322530412169205
