alpha,s
1.1890409666901585,0.0
1.0547712110921625,0.09810648121410104
1.0090842021760345,0.2525029172315228
0.9679756121396705,0.504152348100641
1.1689498606093875,0.9886376833358602
1.0,4.414350925792336
