alpha,s
0.04309951162353151,0.0
0.11934841449747079,1.98630136986301
0.13631032044337912,3.01095890410959
0.2536646561896291,4.15287671232877
0.6801584402056945,5.781369863013698
1.0,8.17808219178082
