alpha,s
0.3253142882288379,0.0
0.7992274994650027,0.17809004927220548
1.194595253523577,0.31730681664160026
0.7683976518762099,0.48423265071268273
1.2394519353809395,1.0550327902052494
1.0,3.6522240984352816
