alpha,s
0.9707272231411345,0.0
1.2004439858032476,0.13360747961627087
1.0916300899225104,0.28463912588837975
1.0285113322108688,0.5235245506868736
1.1146459104382336,1.0018566876248918
1.0,3.708466988569018
