alpha,s
8.702959657181765,0.0
2.6426505032253704,0.02394245128332292
1.8574621818618313,0.12299052373305201
1.3166101157371157,0.3122029888277015
1.3962286135263862,0.765711365046892
1.0,2.67016696223194
