alpha,s
0.9990157962667862,0.0
0.9366032261986211,0.0663255128210294
0.9113246971306556,0.1736082413712427
1.0807445781055167,0.36274050167437183
1.0653836617619037,0.733830486312387
1.0,3.038592412516746
