alpha,s
1.014181744245642,0.0
0.9788556058769236,0.0415991812741563
0.8995171175183748,0.13508914067552383
0.7838222366029166,0.3253112021742954
0.9011124434325151,0.7830664179646989
1.0,3.108403636041861
