alpha,s
0.10127702987644768,0.0
0.2527486753594978,2.018082191780824
0.18671737076976602,3.0673972602739723
0.3795370925553133,5.145753424657532
1.422319248466816,7.04383561643836
1.0,9.4986301369863
