alpha,s
1.0204904266465216,0.0
1.0786952180541634,0.11519362676439118
1.1262682964133888,0.2647261706676811
0.9055613917479197,0.48168749473689604
0.8776212003923862,0.9725932086415217
1.0,4.796878285193289
