alpha,s
0.5276287996266044,0.0
0.8889191733380557,0.0969867018430578
0.9845718126753985,0.2249617987878033
0.627743920213366,0.4290705662277679
1.126608046472019,1.072940923671168
1.0,3.1162115747529118
