alpha,s
0.7904201779074382,0.0
0.8317742449967116,0.00851815821433326
0.9883620964515909,0.053341499370323
1.0670360297654085,0.16298885127296814
1.0623666319424037,0.4454266909336482
1.0,3.630905915185648
