alpha,s
1.266578496782337,0.0
0.9446167414924213,0.04821708815194734
0.9610533047002682,0.17374982182700188
0.9746285208574605,0.38860693454076106
1.0007958082089712,0.7996848239979769
1.0,4.174123628929626
