alpha,s
3.829877697136161,0.0
2.0713919804819367,0.055000302530562
1.333442990542616,0.17929680720554927
1.1845151383159966,0.4579853492261379
1.6541836460685364,0.9678789720526633
1.0,3.5496932208328644
