alpha,s
0.3635972534329372,0.0
0.6706317167203405,0.12643865192558315
0.7296575621622982,0.26754900542233795
0.9726286163296781,0.5326708903128892
1.2242043061038177,0.9138374650148852
1.0,3.4277274932956465
