alpha,s
0.0002402648001607687,0.0
0.003536097516665342,2.018082191780824
0.010619015346793003,3.0673972602739723
0.05245521373817396,5.145753424657532
0.8026610607952064,7.04383561643836
1.0,9.4986301369863
