alpha,s
1.1965754880561836,0.0
1.0204480480635412,0.05523483506092058
0.9426042698911258,0.1762314966275943
0.9850993680315809,0.3970345059648035
0.8507795456621234,0.8014515866091383
1.0,3.3022112312387546
