alpha,s
0.4938622083152888,0.0
0.808597014847958,0.08894075663628476
1.1513210458881358,0.22098028022305113
1.0560513578679014,0.3954015725928005
1.1708276918498512,0.8195641740532358
1.0,2.405064140259053
