alpha,s
1.030844575898046,0.0
0.9918764549425172,0.08098525422859716
1.0392170327669175,0.2061111095522029
1.1195592766006697,0.4071855988700592
1.0548091797690429,0.7834213553348401
1.0,4.930415968416713
