alpha,s
0.028969764604202846,0.0
0.08685403354950165,2.290958904109592
0.2633804517273201,3.670684931506852
0.26951819979618963,4.403287671232878
0.5631775974734325,5.94520547945205
1.0,9.4986301369863
