alpha,s
4.45972981915535,0.0
1.7576457333833593,0.03586559595760924
1.9989998368538577,0.15481175215276133
1.8246244906571696,0.3134530631281794
1.9778761020856286,0.6287098838466717
1.0,3.0253747241858227
