alpha,s
35.10530656567156,0.0
5.01461984945218,0.004067179406949581
2.5987002910086114,0.04162532834790053
1.2880261468131695,0.15095099134372236
1.2354796864238469,0.5519552674244494
1.0,3.7731463706284063
