alpha,s
20.23606617673633,0.0
3.23381482809053,0.0062752205231293
2.30617181853126,0.061538347630632956
1.606702873066155,0.18289296448158948
1.1600914189395755,0.4851416056283925
1.0,3.593678828013927
