alpha,s
0.21299605499192384,0.0
0.38063480769397995,0.102882185571817
0.2801035754170311,0.21823653065100257
0.23056394939615366,0.48079161016026123
0.1357012995052671,0.9968299355574155
1.0,5.313996572251607
