alpha,s
1.0951510143162824,0.0
0.8877557321303691,0.12313387901328368
1.1890834849185874,0.3265970563893888
1.2016943555219808,0.5593132024468224
1.41785068673688,0.9662212375305784
1.0,4.405148912142053
