alpha,s
2.971906056353783,0.0
2.0397843531043356,0.05066247861926768
1.62228909919993,0.14762524903532595
1.8250845976980483,0.33567424423346254
1.5062781111854295,0.6307687074786784
1.0,2.2918374400050388
