alpha,s
0.39648640352096615,0.0
0.5014707531560053,0.11648933457000626
0.6978148104750465,0.30072679611341246
0.6968289211847793,0.5413047428972131
0.8353287694930526,1.076147472777227
1.0,3.2007009065304315
