alpha,s
36.73526276225845,0.0
6.588738424582826,0.0038122418684001604
2.2302468875673713,0.032459679244838446
1.7131464178890485,0.15961719804128183
1.458292898982781,0.46268975539061385
1.0,3.7430840705992576
