alpha,s
0.48681053374874017,0.0
0.5991238802303036,0.09272410980422315
0.5827209011688678,0.28439802894759975
0.7187636359134935,0.6066359174830713
0.9761778910799259,1.151579231282854
1.0,3.251472069480809
