alpha,s
0.9353227203552559,0.0
0.8843912145077448,0.13917700644925232
0.925936147813435,0.33235935758635793
0.9837842246369546,0.6186442993982498
1.3294676746855996,1.1115148243545507
1.0,3.0460014219016047
