alpha,s
0.9481965816281698,0.0
1.037988439784784,0.05145878307852984
1.2369904536885767,0.14794968848619836
0.9066204964860612,0.2854289605297127
0.6853695371751598,0.6870814388198261
1.0,4.131097104668334
