alpha,s
0.6008163563865478,0.0
0.6281771249925785,0.062170510510830904
0.7164605095332923,0.17489185109622035
0.8424369561776183,0.36410663715923436
1.0034426360837125,0.7799533761638279
1.0,3.2296742188269865
