alpha,s
1.01026144682879,0.0
0.8486828547578193,0.1067515986375203
0.874076754787446,0.293831585207177
0.9351256459540895,0.5772060548423952
1.263516799868659,1.1029107263105715
1.0,3.816737563318634
