alpha,s
0.45637801261486977,0.0
0.5857978577712815,0.1115829032813573
0.6538839273102698,0.2519159693111881
0.6339364561344429,0.46900752495686493
0.742896664578355,0.9583195319576814
1.0,5.151442703850677
