alpha,s
0.494197133113702,0.0
0.8360054430678979,0.12196465727352487
0.7064191921508504,0.2343933563645069
0.7548245225218666,0.46488134476491116
1.0928407165929728,0.9448766314383557
1.0,3.5088306107429146
