alpha,s
0.853174916412072,0.0
0.8451077715630249,0.042046904159797505
0.684453024664704,0.13271757122726613
0.5667661269311349,0.33071593806552957
0.6496711764423695,0.8161316627622041
1.0,3.2131175890388524
