alpha,s
0.04346210901150235,0.0
0.04885561097301706,1.95342465753425
0.11783397371760858,3.04109589041096
0.1593749911842925,4.191780821917811
0.48930886376176463,5.94520547945205
1.0,8.22739726027397
