alpha,s
0.0021949117800276192,0.0
0.012476050751454889,1.960000000000002
0.03373806292124602,3.039452054794522
0.08814006553356375,4.407671232876712
0.5276536949512326,6.320000000000005
1.0,9.4986301369863
