alpha,s
0.00028796024533783135,0.0
0.016579463902982736,2.204931506849314
0.027437781365729982,3.20547945205479
0.12592869122248115,4.1035616438356195
0.6265715635084413,5.85479452054795
1.0,8.16438356164384
