alpha,s
0.44927459825025756,0.0
0.5304804320989429,0.09312797445134938
0.5613564060895729,0.2326754967876459
0.5860822463045517,0.45280546323961807
0.2560768441012749,0.8199017220778856
1.0,5.452467378154424
