alpha,s
0.9761236079296277,0.0
0.9215708692726261,0.13580954252694846
1.1458898633999277,0.33045077244653315
1.1104991884030369,0.5666154737450855
1.2520107576274955,1.03490021465081
1.0,4.455789045493932
