alpha,s
3.6417758470130623,0.0
1.913778069261433,0.048425235347110865
1.223263907819519,0.16231105310952115
1.674570689755662,0.4183627317013284
1.3585933262594798,0.764013900353387
1.0,4.168387418086945
