alpha,s
4.2855019264761856,0.0
2.4110938158340804,0.0405037321457607
1.810888280325652,0.1321796432633614
1.3395676986352967,0.30698746270879523
1.0243223972583024,0.703039214909718
1.0,3.48260418514528
