alpha,s
0.8999882500054589,0.0
0.7622531246931192,0.1034254223602496
0.8952502488758483,0.29204948677141374
1.1204117774764784,0.5576368131465202
0.935455338354058,0.959641228812611
1.0,4.27723854440767
