alpha,s
1.074551494792655,0.0
1.1847477678470204,0.09910477595596034
1.0107746386033851,0.23241746769325378
1.0247052860993275,0.4833949181616511
0.988935448867872,0.9306097515329711
1.0,4.667791704101631
