alpha,s
0.13181879870656826,0.0
0.12433830981534937,1.4246575342465762
0.2204199074202211,3.172602739726024
0.30796352049605624,5.0958904109589
0.5934538802050423,6.769863013698633
1.0,9.4986301369863
