alpha,s
0.28320105568831777,0.0
0.5021865485196657,0.1024289689105532
0.5804786851382902,0.2383406718813612
0.8215664378394038,0.5113007128802499
0.8786990011681166,0.9399071700608213
1.0,3.790933643596948
