alpha,s
0.6043835368221432,0.0
1.186137519348944,0.074130761636645
1.3744920977769461,0.1657744289731545
0.8354798316533689,0.3060703471102966
1.1140132474873266,0.7674663169249251
1.0,2.714027267910736
