alpha,s
0.00018291258679017174,0.0
0.002168721867102657,1.95342465753425
0.019931346202064427,3.815342465753422
0.15910258064188093,5.731506849315067
0.5801727192126823,7.04383561643836
1.0,8.17808219178082
