alpha,s
0.4081042861367178,0.0
0.444484964559023,0.12542237645343973
0.9213257492117713,0.3438264883805628
0.7811383807275409,0.545874368105116
1.329114313856946,1.0993773509000573
1.0,2.8735355361102424
