alpha,s
0.49517867322448306,0.0
0.9759903202837892,0.11116792116818845
1.1135349098661604,0.21571908271682516
0.9840468396236532,0.3977783520674112
1.0378030260064763,0.8186870944675281
1.0,2.928620127257747
