alpha,s
1.1994638560433522,0.0
1.0203440758701927,0.1070977943631873
1.065353815966758,0.273591532489975
0.8636104229939846,0.5195844247707265
1.0076925464593347,1.0535149252962697
1.0,3.945173319387585
