alpha,s
1.1411540697504263,0.0
1.1990605049679222,0.05124516369351254
1.0386092552265647,0.1338352131673729
1.1075285152747414,0.304023434005878
1.0268900385131505,0.6558544960853673
1.0,3.417779517255841
