alpha,s
0.007874366508868158,0.0
0.045060732382800124,1.9917808219178061
0.18065117686626286,3.491506849315067
0.1721548647971726,4.39452054794521
0.6409084029604339,6.107397260273971
1.0,8.22739726027397
