alpha,s
3.383138626578004,0.0
2.4585115853062325,0.0465371276377706
1.3487173407314557,0.1294720751118017
1.4184668175436843,0.3607705807262973
1.4273841592473744,0.7476603939649482
1.0,4.823816853960435
