alpha,s
1.2352356138195335,0.0
1.134256952234505,0.09795204126646967
1.0996921440466578,0.24567078053752095
1.31783630936675,0.48896993227453595
1.14917571770138,0.8547694026199917
1.0,3.840729135968613
