alpha,s
0.8587172167282043,0.0
0.8191388515820885,0.1387373098749698
1.1425648780998772,0.33578715783390917
0.9094737226510794,0.5614352717144285
1.208175021979682,1.0538880877067998
1.0,4.569394408510976
