alpha,s
1.018120407499898,0.0
1.000724671885466,0.19118817419986478
0.9811002663633646,0.4440600961665846
1.1620863974342248,0.7954725161901645
1.1328848973148253,1.3295098582952252
1.0,5.522874496791904
