alpha,s
0.965343775309854,0.0
0.9957693319587344,0.05347480798028624
0.920593647668027,0.1451098216030051
0.9251617075717864,0.32681879134184777
0.877349295622862,0.717317333289903
1.0,5.331357967135418
