alpha,s
0.4302616234327432,0.0
0.5325634791135597,0.1311264574522158
0.5910407478490912,0.3000485488184163
0.7393791354624927,0.5620236931872491
0.9013062947997612,1.0401459099095511
1.0,3.618485204088106
