alpha,s
0.417094239665585,0.0
0.47971327083784615,0.10633923180022894
0.6162646328911189,0.26813432428545697
0.8780318193995398,0.5032895009205514
0.9122177184119307,0.8995271606478643
1.0,3.718601586032329
