alpha,s
0.7567997405969707,0.0
0.806077723096546,0.10748123960254331
0.8603322586143646,0.2615000493549945
1.194108375983827,0.4907971826618034
1.0577194328235329,0.8458680994546899
1.0,4.479004169491691
