alpha,s
0.8220066104374687,0.0
1.477610664531697,0.08840122221636774
1.0791243288044883,0.17891322549495975
1.7026167247464925,0.3819071189792738
1.2202434976481216,0.6454409241163291
1.0,2.4366919602048225
