alpha,s
1.8333257420287588,0.0
0.9741784535819353,0.029699559689839422
1.1873253823024554,0.13795560869241733
0.8971096920333712,0.30005040390746196
1.0355117293733451,0.7739633189797673
1.0,2.851384523205207
