alpha,s
1.8395190441367915,0.0
1.1535306608758014,0.005135656409854721
0.8975875905112491,0.045213793031136255
0.8785628802404555,0.17600246643203693
0.9009388483487701,0.5233872275441206
1.0,2.970749921685901
