alpha,s
2.76588795214737,0.0
1.4904147884457681,0.049840849915252
1.0576998138442373,0.1678616757158803
1.3848222718606016,0.4282956269710981
1.5368217604019174,0.803902976642814
1.0,3.308493763062955
