alpha,s
1.8403971087022273,0.0
1.750274961360788,0.1109636461760583
1.722573008237576,0.260368082340131
1.3143248848733502,0.46942912968315215
1.1986552195469835,0.9305832877500956
1.0,3.5826815921772344
