alpha,s
2.081006081587338,0.0
1.9171373516707026,0.09656574581274832
1.7533278541214175,0.23139717302216142
1.6393986638583853,0.4431016803054118
1.3590172267108713,0.8269997768718025
1.0,3.5463475742664903
