alpha,s
4.297637381646074,0.0
2.100711126451222,0.033719052579219456
1.5162341663416055,0.1245285472325692
1.5693451572766888,0.3179058954999696
1.1605683534110836,0.6419668171478055
1.0,4.540256284302601
