alpha,s
2.451299412675551,0.0
1.3801268043273784,0.046699973596372804
1.6592000686010535,0.16197602731382763
1.0913740546229245,0.322167659594514
1.0835451023344256,0.7760905794324798
1.0,3.343349552670907
