alpha,s
1.0191156897380744,0.0
1.0929852858622853,0.1427578821339616
1.137547136027975,0.32652509571771365
1.273280826514786,0.5855368579560235
1.0034747493478358,0.9861322918272211
1.0,3.36672062221845
