alpha,s
0.3887514692621936,0.0
0.6138336127349204,0.11455060027168516
0.6821685807537019,0.2729936115787976
0.6322655920941129,0.5379546478090875
0.6303402054645691,1.049621447976389
1.0,5.074426752373195
