alpha,s
1.7028303193205676,0.0
1.299963784042477,0.0031165658393402
0.9797439706769758,0.0302510090028504
0.9021562863943441,0.13501064678387656
0.6701281214815764,0.442965659093355
1.0,5.019802766756367
