alpha,s
0.013863505821089365,0.0
0.040379026731283255,2.04876712328767
0.04568654866169514,3.20547945205479
0.14488450586892854,4.4953424657534224
0.4597696827761622,6.144657534246575
1.0,9.4986301369863
