alpha,s
1.1025587529397647,0.0
1.065737486435087,0.17130805127919466
1.0371488499214616,0.39831262004233287
1.0099970120618331,0.7312572842083173
1.1858257414000422,1.3084501769567252
1.0,4.757756560870357
