alpha,s
0.6519685466422206,0.0
0.7849673754094801,0.11783945325294877
0.8483898307422505,0.2648043523211883
0.9450821219421083,0.4915784615571455
0.9813618705196818,0.8882755187200772
1.0,5.103988933831208
