alpha,s
0.022017573208267187,0.0
0.0664881116424767,1.999452054794518
0.11115607289013103,3.035068493150686
0.1745465381167308,4.453150684931504
0.5377493326616198,6.14794520547945
1.0,9.4986301369863
