alpha,s
1.7682790434897109,0.0
1.1501560648908604,0.054303371087120855
1.1974010500827192,0.18746946603119305
0.9973164065479803,0.3872930097845031
1.1543267956606211,0.8805209241074503
1.0,2.935187104324536
