alpha,s
8.498910455728552,0.0
2.5708275049758487,0.00592048414394282
1.9474194029911693,0.04686959489242247
1.6846231812070607,0.15218498139544334
1.2884142267808223,0.42376310114255417
1.0,5.001886183330838
