alpha,s
1.1793159243685563,0.0
0.9727974212604452,0.05074849431938822
0.971194691848009,0.15910353080409298
1.0269895008939094,0.3439271386509139
0.7108973144231605,0.7154060527341812
1.0,4.445785322543448
