alpha,s
2.802870090243247,0.0
2.602600899680726,0.057511162907336044
1.745884218755379,0.13773992502805427
1.4009429320019662,0.3138576098026305
0.9921283995500251,0.7008665248575238
1.0,3.9999436307929206
