alpha,s
1.6375200823725344,0.0
1.337219802251607,0.03888252018516626
1.1121157503958496,0.1158056835313458
1.1251781495010913,0.27529508046635354
1.0758405189970965,0.6435471769937955
1.0,3.930920409032075
