alpha,s
1.121568633472142,0.0
1.1319375930087803,0.11361489721267493
1.175971126452244,0.26811822455944506
1.0870364275563116,0.49370117147664316
0.8536607687410473,0.9177638536347494
1.0,4.890839099910465
