alpha,s
0.07645412210590728,0.0
0.1740517436206555,2.01917808219178
0.21399037186937342,2.9063013698630145
0.32439939062399686,4.193972602739728
0.7515481875009634,5.748493150684935
1.0,8.16438356164384
