alpha,s
1.248418412233402,0.0
1.2331233593339488,0.04745981073915592
1.0654578631708433,0.12639023738651436
1.0828087678151461,0.2844497431457332
0.9068805801843469,0.6122637933229651
1.0,4.613497269723268
