alpha,s
0.4460549851645059,0.0
0.920273355274412,0.11318380369892649
0.7099817818466045,0.2172449014198532
1.122663593212174,0.4978582380598702
0.6605977677767166,0.8462210783523341
1.0,3.171147775492655
