alpha,s
1.2782539929557952,0.0
1.3575460749954777,0.09338418876063982
1.3551493848067584,0.21132273776587163
1.2311943117276347,0.39868881172177423
1.1680446993897848,0.7653490214385806
1.0,2.9798866415049683
