alpha,s
1.086153443173922,0.0
0.9268075235092222,0.05774626481737044
1.224943880160708,0.1952359444886972
1.0681511483240338,0.3782406818226881
1.1254007631763687,0.803386007221043
1.0,3.97545627187556
