alpha,s
0.05066230812253908,0.0
0.3512811001014248,2.01369863013699
0.09415355342250757,2.42191780821918
0.17071148105174366,4.17260273972603
0.4111010623971695,6.33424657534247
1.0,9.4986301369863
