alpha,s
3.4390104665290417,0.0
2.270617914965042,0.047844544810927724
1.3489911070622491,0.14106499225056693
0.8960766880925203,0.36430985063256405
1.0261221636299442,0.9608000473518108
1.0,3.9738524273670057
