alpha,s
2.593667631900234,0.0
1.8824817866199273,0.050905493477097
1.2841594716473188,0.1448313092822347
1.4221772458390094,0.34965783538103773
0.9580665983560263,0.6927571182328236
1.0,3.048281295983496
