alpha,s
21.263749577761097,0.0
3.6490945137789574,0.004070502003609661
1.745018744338907,0.04115897468383446
1.3558623352354007,0.16653092925286528
1.120116568103408,0.5054530692041305
1.0,4.343476413502546
