alpha,s
0.8155910597757708,0.0
1.2067848226251032,0.0666032616563306
0.8746495005644608,0.154303996665624
0.8447408473207644,0.3629588803107663
0.7324473611934764,0.7765793669734953
1.0,3.506407392265472
