alpha,s
1.2021927480779844,0.0
0.8169201154150818,0.007718704250690263
0.8393925410980968,0.05767375486916574
0.7994254745807136,0.17665698087103388
0.7860140856218584,0.4955197417730973
1.0,4.334504683605838
