alpha,s
0.9788984469299193,0.0
1.0269332830117415,0.0469027710772014
1.1231588283335747,0.1284197686745131
0.9640510670112896,0.2668250129098223
1.2288359724011313,0.6576210714822294
1.0,3.8517703404813135
