alpha,s
0.0442637851149388,0.0
0.042286619604164286,1.4246575342465762
0.07906521678468491,3.172602739726024
0.11782927645141791,5.0958904109589
0.2717936372998994,6.769863013698633
1.0,9.4986301369863
