alpha,s
2.3258916697715533,0.0
1.4048498751259708,0.048425235347110865
0.9871350001085414,0.16231105310952115
1.453837595278924,0.4183627317013284
1.255605791284053,0.764013900353387
1.0,4.168387418086945
