alpha,s
6.919720535716955,0.0
3.172032767562609,0.030835271273028278
2.711173157927171,0.11210530219980745
1.882612724548785,0.24976543687734382
1.1939933532898737,0.5597024593942066
1.0,3.7218382374915335
