alpha,s
0.0007511814755325172,0.0
0.009709388852901188,1.82739726027397
0.011246627036669789,2.23013698630137
0.045439183734631794,3.804383561643841
0.02883490997153001,4.6635616438356156
1.0,9.4986301369863
