alpha,s
0.009770077038914237,0.0
0.02818252982169599,1.95342465753425
0.0849518646665775,3.815342465753422
0.33529511612053536,5.731506849315067
0.7731543605050839,7.04383561643836
1.0,8.17808219178082
