alpha,s
4.94351423908721,0.0
2.1117204170195687,0.0364128446532506
2.243547294252802,0.143893782527181
0.9738942483118862,0.283584107466607
1.0512848688420051,0.8433129188037979
1.0,3.943608578259452
