alpha,s
1.8517798799594782,0.0
1.8598808864347776,0.1067283224254167
1.5658826005365205,0.24214381919708106
1.0817793830216926,0.47090591523062053
1.5820980361555386,1.0409143850357832
1.0,3.489199838431466
