alpha,s
0.008792584607965124,0.0
0.11877857413698575,2.01369863013699
0.037560445061682414,2.42191780821918
0.07918854115301356,4.17260273972603
0.2098401664992508,6.33424657534247
1.0,9.4986301369863
