alpha,s
0.9780681200397486,0.0
0.9481148766517973,0.11309973609945555
1.0433914483028042,0.27739451533534026
0.9257686113659334,0.501198320573488
0.9271620965672541,0.9816766298054376
1.0,4.7984319021646025
