alpha,s
0.5586227618501005,0.0
0.9866928046463308,0.10201996151458849
1.084754996173439,0.2147901433869896
0.9686486811504577,0.4009626244759616
0.8679981005686112,0.7962867810929628
1.0,3.824792384897254
