alpha,s
0.017405342597199204,0.0
0.11201982356827687,2.23013698630137
0.11849355615524206,3.04109589041096
0.5778624995653993,3.810410958904108
0.3865028320951175,4.39452054794521
1.0,7.16986301369863
