alpha,s
0.0700129868349303,0.0
0.25428637868003906,1.4723287671232843
0.09270360652586176,1.98630136986301
0.18609804423170573,4.193972602739728
0.8056026016555463,6.305753424657539
1.0,8.22739726027397
