alpha,s
0.9026323042580465,0.0
1.0526839867827262,0.13374076972241586
1.348128756224131,0.29235493290958353
0.9257829509939234,0.4783182584381374
0.9349859928691517,0.9646550570515461
1.0,4.802638801205539
