alpha,s
0.14276011865356336,0.0
0.14987764843692153,1.13424657534247
0.2069536251540289,2.01369863013699
0.12710490973251481,3.2054794520547922
0.7749073188930006,6.73972602739726
1.0,9.4986301369863
