alpha,s
1.2649154007493912,0.0
1.2714317845001801,0.04740327034489
1.1578006454537861,0.1305371965919934
1.2812198258826764,0.2921130712070922
1.12594253304585,0.6002289848202366
1.0,3.865483078028984
