alpha,s
1.3003022674081373,0.0
1.0603038762437442,0.1022507353920619
1.5022653519630718,0.2732490076483382
1.2224196235476625,0.45410255449572023
1.0130193090148931,0.8603097267715416
1.0,4.30299106072841
