alpha,s
1.1408702343916457,0.0
1.1540881647790295,0.11679164714972574
1.2988158005851906,0.2811921488972748
1.4876438771513878,0.49443586988790417
1.1561830563304492,0.8357030976756612
1.0,3.0562756806663867
