alpha,s
9.053909744902054,0.0
2.997885601703536,0.00917663095262748
1.6720715336857923,0.05281108168824809
1.0992053443598042,0.185152671469717
1.2760071742546992,0.6118190031021968
1.0,2.638628488274411
