alpha,s
27.588441510271288,0.0
4.947114389191273,0.00471774393602178
2.8894777977703767,0.04024825777695431
1.754368896033889,0.13513747912620616
1.2209711916371124,0.4204063758758888
1.0,4.301861291749675
