alpha,s
0.00021660575271223985,0.0
0.003083821482883805,1.901917808219178
0.025145351677648073,2.8931506849315083
0.03992431995410542,3.74246575342466
0.5645629362755008,6.577534246575344
1.0,9.4986301369863
