alpha,s
1.0029490357693847,0.0
0.9189031062421877,0.1843892812134366
1.1427555003245955,0.4454449511594787
0.9312678807389638,0.7366233484336179
1.1647880737386516,1.3390868805401328
1.0,4.836571209180793
