alpha,s
1.1038768305876536,0.0
0.9995381862516052,0.11497874039728656
1.0300286737049311,0.27962762693026727
0.8824016671917082,0.5259238826375974
1.1524595033344343,1.055116209787767
1.0,3.926432954921664
