alpha,s
5.57590319300784,0.0
1.6448488661469154,0.036650426491440735
1.585846724560045,0.19147098530342888
1.2242933660042512,0.41344962210449493
1.4103267271827467,0.8731654180758113
1.0,3.0831336833154603
