alpha,s
22.176655225459303,0.0
3.88239718173978,0.006053055693229242
1.9219301283761212,0.05096959448262926
1.3619001005872429,0.1889031040368742
1.0917455469664588,0.54455475175491
1.0,3.1650995022923687
