alpha,s
0.27957132459782247,0.0
0.4149221489649296,0.11355281775927355
0.5722617032834948,0.305630560240487
0.4981771827506941,0.548201031298303
0.41115160328799005,1.1123387939236449
1.0,4.463078124443493
