alpha,s
0.9578327407242979,0.0
1.0833301028976534,0.11525979788162966
1.0910553823040987,0.25486008841390195
1.0071567908124726,0.4622374314899584
0.9754259739511234,0.9077977585730561
1.0,4.781124773955137
