alpha,s
0.1958970187656429,0.0
0.44051222909295723,0.12641630831801565
0.579905500758259,0.2891337900823364
0.7686400259332132,0.5584690479775063
1.04450716814703,1.0496892190266134
1.0,3.6336114227822023
