alpha,s
43.54805353299603,0.0
6.815518343174159,0.0051175506297473005
2.5373899198996615,0.04524341530146886
2.0225016194927887,0.19366325646303367
1.5094422159569367,0.5228431745441404
1.0,3.058985415592392
