alpha,s
1.8082014088623652,0.0
1.1444562417591462,0.04110269749602258
1.2337518013059146,0.1509028407006672
0.9095960548905561,0.3240210590744464
1.1153000221956766,0.8069216254969889
1.0,3.832706100952965
