alpha,s
2.3188324083599796,0.0
1.4993605905826601,0.08578498789214854
1.799383777465997,0.25421489301147593
1.3231142041447979,0.4510094505173924
1.1386894191418007,0.9083082961669887
1.0,4.892579515717912
