alpha,s
1.0691486648313566,0.0
1.0819027780533037,0.10820511540320694
1.1929741579446569,0.25979210224913835
1.2770652246992078,0.46869384981744544
1.1902730114712117,0.840714773053202
1.0,4.545209611176741
