alpha,s
2.960604855321545,0.0
2.7139870258640943,0.057511162907336044
1.80098001383883,0.13773992502805427
1.4296259173763581,0.3138576098026305
1.0008437048797143,0.7008665248575238
1.0,3.9999436307929206
