alpha,s
1.0990973135398878,0.0
1.0805253807854736,0.1764297296026662
1.247795210287153,0.4029283937638474
0.9797739518328186,0.6774969420324647
1.1716840662284387,1.2442728885122991
1.0,5.026332398966095
