alpha,s
17.180076630644425,0.0
3.5297457186245205,0.004919395870771461
1.8250567031305414,0.04390719451112511
1.5254315679117296,0.16958334286716717
1.1837184030831278,0.47213172229929956
1.0,2.992318142422081
