alpha,s
29.469903517050433,0.0
3.532625070255443,0.0047333721307145195
1.9408524895200692,0.0562771548527309
1.5127515410782486,0.19443598527041644
1.0187431419977575,0.5122032094445391
1.0,3.904701708502882
