alpha,s
0.028442386856350237,0.0
0.092027853096048,2.022465753424656
0.3314562106556416,3.04109589041096
0.11309184489149285,3.254794520547942
0.1558236734764837,5.0958904109589
1.0,8.22739726027397
