alpha,s
3.0363251347658324,0.0
1.0447172313789783,0.006792528740637161
0.8914760465963072,0.06261959853061227
0.9038718810515177,0.21000142329669674
0.9138510402246728,0.5561112361121497
1.0,3.613740999855484
