alpha,s
1.016107617364703,0.0
1.040753656085726,0.07465351983398773
1.3165791060939973,0.18658922294823632
1.0513103725367283,0.3467565541093019
0.831702188637205,0.7264780644054472
1.0,3.33925034270951
