alpha,s
2.124270106625941,0.0
1.4267727102116878,0.00619825371026574
1.0473357718367362,0.04447083607684933
1.052426364110533,0.17068060974274948
0.8302470083979259,0.47395949982516045
1.0,4.0870362264599045
