alpha,s
2.413820294155022,0.0
1.5707507030362686,0.05648934319386799
1.6220797163145673,0.17721024506529665
1.0906142488865471,0.3429337371592077
0.6789811280134592,0.8011079503038303
1.0,4.849927514018924
