alpha,s
1.1239215075695759,0.0
1.0278274092875106,0.11896098268149288
1.093362155471543,0.2945846081876342
1.1028744753549193,0.5457582173155167
1.3400317680134923,1.0006725516141077
1.0,5.799004531227648
