alpha,s
0.30182547489689654,0.0
0.4919467037680807,0.1067283224254167
0.6103303046994965,0.24214381919708106
0.5951265208728401,0.47090591523062053
1.2044383633512514,1.0409143850357832
1.0,3.489199838431466
