alpha,s
0.940703756635305,0.0
0.9096914984494613,0.2046122809262319
0.927012475146675,0.478200483679722
1.2004900294519572,0.8606249482247835
1.1733421216883457,1.3652490650960847
1.0,4.345300044834981
