alpha,s
13.456471012136808,0.0
2.8474925192653044,0.0038981478970560603
1.6812893077923936,0.04267442635807703
1.5501343764376991,0.168849315788092
1.1100543585181921,0.44964968923791443
1.0,3.6391224829422337
