alpha,s
2.524086368735268,0.0
1.000596277518652,0.00414283194306558
1.0690151635221505,0.051105307652035484
1.1429784770431148,0.15837497791509159
0.9981759660432773,0.4516673900229768
1.0,2.7339802586204387
