alpha,s
4.8169891380120955,0.0
2.1491632176710795,0.04162203066446644
1.9740735068290627,0.16045345050043094
1.527667009581704,0.3448208635925985
1.1080744361822168,0.731555421975108
1.0,4.240532818282173
