alpha,s
0.6956563529046483,0.0
0.6882968800058453,0.10696874751957042
0.8858729713868831,0.30365396026590225
0.8408740245270886,0.5648570508968417
1.5333198391182044,1.132091830484323
1.0,2.8874519443974678
