alpha,s
23.368898092776625,0.0
3.6104502516586665,0.0062752205231293
2.492858650911642,0.061538347630632956
1.6979851084636377,0.18289296448158948
1.1937178174013003,0.4851416056283925
1.0,3.593678828013927
