alpha,s
2.3239545917396534,0.0
1.0798369035235575,0.003936045840516662
0.6722482099926208,0.03808443407435503
0.7792555798302585,0.18125948161341238
0.757205137641206,0.5075340154823993
1.0,3.284993381939961
