alpha,s
14.303838667020772,0.0
1.7741815615450551,0.00324249035538028
1.299014703452747,0.05416668919700881
1.0185240704404162,0.18266585820090264
1.2802382283960003,0.5769800952934461
1.0,3.428030802287344
