alpha,s
0.004442879406267541,0.0
0.008732355719851311,1.3041095890411
0.051768495791332844,3.04109589041096
0.16065009186230658,4.123287671232881
0.4045348050497513,5.85479452054795
1.0,9.4986301369863
