alpha,s
1.3553425286953193,0.0
1.445532598422849,0.0418806042549979
1.2783798827735435,0.1083246093679386
1.3461921373758678,0.24011811879719708
0.8908572989936243,0.5142972320451109
1.0,3.83051372226801
