alpha,s
4.17667183935767,0.0
2.733144549747774,0.05227653196141945
2.687903364903452,0.14924903605847142
1.9709172054839679,0.2899755663169118
1.8447131452889225,0.6042814040973027
1.0,2.685080961126208
