alpha,s
0.9650187662981795,0.0
0.9469626927911673,0.13317443607332813
1.2654793702852458,0.3229924556282916
1.0333373917621442,0.5304112625542157
1.1234174649652873,0.9943088799998117
1.0,4.462447252851158
