alpha,s
0.9962665071122727,0.0
0.9808085939127672,0.1263699410688129
1.149104110734153,0.3011147515000026
1.0069086798350098,0.5232020138380639
0.9833796662716077,0.9877995312182803
1.0,5.000116427644891
