alpha,s
0.02494914482397115,0.0
0.2896549256429014,2.23013698630137
0.07344408617216865,2.48767123287671
0.26547846532348934,4.35068493150685
0.6652538264987442,5.85479452054795
1.0,8.22739726027397
