alpha,s
36.60598471674165,0.0
6.530266507676508,0.00612872915591666
3.261735963145466,0.04819910504720307
1.67135577193214,0.1628166455493372
1.31314407201136,0.5400786174701911
1.0,4.115818308260454
