alpha,s
1.2619939806783944,0.0
1.3703386277141139,0.10141205670719336
1.1194245687435915,0.22661398149256232
1.290537025913329,0.4629483051706648
1.3349632562138756,0.8378375949088498
1.0,4.438945085951526
