alpha,s
0.951778413099879,0.0
0.9356832879461415,0.14164290346505454
1.7428410967843817,0.3341019530921491
1.135670709978088,0.49207990462506723
1.509141851295146,0.9382449496457173
1.0,2.734102351348568
