alpha,s
0.35751497224783213,0.0
0.7012654790100755,0.10447135419130764
0.6956326204560032,0.21900437566671033
0.8031323153029221,0.4473167954724791
0.7295535093188064,0.902632070797877
1.0,4.838054692147105
