alpha,s
0.3150400154014875,0.0
0.4709874462424779,0.1146086499585228
0.7376468266514197,0.28060174223375195
0.9491753333187146,0.5039777603320964
0.9255426013071599,0.8727408007198347
1.0,3.563460707810003
