alpha,s
0.0341148621037204,0.0
0.2300438914065409,1.9709589041095859
0.0699518290741219,2.42191780821918
0.2275954959894615,4.486575342465755
0.7137853617012104,6.14794520547945
1.0,9.4986301369863
