alpha,s
0.1121779453833112,0.0
0.19621179859937674,1.95342465753425
1.3623412118543612,3.023013698630138
0.16054091180318814,3.28767123287671
0.653561930359811,6.094246575342466
1.0,9.4986301369863
