alpha,s
0.30885237521834413,0.0
0.6987093433764279,0.14758928947150945
0.8620697526296042,0.28550597492479285
0.6975802722125733,0.5182274488095058
0.8648522556713373,1.0417745722822314
1.0,4.569238197354631
