alpha,s
0.6961579338900673,0.0
0.7816609796757786,0.1159007535192377
0.9224225179503854,0.2687775937423608
0.9210516260890691,0.4734068702079027
0.8780378499637418,0.8842793002568912
1.0,5.145283434041571
