alpha,s
0.6551024836571786,0.0
0.78135805472712,0.07839843982047497
0.8951246735452569,0.21042091408473967
1.0803396730081287,0.4273674889724526
1.5164656679967972,0.7941908894191583
1.0,3.296227392535743
