alpha,s
1.1207028332855855,0.0
1.0785105771388064,0.0470391911710259
0.9814858472107664,0.1296665922933999
0.9768984186682209,0.2968253172917922
0.8812960216218332,0.6648158728518155
1.0,4.316339247441697
