alpha,s
1.2992235644529773,0.0
1.3470368413533267,0.1044796985530304
1.2086107937838422,0.2435187726282127
1.0683601889525518,0.4726916994813692
1.0857092525655514,0.9345328443773592
1.0,3.39922732384851
