alpha,s
0.8471747401014327,0.0
0.8621479649403919,0.058226238061144985
1.1481148444889826,0.17540792655598184
0.6156675374163229,0.3183411298734336
0.6687460283844125,0.9251203473347939
1.0,3.794074768912708
