alpha,s
1.3359038906185592,0.0
1.3161174651452088,0.1024289689105532
1.0149479207195442,0.2383406718813612
1.1260256744051493,0.5113007128802499
0.9675403660129829,0.9399071700608213
1.0,3.790933643596948
