alpha,s
0.020891361267525003,0.0
0.1029394873160306,1.922739726027394
0.17152849160052552,3.01095890410959
0.15974615440973317,3.6361643835616477
0.8649785621197751,6.212602739726029
1.0,9.4986301369863
