alpha,s
0.32217231069952607,0.0
0.47980188628811177,0.09225425291591864
0.6840828651442429,0.270617470772387
0.5764197936024554,0.5135058995935462
0.7367329484067349,1.1449284279880216
1.0,3.537914752372038
