alpha,s
1.2592690244810405,0.0
1.0962301565014523,0.06145509367061019
1.2165234854827018,0.1694007349137199
0.9241937229018569,0.3335303113126169
1.0513278899249918,0.7624247527796333
1.0,4.924066547942717
