alpha,s
0.00014837516757934072,0.0
0.0009361888558661731,2.16712328767123
0.007318915303679662,3.74246575342466
0.010386288298944116,4.600000000000001
0.06284368480308593,6.73972602739726
1.0,8.17808219178082
