alpha,s
0.016396111366536494,0.0
0.12847393565241383,1.96712328767123
0.06288261817405029,2.36438356164384
0.18190710051246559,3.815342465753422
0.2062472175125951,5.119999999999996
1.0,9.4986301369863
