alpha,s
0.0019679512891995227,0.0
0.010427190995626837,2.36438356164384
0.11454687484971272,3.644383561643838
0.06274222349954384,4.19178082191781
0.3444045440060312,6.320000000000005
1.0,9.4986301369863
