alpha,s
2.517801536142921,0.0
1.3259881188194347,0.0049389209047851585
0.9325254978286281,0.04385465273612456
0.8879810765226777,0.17222354545331148
0.9750363586846809,0.5223096197400778
1.0,4.520765663454759
