alpha,s
0.4666639924098666,0.0
0.5512003842325824,0.09557272677016113
0.8073554557524522,0.2757383002110726
0.734126320030631,0.4961811393420736
0.5372056183049471,0.9586734973781272
1.0,4.2965714187977
