alpha,s
0.8698706403182568,0.0
1.2085977945527764,0.22364173207704327
1.0493211359750252,0.4281071713415307
0.963856221541535,0.7544650861111236
1.1538830098499484,1.3659285231023717
1.0,3.770468312497844
