alpha,s
1.3541338083746952,0.0
0.9852998155586987,0.03371758955986632
1.0532790928765567,0.14512301673272252
0.9272694987800314,0.33710898397267774
1.1533680189612445,0.8221397403588843
1.0,3.24925874383146
