alpha,s
27.79140432882113,0.0
4.914947076179321,0.005135656409854721
2.2119030982511276,0.045213793031136255
1.551516443085276,0.17600246643203693
1.2640312493805559,0.5233872275441206
1.0,2.970749921685901
