alpha,s
1.5799124181939823,0.0
0.878697772001358,0.004905910370917202
0.7999529311551593,0.05631753695966222
0.9167811901414628,0.21595928172559797
0.8445060624706721,0.5598865379176948
1.0,4.398533249421271
