alpha,s
1.4418419405353662,0.0
1.2081371022666365,0.1338571997160585
1.1312817458892348,0.33510856752237744
1.1959445810534175,0.653257003235407
1.211252496256554,1.1436561469266389
1.0,3.3104507362284994
