alpha,s
0.3822338124219298,0.0
0.5957416513377274,0.1198867919054986
0.8137062430489403,0.2703611527129792
0.9785038884130682,0.5026856879513915
1.1241250786858403,0.9296096956052394
1.0,3.675679534208568
