alpha,s
25.42921902715977,0.0
3.838062173119568,0.005429949716924741
2.2342967761397206,0.05278784767188438
1.6870515884465058,0.1753124635627123
1.2223222494173038,0.48001921018051247
1.0,3.8357875633355536
