alpha,s
0.01979727723473039,0.0
0.1720328136293337,1.958904109589042
0.09894244485561461,2.3249315068493184
0.23501954594967647,3.6219178082191803
0.4159226904000884,4.89753424657534
1.0,9.4986301369863
