alpha,s
20.99702160347666,0.0
3.898640412723441,0.00662967417590056
2.6021462097943178,0.053384668043249824
1.5702033126669896,0.15823428883877633
1.400280897391422,0.4865315838158703
1.0,3.439286472782219
