alpha,s
1.1487897006131185,0.0
0.8769111500766281,0.09439417607027224
0.8882383081392673,0.26675368254970283
0.9492078633072449,0.5280519393499128
0.8979235630294702,1.0073691186107967
1.0,5.427241663410532
