alpha,s
1.226141254464854,0.0
1.2830206410805125,0.04693071651439579
1.3885641938475417,0.1211151513906238
1.4582567387685106,0.24427107602320888
1.4450688297645777,0.5024097861827652
1.0,3.133806254379921
