alpha,s
0.02768530535450484,0.0
0.07851690052701993,1.999452054794518
0.11634549188897124,3.035068493150686
0.1880581241851938,4.453150684931504
0.44100895643955296,6.14794520547945
1.0,9.4986301369863
