alpha,s
0.9840379734577333,0.0
1.1148668343266395,0.11441215360549009
1.0125972159473786,0.25625924825503515
1.0647901903317318,0.49121901998851947
1.0182157294895533,0.9051948949512929
1.0,5.422045020038865
