alpha,s
2.961491801338522,0.0
1.7428099136098363,0.05349368146966313
1.4717667975421194,0.17391373578159042
1.4521212325338302,0.3869717091890458
1.0442519062613043,0.757557796569452
1.0,3.22773418147904
