alpha,s
2.4353090371499926,0.0
1.6986064045875262,0.0763910611116993
1.5503995322994213,0.2146011192755844
1.3712330039765366,0.427094872480268
1.2204671325925194,0.8531308847577889
1.0,3.630205098458836
