alpha,s
2.008587499615232,0.0
1.9715532222147139,0.09982503830980412
1.499873305803467,0.22807939178141434
1.2208795953558282,0.46431660643671263
1.462085778441577,0.9495714029495199
1.0,3.8659266001694745
