alpha,s
1.090101446640605,0.0
1.0897356317440203,0.12069126762933369
1.0410356165524464,0.2843887283956389
1.0121200235468304,0.5387628924547795
1.1413068743956716,1.031794329622714
1.0,4.66486145577084
