alpha,s
3.039911305090258,0.0
1.1436273444183251,0.0039227400607231185
0.8375694069768038,0.04103281111208606
0.8151116849509252,0.16359081843417966
0.8406522251706101,0.487457703951898
1.0,5.302477204953088
