alpha,s
0.8797369033376249,0.0
0.8835603548206369,0.08588132804646875
1.297894855292684,0.21732233299757037
1.2650871929417846,0.36110092608025596
0.9748653988010934,0.685718200164723
1.0,2.990085602764211
