alpha,s
0.05985846692056875,0.0
0.17964445852117875,1.618082191780822
0.11005762107131034,2.284383561643838
0.24128427651580897,3.72328767123288
0.14727019618972642,4.688219178082187
1.0,9.4986301369863
