alpha,s
2.708594545734142,0.0
1.7190994768346486,0.0654560227990503
1.3520870774090057,0.1974710942896118
1.0239667128373349,0.4292206762364384
1.4868883816063783,0.9921233392471528
1.0,3.357180834790992
