alpha,s
0.8639856382299509,0.0
1.1315362062597705,0.0642932134547165
1.1151480084982262,0.16656753976860608
1.0726308060852605,0.3514079711368856
1.1137040230170872,0.740992751336175
1.0,3.8578344144253927
