alpha,s
1.703135957688751,0.0
2.112963505735803,0.1191557591192567
1.5402602324200514,0.2423620997996729
1.3870052780149156,0.47861386986014354
1.5310399856333168,0.93018466651151
1.0,3.63829551402941
