alpha,s
3.2959984721935953,0.0
1.1346068653643504,0.0029590672469921634
1.0904488953785652,0.042936560246974786
0.6340570640279743,0.1434027082775513
0.9417789852971897,0.5982977038892656
1.0,3.2580635194856
