alpha,s
1.0111482249346264,0.0
1.1080906771108288,0.09048632160111655
1.016826103734362,0.22103903324510882
1.0935816161584193,0.45082350547826117
0.9017937598567489,0.8650810999191142
1.0,4.410045269498686
