alpha,s
0.030688166370281045,0.0
0.08125327957707777,1.618082191780822
0.0439278021970848,2.284383561643838
0.07393477208564689,3.72328767123288
0.03203693444527297,4.688219178082187
1.0,9.4986301369863
