alpha,s
0.07483801722072089,0.0
0.12313298933205996,2.012602739726026
0.35963547147326347,4.12328767123288
0.5199923315705653,5.15890410958904
0.686191158947409,6.33424657534247
1.0,9.4986301369863
