alpha,s
1.1220455985467104,0.0
1.9932828422660998,0.041286954012378085
0.9653338434870857,0.10257319207443448
0.8138786289627058,0.30265525938265375
0.796144619448391,0.7713701278020395
1.0,2.9897904054349644
