alpha,s
0.2854492003203838,0.0
0.4883863985176035,0.1044796985530304
0.5857887714055705,0.2435187726282127
0.6683265256939908,0.4726916994813692
0.821246149777716,0.9345328443773592
1.0,3.39922732384851
