alpha,s
0.0456611242844789,0.0
0.11662097786046074,1.8591780821917783
0.2131244772078778,3.039452054794522
0.48586204724775406,4.164383561643838
0.4229430568457966,5.12602739726027
1.0,8.22739726027397
