alpha,s
0.6994823001392609,0.0
1.0607118242836353,0.06887452581390363
0.6460494468205377,0.15868317296635315
0.8380763169299229,0.4468443139928835
0.9375088782214643,0.8685152139403679
1.0,3.4842962620296567
