alpha,s
0.007957329686078773,0.0
0.05180920498050101,2.01917808219178
0.11101316981025179,2.9063013698630145
0.254888415555559,4.193972602739728
0.7526871523899212,5.748493150684935
1.0,8.16438356164384
