alpha,s
1.0993347573195855,0.0
1.3777206423217643,0.12537879018306847
0.7962954453826169,0.2574858371831624
1.0734671806740348,0.5966122180126523
1.3957311859926396,1.062976445554833
1.0,3.782206978125272
