alpha,s
1.560439488349288,0.0
1.6075373595259959,0.12779668856441773
1.4751366891377178,0.2845795076353209
1.3661970989061518,0.526816168625689
1.2558808595806463,0.9819131067144495
1.0,5.05636707940329
