alpha,s
1.0050607657802157,0.0
1.0321442546232105,0.11820849969208613
1.219713456883879,0.2759460462995112
0.9404233253595871,0.4795130983159226
1.032265714780355,0.9723996664777723
1.0,4.762281051674878
