alpha,s
5.247945889299395,0.0
2.0049994734245202,0.0319258551816611
1.4793899667317272,0.1374827053202524
0.9665160003392387,0.3497851429809182
1.276952687231658,0.9423139751362486
1.0,2.7900943385342085
