alpha,s
0.007076459015606126,0.0
0.0981769630804746,2.204931506849314
0.08317372299627605,3.20547945205479
0.23468405686384183,4.1035616438356195
0.7517354454309494,5.85479452054795
1.0,8.16438356164384
