alpha,s
0.027675667997602665,0.0
0.0428365240474393,2.36438356164384
0.21403291817260173,3.644383561643838
0.07357756049066155,4.19178082191781
0.27140718598500857,6.320000000000005
1.0,9.4986301369863
