alpha,s
0.011945987717656393,0.0
0.0681699558294333,2.29315068493151
0.15684744058718011,3.28767123287671
0.15292057334848067,4.19178082191781
1.7408158503742142,6.26301369863014
1.0,8.17808219178082
