alpha,s
3.6986908755916805,0.0
1.7631458695350328,0.03617075989533765
1.8595747380863656,0.13941192424804974
1.4223485464830812,0.29169551973560687
1.5384766822960632,0.6561812579368016
1.0,2.3115130505410466
