alpha,s
0.014467165765300617,0.0
0.03911996999409627,1.3041095890411
0.0935888479997941,2.48767123287671
0.17960378814829667,3.7424657534246615
0.37737738660641124,6.14794520547945
1.0,8.22739726027397
