alpha,s
1.2046895568531857,0.0
1.1544166273665701,0.04460204151348812
0.8982022124665989,0.12225869807481604
0.9311467706995311,0.2936527293311542
0.6958911765861002,0.6515078227214236
1.0,4.385939246929047
