alpha,s
1.0203064779300333,0.0
1.199218404494849,0.18512411152312352
1.1839468840462712,0.38850818575005
1.0797628338374292,0.6712414557242103
1.0612250551365734,1.2000881920420783
1.0,4.375700372919618
