alpha,s
1.989815869936549,0.0
0.59338763953343,0.0029229820716299604
0.5759542381299151,0.050489361984761276
0.4614981179813303,0.16957537194513106
0.2923197922422086,0.5191988236527291
1.0,4.737955144239404
