alpha,s
1.7284045594799393,0.0
1.8624086290068447,0.11813062563241206
1.3359120938530282,0.25340116117369504
1.487980238228369,0.5261672016633256
1.1392964549747506,0.936272664293163
1.0,5.213150347220227
