alpha,s
28.903179885536257,0.0
3.696880429738575,0.0041686939259852
1.935443637789561,0.051444346250044584
1.5260759979418872,0.19245530816700604
1.285539481853641,0.5293678066905743
1.0,3.363205768805829
