alpha,s
0.8957312891123259,0.0
0.9672316738593858,0.053942656490740204
1.0474391099207496,0.14133332689102318
0.8376693294068366,0.2900412240056042
0.8716578188598283,0.7029762339210868
1.0,4.008132920914751
