alpha,s
0.02221128659495346,0.0
0.05105002297455323,1.2904109589041122
0.06966632419671427,2.3358904109589083
0.13453433754211702,4.19178082191781
0.5634767225171186,6.277260273972606
1.0,8.22739726027397
