alpha,s
2.712971813529473,0.0
1.5540507889584485,0.00413959382016622
0.8130549548555569,0.030032788319772304
0.8210693808159502,0.16225382842093125
0.7720206012339238,0.49728211428356434
1.0,3.4446978901836407
