alpha,s
1.0118632890934596,0.0
0.8453241178276781,0.07380019117807957
0.9270420620935869,0.20302891000611828
0.9666337913874838,0.4022590936160862
1.003915196344965,0.812188563621683
1.0,4.859385614605326
