alpha,s
0.8434975392561592,0.0
0.8455152477093841,0.14715712698391675
0.925945350196668,0.34592051075075364
1.1473416914863765,0.6100507007758278
1.0907484147577764,1.0034186365927593
1.0,3.886595841947962
