alpha,s
0.010946830565565148,0.0
0.03617980225397163,2.290958904109592
0.12905867040115226,3.670684931506852
0.1918309281371241,4.403287671232878
0.5220819230411403,5.94520547945205
1.0,9.4986301369863
