alpha,s
1.1062267442263283,0.0
0.9924468678413934,0.08377892369268419
1.1603017810313174,0.23201671749907146
0.9800646192788731,0.4325567077040968
0.8942673869196216,0.8995654968988791
1.0,4.519515684259654
