alpha,s
1.0319590821625817,0.0
1.0396401185525166,0.18576704103245678
1.084614237350605,0.4227211461387617
1.057272899187661,0.7393218507434024
1.108894524791317,1.2961114258842343
1.0,4.964175107830849
