alpha,s
1.6990746638302079,0.0
1.224927773342665,0.09383780493186472
0.9116113546080611,0.25925306970020995
1.0429637033631343,0.5750773628365429
1.3373659393781474,1.0680589903802284
1.0,3.7022238567374313
