alpha,s
1.8639512207287332,0.0
1.9446247644583199,0.11270219824051958
1.814968371904215,0.25135286072141844
1.6128203930043588,0.458645127778692
1.3731770707910589,0.8555820123294137
1.0,4.364277412942912
