alpha,s
0.008255815073032328,0.0
0.04686571950229472,1.8591780821917783
0.13601495389227433,3.039452054794522
0.41696382437347124,4.164383561643838
0.39408584096880633,5.12602739726027
1.0,8.22739726027397
