alpha,s
0.013589642444311415,0.0
0.08110996023860315,1.82739726027397
0.043863812583684686,2.315068493150688
0.07214033097429755,4.022465753424658
0.1725983246061692,6.296986301369866
1.0,9.4986301369863
