alpha,s
0.9928966134255147,0.0
0.6463485507394433,0.06065406467257969
0.9239009904481011,0.2405939869929886
0.9766331485410457,0.45782821283442304
1.2627138185842497,0.8580317019581056
1.0,3.497564782651457
