alpha,s
1.0084564311705357,0.0
1.1110631385510719,0.07640818083701077
1.0288243055232655,0.18092816126794517
1.2685861082524612,0.3636280843988824
1.4365535994244247,0.7080031576397207
1.0,2.8923407912253247
