alpha,s
0.041357682150577744,0.0
0.05909431722817053,2.23013698630137
0.3963696306352367,4.000547945205483
0.27320999185579686,4.489863013698629
0.6340763781222635,5.697534246575343
1.0,8.17808219178082
