alpha,s
1.0862194436159334,0.0
1.0343092016963606,0.10831267932675914
1.1625040159817275,0.26628392401552925
1.1467342441145925,0.47993665976591926
0.9868939852476849,0.8920483190927602
1.0,5.365410051238358
