alpha,s
0.01591980097421053,0.0
0.05970383620512165,2.012602739726026
0.1628397123452324,3.06849315068493
0.11808301721937219,3.730958904109592
0.7297579749110754,6.435068493150685
1.0,9.4986301369863
