alpha,s
28.646819105721555,0.0
6.860661624975193,0.007837725099348844
2.5197941400357267,0.04784248125161506
1.6606238388340868,0.20005498410586678
1.4211413578473802,0.5948097744799358
1.0,3.796291753477902
