alpha,s
1.9172909158167701,0.0
1.132342602718264,0.041557134475017625
1.11761438849471,0.15797202989433445
1.0016024033630317,0.3496478944498932
1.046381551296007,0.7972475829194152
1.0,4.705027449202902
