alpha,s
1.037906772572209,0.0
0.9580181135395944,0.1860197794666967
1.0530456881665224,0.4475082925853961
0.9622258797675997,0.7834150844433408
1.171321496906271,1.412346304330087
1.0,5.04450717340321
