alpha,s
3.2032672574432546,0.0
1.7251418306660513,0.054303371087120855
1.5946007855592326,0.18746946603119305
1.1978544801595357,0.3872930097845031
1.2911948332440892,0.8805209241074503
1.0,2.935187104324536
