alpha,s
2.5592841765461,0.0
1.6252341227390357,0.04810664324719048
1.267027656246878,0.15461935606353353
1.5025092403306946,0.35185333891815923
1.0001304326202995,0.6744087525326858
1.0,3.789521963153752
