alpha,s
0.0010393845171508822,0.0
0.011614789513022753,1.96712328767123
0.008514599519896391,2.36438356164384
0.04046678259523675,3.815342465753422
0.0544306755677479,5.119999999999996
1.0,9.4986301369863
