alpha,s
1.1344264057643236,0.0
0.9264876486056726,0.17012701237514244
1.3480554903530935,0.4450979524817191
1.0972166756452901,0.6950451868372867
1.108698016141186,1.2343227890373543
1.0,4.6494423441922175
