alpha,s
5.3903302226660115,0.0
1.9077844264038262,0.0317335613849857
1.324289047582582,0.1464695275807244
1.3730798932135957,0.3804748752265987
1.4731023776698815,0.8005050360875456
1.0,3.118133809121077
