alpha,s
0.7487779701877506,0.0
0.927632671582724,0.052039411410498344
0.898389712987139,0.1636965318573481
0.8135139935528314,0.3697901592831692
0.8555688553509301,0.8897646454721537
1.0,3.896150959060225
