alpha,s
0.8222921905034942,0.0
1.05475010808757,0.1170835413409393
1.1182891440145866,0.2560805981213128
1.249941498258611,0.47560224950775776
1.0360478074357466,0.8416308193704121
1.0,3.2303648707314614
