alpha,s
0.8480737784930975,0.0
0.7963980013325443,0.03744171017870948
0.716164171579011,0.11326673019868719
0.862695858169373,0.29846864467624756
0.9642968816687684,0.6799646552715725
1.0,2.843896104089949
