alpha,s
0.7333589861208638,0.0
0.8749526659089872,0.12165938202644902
1.1051824638428642,0.27139396357099405
0.8983952172464426,0.4707677642466705
1.0655010350033751,0.9489562059429493
1.0,5.37999093128056
