alpha,s
1.0336745474589304,0.0
1.053346126741281,0.12328528501144799
0.9973916965915456,0.2967547585115225
0.9578996991662745,0.5631280819666854
1.1615346368492248,1.100341913289266
1.0,3.6839845597550656
