alpha,s
1.1615214844897899,0.0
0.9413857731256073,0.11047264801119933
1.0734277861615757,0.2966143909390947
0.9339944287039201,0.540760478343237
1.070094412611289,1.0481574912339933
1.0,4.946833184467748
