alpha,s
3.7499079367893264,0.0
1.2784599041088172,0.0030224501766107203
1.1323352568425527,0.04302186848217709
0.9824328798411215,0.15800275586808948
1.0324450985591094,0.5079732877004689
1.0,3.4611199302502267
