alpha,s
2.8225850123052005,0.0
1.3021639045920255,0.004756348743056762
0.9660317580936925,0.04411177227738059
1.1686108996853595,0.1748249522418771
1.192297133510188,0.46014003057964786
1.0,4.253553822941633
