alpha,s
29.04193039159875,0.0
4.118191050681003,0.0038981478970560603
2.0358587688965017,0.04267442635807703
1.6796253691593943,0.168849315788092
1.0895922925280175,0.44964968923791443
1.0,3.6391224829422337
