alpha,s
1.9516717482030508,0.0
0.9544508880648651,0.0050827347524085
0.8401502806801179,0.046443296442337
0.8294706406435243,0.16676479184428325
0.8088931774577052,0.4902096989535467
1.0,5.1845613858931605
