alpha,s
0.4397028712112019,0.0
0.7497815373813086,0.09464505177746475
0.8603819627844834,0.2236315733620872
0.5689512925643105,0.4098154843979246
0.4367317713820632,0.9171309391476896
1.0,4.793997218654878
