alpha,s
1.0107522616958389,0.0
0.9344129934703644,0.187893819456716
0.928198817802836,0.45669793662272723
0.9039182804596692,0.8282906756395304
1.233903787351077,1.4602154949147803
1.0,4.333944588418055
