alpha,s
1.032875147206641,0.0
1.0137561541815119,0.10890152854565148
1.086483963168887,0.26140604934028955
0.9553971931275876,0.4757812112720216
0.939859306383509,0.938502845141227
1.0,4.240428619186399
