alpha,s
1.0487145317507536,0.0
0.7282460581701732,0.07834399430828266
0.7882439063975849,0.24887645717018586
0.9177181053653025,0.513945302970915
0.7713629164361226,0.9604484495938466
1.0,4.638325658810972
