alpha,s
0.7256252999625243,0.0
1.243543054912287,0.1787273827444087
1.1725947055191452,0.32240683047880636
1.117894211152908,0.5489003228755287
1.3198515250295306,0.9865706093299577
1.0,4.388940893302424
