alpha,s
0.9315476913193799,0.0
1.1472704377770302,0.21644626636749342
1.1292858204857368,0.439856895158774
1.2906145969776497,0.7576607984989111
1.6785556899302245,1.2092729080179347
1.0,4.480000727534796
