alpha,s
0.9913501426260043,0.0
1.3648724887619723,0.13057533743830607
1.257782535408237,0.2575041974348618
1.0037076859106202,0.464566142799497
1.0571561864707602,0.9471651582867262
1.0,3.992785544729096
