alpha,s
0.057561289292517706,0.0
0.12516624378353272,1.901917808219178
0.26850848421827017,2.8931506849315083
0.09304813585848011,3.74246575342466
0.5872558190792146,6.577534246575344
1.0,9.4986301369863
