alpha,s
12.53483155423703,0.0
4.498615084594305,0.006921182937258202
1.9846470708603474,0.0364020145593174
1.5183443990301375,0.14986002613572566
1.6068546301356597,0.47420111733306297
1.0,3.347942241855292
