alpha,s
1.4552382504357821,0.0
1.3544300069243953,0.038297013535808506
0.8453048386047086,0.12259576291462956
1.3465577146049523,0.362850066798445
1.4102675577353034,0.6749804749604333
1.0,3.382350380038776
