alpha,s
3.037470567624765,0.0
1.9283226459481382,0.0422365882220638
1.1965611414886261,0.1344134565598456
1.0813765584873267,0.3564322509687133
1.045042291416309,0.7899108627345458
1.0,3.809914378536181
