alpha,s
0.7483745250884366,0.0
0.7084198916194887,0.11214886924905101
0.690618916466303,0.28960158526663893
0.7975021997977028,0.576358158706333
0.9894671676089941,1.0475069097858458
1.0,4.065463240262313
