alpha,s
0.09736693954316329,0.0
0.14173462212910742,2.23013698630137
0.7732810579693477,3.9473972602739726
0.42423384255827495,4.407671232876712
0.6715980294008786,6.33424657534247
1.0,9.4986301369863
