alpha,s
1.2282221339106578,0.0
1.1066480699752799,0.1054324496973519
1.0354301477738925,0.26041946867401333
0.8075139132779567,0.5041548393596049
1.0474329916948861,1.087844259526293
1.0,3.8593373873765255
