alpha,s
0.9733059980349467,0.0
1.1868763812741752,0.07342742551790962
0.8669046739454733,0.1618547243420408
0.7345865062375837,0.3679119243780675
0.896431107755454,0.9291251647106845
1.0,4.549596457950057
