alpha,s
1.0828445266855098,0.0
1.1400608717093794,0.0848751608627922
1.0392582650148272,0.20123876526523743
1.0719678452506207,0.41061136841312074
1.0440229375750112,0.8131661818238701
1.0,4.91709012235459
