alpha,s
2.482050859839491,0.0
1.798662027347231,0.05066247861926768
1.491074275396622,0.14762524903532595
1.7348750046272243,0.33567424423346254
1.4666561425265001,0.6307687074786784
1.0,2.2918374400050388
