alpha,s
0.03159629994525305,0.0
0.19327103936548606,1.95342465753425
0.07323455318326676,2.3704109589041122
0.44359929345875837,4.196164383561646
0.5411540826570553,5.0958904109589
1.0,8.22739726027397
