alpha,s
1.1989845460080673,0.0
1.012952947069233,0.0764090751326704
0.9524403561241368,0.21316099373211567
1.2893539949413744,0.4563166651980979
0.9997136123497187,0.8031036371361105
1.0,3.870079080453944
