alpha,s
0.012641374731466863,0.0
0.04526659988173888,1.23561643835616
0.08651107176373253,2.29315068493151
0.16303392827378194,3.619726027397264
0.4097196005328954,6.14794520547945
1.0,9.4986301369863
