alpha,s
0.7588299096908367,0.0
0.7530418418931802,0.0803160990479763
0.7972405522661451,0.23706283733809136
0.9698724842017854,0.489047761735188
0.748416097189076,0.8660589240151372
1.0,3.3962325431567884
