alpha,s
1.1270301706434898,0.0
0.6300525213860043,0.03756777924159937
0.5464500048678219,0.16658479873856966
0.46973987008070084,0.40590552376364164
0.3744314503546321,0.948022040037298
1.0,4.070874609458915
