alpha,s
1.0046901117465934,0.0
1.1683204899593995,0.08506667812267996
1.0867096304811292,0.1912470973594291
1.1676187137217808,0.3838758063386526
1.073097545998747,0.7381412993947527
1.0,3.479201207954035
