alpha,s
1.428295128583111,0.0
1.4470557703869298,0.1164516146430976
1.7464979048097968,0.2717966946077024
1.8250868947089811,0.4614442283653013
1.7393020654989015,0.779779366982733
1.0,2.7042267611038984
