alpha,s
2.1055483785791993,0.0
1.76906904353348,0.0946173775611927
1.6831545623429667,0.2379054232149743
1.3872373035444854,0.45159148771515323
1.3063202576730333,0.8810372719061141
1.0,4.954296749221991
