alpha,s
32.73289803935467,0.0
6.848994201363811,0.0067714609721023205
3.109969980088888,0.04724878405080142
2.1792736917666606,0.16850702842178383
1.28831608173857,0.46052401561491724
1.0,3.6421986247990494
