alpha,s
5.302646619806417,0.0
3.6529804910500827,0.03986866971089018
2.0322176828531657,0.11086104944145596
1.0860616286108873,0.29081613708193343
1.5501367828664454,0.8048487942452807
1.0,2.832264554545353
