alpha,s
0.22921442818934684,0.0
0.4011064513784908,0.12641630831801565
0.47365833147371017,0.2891337900823364
0.6140798386783871,0.5584690479775063
0.7959818902562408,1.0496892190266134
1.0,3.6336114227822023
