alpha,s
1.0269043765553405,0.0
0.9994654712649456,0.07806430993632893
1.0641033852578619,0.1982123496432258
0.7730821406523315,0.3758392893231503
0.7996025404609751,0.8851515179401002
1.0,4.253400958453036
