alpha,s
0.2518700956039102,0.0
0.4311866726064648,0.10838038502542685
0.4880801130962414,0.29119631285923797
1.19673237946591,0.6451054434271798
0.4722432474736151,0.9252205386667236
1.0,4.204893341264985
