alpha,s
0.9754213205083359,0.0
0.8141332537706759,0.0471014564290143
0.8613006273550752,0.17290494098478534
1.009583528019634,0.39971251180426537
0.6775626007885355,0.779301986197046
1.0,4.269303609280385
