alpha,s
0.039515959381554264,0.0
0.06482472177338972,2.29315068493151
0.1449765838440462,3.730958904109592
0.20813635429174163,4.914520547945207
0.3079351109051718,6.35890410958904
1.0,9.4986301369863
