alpha,s
2.051174470014155,0.0
0.9302008337025862,0.00575819494433968
0.7670885458029725,0.06529818748925088
1.038193135982,0.23805317108181245
1.094328395123498,0.5593449102496201
1.0,3.178248672119109
