alpha,s
1.1904374538844673,0.0
1.0160443228087706,0.09920187546814771
1.090395809752558,0.25910576021317344
1.1296068224492142,0.48409237920310055
1.050318959599197,0.8734249167573779
1.0,4.131885877280365
