alpha,s
0.2697709981223711,0.0
0.5287270262638264,0.1311585603131022
0.6206880616704983,0.3006392879385279
1.0329867119087932,0.591655676178404
0.938352615884119,0.9752671001188424
1.0,2.982470227817864
