alpha,s
0.6703462294645788,0.0
0.730613560016472,0.1129142429410529
0.6665165390526964,0.2825753621445011
0.795293412360452,0.5972442213619842
1.0075803385770066,1.1170220427583708
1.0,4.152308291467389
