alpha,s
0.8322018210141813,0.0
1.1288894251282005,0.08114494145974349
0.9434708675881978,0.19098339797575048
0.9550215246497914,0.4384464877697106
1.5080703722359787,0.9099895369348732
1.0,3.926922170240992
