alpha,s
10.667721105678089,0.0
2.2778177041301633,0.0037744159594159
1.6427643325436097,0.0463898930185042
1.0182936050669555,0.16429655273509947
1.2324195354956669,0.5610476153192683
1.0,2.6806190068781315
