alpha,s
1.146849930277364,0.0
1.1833667378312063,0.07560394637163079
1.1903987973430672,0.1863418993635446
1.0949276329179658,0.36427190425942907
1.1917616218969402,0.7728639643393539
1.0,3.50737523867919
