alpha,s
1.041122662313171,0.0
1.0088169696194242,0.08493503228520478
1.1076413279812232,0.22616784901597997
1.0655588112237029,0.4391007627246235
0.9746677729551377,0.8693588534109823
1.0,3.4168446971904483
