alpha,s
1.6207022399330369,0.0
1.3339114484768146,0.006300200855059463
1.0146147442656266,0.03826817750120708
1.1124822772678875,0.14493445204866656
1.0427070935123,0.422002713028062
1.0,3.509061103841957
