alpha,s
1.043427491326205,0.0
0.9261286253458999,0.05457234856062533
1.3525806056234209,0.15496546216947937
0.9584310055973091,0.2720414699339235
0.9620427515967369,0.6787722875846597
1.0,3.983441693206615
