alpha,s
2.612803630511767,0.0
1.2282794212562969,0.05014110009272
1.3023612951691133,0.18804261314072057
0.9219842947489286,0.39539231497749067
0.8598688402523154,0.9178432209362162
1.0,3.5152874049639125
