alpha,s
0.05121948042974298,0.0
0.155085277368024,1.6887671232876706
0.12223788169857885,2.438356164383562
0.151126489687443,3.809315068493148
0.5063143523093017,6.35890410958904
1.0,8.16438356164384
