alpha,s
1.2944156348767328,0.0
1.1269121436712817,0.0478221571479231
1.1934536953172614,0.1367326035057587
1.0213369686174674,0.2908338599047088
1.0547938220266107,0.665830194020076
1.0,4.843340733137239
