alpha,s
2.1977025812268187,0.0
1.314103883529831,0.034351553290682485
1.1224703388197843,0.13274953109894166
0.8964345282565311,0.3317614933260025
1.1024951387462354,0.8454191615942112
1.0,4.943309124693691
