alpha,s
37.288808132094644,0.0
3.9092269315922263,0.003968486775973
2.8655953007463366,0.0535230860407758
1.928730447795824,0.15628058212428297
1.458572757826128,0.4464579496696848
1.0,2.7802521236928053
