alpha,s
2.708706334511088,0.0
1.0162320421127187,0.0246609975261157
1.6247709401210333,0.1462076944506704
0.8193849976499855,0.28283654569832944
1.1683763859441136,0.8281179731493059
1.0,2.792234664301928
