alpha,s
2.4542870094268308,0.0
1.0014803455360042,0.004761755986110821
0.7816452076427514,0.04717406184322033
0.7348887678646198,0.17730574563317553
0.6507846495598104,0.5412984347606178
1.0,4.493892575157964
