alpha,s
37.06109055111619,0.0
6.625160958474945,0.0038122418684001604
2.2373270835528523,0.032459679244838446
1.716266203487344,0.15961719804128183
1.460288178566463,0.46268975539061385
1.0,3.7430840705992576
