alpha,s
0.9802314368512085,0.0
1.102112139717201,0.1200179838624922
0.9652205256343919,0.2661138945351831
0.9611418549753338,0.518625771207642
1.0129666410281908,0.98427187094968
1.0,3.939825153672941
