alpha,s
0.37051745332564495,0.0
0.5497541186339967,0.0807776107460338
0.44527457800432196,0.2170118028267263
0.6114820225258946,0.5124984904442281
0.38842251977491016,0.983674862513638
1.0,4.311144212592116
