alpha,s
1.0569685111956098,0.0
0.9428021484646081,0.1021442593286553
0.8040980840253695,0.2625180943885828
0.855066365525877,0.5466316910230732
1.2338435245795063,1.1007577750819606
1.0,3.69262289806461
