alpha,s
0.9893439787386619,0.0
1.196681818330685,0.11879502616160796
0.9408575137085567,0.25814718052373337
1.0528097286972515,0.5304918009686396
1.3104442993811118,0.9911309810944722
1.0,3.4364944181850703
