alpha,s
0.03673551128682228,0.0
0.17541555816656845,2.204931506849314
0.105854502603773,3.20547945205479
0.2364066532271999,4.1035616438356195
0.5941610012698846,5.85479452054795
1.0,8.16438356164384
