alpha,s
0.23539419096769745,0.0
0.5565011155473081,0.13057533743830607
0.7395229746861863,0.2575041974348618
0.7504223768339772,0.464566142799497
0.959811140514441,0.9471651582867262
1.0,3.992785544729096
