alpha,s
2.0610337106024867,0.0
1.06076392545134,0.004283808475398481
0.8933599547498795,0.0450773194803117
0.862948626061572,0.1738508762699909
0.9403843561758884,0.5116084016407603
1.0,4.128177113602366
