alpha,s
0.800353361358826,0.0
0.9922768989957569,0.24386366582002433
1.0141603549575395,0.48573308961832223
1.2743169529288465,0.8198161443778708
1.1160375441079942,1.2508574272277273
1.0,3.79099979135908
