alpha,s
46.311138718382125,0.0
5.555795818811382,0.004862085092967281
3.5728556033317735,0.054752046201205704
2.3387737049854245,0.1622339720471716
1.6406019846613453,0.4364391991948397
1.0,4.316497163574767
