alpha,s
1.095789237767231,0.0
1.2330541780464346,0.1718891027000185
1.0646725958243348,0.3693633631590183
1.1907102935301188,0.6935080049432664
1.0719993775010992,1.180482794776353
1.0,3.573530386881516
