alpha,s
1.0172437591512182,0.0
1.164244967270392,0.11650819069759487
1.0442115618169336,0.2548537781569847
1.1523471145803983,0.4949480486113329
1.1410251633616095,0.9022467666305527
1.0,5.17232195842705
