alpha,s
0.8491717957351581,0.0
0.8060931175343459,0.09742776826348463
1.1750713683294531,0.26867118734116213
0.7211046205802942,0.44647849552037616
0.7327769477323887,1.0113042613724386
1.0,4.14815432201482
