alpha,s
1.1367873443553242,0.0
1.1194760631686695,0.10200609444938881
1.3391010125898082,0.24258093591369903
1.2255156872263036,0.42276817701408037
0.9641766691030221,0.791405180221689
1.0,3.6554471204708783
