alpha,s
1.7713804026009816,0.0
1.333594444539118,0.042191119659732226
1.0303871399978315,0.14033492580545648
1.0398037118255155,0.3623404969433719
1.0532234512447096,0.7929664160857831
1.0,5.317445292013178
