alpha,s
2.5395853917428055,0.0
1.4923841199131238,0.03617075989533765
1.670298261827333,0.13941192424804974
1.3269628624334122,0.29169551973560687
1.4708836815856299,0.6561812579368016
1.0,2.3115130505410466
