alpha,s
0.575968897478093,0.0
0.9009891315241969,0.11568094907003745
1.0954780493819312,0.25383241699043546
0.887543542035414,0.448045249659875
0.8035157500393028,0.9328120546248603
1.0,4.473737361600163
