alpha,s
1.0836502865924789,0.0
1.1370280477551256,0.12176906526967109
1.1480013444678985,0.27700738933855973
1.1403351911880788,0.5078874930530103
1.0706552313895845,0.932610172728018
1.0,4.001549628667697
