alpha,s
4.084236057924595,0.0
1.6517679547954782,0.0319258551816611
1.2868113911559809,0.1374827053202524
0.8839467976303582,0.3497851429809182
1.2155188256352703,0.9423139751362486
1.0,2.7900943385342085
