alpha,s
0.6905300172936135,0.0
0.708822104110424,0.09564164138107527
1.0373963339028893,0.2781374219082228
1.2582134026671945,0.4892081578132512
1.0522824449379897,0.8013073522012963
1.0,3.1245049089139934
