alpha,s
1.0973292514367652,0.0
0.9790084648598739,0.11091415712954449
1.0575901204189353,0.28169140302728
1.0195406839693177,0.5206003741005559
1.1370594369074154,0.9927229969764932
1.0,3.514112768519891
