alpha,s
1.8290586951287406,0.0
1.1979873692817218,0.008330330496268681
1.1805270759638125,0.05360224625425816
1.0479624769620635,0.1537800376363621
0.9084051448985899,0.46490117115892765
1.0,4.049816934293937
