alpha,s
1.501590055337662,0.0
0.9630336912808185,0.05926401946674486
1.0571347264605135,0.20710498553963155
1.122539274917604,0.45288383255232845
1.3517667848150756,0.8661541968280049
1.0,3.673031050273887
