alpha,s
0.41551831897322083,0.0
0.6533732310559797,0.13224725384146627
0.9433164031072226,0.30852418715316876
0.9651488997772248,0.5428521705315692
1.1402800508718605,0.97290739570641
1.0,2.901056845455807
