alpha,s
0.32411926417217857,0.0
0.6001906111700188,0.1311585603131022
0.673216790357036,0.3006392879385279
1.1090392596237102,0.591655676178404
1.0155864920919508,0.9752671001188424
1.0,2.982470227817864
