alpha,s
1.1457844658525553,0.0
0.9406829382378781,0.11331544224356345
0.915776978919684,0.29829886909908043
0.9759146738509938,0.5829381449464573
1.1348339136608794,1.071902272203744
1.0,4.370982964888309
