alpha,s
0.748138734265308,0.0
1.1510011921797738,0.10105147391550239
1.088947883448855,0.21316249312681584
1.1380936694481174,0.41939985334987856
1.2133987522262941,0.8200584692802578
1.0,2.9941105074536285
