alpha,s
1.2003446637494233,0.0
1.1854157161636538,0.0734334352428002
1.2189466931597177,0.1848867032151702
1.2619260224134383,0.36236534613977506
1.109010076423932,0.7024506082066634
1.0,4.936650453411348
