alpha,s
32.49584029402221,0.0
4.487165546453799,0.0036907403769321214
2.003223117470838,0.0399452712279014
1.49771365891329,0.1693506737971961
1.1448445589375955,0.49645619873165026
1.0,3.661145766158557
