alpha,s
1.0646727830328389,0.0
0.9892278083764314,0.04949584887696058
1.060057756445577,0.14300398517087426
0.9785597550207182,0.29512264092646706
0.957830846100308,0.6625290196807687
1.0,3.7160360249187496
