alpha,s
1.0156345892127527,0.0
0.9728129204658464,0.11749379922705329
1.1358615522857582,0.2863376548991711
1.0063539120726526,0.5075587896617773
1.1455164702272258,0.9641849841629914
1.0,5.042203307733433
