alpha,s
4.797390729508454,0.0
2.214770731670694,0.04465097313951786
2.1554177453784877,0.16383682039806
1.5985598119930307,0.32804591277441414
1.2353141083144221,0.7111880622690125
1.0,4.835546020635269
