alpha,s
1.0714374440938912,0.0
0.8016991349487441,0.0678742196656235
1.1421423378265456,0.2122833689394947
0.9871652484841624,0.3856640326349615
1.1623541524678795,0.7976747403948546
1.0,3.441966705553161
