alpha,s
0.8950361145400405,0.0
0.8102792946574627,0.0717916291281871
0.8108336727426289,0.2123174051111133
1.367669581465005,0.4640373360676351
1.0467664765292006,0.7699583339433504
1.0,2.8434843508621044
