alpha,s
1.189475198990066,0.0
1.1184333762336074,0.0553232310275868
1.7217121162219544,0.1673263992359782
1.3918695531842946,0.2928945625654217
1.04782183875455,0.6052810273188433
1.0,4.456333914707153
