alpha,s
1.12083834607543,0.0
1.2421968130199117,0.0766264697572185
1.1302443688254227,0.17757659978107843
1.067076891395483,0.3601415322822348
0.9954366074788478,0.7594867304490334
1.0,4.437812759663445
