alpha,s
0.8501189575115314,0.0
1.0225184399129132,0.1312915507518108
1.080110827103671,0.283788027223072
1.074224979768248,0.49963136978130096
0.8165690224917742,0.9109458779109386
1.0,4.777676936650139
