alpha,s
4.343729231173923,0.0
2.152876649755159,0.049840849915252
1.3816353046171925,0.1678616757158803
1.6582087356769666,0.4282956269710981
1.6851844457328147,0.803902976642814
1.0,3.308493763062955
