alpha,s
26.566054942069332,0.0
4.809501798862067,0.00541972894853358
2.749563051201954,0.04503773559964614
1.6687891508561055,0.14922115958535784
1.2811687268103356,0.46108490299432503
1.0,3.5400163368788324
