alpha,s
3.263039158155663,0.0
2.1296842415823174,0.05283032862572395
1.680785047875107,0.15877543563185492
1.6376698169725776,0.35078461887834844
1.2245556069446868,0.6826177780589384
1.0,3.758939145246485
