alpha,s
0.9694955493012569,0.0
1.05708798874013,0.20037232880580985
0.9827270353670478,0.4241726342210973
1.3290236466117578,0.7696385569270788
1.3001300413649868,1.2298644073993885
1.0,3.616792030209517
