alpha,s
0.9841809733661212,0.0
1.0988040002059956,0.13417533901458742
1.129025361635186,0.29614758040473615
1.140893861521732,0.5326288523859634
1.0534785840126377,0.9848691882273952
1.0,4.329871735827045
