alpha,s
0.9558429438542727,0.0
1.063667352681779,0.09991491240942721
0.7869134723085552,0.23811647612951256
0.9247924584531952,0.5429232694345553
1.0357482787827357,1.0262422190946678
1.0,5.168565943504368
