alpha,s
1.4981774458769925,0.0
1.3828281854261015,0.050905493477097
1.0333860106148212,0.1448313092822347
1.234297317221446,0.34965783538103773
0.8632421502133286,0.6927571182328236
1.0,3.048281295983496
