alpha,s
0.2163523114494669,0.0
0.4988827700328711,0.1284787922507682
0.5435956452762536,0.2706624418411544
0.7843360397639106,0.5497298843585561
0.995228546847779,1.0354325896537044
1.0,3.8609474460247233
