alpha,s
0.6722973209071349,0.0
0.8343201151643409,0.11813062563241206
0.708641968663233,0.25340116117369504
0.922656998229709,0.5261672016633256
0.8384611058200713,0.936272664293163
1.0,5.213150347220227
