alpha,s
17.172659598505298,0.0
4.532846966926266,0.00836734138049702
2.4021216570596478,0.05138823393240775
1.3395020011055043,0.16870954743929217
1.186402169075094,0.5513814603208447
1.0,4.270544588425384
