alpha,s
0.04465531091986838,0.0
0.24294036706214478,2.014794520547948
0.09727765517454706,2.4482191780821925
0.17390484982941573,4.2027397260274
0.47149458086757523,6.14794520547945
1.0,8.16438356164384
