alpha,s
8.465609487400474,0.0
2.264165696928852,0.005178614184949902
1.8750131457665746,0.051547859078069004
1.5021503081601209,0.15732431888517417
1.1711746334072541,0.4361581978128916
1.0,3.51930135187317
