alpha,s
1.075645222001281,0.0
1.0138714112191918,0.09512447586786292
0.8972546964435474,0.23723638452453752
0.9946153170636435,0.480101345151095
1.1433239504690986,0.9065332376016266
1.0,4.615154821572171
