alpha,s
0.29495299806048036,0.0
0.448454594796271,0.10786689297044182
0.5686468598878829,0.2566591595958861
0.7551865752150649,0.5113839125764232
0.9761414583125227,0.9371804030517236
1.0,3.908334319217357
