alpha,s
1.2726294631064166,0.0
1.259447875159114,0.06525044232029413
1.2307912642906509,0.1734209769043797
1.159043842156146,0.3748138146776195
1.1074489112649581,0.7688386060475344
1.0,3.8794023785630887
