alpha,s
1.6225475863848546,0.0
1.6421163208037513,0.12392761983484181
1.2963728912540857,0.280385582143044
1.3480204961318838,0.5605595719988961
1.1846466687184751,1.0025574833071
1.0,4.994575506562667
