alpha,s
10.494465651586744,0.0
2.703755484923462,0.00529933097394684
1.5328784917612963,0.044981701749766755
1.2934570028468264,0.17307989344241068
1.2711578604339653,0.5205143144178094
1.0,4.569716671557845
