alpha,s
0.23010039725554854,0.0
0.46407160654168333,0.11285687073975681
0.7257548283996563,0.2623638400710011
0.9165868540230837,0.4857632905816496
1.3897607196745376,0.884687738757814
1.0,3.94341039030752
