alpha,s
0.9196595423720468,0.0
0.9635274328608391,0.2044785805486668
0.9546065041320703,0.4509124510769599
1.0927502149467143,0.7980856747248506
0.9708757884895881,1.319472870790732
1.0,4.525370899645972
