alpha,s
1.168470632878904,0.0
1.0031790686870843,0.06791745560992382
1.1476596860689894,0.19175275435617453
1.3027592701533843,0.3733923159584185
1.0843723228451516,0.6993711130975867
1.0,3.91965805210614
