alpha,s
1.0994642495088476,0.0
1.0936374284177672,0.07594116672092276
1.1436598484283038,0.18873343787860392
1.027606799851447,0.3654655662718003
1.0924076332872081,0.7575133374591431
1.0,5.0671243355254765
