alpha,s
1.8336382980743375,0.0
1.9569890592170267,0.11328948911723727
1.8369493311008223,0.24708399110413573
1.2241504990552003,0.4450443261644885
1.4290992120567028,0.9641169083778243
1.0,3.945398841773504
