alpha,s
1.1246281620437286,0.0
1.0061004854313136,0.17020093003597103
1.0853590438128988,0.41576464456701545
1.239660387241707,0.7369165147318509
1.5124256206525502,1.2362439128764566
1.0,4.019316182329825
