alpha,s
1.5244386599147608,0.0
1.5421420954769136,0.09521533745529014
0.6192297239972203,0.21837255118234486
1.4417071136890378,0.697075196527232
1.2411956732886382,1.0646428134309085
1.0,3.5699711595318013
