alpha,s
17.778287086919345,0.0
3.342585076097543,0.0051175506297473005
1.492362480676429,0.04524341530146886
1.3985886664753677,0.19366325646303367
1.2419956166901625,0.5228431745441404
1.0,3.058985415592392
