alpha,s
3.866746556914696,0.0
2.436691149104786,0.05283032862572395
1.869145670653679,0.15877543563185492
1.7732464647976893,0.35078461887834844
1.2789416910291036,0.6826177780589384
1.0,3.758939145246485
