alpha,s
0.6651575567125522,0.0
0.5761449369139927,0.08589148931006046
0.796312992922366,0.256128915671649
0.6500292756873126,0.48395780732000104
0.9907534307809311,1.0572942476151896
1.0,3.3532378981894
