alpha,s
25.747181690404645,0.0
4.467751856309529,0.00529933097394684
2.056351687244383,0.044981701749766755
1.474052945984812,0.17307989344241068
1.2604470762083722,0.5205143144178094
1.0,4.569716671557845
