alpha,s
0.35100383721988987,0.0
0.7656336613573148,0.10692074827488594
0.6996687842094081,0.2146070279358668
0.9173705823633238,0.4630201845790892
1.3431244374623779,0.9154358024748299
1.0,3.55432385605462
