alpha,s
0.9669989354121261,0.0
0.9250713732830447,0.1934117808186455
1.0698832746088978,0.45424600339700716
1.079388491494268,0.7747481514933168
1.1513292620276714,1.3185918076930754
1.0,4.319634169119162
