alpha,s
1.3097133005836978,0.0
1.131232074855198,0.04494053369504603
1.2752545132329394,0.13269457316882594
1.0112000335712734,0.27643547154415565
1.2405262332797105,0.6604586369116656
1.0,3.538126193785664
