alpha,s
10.46243643493765,0.0
2.228495147024095,0.0043471817517566815
1.6006793907180268,0.04976687368531961
1.6264974811861228,0.16961974074157565
1.321425465965676,0.4300971680282253
1.0,3.6094754351623033
