alpha,s
1.2168952113042266,0.0
1.0496797873586041,0.09934730602933564
1.0596205001358678,0.25388786747556447
1.0035670941507744,0.4855423872146771
0.946236388031601,0.9312905666307004
1.0,5.550402112907126
