alpha,s
0.09629030776844859,0.0
0.09839836495151782,1.3041095890411
0.22185671672571605,3.04109589041096
0.33071989374422955,4.123287671232881
0.4200987759493469,5.85479452054795
1.0,9.4986301369863
