alpha,s
0.9103133432587232,0.0
0.9448542576303824,0.1197336969717256
1.0112955385191043,0.2757568789926384
0.9816423870080248,0.5048596397959956
0.9681329340972115,0.9571577036461576
1.0,3.431154274978012
