alpha,s
0.8661219816136416,0.0
0.9947848396720154,0.13263911982888676
1.212903436961028,0.3005721093006554
1.4282145315606731,0.5154889999997512
1.3466981215549072,0.8662589187924871
1.0,3.797283100969428
