alpha,s
2.668136194505519,0.0
1.7301816566488397,0.034685116329488105
1.2759506947417316,0.12898677386556656
1.0586175043828376,0.3322550726294188
0.918238977298505,0.7576118043220411
1.0,2.9250993778087824
