alpha,s
25.292617194235703,0.0
4.2506399311592995,0.005914849818811492
1.9995605299694217,0.05302540177245314
1.6924305943591713,0.19892987199250542
1.4432230078464876,0.5146753503176018
1.0,5.3925079266737805
