alpha,s
0.027731419669375923,0.0
0.11714511808118873,1.4723287671232843
0.06125568041087295,1.98630136986301
0.15134740008130293,4.193972602739728
0.8462661423633017,6.305753424657539
1.0,8.22739726027397
