alpha,s
0.5951387052250869,0.0
0.9535247114654427,0.09640806359399867
1.019370198948448,0.20188909128367652
0.4755489560353364,0.36587818985824033
0.3946802428112164,1.0075543708095551
1.0,5.035912924238653
