alpha,s
0.6083539185815542,0.0
0.8679370547274861,0.092481164147358
0.8735957673451923,0.2043154414924978
1.328693977595742,0.40821140323379784
1.3121165014856224,0.704911838051501
1.0,2.54203124249958
