alpha,s
1.4091992531628659,0.0
1.1732794163872131,0.051238168312547315
1.05348306336823,0.171465286206486
1.2837791321282457,0.3949879899925493
0.9050670975818814,0.7415850407995228
1.0,4.017651495199365
