alpha,s
0.04659830003646924,0.0
0.10462014613240889,1.7090410958904085
0.13893676865337923,2.8016438356164386
0.15662009272963412,4.2027397260274
0.5474030575718973,6.1347945205479455
1.0,8.22739726027397
