alpha,s
23.85592754238006,0.0
5.441649774342742,0.005150256909520042
2.1493753456498133,0.0360242057383596
1.9927624558646715,0.16299068067895373
1.510553867406229,0.4136758718320238
1.0,3.4788136624161585
