alpha,s
0.24109461088389633,0.0
0.4636950141302974,0.1351545009333579
0.629014770324323,0.2878607586530774
0.5685512415334986,0.4916303312965255
0.2365370596900413,0.8811920030816448
1.0,5.29583777003548
