alpha,s
0.76632816950227,0.0
1.1033165051458425,0.07995729694615056
1.4559743883172833,0.19429786755143946
1.213755482731113,0.33543370246712995
1.022186917389789,0.7130940414717365
1.0,4.054373399553456
