alpha,s
1.0771202816698373,0.0
1.0441089225950786,0.1254147421342549
1.0826814332013541,0.30049305789752556
1.0688403972346685,0.5526861309197417
1.0954170721821876,1.0257949216109943
1.0,5.233971351982281
