alpha,s
0.6179896511875793,0.0
2.0310107236040693,0.1350183038715376
0.695926739347752,0.2039945314793745
0.9608553578342462,0.5222203968119767
0.8331269950044237,0.994705547938646
1.0,3.091011226558194
