alpha,s
1.8222294895830604,0.0
1.264236569589066,0.10808856987253176
1.7153609177602933,0.30272676957295913
1.2551758319192536,0.5036427521782186
0.9986025280697635,0.9621797617534515
1.0,4.316814209145159
