alpha,s
0.729419727770362,0.0
1.1641096082460547,0.0950334127729668
0.8696212059798978,0.20524303488703988
1.1103385320718473,0.4581245246920145
1.183161033559772,0.8639309585960675
1.0,3.377716667218999
