alpha,s
0.5122001317794207,0.0
0.5221488245333398,0.09753937774354197
0.7297035753743033,0.260788263721958
0.7347569086000729,0.4793027805054199
0.9323684365238425,0.9576548265632182
1.0,3.596423784137336
