alpha,s
0.6577161187218542,0.0
0.6780228111957304,0.09988326241412407
0.7886385803916222,0.260805830791131
1.053752098432746,0.5021122683824466
1.3004880496580062,0.8709081565224625
1.0,3.828005141457189
