alpha,s
1.0107067942454184,0.0
1.1462452194325274,0.12348199766984969
1.107376740421592,0.27169191128159237
1.0765999493404896,0.5088291689779932
1.0780515803165274,0.929264698648955
1.0,4.03581020974436
