alpha,s
1.2896889188144198,0.0
1.1557007102645191,0.05079053192492214
1.1370796176430367,0.14149058767396816
1.0660489165542932,0.30718470052553937
0.9683990343388784,0.6639406628298594
1.0,4.547939543724824
