alpha,s
1.3256804374449496,0.0
0.8600986286737425,0.04924359075648902
0.8659239775054176,0.1883540708355697
1.6473993561100793,0.4250349155227674
1.075945752751088,0.6920720002704064
1.0,3.4763786039064035
