alpha,s
1.314531836705543,0.0
1.4034567926366581,0.1010034990186213
1.3055596080654281,0.22735975209169235
1.3546837844277224,0.4357491660749839
1.1435362339467074,0.7962403728547846
1.0,4.673764695805421
