alpha,s
0.6026744883910006,0.0
0.8574113229958493,0.09464505177746475
0.9107826410981974,0.2236315733620872
0.5693095203038503,0.4098154843979246
0.3986378928192326,0.9171309391476896
1.0,4.793997218654878
