alpha,s
2.9759905704131993,0.0
2.484413491260702,0.03833869538538384
1.4555104456420145,0.10432745948209828
1.2890633073336841,0.2819021601666555
1.0271283334561354,0.6625985727414203
1.0,4.143769209682702
