alpha,s
0.23874479777566018,0.0
0.5422785727814436,0.1299344920218813
0.6826689032275608,0.2681179240874358
0.9860652077301365,0.5024234963780718
1.185832554267541,0.8860256592410599
1.0,4.26312684293529
