alpha,s
0.9766647280961752,0.0
1.1272810884078455,0.13593085382667558
1.22559161137119,0.30103198870595244
1.2700443205363858,0.5244488074251958
1.4752753586852698,0.9233180244731661
1.0,2.8861477466900416
