alpha,s
0.07912190105420398,0.0
0.3589916785587942,1.96712328767123
0.14805318209333873,2.36438356164384
0.3808719012594888,3.815342465753422
0.3922485676354638,5.119999999999996
1.0,9.4986301369863
