alpha,s
1.0097087098922592,0.0
1.0629695133365993,0.12748638375040508
1.343539083263774,0.29258966477910103
0.9837168848804666,0.4885202197205468
1.3199747743807668,0.9814662547532377
1.0,4.690243442449763
