alpha,s
1.100350373622574,0.0
1.002216475620471,0.1775456314075898
1.6670180307206777,0.4247751980816604
1.005769594769222,0.635138575904841
1.3881273296358378,1.2121846562950058
1.0,4.092699001031434
