alpha,s
0.38528026132968335,0.0
0.678185933490686,0.1160122870287255
0.7023182347039236,0.27424733500279386
0.768501484022226,0.5046184191664435
0.6132356949312394,0.9344506825073812
1.0,3.8449762942174073
