alpha,s
1.0782783975486545,0.0
1.0453168145852234,0.0900605848680844
1.0629782464880184,0.231460391910859
0.9557300187797021,0.4508472706667015
0.7997006623080183,0.9005307747066597
1.0,4.372960881368918
