alpha,s
1.1094733014253333,0.0
1.0137633644736892,0.1758721323364343
1.0362340078930334,0.4201505455920941
1.0700519579697705,0.7566460647587537
1.2035249461743884,1.3076234694617752
1.0,4.908755682450323
