alpha,s
1.1549296757194771,0.0
1.0441734660920032,0.04268095229979986
0.9673050086782418,0.12691151968912642
1.0896822699653386,0.2961700111015754
0.8059886193298759,0.624796925544502
1.0,4.208149248246598
