alpha,s
0.08792810483832365,0.0
0.08556821970706245,1.4246575342465762
0.1528165390713597,3.172602739726024
0.23648284375351325,5.0958904109589
0.496065264256245,6.769863013698633
1.0,9.4986301369863
