alpha,s
0.016324335310039535,0.0
0.024800056453280876,1.4246575342465762
0.05226992320550024,3.172602739726024
0.08803527356411617,5.0958904109589
0.2115329424484226,6.769863013698633
1.0,9.4986301369863
