alpha,s
1.2304225921429888,0.0
0.9081270799445639,0.03659483904565643
1.203488475938368,0.1211092167548535
0.9174917370216424,0.24876918394263053
0.9972524662714566,0.6153951991054596
1.0,3.587892742669283
