alpha,s
1.0153562129387912,0.0
1.1919692574670373,0.12497552519321284
1.1783435838290715,0.26677201780346155
0.9838197583210987,0.4853010558282783
1.166010907998141,0.961233016822663
1.0,4.058046142443053
