alpha,s
2.169896337655146,0.0
1.1682467119813682,0.005614287148504442
0.9341646617167336,0.051463888484516454
0.9537255580920514,0.19347296618579074
0.9965740200341242,0.5321622465934477
1.0,4.050735374196016
