alpha,s
0.7727212402328034,0.0
0.7205671795887755,0.05315919963624273
0.7650454117375847,0.18615264940543932
1.4838889116297183,0.4366847052839455
0.5955583013410904,0.6719091826103316
1.0,3.702051554468878
