alpha,s
2.582938911825388,0.0
2.1211014378872184,0.0642932134547165
1.7017121703988796,0.16656753976860608
1.3846406239834987,0.3514079711368856
1.2625234673637538,0.740992751336175
1.0,3.8578344144253927
