alpha,s
0.0813025563070168,0.0
0.1753685105070341,1.82739726027397
0.22104919484020705,2.6860273972602773
0.17960061531441865,3.82739726027397
0.7044780315448638,6.33972602739726
1.0,9.4986301369863
