alpha,s
0.4575571527230264,0.0
0.548312193271379,0.14193870954866045
0.816328906313759,0.34442245003760696
0.506116051618659,0.5925951390733515
0.6100551214471731,1.2691508558771936
1.0,4.198942358063551
