alpha,s
31.58084067146967,0.0
4.790908859363538,0.004516152336927541
2.6604565937775395,0.04518969043408892
1.6135070196535304,0.1540682764808258
1.1957202065963164,0.4962021286729287
1.0,5.560384958802589
