alpha,s
0.19774193311543461,0.0
0.41463939154670243,0.12847632375863374
0.4292546709200983,0.28981180414268437
0.8334114172359801,0.6115769448205316
0.900047278152176,1.0079186897855805
1.0,4.0489289991718085
