alpha,s
0.3830674312427144,0.0
0.4698425681801154,0.10799172833164077
0.628797877023672,0.2803416520828712
0.8622788609582184,0.5512693592871737
1.008272731067237,0.996568764003993
1.0,4.316714595483662
