alpha,s
1.044459606992136,0.0
1.102545932951254,0.11320967190340145
1.0439586606391529,0.2605218979520242
1.0935868865439327,0.4990161484035821
1.0430295672781142,0.92903303399681
1.0,4.165554619687326
