alpha,s
1.11000415288183,0.0
1.0126588927912947,0.10514470172076765
1.1299688935958532,0.26609413424879497
1.0914683412689603,0.48149437396299755
0.9983092424161826,0.9057317126438345
1.0,3.9813074408137754
