alpha,s
1.074944724856381,0.0
1.012035544280597,0.049015887952830545
0.7408609823335103,0.1485169065521588
0.8430780950304156,0.3970747056291918
1.1237775545742121,0.866688906535082
1.0,3.660606263201749
