alpha,s
2.129786435911405,0.0
1.1396997855408795,0.0061867692478509
0.9042268348645564,0.0499357686211558
0.8171076188045306,0.18861828864648914
1.0789320640920297,0.6009017532703872
1.0,4.565279767696846
