alpha,s
0.9764113858215113,0.0
1.1084779919001175,0.11615164972929345
1.1870301103080518,0.254389785374448
1.5846133505967073,0.4591150178724772
1.0587803664169257,0.7451770071542939
1.0,4.693968075482284
