alpha,s
1.143380731986355,0.0
1.1437500963454252,0.05987754799509164
1.1480522570391054,0.16503915487977208
1.065060353773069,0.3575778685886691
1.1100029505754778,0.7505175116654594
1.0,2.758086883800225
