alpha,s
1.3698050539034046,0.0
1.1174194955085974,0.09605578180444588
0.953382021447633,0.2520344796805188
1.062083984996975,0.5245651523580478
1.266551528185004,0.9748736785719914
1.0,2.7444289791325724
