alpha,s
1.2003278264035848,0.0
1.0634625426174227,0.10844110311395753
1.1895254269094682,0.2698448704076621
1.1501715076908585,0.489534141176496
1.0167687537347179,0.9171981367360025
1.0,4.125250631454199
