alpha,s
0.2624223237575929,0.0
0.5910697867540666,0.1183842262817611
0.6121578113520508,0.24564465596236287
0.9824053425393224,0.4939950601403598
1.0631050774795991,0.904852883675656
1.0,5.573011396035069
