alpha,s
1.0114529424711074,0.0
0.9363779495420445,0.0643435690822926
1.0864223279257115,0.1967691526582194
0.9677308718775307,0.38940144205892796
1.6056712153326036,0.8448295587952673
1.0,3.0974907873671462
