alpha,s
0.009751541403734715,0.0
0.05593945842214184,2.16712328767123
0.08346705816002152,3.101917808219176
0.20321283107792515,5.0958904109589
0.7443662632930707,7.07397260273973
1.0,8.22739726027397
