alpha,s
17.77075107248758,0.0
4.43309461802894,0.007205333929193165
2.7144202679826948,0.0474590120845626
2.008857435708674,0.15249171230461073
1.57049004759077,0.42090423419487144
1.0,2.761364656082092
