alpha,s
0.9718088294239401,0.0
0.9431445090423488,0.19136394194990172
1.334850827426686,0.4440116211278058
0.921513097737263,0.694536538395539
1.0522786308119343,1.3045333864817101
1.0,4.603265041409412
