alpha,s
0.8116266561308961,0.0
1.3602792966766841,0.05931139386407886
1.0697068433902193,0.12140111309136294
0.8128477187886562,0.2651163629704768
1.362561532107493,0.6867993700551311
1.0,3.785388176283911
