alpha,s
20.669457624153527,0.0
3.968429580424028,0.00471774393602178
2.477661190759817,0.04024825777695431
1.5895907372567633,0.13513747912620616
1.163023435699161,0.4204063758758888
1.0,4.301861291749675
