alpha,s
0.2300301004343205,0.0
0.3993848604467591,0.1159007535192377
0.5831999631852952,0.2687775937423608
0.6917654303946394,0.4734068702079027
0.7634026365563552,0.8842793002568912
1.0,5.145283434041571
