alpha,s
1.8958057797297014,0.0
1.0089819120588015,0.005667165992914
0.8064083036319336,0.0477190131385135
0.6423858293519509,0.1757081298111605
0.6616664982685393,0.5757421345076081
1.0,4.366629504622392
