alpha,s
1.0166330358238982,0.0
0.9629984665528117,0.1113994581231967
1.035257213653752,0.2722893224484424
0.9518043311179931,0.5022417148093774
1.0530760064629756,0.9968359687707428
1.0,4.133724208220645
