alpha,s
1.069649177946979,0.0
1.0863250389917931,0.12333499329910769
1.0275852748863485,0.28579301825642184
1.0751051599671606,0.5396628204571009
1.0929985027405313,0.985633205429757
1.0,4.830808703352492
