alpha,s
0.9217203403995999,0.0
1.0165025348390482,0.05326018224455268
1.1313092035736487,0.13982234866948356
0.8458661555476578,0.2900451802085372
1.1987960318727275,0.7393698012568037
1.0,3.425110691563623
