alpha,s
0.9138800548447329,0.0
0.9914054875694055,0.1198867919054986
1.0443661094563648,0.2703611527129792
1.0751320989598707,0.5026856879513915
1.0720088621883563,0.9296096956052394
1.0,3.675679534208568
