alpha,s
0.9419639589258533,0.0
0.9600845274471635,0.11164904189365582
1.0533135298695322,0.2710680715842037
1.2440369751721128,0.4940156206930018
1.4543191044544717,0.8686763212795078
1.0,3.170724175779048
