alpha,s
27.678820382442797,0.0
3.8612841759216607,0.0050787709652021
2.14944981534101,0.0534105676467337
1.5181336916600874,0.18570281784397424
1.0616259318653807,0.5267108676301676
1.0,3.315294070892421
