alpha,s
0.06479181428711428,0.0
0.3155598020399617,2.23013698630137
0.22830401524445024,3.04109589041096
0.8667989365517954,3.810410958904108
0.4551532161607136,4.39452054794521
1.0,7.16986301369863
