alpha,s
0.8140016436409091,0.0
0.89675361166877,0.11788093758897876
0.8827533863804085,0.2806422365636404
0.8418433378506375,0.5404397674223071
0.6788807060921223,1.0370776613078305
1.0,4.849513325559512
