alpha,s
3.3138422178294684,0.0
1.4668251983478469,0.0277229143108308
1.638277846595189,0.127149703526711
1.0927657849110672,0.26831262160835473
0.7581063118989254,0.6617200367902412
1.0,3.242898068881197
