alpha,s
0.2804000761436718,0.0
0.5530749296731821,0.09363061295326078
0.5693937015076567,0.21272682500785864
0.5408948158243595,0.44520520602792274
0.9640803550918458,1.0252462518814187
1.0,3.155722726049724
