alpha,s
0.38644939247389065,0.0
0.4637192915329056,0.09673530487634985
0.7139831946691139,0.2751957124761496
0.7372820859587442,0.4997576881778018
0.9555753760656158,1.0293024163608675
1.0,4.238640553272335
