alpha,s
38.49001029068053,0.0
4.6161045486626175,0.0037744159594159
2.479495758174421,0.0463898930185042
1.2862459231154502,0.16429655273509947
1.2819936835601138,0.5610476153192683
1.0,2.6806190068781315
