alpha,s
1.1987482476852684,0.0
1.2508572806854403,0.1161274066508216
1.0296518670911952,0.2565383023362064
1.1404968165733593,0.5181689265412475
1.1772754856955006,0.9421049216620966
1.0,4.4492045610586
