alpha,s
0.4924774055939428,0.0
0.6480957364670361,0.09068257474486338
0.8595216230713039,0.2419721335192285
0.7461401161739368,0.4509437173522563
0.8336816551093074,1.0153599140289098
1.0,3.129641085866111
