alpha,s
0.7743543328118112,0.0
0.8923606140658482,0.115535438839587
1.162682636266429,0.2717685815930139
0.8579355845162854,0.46189026661485544
0.8169339577010736,0.961980483175586
1.0,4.074900726822343
