alpha,s
0.6746551263650878,0.0
0.707679880664385,0.051923271887053216
0.7162355159038436,0.16991135962795353
0.985243306712674,0.4046821471219565
0.7749282628216646,0.730029640249996
1.0,4.338528835334163
