alpha,s
0.2998272465839252,0.0
0.515406143669807,0.11540520992304716
0.8638853143902538,0.26985575317218136
0.924488449860277,0.448392202900843
1.0934904347596834,0.859568959651252
1.0,3.404904994946825
