alpha,s
0.31027414861579117,0.0
0.5743629075400801,0.10390057600845033
0.7963592859548316,0.24302324837782022
1.115954938730646,0.4502105442856583
1.297084486620115,0.8005644508003056
1.0,4.992654689234055
