alpha,s
1.0875202162201065,0.0
0.9912110574249801,0.0832405728431456
0.9226858711607979,0.2296306145536635
1.1500277516378525,0.4881367486016804
1.0603969253766865,0.8807210605400018
1.0,4.542618646223999
