alpha,s
0.005035618720281083,0.0
0.022910043356961313,2.186849315068494
0.02598652273076746,3.6115068493150666
0.3139923158397979,6.2915068493150725
0.14148794696145986,7.04383561643836
1.0,9.4986301369863
