alpha,s
4.513674704990666,0.0
2.477625676455841,0.0380591679919664
2.5349595025452363,0.1270035859688449
1.296952841791922,0.25169142781662984
1.4088804504437973,0.7006103143169071
1.0,3.745040329309489
