alpha,s
1.384740594522348,0.0
1.2703726365868049,0.0878735056587134
1.1859723283348576,0.2157678305504724
1.2114302330116764,0.42377003873247704
0.9395306678821138,0.7895332641885093
1.0,4.018551097044829
