alpha,s
0.9066810082253217,0.0
1.1702132338519484,0.1284787922507682
0.9113138304822282,0.2706624418411544
1.0182439340223368,0.5497298843585561
1.065878728791859,1.0354325896537044
1.0,3.8609474460247233
