alpha,s
1.2770031424353736,0.0
1.2731718020533194,0.04728250577648746
1.0798647580574046,0.12586621146462307
0.9533643543026564,0.28942155200033126
0.9776905075929291,0.6852503347479282
1.0,5.260667838722455
