alpha,s
1.0786393568727446,0.0
1.0018052193077218,0.11723447978231996
1.1879338169995661,0.28862664347515377
0.8271013596706137,0.5069916242414022
1.1387689948146862,1.0860165416818812
1.0,3.475175199554605
