alpha,s
1.011465212780926,0.0
0.9800839637630423,0.11136417964256563
1.083407787030739,0.2748438048435254
1.1211632480255886,0.5072035232579745
1.5587201455579143,0.9358366485475107
1.0,3.2431598399775363
