alpha,s
1.1640980342996996,0.0
1.1125255906245617,0.11530127767951176
0.9833056700489985,0.27757496494942285
0.9687192825337961,0.548178510108889
1.0881191700372803,1.0629395100107017
1.0,4.281750352603725
