alpha,s
35.45717566987086,0.0
5.32155862440312,0.006312003980533944
3.7753266540132535,0.05867980715275908
2.107875524179608,0.15886628484907447
1.5701418541269756,0.46247309299163886
1.0,2.86198137536469
