alpha,s
1.029253085255289,0.0
1.0165493426214327,0.1837975294458904
1.014745483535871,0.4221789830410596
1.0718539841802537,0.7579663069159636
1.0719302659587508,1.3023153478618852
1.0,4.484274598404644
