alpha,s
1.0453497587693483,0.0
0.9019275320931841,0.17995081031798243
0.9273782569948138,0.45022672549363424
1.0793437796398186,0.814566021487734
1.064955488621411,1.3484119123536737
1.0,4.785854306878519
