alpha,s
3.2916171154866376,0.0
2.4106675986154764,0.0465371276377706
1.3307374885837968,0.1294720751118017
1.4000993378179354,0.3607705807262973
1.4043904206746212,0.7476603939649482
1.0,4.823816853960435
