alpha,s
2.1467149206363305,0.0
1.0659694896975471,0.05014110009272
1.1850900538657025,0.18804261314072057
0.864133700126784,0.39539231497749067
0.8289833666770414,0.9178432209362162
1.0,3.5152874049639125
