alpha,s
0.777047271965251,0.0
0.8368666146248042,0.1268109394328258
1.0405902337071582,0.3054299994631688
0.9432784243434235,0.5324130781308763
0.7051043201037213,0.964776814107648
1.0,5.742084709059395
