alpha,s
0.002129057967895583,0.0
0.017644252810848984,1.8591780821917783
0.07553604327623002,3.039452054794522
0.2712623998999715,4.164383561643838
0.27667613509161426,5.12602739726027
1.0,8.22739726027397
