alpha,s
0.0521075333959491,0.0
0.1626034376102642,1.618082191780822
0.10320560050984037,2.284383561643838
0.23943042153081612,3.72328767123288
0.15605785552137436,4.688219178082187
1.0,9.4986301369863
