alpha,s
1.5024691759657622,0.0
0.9858661004054246,0.04180005913817738
1.0263597223376948,0.1575750996867527
1.0513155743592544,0.365387687045841
0.9343900116731026,0.7549694272434956
1.0,4.931900879243788
