alpha,s
1.0489910569922867,0.0
1.1242264357721137,0.12986487023128637
1.161782144973375,0.2912742274182841
1.1045370826294132,0.5250892025879641
0.9922307053495057,0.9668560429077911
1.0,4.755785306468945
