alpha,s
0.9007847444992363,0.0
0.9117409417961583,0.05218686746568971
0.9855997998707166,0.14303537099665778
0.8320220425571127,0.2918243952883416
0.7871153789815829,0.6810370917927382
1.0,4.136268833713675
