alpha,s
1.2728920137333526,0.0
0.9862854475245043,0.1066450564008268
1.1183393442748544,0.2863263002088396
0.9957097289509937,0.52335849642719
1.0267676789025595,1.0000395485905798
1.0,5.115565518375675
