alpha,s
3.107526037546139,0.0
1.3057064411980532,0.0038613262580333
1.0463490786669658,0.0438445714588119
0.8469652775518322,0.1626875981998143
1.044079739202981,0.5383862656651439
1.0,3.622526689441398
