alpha,s
0.0677101332336569,0.0
0.2657694281436799,2.2361643835616443
0.1828414542150452,3.20547945205479
0.35970684503348105,4.385753424657538
1.1359913954780867,6.14794520547945
1.0,8.03561643835616
