alpha,s
0.0007922054043659317,0.0
0.008620160919788459,2.01917808219178
0.03231680480740392,3.01095890410959
0.03182562953364829,3.818630136986305
0.129367659455975,6.349041095890412
1.0,9.4986301369863
