alpha,s
0.000285309078052181,0.0
0.005326098683613058,2.186849315068494
0.01277144457485993,3.6115068493150666
0.3528113145295857,6.2915068493150725
0.33321845809131273,7.04383561643836
1.0,9.4986301369863
