alpha,s
12.3240661876976,0.0
4.541036843405803,0.007393524536195161
1.7330527830992373,0.037172801729814305
1.4097017385827357,0.17118501363467536
1.2275133915888212,0.4781438256336467
1.0,3.596146455244924
