alpha,s
1.1454026535333477,0.0
0.9470994331769298,0.06861051667391586
0.9152599506719636,0.20880054204794898
0.9032298839664287,0.4594145513710306
1.0302728213632129,0.948401164782857
1.0,4.131086429198749
