alpha,s
0.00016160907056954956,0.0
0.006253451815766729,2.140821917808216
0.031629246914664864,3.0969863013698617
0.06530400904570564,4.281643835616439
0.44701682675956483,6.277260273972606
1.0,9.4986301369863
