alpha,s
0.11070095378997509,0.0
0.5020498274939117,1.82739726027397
0.16707173133969236,2.29315068493151
0.3301046668611425,4.279452054794525
0.8634473343943871,6.277260273972606
1.0,9.4986301369863
