alpha,s
0.5337446344277738,0.0
0.6724078870906098,0.0913897113900666
0.5877742352589049,0.2099796893084982
0.5391470548268743,0.4174864918321934
0.24890719398367178,0.8255161765526443
1.0,5.386674015138294
