alpha,s
1.0569642754879698,0.0
1.0604640104471594,0.10969869895461824
1.0237538050132053,0.26023958669833863
1.0259894266145713,0.49872141793965197
1.0164122164547142,0.9496161850349223
1.0,4.340317543916376
