alpha,s
0.851499422461734,0.0
0.9676666216030898,0.1563902097388912
1.0331885733501807,0.3344060806480066
1.3806492287670333,0.5929990821069268
1.5028276476003266,0.9551709675286292
1.0,3.443357706239612
