alpha,s
0.11162046854268645,0.0
0.46577126413034553,1.7287671232876705
0.21990442638506755,2.267945205479454
0.4713825902707368,3.7643835616438364
0.5892801002501178,5.194520547945203
1.0,9.4986301369863
