alpha,s
0.9584183516595547,0.0
0.9965830107995336,0.1311264574522158
0.9602969094821115,0.3000485488184163
1.0094333028938938,0.5620236931872491
1.0690627331194933,1.0401459099095511
1.0,3.618485204088106
