alpha,s
1.135114887749989,0.0
1.0052981056146104,0.10633923180022894
1.0589188143505344,0.26813432428545697
1.239714866391693,0.5032895009205514
1.120715128447575,0.8995271606478643
1.0,3.718601586032329
