alpha,s
3.899959276339993,0.0
1.5360045911302724,0.00328229153175494
1.232546369812928,0.0406764602162647
1.0059702446158785,0.1509664235244075
0.9390294613711153,0.46232281250569895
1.0,3.994339183013624
