alpha,s
1.0883790684971606,0.0
1.0352477339564314,0.17689889581709858
1.2551931796388962,0.41351452634228225
1.05498663874918,0.6812315443253326
1.370080383160761,1.2423083687961627
1.0,3.47692385216062
