alpha,s
0.8472939785135488,0.0
1.3719829094892926,0.1502044783112517
0.9884863803226498,0.2734602889575167
1.2626877688030647,0.5322712178843964
0.7677775160340274,0.8802562642915719
1.0,5.1194200143050255
