alpha,s
1.0699450362605474,0.0
0.9957631970590869,0.11723447978231996
1.1828186865842918,0.28862664347515377
0.8246403025483597,0.5069916242414022
1.1371358179054478,1.0860165416818812
1.0,3.475175199554605
