alpha,s
1.1026090866474147,0.0
1.0163033929507295,0.0606454588042959
0.8942477200182998,0.17301480126157326
1.1729959219807486,0.407182115789538
0.9578639878872733,0.765409015272276
1.0,3.573594736231
