alpha,s
0.06938274738464192,0.0
0.17183989765767593,2.01917808219178
0.21682324696767136,2.9063013698630145
0.3357297832030852,4.193972602739728
0.8112592768623926,5.748493150684935
1.0,8.16438356164384
