alpha,s
1.1535341565417583,0.0
1.4633959789485609,0.07747181131223294
1.151509588311898,0.16316203107492308
1.246367763373959,0.3394804152119659
0.864496828008657,0.6475388585280648
1.0,4.321169389614942
