alpha,s
0.006438126913770534,0.0
0.08107643383453458,2.002739726027398
0.4680788584017122,3.01095890410959
0.23441974624008496,3.28767123287671
0.6756387549303018,4.4767123287671255
1.0,7.07397260273973
