alpha,s
1.0876834969063482,0.0
1.0523152257588722,0.1766311134247843
1.1400613564564286,0.4096705896396149
0.9609709460530291,0.7095236723879393
1.0888589263969926,1.3334366732845653
1.0,4.5854240295640585
