alpha,s
0.016498204892792287,0.0
0.029829005554075343,2.36438356164384
0.20392005095186266,3.644383561643838
0.10313826694034874,4.19178082191781
0.6544469715722986,6.320000000000005
1.0,9.4986301369863
