alpha,s
1.0115370615038835,0.0
0.9707398585692821,0.11574664072772282
0.9396286709517634,0.27812308912919287
0.9542740694696782,0.5462718164156964
1.0809295066044218,1.0354584480256175
1.0,3.612592436257805
