alpha,s
14.014972375654958,0.0
2.4415321475740766,0.004145451601100222
1.7201891400933946,0.05014286219675318
1.6009747086112687,0.16462309026989855
1.0843485603513598,0.44522164327835045
1.0,3.734669171285139
