alpha,s
0.2230423988323787,0.0
0.4089362519835836,0.13335515122506708
0.6203782481577237,0.2898100381825537
0.6926235548034486,0.5029067127181176
1.0665462002576263,0.9724981542871018
1.0,4.14150984750306
