alpha,s
4.08444738683417,0.0
1.4866073170482252,0.0403367214307466
1.8312150054232952,0.1856867232145784
1.252483795695919,0.35784706168656216
0.8856365676493244,0.7854953161827702
1.0,4.342733187546769
