alpha,s
0.9859314693771597,0.0
0.9347768401370544,0.1284132538336103
1.0860476849934868,0.30985987150586475
0.9758989134236616,0.5430112278923213
1.1413248781056453,1.0200974956820026
1.0,5.178699779543013
