alpha,s
1.0321195338914069,0.0
1.0337149054864947,0.12461551574180817
1.114169809159332,0.29225029164726796
1.2817555349812042,0.5289086892202653
1.1198244991129294,0.9093266073204173
1.0,4.380498650106009
