alpha,s
2.0787168969622525,0.0
1.1375528945369915,0.03110859877394301
1.0809824633219822,0.134952522422645
0.8826289744829277,0.32694934674339093
0.6201719632531144,0.7657757748472439
1.0,4.201182783033947
