alpha,s
0.8038848948278253,0.0
0.9611609634864516,0.11270219824051958
1.030184104333958,0.25135286072141844
1.0651754439223575,0.458645127778692
1.0504443077520054,0.8555820123294137
1.0,4.364277412942912
