alpha,s
1.4478970758045504,0.0
1.1482733888203849,0.0065189314192066
0.8973936492502654,0.0439808025783958
0.9944155436209763,0.17683672957627677
1.0106795005484617,0.5144854525141288
1.0,2.6609871552218776
