alpha,s
0.9911879723686001,0.0
1.1281459769503899,0.11015879285019944
0.9151045484288362,0.2456073104699141
0.9200995868216526,0.5123925180149155
0.8245727531140464,0.994963403693893
1.0,4.669943913300664
