alpha,s
0.7371121676723524,0.0
1.226277989102908,0.1502044783112517
0.9113056392529564,0.2734602889575167
1.2037990191009453,0.5322712178843964
0.7563928313814007,0.8802562642915719
1.0,5.1194200143050255
