alpha,s
0.9246640465354543,0.0
0.885680738670631,0.11723447978231996
1.0844012462528014,0.28862664347515377
0.7764877700391302,0.5069916242414022
1.1063001377720854,1.0860165416818812
1.0,3.475175199554605
