alpha,s
1.8726831490027147,0.0
0.8495597046591037,0.00603726658415612
0.7033099354807858,0.058882859999889924
0.9607373914356457,0.2223990452678653
0.941670123641359,0.5366854480505412
1.0,4.227918425551399
