alpha,s
21.041740231637572,0.0
4.215654123358289,0.00612872915591666
2.322607421098786,0.04819910504720307
1.3260050990470598,0.1628166455493372
1.1619301015203958,0.5400786174701911
1.0,4.115818308260454
