alpha,s
0.8999089465398182,0.0
0.9911828287966711,0.11255776196010318
0.9771852086868641,0.26465951261733994
1.0015424379172013,0.5144608307519593
1.0039068714673425,0.9599628348612205
1.0,4.137562386913122
