alpha,s
0.08319213987324443,0.0
0.18018444458700728,2.031232876712326
0.46432281020341143,3.59178082191781
0.4104930887297294,4.3227397260274
1.3066696008319705,5.94520547945205
1.0,8.17808219178082
