alpha,s
0.04671764306845503,0.0
0.1201286533194435,2.01917808219178
0.17814054330009607,3.01095890410959
0.11893712393045357,3.818630136986305
0.3904672684663185,6.349041095890412
1.0,9.4986301369863
