alpha,s
0.32756080374708435,0.0
0.5560989311192945,0.10526650539606379
0.7586278675062786,0.2601275867001186
0.9064142505709003,0.4768968959051159
1.0994378477003246,0.9154157023358446
1.0,4.603325897818464
