alpha,s
0.01569715939188416,0.0
0.11995883201394947,1.9709589041095859
0.04804407697254225,2.42191780821918
0.196199598527625,4.486575342465755
0.6920756174994399,6.14794520547945
1.0,9.4986301369863
