alpha,s
0.034280551619733854,0.0
0.05388667262784188,2.012602739726026
0.16024918116739512,4.12328767123288
0.2371057337695366,5.15890410958904
0.2590918206557558,6.33424657534247
1.0,9.4986301369863
