alpha,s
3.724767875969873,0.0
2.4880169479646543,0.05227653196141945
2.5035438266318213,0.14924903605847142
1.8744150989340065,0.2899755663169118
1.7958890126577476,0.6042814040973027
1.0,2.685080961126208
