alpha,s
1.300822611408667,0.0
0.9786317956504244,0.04635101179115197
0.9654089589234278,0.14992169013622378
1.2567514894057232,0.3396483060400315
1.2922055178509282,0.6469714737621827
1.0,5.020356750738255
