alpha,s
1.0086172179048902,0.0
1.1395418810088562,0.18843595208547662
1.0866157680124162,0.39688092750685333
0.9946464897053622,0.7066332419333549
0.8648165593766626,1.2817133883145897
1.0,4.5128040524076
