alpha,s
1.1691135448158267,0.0
1.3646938801136028,0.17295514206813797
1.2959885865048666,0.358272046908537
1.1344929212237391,0.633535915616179
1.626913269734137,1.181473800332443
1.0,2.805633421376013
