alpha,s
0.8579697573644658,0.0
1.1058737586785596,0.037793513113601844
1.0280351666909737,0.10205005715822142
1.0207376892356999,0.25112118340254624
1.4330435533737942,0.61639915135339
1.0,3.044667667659902
