alpha,s
17.35739421064176,0.0
3.3683162596269622,0.00817191884890426
1.9154440214620936,0.0642805104032238
1.1434331097598747,0.21625888496740436
1.1120413716810347,0.6600503210527926
1.0,3.4386408364369743
