alpha,s
1.0522630511915152,0.0
1.0596198861577029,0.12052586326615233
0.9048997637462369,0.2799133664310203
1.0037705896956874,0.5552600377181505
1.0635446466795606,1.0142287263382554
1.0,5.368553110221091
