alpha,s
2.4686561245838536,0.0
1.5118237338752052,0.003857270375202882
0.8940708398234005,0.03166592669359737
0.8362744836647021,0.17136417406242915
0.8620696037901155,0.5085534246245282
1.0,4.258032241406555
