alpha,s
0.007449910847156985,0.0
0.09668133713211882,1.9709589041095859
0.04001371830060237,2.42191780821918
0.1530073325649777,4.486575342465755
0.4280551842774574,6.14794520547945
1.0,9.4986301369863
