alpha,s
1.6442492082321527,0.0
1.3465036401955934,0.08707604795186262
0.9448872209750553,0.23334562031877698
0.970497992701803,0.5437027903035391
1.4634730601938288,1.179337953155784
1.0,3.3334714671326355
