alpha,s
0.07712339977200063,0.0
0.19923473038102768,2.01917808219178
0.26950443072070324,3.01095890410959
0.1793796787098571,3.818630136986305
0.5415367565174726,6.349041095890412
1.0,9.4986301369863
