alpha,s
25.506839469101823,0.0
3.4109375779491313,0.0030190315325958014
1.8991120767672125,0.038630992873813184
1.3008446362463422,0.1484129094830251
1.526522206148912,0.48626410643744394
1.0,3.6440417138839543
