alpha,s
0.008408378733401289,0.0
0.03800411292101735,1.98630136986301
0.14162025245835413,3.74246575342466
0.18409045021442788,4.600000000000001
0.8284092612852174,6.73972602739726
1.0,9.4986301369863
