alpha,s
3.2241484590288563,0.0
1.2904708748054157,0.00422858922758758
0.9810940858359253,0.045707118472827934
1.0065465884896367,0.18155668961847296
0.9238558754631794,0.5118138188035798
1.0,4.6784047564665405
