alpha,s
4.854989323165852,0.0
3.063902245543692,0.03351659035163022
1.4914212476596864,0.10242506634735159
1.474799644944973,0.31799343292311444
1.0583610507587082,0.6792108914064486
1.0,3.4426995844969346
