alpha,s
22.980682706732335,0.0
4.01718708691494,0.0051175506297473005
1.6926808945256435,0.04524341530146886
1.5212893572793507,0.19366325646303367
1.3044537204028606,0.5228431745441404
1.0,3.058985415592392
