alpha,s
0.027636727857982497,0.0
0.1350253569309762,1.82739726027397
0.09139759213338107,2.290958904109592
0.15321578641438258,4.13315068493151
0.7111175765969251,6.349041095890412
1.0,9.4986301369863
