alpha,s
0.7317867580794205,0.0
1.4094679291304657,0.06273615646978156
1.0250038283420424,0.12566946503892687
1.0396549257117782,0.2794500247362051
0.7572806339437765,0.5678465311570441
1.0,3.9455403777407616
