alpha,s
0.30509906040506213,0.0
0.48158390632959497,0.10201271725092244
0.5733368034077314,0.24496577171171155
0.8766886634178466,0.5080057312597271
1.0894105644506729,0.8941860042976718
1.0,4.364102499384303
