alpha,s
0.2747522522296093,0.0
0.5175520534835781,0.11797466347401359
0.6475595851617726,0.26677084781208
0.7919024396064641,0.49823441617008457
1.176326089609346,0.9455082092146
1.0,3.8250751072401954
