alpha,s
2.7067383134905114,0.0
1.1419934121479687,0.0036296143416706
1.1390243959052166,0.0444568144111101
0.9057302481811899,0.15012716071830134
1.2487412579007278,0.5131509271489193
1.0,2.912597928673752
