alpha,s
0.000940536083240762,0.0
0.01486289739774404,1.883287671232874
0.10373412793768569,3.74246575342466
0.12357246842438788,4.359452054794522
1.0004310716247204,6.549041095890413
1.0,8.22739726027397
