alpha,s
0.9978765539634626,0.0
1.2482255171881407,0.12490323562344582
1.0832939717639058,0.260948192876008
1.086700346868753,0.4973531979620984
1.126984125771224,0.9305891639908127
1.0,3.633126448747181
