alpha,s
1.2238649553125176,0.0
1.191296345716692,0.10786689297044182
1.0965534516173079,0.2566591595958861
1.1609711969435224,0.5113839125764232
1.238813288106465,0.9371804030517236
1.0,3.908334319217357
