alpha,s
1.1014197997682043,0.0
1.0046020951983488,0.1144184785031854
0.9258044151864463,0.2829532857503997
1.0908046937163147,0.5537516304149853
0.9402350267598707,0.975270335581774
1.0,5.304624851424898
