alpha,s
0.22394492220636056,0.0
0.9502195471109173,0.13495037106072577
0.6712081161586548,0.22017750784757087
0.6004539212786141,0.46256366642831714
0.9422932224401913,1.0170584101548112
1.0,3.467951751529688
