alpha,s
1.1646407618656576,0.0
1.1758784886970317,0.11540520992304716
1.50202182608303,0.26985575317218136
1.2569863074463903,0.448392202900843
1.234978215089315,0.859568959651252
1.0,3.404904994946825
