alpha,s
0.968592515206253,0.0
0.9161809589414113,0.10423398121278982
0.8636404751929885,0.27426194091361994
0.9094833821363285,0.5569844336981647
1.1197589830289632,1.0582934316837982
1.0,4.11561199910448
