alpha,s
1.5664960016040015,0.0
1.57001067013219,0.04437178051247048
1.634494549366286,0.1213728275060942
1.1985205550228355,0.2504087245939882
1.0767496461342951,0.6370003304865561
1.0,3.511814479794086
