alpha,s
0.8558791183689205,0.0
0.796920284317023,0.08226488666735063
0.9117727424424252,0.24105466133028278
0.786850077215932,0.4673901192280913
0.6825666577325279,0.96804752765006
1.0,4.371649464213364
