alpha,s
1.1115437359276283,0.0
0.9752889535080959,0.07121015976877983
1.107461786096832,0.21345551000214993
0.9651528787287439,0.41400904583490356
1.074929069202851,0.8778034858365996
1.0,3.727861790709425
