alpha,s
11.175681263980403,0.0
1.9833457423226566,0.0047333721307145195
1.379032544284944,0.0562771548527309
1.2908683643887473,0.19443598527041644
1.0161443397878298,0.5122032094445391
1.0,3.904701708502882
