alpha,s
1.1149160687737791,0.0
1.0275926370594146,0.10304326488347995
1.1414748338460676,0.25474144975514906
0.9620745792973701,0.4606908592689932
1.0137546503800792,0.9290625174986507
1.0,4.650553017697255
