alpha,s
0.27163824488421906,0.0
0.5138783400595074,0.12385030654917764
0.7497642402441685,0.278561688969134
0.7117715211194835,0.49347474606878566
1.061750482694441,1.0080631134198406
1.0,3.309381013435481
