alpha,s
0.2628222536347884,0.0
0.5207350109842384,0.1110864619039242
0.7153682872874773,0.257076001164832
0.5980374166154072,0.46740766027695047
1.2449616254144813,1.1107132137602511
1.0,3.3443094573028933
