alpha,s
3.8235205305054705,0.0
1.909377075229539,0.04601481790176104
1.1397025315818148,0.16652269253821164
1.3398358306164184,0.4687483163629132
1.5314817513027958,0.9123787758548995
1.0,3.2369489007909635
