alpha,s
3.0663065115581927,0.0
1.797776568452928,0.05523483506092058
1.4217734255816958,0.1762314966275943
1.3244935441963996,0.3970345059648035
1.0666072510733469,0.8014515866091383
1.0,3.3022112312387546
