alpha,s
0.010081041309733519,0.0
0.14938952667500882,1.95342465753425
0.07513089576125596,2.3704109589041122
0.4813621285273708,4.196164383561646
0.539923932948382,5.0958904109589
1.0,8.22739726027397
