alpha,s
3.552802347817641,0.0
1.5821784505365029,0.029370845325227
1.7445267912605722,0.12849181946852517
1.245357999196361,0.26574113869554356
1.10232311695472,0.6519053853662927
1.0,2.3095758583311574
