alpha,s
0.3791796644954781,0.0
0.5564738674977338,0.08883105894624024
0.7363732668775816,0.23067712894099107
0.8380626570061537,0.4555516035510378
1.1549022258466095,0.9224878061523518
1.0,3.875390641742073
