alpha,s
6.792704504272888,0.0
2.0621625230458283,0.007964491252015623
1.170386627897682,0.053053230738884134
1.2913776270640958,0.19632843796123742
0.9235910661701607,0.48917934888063025
1.0,4.985617281927788
