alpha,s
1.0314190440885256,0.0
1.0401078658556384,0.08039354200613044
1.0909945298704617,0.20819916123522575
0.9706975449460535,0.40878829978970554
0.9048086645474189,0.809688759519254
1.0,2.864455244155373
