alpha,s
0.10266755833123863,0.0
0.3042393180917329,1.6887671232876706
0.23106455395094896,2.438356164383562
0.25485097316620925,3.809315068493148
0.7688603219504404,6.35890410958904
1.0,8.16438356164384
