alpha,s
1.3786026593868541,0.0
0.9770247994881543,0.0534432064861191
0.9043603735918201,0.1754757405158962
1.1444191546207494,0.3902798470070644
0.985462792953958,0.760578701169675
1.0,5.8092872138159
