alpha,s
28.987764477066793,0.0
6.455254050328241,0.0046020414899228
2.7328825886392356,0.0326040159648756
1.7479842193710422,0.13577109665350975
1.4034112156802472,0.4317200660653812
1.0,3.801836710239291
