alpha,s
0.890682361998484,0.0
1.3149688628325997,0.14182708319580484
1.4224841463319626,0.27693949818204316
1.061822975198455,0.4531028769011362
0.9558479706970069,0.8935128171762166
1.0,3.767144040931359
