alpha,s
0.9364853313925774,0.0
0.7538462829820276,0.09673530487634985
0.9452173043069707,0.2751957124761496
0.8406873030471564,0.4997576881778018
0.9727582092298576,1.0293024163608675
1.0,4.238640553272335
