alpha,s
1.7810483176734722,0.0
1.7194393591492938,0.11285687073975681
1.667495984835821,0.2623638400710011
1.5084296677493663,0.4857632905816496
1.6509915728822089,0.884687738757814
1.0,3.94341039030752
