alpha,s
0.5987854291000088,0.0
0.7900052746508299,0.0548573314917814
0.6805398678079202,0.137571644329655
0.6256797844602826,0.32154810629534086
0.7570447198801712,0.8415587027197188
1.0,5.753937045560609
