alpha,s
0.9393649118796195,0.0
1.2301708196058154,0.14271958449654795
1.361325106777373,0.2876055517928577
1.1605921627039577,0.4867976749038901
1.150391699082429,0.9220885131358151
1.0,4.086538224674106
