alpha,s
20.833512747757325,0.0
6.5483876876006875,0.006921182937258202
2.5653696712444445,0.0364020145593174
1.7625517168688318,0.14986002613572566
1.7253767697517264,0.47420111733306297
1.0,3.347942241855292
