alpha,s
0.35356137280334987,0.0
0.5575510420274656,0.0946173775611927
0.7854778674116303,0.2379054232149743
0.891125009813829,0.45159148771515323
1.156171576707891,0.8810372719061141
1.0,4.954296749221991
