alpha,s
1.0153421578441837,0.0
1.0563063441162472,0.07842910284901866
1.1994071086504403,0.19307395568617713
1.0439508786815668,0.362126784556407
1.0547375655132512,0.7575871132239897
1.0,5.71238951906149
