alpha,s
35.015051806463696,0.0
5.213059386746423,0.004070502003609661
2.263053361648339,0.04115897468383446
1.6002749673469716,0.16653092925286528
1.226491914964753,0.5054530692041305
1.0,4.343476413502546
