alpha,s
1.0622272656021372,0.0
0.8526312404447464,0.12106801333212894
0.9831625801325581,0.31962324529230446
1.0642195690218048,0.5758512234377491
1.0641598414225775,1.0401678292539407
1.0,3.5361585708580634
