alpha,s
1.0660837177214313,0.0
1.0528703478403723,0.1179051995593227
0.9886336537480022,0.2795368505971143
0.9310528764373126,0.5348732670635221
0.9452638620174696,1.0334804094781105
1.0,4.743767915070497
