alpha,s
46.80740311810284,0.0
5.310234610083072,0.0030190315325958014
2.579682602684245,0.038630992873813184
1.5668035647311631,0.1484129094830251
1.6541168833577466,0.48626410643744394
1.0,3.6440417138839543
