alpha,s
1.1945631369843752,0.0
0.938707716697371,0.088870457146339
1.0061483218191993,0.2469388982541337
0.8751285897088382,0.4799009148612337
1.2178022840726452,0.9928894877283104
1.0,4.071286785299418
