alpha,s
0.10152287961324363,0.0
0.1407642201740096,0.10266917886453468
0.11396868980366558,0.23147893913423812
0.07810285520597056,0.47043440329213465
0.04263458027208265,1.0512197540934087
1.0,4.61773419492687
