alpha,s
0.049663574097529896,0.0
0.07127042610991396,1.23561643835616
0.06994889700751601,2.29315068493151
0.09986526462722686,3.619726027397264
0.18783868206560864,6.14794520547945
1.0,9.4986301369863
