alpha,s
0.9693683972662265,0.0
0.8988207939088435,0.08445455105447319
1.0433307162207488,0.2379093504620694
1.0888118591454639,0.4598909819020023
1.0576645661566624,0.8635467999220069
1.0,4.864629742910021
