alpha,s
0.03714635116194141,0.0
0.10032823002896142,2.03561643835616
0.14892874980079948,3.10684931506849
0.21500550682972353,4.191780821917811
0.3194209165749613,6.13150684931507
1.0,9.4986301369863
