alpha,s
0.3685579675990888,0.0
0.891913893918122,0.11752044249940145
0.9185399146186203,0.23761431340885056
0.673126432062604,0.4325892256535627
1.1455034384292406,1.0983590386799147
1.0,2.846016212226771
