alpha,s
1.6071354973835599,0.0
1.025355501783034,0.0783173136726789
1.0639462677133673,0.2424429501173548
0.8272547152444653,0.47499892796379695
0.8958254312745626,1.0401601123789153
1.0,5.1449521703149
