alpha,s
0.02444849917805715,0.0
0.1150103183777983,2.002739726027398
0.5256738830127834,3.01095890410959
0.23611013731706318,3.28767123287671
0.6782809575992398,4.4767123287671255
1.0,7.07397260273973
