alpha,s
1.4456982619590313,0.0
1.1438141823572634,0.0877075961198313
1.2631465923463077,0.2332363649855447
1.7998795757239945,0.4462149332246872
1.134136906701467,0.7231322615431924
1.0,3.754313341657062
