alpha,s
1.1895537410186736,0.0
0.8673693913148698,0.10808856987253176
1.2472339955138214,0.30272676957295913
0.9879796047586499,0.5036427521782186
0.8596706352583194,0.9621797617534515
1.0,4.316814209145159
