alpha,s
31.9621848062491,0.0
5.490797362445421,0.00463600400321238
2.477412012580242,0.04064577140604188
2.0286511902699242,0.16264867545126424
1.286757477529869,0.432266732303298
1.0,4.040314810830527
