alpha,s
15.62223127978596,0.0
3.0081428572488917,0.004027661870681901
2.0019543659837598,0.03992892029674392
1.2410995109983218,0.13734176324678848
1.4925590463346963,0.4778116873533712
1.0,2.9685499061412592
