alpha,s
0.31394540072873717,0.0
0.5156616049508315,0.10336493523834415
0.6045476442812172,0.23490378431480033
0.8627764271350775,0.47248598209682274
0.866668929170114,0.8499933761912652
1.0,3.419853169531741
