alpha,s
1.4018085630000978,0.0
0.9365461987087684,0.04324420398639676
1.193848334911945,0.15012586767580385
1.0638009710548744,0.29954459624468927
1.1934165517014368,0.6642380721258073
1.0,3.926522624231989
