alpha,s
0.9261752354907966,0.0
1.0944029270242999,0.07087312214790001
1.1183783526901918,0.18152392216333813
1.200571617609223,0.38318730974313236
1.447610462174508,0.7431908897137416
1.0,3.686750306679903
