alpha,s
0.017545382633113588,0.0
0.06768255883801741,2.7753424657534267
0.08255635619626396,4.17260273972603
0.4125100003451729,6.14794520547945
0.41936663661447954,7.04383561643836
1.0,9.4986301369863
