alpha,s
0.9495163993587078,0.0
0.8277296024992179,0.10921058217301197
1.0056352043236647,0.29239028324116884
0.9178651238704192,0.5321050627177407
0.7805458200215356,1.021304269978807
1.0,4.179694637390675
