alpha,s
1.297054452141001,0.0
1.1519598314532005,0.06647467140635785
1.0804866079940438,0.17626212199153735
1.0357170005729728,0.36890093607318397
0.9192113794132871,0.772641848110181
1.0,4.7008858263991895
