alpha,s
0.0710998596705099,0.0
0.1500010745107893,1.7090410958904085
0.18996287122916608,2.8016438356164386
0.2004516225413671,4.2027397260274
0.6633592355284669,6.1347945205479455
1.0,8.22739726027397
