alpha,s
0.3698432167167464,0.0
0.5269354071263685,0.1327476496797719
0.5692105978967668,0.29647860851435187
0.8588721473737081,0.5569958357434245
0.9826299655347844,0.9410798566939651
1.0,3.0092554246791696
