alpha,s
0.4664250581077013,0.0
0.6112705368088214,0.12392761983484181
0.5998406161494279,0.280385582143044
0.771413349132338,0.5605595719988961
0.8577570141447364,1.0025574833071
1.0,4.994575506562667
