alpha,s
3.3080558308653694,0.0
2.0290958091170825,0.0362652189335844
1.3491976440850224,0.11964217996219573
1.1863982230012127,0.3198617574772071
1.3323602820649905,0.7579033408523613
1.0,4.361409473464636
