alpha,s
0.7047276301673506,0.0
0.8012353352838857,0.1198867919054986
0.9003805209810881,0.2703611527129792
0.9744039393904064,0.5026856879513915
1.0141471649607645,0.9296096956052394
1.0,3.675679534208568
