alpha,s
8.291327725234503,0.0
3.753753113683833,0.006921182937258202
1.8386614457949908,0.0364020145593174
1.5064599170935025,0.14986002613572566
1.6618312564328637,0.47420111733306297
1.0,3.347942241855292
