alpha,s
0.20288660657445862,0.0
0.5101244647024209,0.10159109631562686
0.7146442530408624,0.22093619032276512
0.4225173486344199,0.41656730826069277
0.39778326647758205,0.9652886548004243
1.0,4.417746765998214
