alpha,s
0.7952642349730397,0.0
0.9017557632222667,0.12582851919867588
1.2985882895553953,0.2862974312896928
1.2362541672850007,0.46927821283718496
1.0086204856357357,0.8731441657261407
1.0,3.65379285676408
