alpha,s
0.9733578395009983,0.0
1.0403676034216558,0.2002662731459669
0.9789776064743525,0.4348214755874996
1.1140825147046078,0.7787292039150527
0.8966359007641074,1.3056319082496992
1.0,4.804665197977052
