alpha,s
0.7483546414991704,0.0
0.7918931503622988,0.1413499616782634
1.1974115261559735,0.3478195947655546
1.1251697928786495,0.5568355093455856
1.2945409591963248,0.9917617934609092
1.0,2.646480814385185
