alpha,s
0.6374445889858416,0.0
0.7263692475485789,0.052383505455982485
0.8467956746003495,0.1501407786771753
0.8513566370476477,0.30649409891526525
0.6991451368733921,0.6860241832656182
1.0,4.428390740007313
