alpha,s
1.0743827910142492,0.0
1.2735371817376189,0.06957650475579835
1.277405215232082,0.15874293275260204
0.7380796033761158,0.31504742202817193
0.7648583171898856,0.8308072458571117
1.0,3.759426080008416
