alpha,s
35.35596405920843,0.0
4.320437108854004,0.004258430269413061
2.1367209283467123,0.05043480385764528
1.5715813535175178,0.1878621804484304
1.3958335057461388,0.5469609976996307
1.0,4.501707356007143
