alpha,s
1.768650943680368,0.0
1.7620553417569929,0.11353974917807474
1.4606003266162157,0.25827912583983537
1.355066347804728,0.5013931432550274
1.4343624098397059,0.9548495506161615
1.0,3.712896067053788
