alpha,s
1.7595174980901669,0.0
0.8968418407926034,0.004145451601100222
0.8802760778433808,0.05014286219675318
1.0103743231693443,0.16462309026989855
0.766216462849044,0.44522164327835045
1.0,3.734669171285139
