alpha,s
0.4673360850698631,0.0
0.5945072133122333,0.1110864619039242
0.7226492840662658,0.257076001164832
0.5646441696796352,0.46740766027695047
1.1365331596038504,1.1107132137602511
1.0,3.3443094573028933
