alpha,s
0.49941014902536857,0.0
0.6677632689762815,0.12385030654917764
0.8261446416237618,0.278561688969134
0.7278541565428454,0.49347474606878566
1.029530008082905,1.0080631134198406
1.0,3.309381013435481
