alpha,s
0.9164765314521293,0.0
0.9912197064547742,0.14459100192034266
1.171701216466187,0.32722898328087313
1.014209055356711,0.5537589531571087
0.9537094232012399,1.0216105755878446
1.0,4.932902598186349
