alpha,s
1.0624693029766306,0.0
1.1497796978058787,0.08897925286834907
0.987156248352002,0.21933159964779594
0.9498872668695894,0.46478424848066613
1.0893176704568168,0.9651959404386071
1.0,4.209408743475422
