alpha,s
0.00030740423387932536,0.0
0.02739156541491162,1.95342465753425
0.029406435380929692,2.3704109589041122
0.31455613668749294,4.196164383561646
0.49257267812949795,5.0958904109589
1.0,8.22739726027397
