alpha,s
0.04516171188535471,0.0
0.11559300273289146,2.03561643835616
0.16634824213111443,3.10684931506849
0.22926408413429403,4.191780821917811
0.32277651101053423,6.13150684931507
1.0,9.4986301369863
