alpha,s
0.6518058098555422,0.0
0.8517412596870119,0.11185465996774607
1.1396773115711238,0.2766273619003698
1.1357283852396007,0.48384048407898583
1.1341971498214054,0.9151499051328515
1.0,3.409779121892991
