alpha,s
1.0308702833819396,0.0
0.8123322244467376,0.0721760034136014
1.0324021107194197,0.2305286029161377
0.9868620194242972,0.44318375404438626
0.9225517184449783,0.872093389898521
1.0,4.827633457279611
