alpha,s
37.23621527806499,0.0
6.4942924312946575,0.00402657223816528
2.8008915832395123,0.034592883258900184
2.2313348379941553,0.1405079235948335
1.715681519234004,0.3932398523033069
1.0,4.493850008328173
