alpha,s
1.4237837083666989,0.0
1.4674753006860977,0.05555352030279258
1.0730557076353453,0.14675596815812747
1.211603412851448,0.34994973162142523
1.203594809635572,0.7498772779578474
1.0,3.034540826800277
