alpha,s
0.012385135716465122,0.0
0.07748680528585308,1.98630136986301
0.11515607388789471,3.01095890410959
0.2577044986479554,4.15287671232877
0.7896686612443926,5.781369863013698
1.0,8.17808219178082
