alpha,s
1.1216128866212909,0.0
1.0536597142131927,0.09662801736498439
1.013540133309011,0.23996216160188208
1.2420832165492364,0.4651136279246465
1.2132184626303266,0.8443979406873807
1.0,3.182763220881628
