alpha,s
2.7039252092684816,0.0
0.9746852969268334,0.036650426491440735
1.0583313653867221,0.19147098530342888
0.9262428281986577,0.41344962210449493
1.21356810556272,0.8731654180758113
1.0,3.0831336833154603
