alpha,s
1.2626710224623559,0.0
0.892186507010533,0.0932431097055952
0.6897330969737562,0.26716393429947527
1.0362540713901554,0.6164202659074028
1.026400158547154,1.0155540605873576
1.0,5.037084930128967
