alpha,s
0.06737142246065203,0.0
0.22464695520411437,2.7753424657534267
0.19830481010547601,4.17260273972603
0.750538091917124,6.14794520547945
0.5871674804596089,7.04383561643836
1.0,9.4986301369863
