alpha,s
0.045656233107259706,0.0
0.34337091584791685,1.958904109589042
0.15611391160315938,2.3249315068493184
0.27275426540965,3.6219178082191803
0.31904843765410784,4.89753424657534
1.0,9.4986301369863
