alpha,s
1.1657324413798493,0.0
1.0850124397436522,0.07075200688057443
1.0485441651623215,0.18401685684117014
1.1031294188637821,0.37689973629524465
1.0854136591373487,0.7395331885353416
1.0,5.634586222173546
