alpha,s
1.1337537464615164,0.0
1.8150050442372059,0.1130056541879217
1.2263368694152914,0.20844361324992833
0.94030120779363,0.42835485777521376
1.2559137327066774,0.9539533401698332
1.0,3.304347243719597
