alpha,s
19.309976464140846,0.0
3.59104148370024,0.004303518575061541
1.6543720553430832,0.04117562162134874
1.2485763675895845,0.17411840487621197
1.269074146236074,0.5292183257566782
1.0,3.418997669807902
