alpha,s
0.011422379101184961,0.0
0.10509594434161963,1.82739726027397
0.09129553828409773,2.23013698630137
0.3607576699658772,3.804383561643841
0.22748796293216086,4.6635616438356156
1.0,9.4986301369863
