alpha,s
23.225539985257353,0.0
4.496373534836656,0.00592048414394282
2.6669369881354847,0.04686959489242247
1.9219364672758368,0.15218498139544334
1.2956401215160551,0.42376310114255417
1.0,5.001886183330838
