alpha,s
0.34860985898576813,0.0
0.5383810171784087,0.09810648121410104
0.6891420710023279,0.2525029172315228
0.8079102092872154,0.504152348100641
1.1397152418037504,0.9886376833358602
1.0,4.414350925792336
