alpha,s
0.8356740786394973,0.0
0.9230112998976966,0.11838979703899598
0.9000776880023459,0.27336907842300767
1.3023203502795724,0.5325896090616383
1.0729807178691768,0.8835827458539612
1.0,4.097687078114716
