alpha,s
0.999989551273814,0.0
1.0219603858376,0.11845593799889552
1.0946358841861765,0.27742182835240087
1.2041086250698914,0.5071448042073151
1.1737783065579448,0.8930455310849112
1.0,4.838411122192686
