alpha,s
1.2355091405129892,0.0
0.9351844231921724,0.038693045490734476
0.7703797464734499,0.14114787366937642
1.0370738433812434,0.39325226211160125
1.0096959049001724,0.7857238510610426
1.0,2.746783966536777
