alpha,s
0.11775871930804661,0.0
0.29260757488984795,0.11783945325294877
0.4427490609022838,0.2648043523211883
0.6058818376216973,0.4915784615571455
0.7151807283571351,0.8882755187200772
1.0,5.103988933831208
