alpha,s
1.2483490739961995,0.0
0.9593678744634487,0.09255571033978309
0.9585034141251408,0.26212704837476886
0.8720751379735269,0.5315239281416968
0.9837949385113858,1.0814162070528541
1.0,4.723972519526599
