alpha,s
5.314605865954896,0.0
2.038732419733037,0.040395871920802004
2.5157845132413765,0.16808222810500137
1.6487028610318233,0.3100841596320694
1.0700833805170717,0.6707984855347872
1.0,3.546886842951961
