alpha,s
0.05679384023566076,0.0
0.07728665176833797,1.3041095890411
0.11878740809181307,2.48767123287671
0.17166660143337276,3.7424657534246615
0.32563779528383346,6.14794520547945
1.0,8.22739726027397
