alpha,s
1.0928586047506632,0.0
0.9048655131722226,0.06872054981853673
1.034641171946679,0.1969291043973457
0.9926269420750945,0.3750863997786802
0.777668736669004,0.7639814844160625
1.0,4.772986038043258
