alpha,s
8.43151906183159,0.0
2.0542736202625242,0.0061867692478509
1.2620441889567744,0.0499357686211558
0.9830255637790858,0.18861828864648914
1.2057984042575602,0.6009017532703872
1.0,4.565279767696846
