alpha,s
0.025794316991066688,0.0
0.05195969504130727,1.883287671232874
0.17540270818976206,3.74246575342466
0.15277068255126283,4.359452054794522
1.10528634249757,6.549041095890413
1.0,8.22739726027397
