alpha,s
0.3717326209265164,0.0
0.4881689646966329,0.1022507353920619
0.9238254928717841,0.2732490076483382
0.9564646169471585,0.45410255449572023
0.9767275195619979,0.8603097267715416
1.0,4.30299106072841
