alpha,s
0.9134556998336302,0.0
1.0101867720824795,0.1252848201106558
1.1023444918357983,0.2838263738624011
1.045319517758589,0.5087547087200945
1.0781737084404872,0.9372397285625248
1.0,3.937598549723154
