alpha,s
0.3637045024700693,0.0
0.48149385617787976,0.17219113716553378
1.2105029359248975,0.39976133116804136
0.70233046803626,0.5514792200905116
0.812491665014176,1.1152122920552423
1.0,4.643169331847175
