alpha,s
0.7676627675873434,0.0
1.3739407639095815,0.1534523648417398
0.8886516219075852,0.271677176351463
0.8792955909199041,0.5446216698436379
1.0592492646280152,1.0448674110023652
1.0,4.298462823163471
