alpha,s
0.9284108295536287,0.0
1.3933951141911993,0.12364713316225089
1.2465426180122612,0.23916179801689127
1.2768956109890404,0.4386807381211731
1.1365833040238151,0.8068892170253585
1.0,3.2465991283940294
