alpha,s
35.32231781293574,0.0
5.45900204611966,0.003936045840516662
1.9059689284849497,0.03808443407435503
1.5601850010080613,0.18125948161341238
1.139976424441412,0.5075340154823993
1.0,3.284993381939961
