alpha,s
1.3949191129701484,0.0
1.6027150910537808,0.1069151079928869
1.5213394887292109,0.2332715475618113
1.4564903971811836,0.434256659785423
1.2741759232447578,0.8009825001203882
1.0,3.1901765283538195
