alpha,s
1.020396438968187,0.0
1.1763860820932137,0.11328948911723727
1.2209832719061153,0.24708399110413573
0.9272301591041855,0.4450443261644885
1.26787167764555,0.9641169083778243
1.0,3.945398841773504
