alpha,s
0.3381945841799822,0.0
0.5930538810579543,0.10336493523834415
0.7013513763576859,0.23490378431480033
1.0095471383360628,0.47248598209682274
1.017673404547499,0.8499933761912652
1.0,3.419853169531741
