alpha,s
1.054133039036321,0.0
1.130731287470508,0.12543331475182803
1.0215369909065175,0.2833194604894649
1.085355716987343,0.5410704517042942
1.0823081183295107,0.984443434775228
1.0,5.117749135506826
