alpha,s
17.33012961814586,0.0
3.5766841863594867,0.007718704250690263
2.2161231607804055,0.05767375486916574
1.545712532967827,0.17665698087103388
1.1962074321152778,0.4955197417730973
1.0,4.334504683605838
