alpha,s
0.6044788597090794,0.0
1.2403066749631408,0.0874397983290005
1.1663658768823422,0.1761936849317684
1.0002591394439795,0.3628958196809271
1.0255283971332838,0.7856497544280359
1.0,2.672835100293901
