alpha,s
1.0570301187886018,0.0
1.1776753713287837,0.11200379752896064
1.0026139334333173,0.24777051239268852
1.1111446219040892,0.49240377757315335
1.1628852664461369,0.8921689922563675
1.0,4.642399142313996
