alpha,s
0.6724493205573917,0.0
0.9840585083315205,0.1407338578008478
0.8132387847303768,0.26674611882432653
0.7917060427397091,0.5213601064232577
1.0024407028095723,1.0554516998686896
1.0,4.219805429905797
