alpha,s
0.9718216362037981,0.0
1.2471807277321458,0.07175613681516767
0.9521865358336403,0.16165312887970132
0.9042027083749374,0.3629316745657281
1.029021415328912,0.7948209293295034
1.0,3.802767275642869
