alpha,s
1.534021737521876,0.0
1.4123754523619338,0.06388929809472005
0.9294386987051624,0.16863399547779334
1.2102603653029949,0.44110627215516957
0.9215248471348048,0.8226966997745229
1.0,4.379051372720861
