alpha,s
0.8673508300968444,0.0
0.9523418799530979,0.1195776610333545
0.8736244855046812,0.2686928588825185
1.2381688627440899,0.5185094094832686
0.9943377968659406,0.8741039617931934
1.0,4.17896313030146
