alpha,s
1.0892502452467925,0.0
0.9883056790134224,0.10345848573256353
1.180004623309021,0.2611432650563093
1.1206657740346397,0.4703576580285035
1.1594408789553334,0.9008596064657117
1.0,3.2929981705875027
