alpha,s
0.006204188645292867,0.0
0.08159322901859159,1.038356164383564
0.07093963150098222,1.9605479452054788
0.16986997051259953,4.2027397260274
0.5905560227643827,6.020821917808222
1.0,9.4986301369863
