alpha,s
12.35845869505297,0.0
3.265584662138568,0.00976261539537296
1.974261700514761,0.06228284013543712
1.442667733891931,0.19473608562947425
1.1266399901152542,0.5278338876722198
1.0,4.66665240301618
