alpha,s
0.5392227678933047,0.0
1.2522911615048404,0.066229583591305
1.1290172336171005,0.14884923421388
1.1274240112990674,0.2978985623097633
0.8348101748234015,0.6395914448007244
1.0,2.506152048928736
