alpha,s
0.06417152098219338,0.0
0.08413520574795667,1.3041095890411
0.09158576236654001,2.36438356164384
0.19823155537620912,4.17260273972603
0.42711024550900956,5.94520547945205
1.0,8.17808219178082
