alpha,s
0.015749984281639644,0.0
0.1131809379666015,1.96712328767123
0.05499645893695592,2.36438356164384
0.16442374571887894,3.815342465753422
0.19649556382096545,5.119999999999996
1.0,9.4986301369863
