alpha,s
4.050160085966238,0.0
2.6852131214850234,0.051181875782125616
1.5870097432896566,0.14628011409844263
1.2948527184887435,0.36867321319562296
1.0194720342326684,0.8370925327810993
1.0,4.219838000948748
