alpha,s
0.40524036541887826,0.0
0.4660218711136664,0.09065080882452718
0.563444311687379,0.2710505759903237
0.7100632829350175,0.5557138675389406
0.8308047331006859,1.0717262226532542
1.0,3.0945217056758683
