alpha,s
1.6996176711120339,0.0
1.0527194131949813,0.006781005561563643
1.0418902766597553,0.050497342204940704
0.822104131999996,0.15728460542445624
1.0957722452350904,0.5271033305044629
1.0,2.9584282449132835
