alpha,s
0.9775240765159426,0.0
0.8958550823935503,0.072181622718036
0.8335357338755004,0.21147215973525726
1.0616578491356325,0.4683439092871705
0.9763487023527166,0.8832769920377385
1.0,4.4025081173442215
