alpha,s
0.9445526445690058,0.0
1.032716899454555,0.1106354703818262
1.3544084230244495,0.2643252594350073
0.6790191531574241,0.4379220831523582
1.1244805795639183,1.0656010698071152
1.0,3.86223143514282
