alpha,s
3.7904191855333687,0.0
1.9043267937177488,0.045087827563244434
1.7459887411215111,0.15523737687169642
1.104451893093324,0.3322414803657287
1.2021973092145255,0.8370645450507349
1.0,2.6968229305320945
