alpha,s
1.2476688696715046,0.0
1.4954814813626058,0.0528059551833666
1.4146666441393037,0.1266076747881533
0.8491242026009678,0.2572715244863725
1.2377143679545282,0.718202166330726
1.0,3.604627652921315
