alpha,s
1.0246369613142619,0.0
1.0370477394708664,0.18560325855673684
1.006777304618539,0.41795646108969237
1.0352724466912329,0.7577837178670066
1.189619922608107,1.313030561637842
1.0,4.596568638758704
