alpha,s
1.1741026768337348,0.0
1.0541131130456418,0.0991330893952281
0.9872813070852747,0.249683452378117
1.0828416497551672,0.5001744897250269
1.0178611298387392,0.9247209076092612
1.0,4.808342801892682
