alpha,s
0.9822315744308944,0.0
1.1547914711602418,0.13845394948145065
0.9925208803734861,0.2956756050548734
1.2039562194986486,0.5694770583724259
1.2298431856235112,0.9866043607099425
1.0,4.272787356400851
