alpha,s
6.319963692265463,0.0
1.848785240367147,0.0077915480663787425
1.3087626431939585,0.05761911818109182
1.4984166090729467,0.1838089569437817
0.9624532539254763,0.4167500998462136
1.0,4.470434697868591
