alpha,s
1.7416727126123792,0.0
1.1428465658998015,0.041757876044681466
1.2183504733172703,0.1565752346503096
0.9578509336692921,0.3313246782588816
0.9410957583586568,0.813277421689994
1.0,4.760190859433259
