alpha,s
6.151093438077126,0.0
2.3788281328870498,0.007837725099348844
1.2135846374130073,0.04784248125161506
1.0692604685518101,0.20005498410586678
1.233739942000785,0.5948097744799358
1.0,3.796291753477902
