alpha,s
10.713040909047528,0.0
2.381928671905677,0.004516152336927541
1.6855214720647562,0.04518969043408892
1.218926125940052,0.1540682764808258
1.0335226064510417,0.4962021286729287
1.0,5.560384958802589
