alpha,s
0.06620102635967395,0.0
0.5949098002209277,2.23013698630137
0.13273269068892196,2.48767123287671
0.30668096281067064,4.35068493150685
0.5971780819203656,5.85479452054795
1.0,8.22739726027397
