alpha,s
0.9061525693831637,0.0
1.322133726337584,0.05187482159182534
1.0688882628142449,0.13010135535101175
0.8116195326638491,0.2980475588272228
1.0656603312036361,0.7749379267850467
1.0,3.017202240684993
