alpha,s
19.300223487558984,0.0
4.023062110347998,0.004705321666195063
2.191944219762314,0.039554701407173806
1.618725040626172,0.14461828378214758
1.379731730589841,0.42469698549567714
1.0,3.360715362884355
