alpha,s
0.5231002364619621,0.0
0.5930303088492328,0.09789187308565611
0.6613350617652325,0.23826803107577713
0.8754416230766268,0.47706401454883696
1.0233154094091705,0.891412372744425
1.0,3.2540424603846847
