alpha,s
0.651595422560333,0.0
0.7399041122739262,0.1047340050177333
0.8186621644002834,0.2426152774519884
0.8312143377091777,0.4531909105321115
0.8805547091816516,0.8853167029318313
1.0,4.604984397275785
