alpha,s
41.017574222106255,0.0
6.869263917455664,0.00541972894853358
3.6174649141229267,0.04503773559964614
2.024244192768784,0.14922115958535784
1.4184058741864618,0.46108490299432503
1.0,3.5400163368788324
