alpha,s
0.3336199520395482,0.0
0.554385079575711,0.14924148317465596
0.6612542480103054,0.30727692269275314
0.7177492734955844,0.549951670425057
0.7986640535741932,1.0497938372603504
1.0,3.611461418777197
