alpha,s
0.4896229234703349,0.0
0.6333224840343888,0.1067283224254167
0.6939995201082104,0.24214381919708106
0.6242713329104879,0.47090591523062053
1.1953099822312157,1.0409143850357832
1.0,3.489199838431466
