alpha,s
0.009921419478858357,0.0
0.0622830563438134,2.03561643835616
0.12464178290183336,3.10684931506849
0.2299152122869473,4.191780821917811
0.42742080461613163,6.13150684931507
1.0,9.4986301369863
