alpha,s
1.3543126707933768,0.0
1.148545807889632,0.0753939462482516
0.7001172882842926,0.20892498195461232
0.93132958573865,0.5513417585631504
1.0814181684103108,1.04947769183079
1.0,3.729703053121901
