alpha,s
1.1584178516612074,0.0
0.9973715995321792,0.06769825298802862
1.1444643380971933,0.18816152586932425
1.0154059278983485,0.37163420575585354
1.1918663399457552,0.7972388462199129
1.0,3.594608255560451
