alpha,s
1.384403135642465,0.0
1.2874498667797656,0.0464365448896124
1.0863674079280516,0.1295473590715831
1.121925269899553,0.3086333330220045
1.2557010997705362,0.6703165689225828
1.0,4.522358701213582
