alpha,s
28.717691978959998,0.0
5.156807879264883,0.0042191113916203605
2.5879336534269326,0.0380399368560399
1.7517586924928104,0.13830440191674112
1.5205599731986286,0.43793767521400706
1.0,2.900231225440953
