alpha,s
0.01192449612637449,0.0
0.0351077769633806,2.36438356164384
0.2851235776153546,3.644383561643838
0.13067872134004468,4.19178082191781
0.6548692518739656,6.320000000000005
1.0,9.4986301369863
