alpha,s
0.23907351311913624,0.0
0.47089085633386424,0.12294177580740784
0.46996314456946703,0.2880409351239524
0.7278875755477653,0.6031783810111475
0.876778608001367,1.0450137233398025
1.0,4.429218192359362
