alpha,s
0.32853392720188623,0.0
0.4734454909550703,0.11214886924905101
0.5681530066357962,0.28960158526663893
0.7461840538148864,0.576358158706333
1.0480648645674322,1.0475069097858458
1.0,4.065463240262313
