alpha,s
0.3691965284036526,0.0
0.5340892892103873,0.1092099412501887
0.5333974362410784,0.2804691316777884
0.9506750712179829,0.6030074859531769
0.9236935351663086,1.0143743709120452
1.0,3.0372778326742877
