alpha,s
1.1299164796872356,0.0
0.8603831103670149,0.1124586427679951
1.3585056326618934,0.3059077227485642
0.9858704132450267,0.4976201604872839
1.1998495358184647,0.9645205052601242
1.0,2.9682604449032275
