alpha,s
4.909843269456837,0.0
2.6446198738857825,0.0374861836575017
1.4414717413471272,0.1261723470057485
1.637756817909602,0.3582416318492281
1.2854716419109662,0.7071066491705984
1.0,4.885286964295417
