alpha,s
0.522673927687803,0.0
0.5415609794125836,0.08535738729454588
0.6040212642446905,0.25848689756498466
0.6084859329744434,0.5355448692224593
0.5728038926179502,1.0661671248041222
1.0,3.879374819073303
