alpha,s
4.781742190529954,0.0
2.8093005897905536,0.038297013535808506
1.391958730785669,0.12259576291462956
1.8854633404748007,0.362850066798445
1.718294701958355,0.6749804749604333
1.0,3.382350380038776
