alpha,s
0.0918543425687246,0.0
0.1186461204480376,1.168219178082196
0.08783627347049648,2.190136986301368
0.1931844370587067,4.198356164383564
0.4697037015983574,6.128219178082195
1.0,8.22739726027397
