alpha,s
1.2996308937278287,0.0
1.1135875588422892,0.039561265729465674
0.9437581768724249,0.11939391404472263
0.8986939453578999,0.29487015634800556
0.9124847423345872,0.705408436009582
1.0,3.908073113535028
