alpha,s
0.0019361672522511593,0.0
0.021918291005038434,1.978630136986298
0.03969270740756559,3.01095890410959
0.05004313661055675,3.82739726027397
0.20622317533906045,6.344109589041098
1.0,9.4986301369863
