alpha,s
1.7353972679738279,0.0
0.9683703490519082,0.00390490533411038
0.9888888826434066,0.041072689822409865
0.8722713103194631,0.14032880520385116
0.801387765306196,0.4549960066713841
1.0,4.2971045153920695
