alpha,s
44.962526332690096,0.0
7.108990075867676,0.004919395870771461
3.0252503959955694,0.04390719451112511
2.1277690906452373,0.16958334286716717
1.3738402962770424,0.47213172229929956
1.0,2.992318142422081
