alpha,s
0.7883106345926949,0.0
0.8476711561576638,0.06106115789379344
0.7231110868803451,0.19390083110988857
0.9374776172322878,0.4477361092904695
1.974293179374137,0.9253461140732617
1.0,2.525295897165005
