alpha,s
1.2830317732306897,0.0
1.0200517866106869,0.08024792259662561
0.930458478039196,0.22067621413296679
1.1221522009720215,0.481404248243309
0.9549249766265687,0.8654756136705972
1.0,3.969363535483068
