alpha,s
0.9791979250847053,0.0
1.08368211025991,0.1332064107851634
1.0580388672303125,0.29629648133093417
1.1069168121202269,0.546894916285451
1.0874529904282761,0.9715621128955209
1.0,4.578336853228079
