alpha,s
1.0792814816577245,0.0
1.1196114537577542,0.0686722995354754
1.202611969963355,0.16613070134720398
0.9250390275857021,0.32719086700215577
1.3961106910166763,0.7698190978405093
1.0,2.778288179670708
