alpha,s
0.8751026417361875,0.0
1.0871046792317376,0.08681293095222373
1.3275265150158566,0.18902369133500013
1.059249302784528,0.3289346678580167
1.2587607269391845,0.7105527091285362
1.0,4.250731121098727
