alpha,s
5.404688152943479,0.0
1.9678603203590221,0.0277229143108308
2.0177972098152566,0.127149703526711
1.2712835975242018,0.26831262160835473
0.855524180701075,0.6617200367902412
1.0,3.242898068881197
