alpha,s
0.9602296456343805,0.0
1.0396894540030248,0.05283032862572395
1.0241540487021425,0.15877543563185492
1.1743981788145181,0.35078461887834844
1.0068377632339254,0.6826177780589384
1.0,3.758939145246485
