alpha,s
1.6626858631689871,0.0
1.0992582434669527,0.05360889881880571
1.005550087204382,0.18382855715050417
0.8308162066810215,0.4102339006404755
0.9818646046557871,0.9361081113040453
1.0,3.294117950676512
