alpha,s
5.746686574676204,0.0
2.0040785077079777,0.007718704250690263
1.6349593288226179,0.05767375486916574
1.3883531503606643,0.17665698087103388
1.2325017955296989,0.4955197417730973
1.0,4.334504683605838
