alpha,s
0.8112669726254224,0.0
0.9819649628659225,0.1106865244161639
1.0884465833482766,0.2543134800432493
1.1066444384708578,0.46753209183719935
0.8841521911788301,0.8898458383548938
1.0,4.579801492511368
