alpha,s
0.9654044085861009,0.0
1.061970072510058,0.08044580570243605
1.147577950841234,0.19410146390784713
0.940663574056761,0.38240410934837743
0.8537662536306747,0.7990196901405666
1.0,4.201901343481493
