alpha,s
0.42000092297827374,0.0
0.5057792802958617,0.0906324628291549
0.792590445603108,0.2547949158646525
0.7845812947520509,0.4563038433780112
0.8575829302174244,0.9227599005529699
1.0,5.583390420342542
