alpha,s
1.4204624479913983,0.0
1.0504979949355884,0.09673530487634985
1.2243017383804002,0.2751957124761496
0.9911728031469721,0.4997576881778018
1.0639851212730294,1.0293024163608675
1.0,4.238640553272335
