alpha,s
0.9722176642991676,0.0
1.203730163795584,0.0987277124171004
1.1031569720860182,0.223827847257775
0.9291743888996904,0.43761703268707547
0.8741063730620867,0.9305822928472256
1.0,4.485325832891521
