alpha,s
1.1331723636830016,0.0
1.3200377889130124,0.1207933119088727
1.3455076435939852,0.2584706665631004
1.2350980135660532,0.46094778019891336
1.1827672205492525,0.8793986213876817
1.0,4.723335741612782
