alpha,s
2.5160115432273105,0.0
1.3895300068619105,0.04116472312647044
1.230574336631496,0.15239259622099477
0.7893108925346334,0.35824062199273404
1.2059944148303188,0.9463375735200205
1.0,3.683181649191428
