alpha,s
0.8098415224098634,0.0
1.1830945149471277,0.14950435216473668
0.8913898550163231,0.296877092287225
1.332338339106473,0.5948628463347353
1.120156345694026,0.94508908555504
1.0,3.1848913427845056
