alpha,s
1.16732989248071,0.0
1.2690252261602377,0.1010034990186213
1.2089556034665372,0.22735975209169235
1.2874117859436414,0.4357491660749839
1.1103059614320063,0.7962403728547846
1.0,4.673764695805421
