alpha,s
4.1861032307786985,0.0
2.453461258522512,0.044020487998413425
1.8476349116481006,0.140828309192449
2.2957361183440077,0.32392709762103267
1.5033392246158148,0.5855862828324836
1.0,2.70175970378786
