alpha,s
0.7942623954856463,0.0
1.0479461413025417,0.14391026775504545
0.8917217838407937,0.29429444340164473
1.3433310530659341,0.5619914076492754
0.853918397185814,0.8934613649271209
1.0,3.775792539101876
