alpha,s
1.1759697062521812,0.0
0.8826641073464524,0.05017689833199986
0.9816850229558549,0.16784828022566223
0.8060636245211675,0.363686471122115
0.7878217886942082,0.8262352790215216
1.0,4.010093862293315
