alpha,s
3.9550419172643525,0.0
1.8914766892577166,0.04465097313951786
1.9037353425034742,0.16383682039806
1.4630042430521473,0.32804591277441414
1.1791450532968577,0.7111880622690125
1.0,4.835546020635269
