alpha,s
0.7968296227510482,0.0
1.1309405818713916,0.16023906059312
1.0341968111413562,0.3151222927391849
1.1611775460024154,0.5760297169944527
1.085617239966359,1.0040106847788732
1.0,3.834445426477901
