alpha,s
0.027562955271462287,0.0
0.04275266933851155,1.23561643835616
0.0553334880447992,2.29315068493151
0.08795354786530257,3.619726027397264
0.2361599778614884,6.14794520547945
1.0,9.4986301369863
