alpha,s
1.07862586489419,0.0
0.9220274428994203,0.11578003002698627
1.010964987598385,0.2941859619298497
1.0532041197500075,0.547613957163194
1.0313214163089532,0.9846183171057915
1.0,4.182997080692027
