alpha,s
0.0004575700393248779,0.0
0.008269717503573516,2.01917808219178
0.04500162145800026,2.9063013698630145
0.16029819464884976,4.193972602739728
0.585200764747796,5.748493150684935
1.0,8.16438356164384
