alpha,s
19.416895252459867,0.0
3.6613338398973894,0.0046996983338131
2.0266248360912384,0.0428665011668144
1.3463578000566385,0.15659762039306613
1.1889458350853173,0.4892982378278096
1.0,3.374826243365679
