alpha,s
0.0013803559889994023,0.0
0.006195960166134498,2.23013698630137
0.06393582287856893,3.9473972602739726
0.10521878854183342,4.407671232876712
0.35670880417461354,6.33424657534247
1.0,9.4986301369863
