alpha,s
1.0306338837879214,0.0
1.0268576135691008,0.04963628765159386
0.6974824637437148,0.15270133121264973
0.9830864146917205,0.4259301853880263
1.1637232790145964,0.8392449439762987
1.0,3.832035981711549
