alpha,s
1.0635543516063997,0.0
1.1341735076261559,0.12620792314564
0.9943709155429575,0.2857783734350245
1.140079003499136,0.5585726447417927
1.0674064393576062,0.9960158170651412
1.0,4.36646401258145
