alpha,s
1.6741108972460823,0.0
1.5063879459450351,0.00684308659075756
1.1356339893091398,0.037705063152734176
0.9542987195422564,0.14745378780452767
1.2082586674208249,0.4767869995919137
1.0,2.224468792683608
