alpha,s
12.20561085754882,0.0
3.2408420549351966,0.003881098220223
1.636624774406043,0.0347769611826371
1.2826112066724722,0.15137430544399258
1.0872124644636687,0.4847467424960685
1.0,4.321595647781233
