alpha,s
1.109933831691838,0.0
1.2418467467895307,0.05958902071433571
1.0252975127996058,0.16104621375275632
0.7259926712105476,0.36950399176641646
1.1959451352973822,1.00056981587796
1.0,4.502574740572897
