alpha,s
3.465947413659714,0.0
1.78031716030237,0.049840849915252
1.1995263564635619,0.1678616757158803
1.5037815638400995,0.4282956269710981
1.6036991538407541,0.803902976642814
1.0,3.308493763062955
