alpha,s
1.1601759805618173,0.0
1.3225016395942126,0.1351545009333579
1.4330062217162023,0.2878607586530774
1.2004975862813791,0.4916303312965255
0.550962679039949,0.8811920030816448
1.0,5.29583777003548
