alpha,s
1.2138427059678578,0.0
1.4640577747967451,0.16179399337266848
1.67870176233077,0.32632598544302044
1.4847512564776941,0.5346896331272242
0.8340112480295071,0.9114790147672863
1.0,4.88681203759747
