alpha,s
1.1030725249323687,0.0
0.9281196671074587,0.17392531366701733
1.1513161122988407,0.4350774821942019
0.9238019260068581,0.7448631712412727
1.4722375585136007,1.3829564403516397
1.0,4.5257855962002855
