alpha,s
0.9336402296474633,0.0
0.7465568551892094,0.08535738729454588
0.7383216857960558,0.25848689756498466
0.7098319152022775,0.5355448692224593
0.6513089765904128,1.0661671248041222
1.0,3.879374819073303
