alpha,s
1.0873165717954842,0.0
1.2343616158726218,0.11813062563241206
0.951563955531621,0.25340116117369504
1.1446534193884401,0.5261672016633256
0.9691794388953838,0.936272664293163
1.0,5.213150347220227
