alpha,s
0.021888455722312867,0.0
0.052535366137346225,2.186849315068494
0.05084460869679537,3.6115068493150666
0.549794804112258,6.2915068493150725
0.25446985720193394,7.04383561643836
1.0,9.4986301369863
