alpha,s
1.050359606261993,0.0
1.0308459533542096,0.12576942924520776
1.1344048165699743,0.2962754994111311
0.987283366241099,0.5277901553294458
0.980769770239219,1.0177518151104799
1.0,4.153701135886911
