alpha,s
1.1469146477324048,0.0
0.9999236345672557,0.06819667894355357
1.0823502212816631,0.20207233962112534
1.098200940712635,0.4122819626071828
1.261582622387287,0.8056758669796541
1.0,3.525132523102697
