alpha,s
1.2332939102010523,0.0
0.8919891751087236,0.09134324978355306
1.0638916607465891,0.26939217698725476
1.059120171213813,0.49903370687736504
1.1231804785010964,0.9231487376100428
1.0,4.050698423327268
