alpha,s
3.2034389117842323,0.0
1.6607890265554928,0.05360889881880571
1.377915937975735,0.18382855715050417
1.0325102631657963,0.4102339006404755
1.1489636570156887,0.9361081113040453
1.0,3.294117950676512
