alpha,s
5.165235462110071,0.0
2.1105645290797117,0.03340236230003242
1.35964241587505,0.1413987090734628
1.329252211241154,0.3701496023643951
1.2099768932446313,0.7958175577661083
1.0,3.1770530933341345
