alpha,s
0.7183767092147286,0.0
0.9387873111077363,0.09155365669441079
0.8017045441924073,0.22261693642888852
1.282787608800741,0.49346111613953003
1.2357791513827885,0.8454838975622551
1.0,3.06300937325108
