alpha,s
2.314803752417981,0.0
1.6270969846955536,0.0763910611116993
1.500114839444112,0.2146011192755844
1.3457073656102652,0.427094872480268
1.2119036337395985,0.8531308847577889
1.0,3.630205098458836
