alpha,s
6.077198558030276,0.0
3.2360292387624012,0.029938504697640023
1.6467416516363238,0.10078698128026103
1.7901287407341933,0.30806324027282966
1.5609329517539121,0.6570849622484527
1.0,4.235219505134836
