alpha,s
1.1596575631937573,0.0
0.7755799573237028,0.0874455256307995
1.2953005742197445,0.2760539706806126
1.0174387143437031,0.46601767962974794
0.7986906174324573,0.9074184906342653
1.0,3.8358373818755833
