alpha,s
3.7273378026283233,0.0
1.2752833055235278,0.0033786474626771
1.0939480029433315,0.0449648030405765
1.1117828528191225,0.1638151929407588
1.112646012932312,0.4702068226232969
1.0,4.069696629752516
