alpha,s
0.032946638389528084,0.0
0.1356177410939436,2.140821917808216
0.1561224018416592,3.0969863013698617
0.16832468355845362,4.281643835616439
0.653738009624619,6.277260273972606
1.0,9.4986301369863
