alpha,s
1.018608503862527,0.0
1.0704363049897414,0.1915781765673565
0.9881724991801354,0.4238732867773057
1.2870136966803052,0.7838267752288669
1.3944859837298864,1.2682908231097307
1.0,4.36505587684447
