alpha,s
1.0030065720200236,0.0
1.043528944946732,0.12961526497806952
1.076403617998921,0.29721360093781507
1.0850903945278,0.5375675830159239
1.0868569859105892,0.9898204472997579
1.0,4.5135531622287735
