alpha,s
1.1606333797196,0.0
0.827486578962915,0.04164082126956302
0.7820938203200845,0.1576082914165641
0.8633165744246799,0.3732461551970484
0.7420316612787358,0.7805953775764927
1.0,4.603597690971631
