alpha,s
0.8975995695933194,0.0
1.1335976197715123,0.1403296976537097
0.7975839973039516,0.2894048736820443
1.0480225885835708,0.6123261862471412
1.2182300321418402,1.0532346453137722
1.0,5.355571830575335
