alpha,s
27.51210894350422,0.0
6.1002776048397225,0.005150256909520042
2.3252668337237474,0.0360242057383596
2.097156919186463,0.16299068067895373
1.542167941912135,0.4136758718320238
1.0,3.4788136624161585
