alpha,s
1.0615464140560988,0.0
0.6545229334339204,0.0619375131698202
0.7175185528192873,0.2710677434208249
0.7567955299678538,0.5825934930601229
1.2650520271187649,1.165315616411733
1.0,2.6794001914317875
