alpha,s
0.0009163446594796822,0.0
0.007639387793648103,2.0717808219178084
0.03306463898114469,3.1463013698630102
0.10009419874175292,4.2027397260274
0.4514316167421455,5.927123287671231
1.0,9.4986301369863
