alpha,s
0.05933219216108452,0.0
0.1232992848854783,1.7287671232876705
0.20254158385096627,3.20547945205479
1.7128275173909673,4.180273972602742
0.5002079364377999,4.453150684931504
1.0,7.04383561643836
