alpha,s
1.1886435777599578,0.0
1.1654919900542802,0.1102896570415637
1.1064596707384107,0.2627232613222821
1.151326339380238,0.5061271229883896
0.9416018755395263,0.9213716643447812
1.0,4.190145343609309
