alpha,s
3.467816334536728,0.0
1.3288342746028958,0.0031987504854487027
1.190148177041662,0.04052805471758668
1.11275525459988,0.14315662477659996
0.6996956669168704,0.40927405617938645
1.0,4.726369597317989
