alpha,s
0.9104531342876018,0.0
1.0319590805056502,0.1136862064485529
1.0730007774697032,0.2673899156640837
1.1553625669714176,0.49707578739437747
0.9888866449317535,0.9023058739209676
1.0,3.804231109478151
