alpha,s
0.014973352001442206,0.0
0.08052983114697813,2.140821917808216
0.07379955175573781,3.01095890410959
0.4949249291045447,4.368219178082194
0.3114107225054298,5.15890410958904
1.0,9.4986301369863
