alpha,s
1.319973738632397,0.0
1.4134186136744176,0.15096085378847618
1.0903629125620005,0.3316783706339881
1.076380642788317,0.663185844577146
1.9044034787452775,1.2529622300450705
1.0,3.2501996063203986
