alpha,s
1.755566553022399,0.0
1.1639404208200672,0.09065080882452718
1.0682424534985229,0.2710505759903237
1.1089309661080857,0.5557138675389406
1.1841102526108271,1.0717262226532542
1.0,3.0945217056758683
