alpha,s
2.516526679972327,0.0
1.2132908782327452,0.00460291539037382
0.9083229027721339,0.048703244218305644
1.3426119045147087,0.19823290157514467
1.2065386256821518,0.4539144720202178
1.0,4.281875688223729
