alpha,s
0.034994050475604874,0.0
0.21573915102902472,1.96712328767123
0.08917651875229748,2.36438356164384
0.14481997411198375,4.19178082191781
0.6778299593448076,6.14794520547945
1.0,9.4986301369863
