alpha,s
0.849761961162069,0.0
1.3008140292209187,0.10079929975718778
0.993846173055693,0.20273463591844054
0.7754036144648879,0.4418644231159939
1.4560362141765169,1.0103173487034842
1.0,2.256533633485404
