alpha,s
1.7975150468818943,0.0
1.2885065841833814,0.04484706761651576
1.1620582977965066,0.152149809781808
0.8956356593405309,0.3473735080353431
0.9509004028425591,0.815859080855315
1.0,4.729421699518467
