alpha,s
1.9202104788155157,0.0
1.042519620852472,0.045455709201305435
0.9395711777600925,0.17021179538537282
0.6745110834833341,0.40115790362314013
0.6542600632728288,1.0047573719874678
1.0,4.155874456215472
