alpha,s
0.00804582439529375,0.0
0.05293563930954288,2.29315068493151
0.13218488092023092,3.28767123287671
0.1406172386516483,4.19178082191781
1.7009378967943098,6.26301369863014
1.0,8.17808219178082
