alpha,s
0.000595178353558066,0.0
0.008100473691964994,1.154520547945208
0.025153001144278764,2.585753424657536
0.09247082958864296,4.034520547945206
0.379898626065763,6.320000000000004
1.0,9.4986301369863
