alpha,s
1.2443687323633885,0.0
0.9351800465532103,0.056799809797160664
1.3133028461265093,0.1801413888125212
1.183737686181309,0.3271847580072876
0.9195303928701729,0.6851062378849009
1.0,3.842746430640071
