alpha,s
0.7596005573263759,0.0
0.8792854653448292,0.1067283224254167
0.8760511137590183,0.24214381919708106
0.7230817856699647,0.47090591523062053
1.2870142736223524,1.0409143850357832
1.0,3.489199838431466
