alpha,s
0.010702005076654019,0.0
0.07879191524824444,1.6887671232876706
0.10260270579071688,2.438356164383562
0.15380517934230795,3.809315068493148
0.5663057637601308,6.35890410958904
1.0,8.16438356164384
