alpha,s
1.1306889632912922,0.0
1.1349532608126525,0.1275203289800268
1.169909485025862,0.2896474192925289
1.2442036264059235,0.5310351210240433
1.2199102581461114,0.9310113275489075
1.0,3.0544349534070805
