alpha,s
1.1157251103853267,0.0
1.0670849015175619,0.16995479191273125
0.950963293780991,0.3964056371914029
1.0138704359013524,0.758973858411619
1.0088772667405268,1.3363894818049005
1.0,4.684523178333706
