alpha,s
32.7451710714689,0.0
4.22231080696291,0.0043471817517566815
2.344807882235744,0.04976687368531961
2.0000446593900296,0.16961974074157565
1.354860052606472,0.4300971680282253
1.0,3.6094754351623033
