alpha,s
1.4157777220749501,0.0
1.2933114922540128,0.08146283754062211
0.891462360899202,0.20247052764016302
0.834867161405632,0.46608377819173225
0.911143295145317,1.0075752672169398
1.0,3.319386870523387
