alpha,s
0.2654123457520714,0.0
0.4414462898760855,0.10633923180022894
0.6236135898703726,0.26813432428545697
0.9310199437802208,0.5032895009205514
0.9870825311175976,0.8995271606478643
1.0,3.718601586032329
