alpha,s
0.2914101109902749,0.0
0.4859504037020156,0.1311264574522158
0.6148504458731427,0.3000485488184163
0.8271324743340057,0.5620236931872491
1.0573144954260234,1.0401459099095511
1.0,3.618485204088106
