alpha,s
34.46951757746104,0.0
4.6777381335345956,0.0038981478970560603
2.214822262377806,0.04267442635807703
1.768264838523833,0.168849315788092
1.1189148572217165,0.44964968923791443
1.0,3.6391224829422337
