alpha,s
2.9955195359068663,0.0
1.367610004980836,0.05014110009272
1.4053795037354637,0.18804261314072057
0.9741212774665007,0.39539231497749067
0.8992574741647797,0.9178432209362162
1.0,3.5152874049639125
