alpha,s
0.001067555073367599,0.0
0.0035223066272865354,1.4246575342465762
0.01110403121919225,3.172602739726024
0.024428176273443486,5.0958904109589
0.06576993455676322,6.769863013698633
1.0,9.4986301369863
