alpha,s
0.6766921995850709,0.0
0.6718886487083814,0.05884954576306216
0.7298957028856952,0.2223951307852404
1.3841247918352764,0.4974956897810059
1.1819894760691005,0.8205632824618588
1.0,2.6796846221623976
