alpha,s
1.5146339865812466,0.0
1.2874630499729405,0.038953597519356176
1.0870322003297814,0.11721776621583005
1.155984579688237,0.28980095892779434
1.1118631976098876,0.6312273398483963
1.0,4.02617472458858
