alpha,s
1.4168882368091298,0.0
1.381254444376286,0.05958902071433571
1.0958254870625066,0.16104621375275632
0.7525651699139164,0.36950399176641646
1.2208341199820467,1.00056981587796
1.0,4.502574740572897
