alpha,s
0.759441440335416,0.0
0.5890686738553549,0.0589664064285483
0.80938511022165,0.22667438262467468
1.0332845092165688,0.46543799272349046
0.9509869481745451,0.8550748504044184
1.0,2.7847380005995874
