alpha,s
1.0434847055722878,0.0
1.2734933363921916,0.1346203132618523
1.007309658157102,0.2733204839746986
1.1359772847761034,0.5388921908475341
1.0089865545949388,0.939259640692252
1.0,4.40940168220502
