alpha,s
5.208904577602446,0.0
1.8525126658944102,0.0317335613849857
1.296760711885531,0.1464695275807244
1.35866201291888,0.3804748752265987
1.4684310458952323,0.8005050360875456
1.0,3.118133809121077
