alpha,s
3.4633721918187885,0.0
2.353444234913221,0.051181875782125616
1.4291683212649235,0.14628011409844263
1.1969956352243964,0.36867321319562296
0.9735681811316772,0.8370925327810993
1.0,4.219838000948748
