alpha,s
27.382815772384735,0.0
3.5431406710069937,0.004145451601100222
2.142639115296405,0.05014286219675318
1.7875548205500889,0.16462309026989855
1.0958705250949483,0.44522164327835045
1.0,3.734669171285139
