alpha,s
1.0921843339737747,0.0
0.987694555986827,0.1769287790045695
1.0091819916742726,0.4236056301479757
1.1222895990994832,0.769652028085803
0.9815879450455173,1.2941163385321404
1.0,5.275168376572808
