alpha,s
0.8018767910655372,0.0
0.6207240358810431,0.06524927093787476
0.6630407309337689,0.2161936396629042
0.4783475847956751,0.4613545687618595
0.6254930810028317,1.1726777711890906
1.0,4.368501776261834
