alpha,s
1.385537347167734,0.0
1.4556010592756197,0.04423409090278956
1.4282671078423823,0.1141842463363867
1.3431671127780351,0.24294312771442894
0.9283633374659022,0.5267033304788189
1.0,4.235177587952934
