alpha,s
0.8252996363704065,0.0
1.1336407767854781,0.12176682347595097
1.0293897224412913,0.25325346234237495
0.9156730700896312,0.4805897988398181
1.3988713143424751,0.9824237013170926
1.0,3.8209284768694447
