alpha,s
1.1763675957789623,0.0
1.4061501752202215,0.0715735535554259
1.1189465042290367,0.1583637728961339
0.9369291379944481,0.3447298835130686
1.2891332457630449,0.7827990678468267
1.0,3.417486586380237
