alpha,s
0.024581096449497918,0.0
0.16129421622435497,1.985753424657534
0.07532770751900046,2.48767123287671
0.11784560207830823,4.2027397260274
0.591025078103522,6.2169863013698645
1.0,9.4986301369863
