alpha,s
2.920383111049556,0.0
1.9005458642311945,0.058226238061144985
2.105037554858303,0.17540792655598184
0.9450757093959482,0.3183411298734336
0.9580835902829952,0.9251203473347939
1.0,3.794074768912708
