alpha,s
0.007149886251022261,0.0
0.08578220204333134,1.922739726027394
0.17406582571703208,3.01095890410959
0.15603226275883342,3.6361643835616477
0.8018261628601779,6.212602739726029
1.0,9.4986301369863
