alpha,s
0.2919716236392545,0.0
0.5389923277370205,0.1024289689105532
0.6354815371120656,0.2383406718813612
0.9030291335764521,0.5113007128802499
0.9679332292155901,0.9399071700608213
1.0,3.790933643596948
