alpha,s
0.009136184799032979,0.0
0.16624727043216378,1.95342465753425
0.09267518895198078,2.307397260273976
0.38790571430582405,3.786301369863012
0.39679726076549465,4.823561643835617
1.0,8.16438356164384
