alpha,s
4.848951029178785,0.0
2.8060764650087062,0.04375547608183522
1.8488309944405394,0.13909707620666978
1.2725079548321594,0.33909740186559484
2.1089906051741893,0.860980464541449
1.0,2.7704438381131
