alpha,s
0.9616277388394635,0.0
0.9133180737613613,0.1046849520345151
1.2429045011826745,0.27521307164960446
1.0882171762159238,0.47657167525867933
1.4057289352095517,0.9243606080857818
1.0,3.222468526291169
