alpha,s
1.1917572471512805,0.0
1.1203088081586217,0.04831400897482786
1.0490686576498487,0.13235815579976545
1.120958346608572,0.30198132757387136
1.2012912282399009,0.6479915129467863
1.0,4.291432513604473
