alpha,s
1.060633492522747,0.0
1.2252596711955612,0.11836398974598726
1.2565489482534036,0.25823177358777916
1.04217515768995,0.4761878447672012
1.1330873597891622,0.9341205850061214
1.0,3.855115038978671
