alpha,s
0.9657907007834182,0.0
0.9664347238275277,0.047264396134232646
0.9330883290401565,0.13365860434194918
1.1638271544457184,0.3088811607252145
0.9771410993403488,0.6171900718208391
1.0,2.872133009357581
