alpha,s
28.056233690847694,0.0
5.504672940453632,0.007984399214140963
2.7750132525716267,0.05885656637931038
1.7524921561920141,0.19321380271369262
1.5312682825985269,0.5580887194382861
1.0,3.1426852108961336
