alpha,s
0.10865771206312791,0.0
0.13196892476108918,0.08578498789214854
0.23585779096416645,0.25421489301147593
0.2359496010784647,0.4510094505173924
0.19120053759892033,0.9083082961669887
1.0,4.892579515717912
