alpha,s
0.0011022672767498382,0.0
0.008042918791342661,2.04876712328767
0.01622357159132465,3.20547945205479
0.07760109907127377,4.4953424657534224
0.27703742893962297,6.144657534246575
1.0,9.4986301369863
