alpha,s
0.023019981512019092,0.0
0.037911473024668546,1.23561643835616
0.05121219466731015,2.29315068493151
0.09089009704998004,3.619726027397264
0.30227220440907643,6.14794520547945
1.0,9.4986301369863
