alpha,s
1.4214461523425048,0.0
1.1176941563637717,0.045419706077819186
0.908243885534994,0.1422522416502816
0.9878859406332633,0.36494348992885417
0.9472259081726313,0.7855676764131118
1.0,3.671886817808869
