alpha,s
1.1022336333856877,0.0
0.8992423192148518,0.05315830509585467
0.7973792220601524,0.17218666050968606
0.7929647577235875,0.41192826548471645
1.100858695116293,0.9070001712736118
1.0,3.359882287983908
