alpha,s
1.1552197579842967,0.0
1.1801022301048525,0.1192739274617629
1.19745195752276,0.2737043790365766
1.0648292199109026,0.49787452144308547
1.0723949193708913,0.9619621238643364
1.0,5.022819129464682
