alpha,s
2.779151537258322,0.0
1.4479687327795234,0.0046607442419630005
0.972103338419086,0.04267523658514742
1.3117069121440927,0.19045646175262324
1.2222793952928257,0.4453530329798233
1.0,2.7731995250021497
