alpha,s
1.2621463957549197,0.0
1.1318020716525905,0.039590842431678076
0.960150078295174,0.12774281717934044
1.0207604132674697,0.33648137595698613
1.079660783416066,0.7112838244057701
1.0,3.2066691359665453
