alpha,s
0.2899238143517185,0.0
0.5638292655638166,0.1166525121135885
0.9532807730219645,0.250260346940966
0.7308327398090086,0.41874819081850073
0.972636458682312,0.9020170263469324
1.0,4.000278584410863
