alpha,s
0.2950742333651313,0.0
0.519260098652667,0.11353974917807474
0.6326981726280969,0.25827912583983537
0.82259856446875,0.5013931432550274
1.1470005854004917,0.9548495506161615
1.0,3.712896067053788
