alpha,s
49.94654003148988,0.0
7.214031801437709,0.00439858896861946
3.1273857683483457,0.04218497935149218
1.821778599433905,0.1614073429620945
1.4676835636237582,0.5085358999627897
1.0,3.816270046028389
