alpha,s
0.09939750365966979,0.0
0.27271821457026985,2.29315068493151
0.4276268069697144,3.28767123287671
0.2891823842561917,4.19178082191781
2.080679970547504,6.26301369863014
1.0,8.17808219178082
