alpha,s
1.0612288919998312,0.0
1.2613796213089008,0.1211442418124134
1.0340706773174202,0.25914625313376854
1.024596340668787,0.5095381626240802
1.0264651652024686,0.9690944878256562
1.0,4.922346069976725
