alpha,s
1.0581145222925166,0.0
1.0798219987449562,0.10988086346170425
0.9337075377543368,0.25701571187931327
0.9777231844271388,0.5158250098628938
0.9530695361288524,0.9745370213341138
1.0,3.758618934567417
