alpha,s
1.0094953228742964,0.0
1.1671414691446211,0.10901876980332989
1.2603731133900478,0.23795191168546206
1.1927620415775213,0.42465471722484993
1.424685179463517,0.8118750146898946
1.0,2.756538471672336
