alpha,s
0.11746675449531055,0.0
0.1257396623560858,1.154520547945208
0.1777552808041463,2.585753424657536
0.24720004726991532,4.034520547945206
0.6774575581146358,6.320000000000004
1.0,9.4986301369863
