alpha,s
1.5096536259401652,0.0
0.9682892210317825,0.040023221770778744
0.9099626825472489,0.16034205151589193
1.0675975816665302,0.3804102925951388
1.0251194880040917,0.7724518453376376
1.0,3.7635406492414183
