alpha,s
0.9161497695656543,0.0
0.7699498604691448,0.09191991307181346
0.9934086233800574,0.26509247875442343
0.8422555026490297,0.4823491181993057
0.7042978966123089,0.962853154902291
1.0,4.6285118823922895
