alpha,s
0.9389439351562117,0.0
0.9280217999689843,0.13198671874607829
0.9570612848657498,0.3166843055326959
1.066079546272618,0.5841499784771593
1.038801165954499,1.0427702444224813
1.0,4.363485181168101
