alpha,s
1.1053935690574146,0.0
1.1533482535903967,0.1423506457291433
1.17285138162597,0.3239141109790703
1.0485533862406553,0.5747151222598634
1.0363431729706347,1.1129815102868492
1.0,3.800885011703372
