alpha,s
0.9596537166689015,0.0
0.9024096571951363,0.1274708229542585
0.8254896569633111,0.3099499571028584
1.0163513842383314,0.6149342648679298
0.9672217917882946,1.0490424070023934
1.0,4.012914859144644
