alpha,s
0.9821051290223592,0.0
0.9005093356151791,0.08348388272013679
0.9363577512284239,0.23078997137382778
0.9452533233535841,0.4604916883926226
1.057083445901474,0.9347980569027582
1.0,3.968779893944234
