alpha,s
26.36626740126341,0.0
6.419102710391701,0.00836734138049702
3.165166326432702,0.05138823393240775
1.6349164232790228,0.16870954743929217
1.3144056107548665,0.5513814603208447
1.0,4.270544588425384
