alpha,s
0.9655128592962439,0.0
1.154025390146611,0.07968067325545611
1.1080460213967451,0.18076751686720136
1.0069990462136955,0.35817104447075643
1.0934130408584388,0.7592876742128977
1.0,3.907721876487153
