alpha,s
0.01667760309322285,0.0
0.10900622316144276,2.23013698630137
0.1190943451090169,3.04109589041096
0.5847888214596018,3.810410958904108
0.38719117849707074,4.39452054794521
1.0,7.16986301369863
