alpha,s
1.8357262278885917,0.0
1.3854586257801038,0.03011685466030382
1.45902399612313,0.12212954200670624
0.7380869521107157,0.26028852380386236
1.6622828400170657,0.89301861974545
1.0,2.501603310665414
