alpha,s
0.4200318252970017,0.0
0.5815739619361197,0.1096988978064925
0.6273963296319777,0.2561366657121393
0.9100329075794614,0.519648894905579
1.1255064979891627,0.945422189281296
1.0,4.244835529678992
