alpha,s
0.3033025039058739,0.0
0.8169707166114003,0.14575950831929424
0.7969336575147968,0.2563868949279375
1.0357980416627717,0.46002842094947916
1.2562092009719181,0.8204652081162819
1.0,3.5012762086486866
