alpha,s
0.8696288231630296,0.0
1.081807184580946,0.09400729384927507
0.8644320602925769,0.20352951216086523
1.2096137047435909,0.44155670244086687
0.9642502125309057,0.7891687985466245
1.0,4.54621555623562
