alpha,s
1.0826648258252731,0.0
0.8618003870154319,0.10848839758782632
0.7789068897390355,0.2966757177367557
0.8317758881713061,0.6043626346736274
1.135572977204306,1.1288715498245587
1.0,4.482968249558247
