alpha,s
0.28827951796454965,0.0
0.6155643298816039,0.1304433190233006
0.6235170055231575,0.2855071547695125
0.9112802998370212,0.5661520724935574
0.831760148652421,1.0006580158208773
1.0,4.041069053634157
