alpha,s
1.8432136019374423,0.0
1.7315701568819786,0.0464559604826307
1.7445566620241844,0.1320518654581352
1.119117695362085,0.27978410627285133
1.2880633840823112,0.705472213753151
1.0,3.214587334539961
