alpha,s
0.8419598264298956,0.0
0.8718175030068452,0.04200110472957463
0.9075160374955131,0.1491145297004496
0.9109064704361886,0.36584714578351335
0.9997783725591499,0.8032135830590705
1.0,4.842408295061321
