alpha,s
0.03324136651572133,0.0
0.09980194285180857,2.012602739726026
0.25676614099117745,3.06849315068493
0.1196366914421325,3.730958904109592
0.5188661350079043,6.435068493150685
1.0,9.4986301369863
