alpha,s
1.2027649760236891,0.0
1.1938433152094525,0.04420994990948489
1.0401233889897743,0.12100996447601356
0.9417929284383313,0.2848201879747116
0.9679498036545343,0.6835018768150866
1.0,4.718705473267592
