alpha,s
2.1034510651763716,0.0
1.5645831216032418,0.0374861836575017
0.9944959066248089,0.1261723470057485
1.274725703338037,0.3582416318492281
1.1102434880253327,0.7071066491705984
1.0,4.885286964295417
