alpha,s
3.662701638291906,0.0
1.4674025933199704,0.0425448856751411
1.094904997411838,0.18184673984526065
0.8470416359226757,0.4481352763994459
1.1606660466605714,1.0448706707718367
1.0,4.405685667261735
