alpha,s
22.960516725231397,0.0
4.009193440384095,0.006053055693229242
1.9770209089906972,0.05096959448262926
1.3878946729386434,0.1889031040368742
1.0998748190483976,0.54455475175491
1.0,3.1650995022923687
