alpha,s
1.1463587111683577,0.0
1.0196169592090978,0.06925290460410434
1.055478733641678,0.18797576615751865
1.1152569625797482,0.3837439836241527
1.0531486940062025,0.7562400411400879
1.0,4.606049882984795
