alpha,s
2.112215453922195,0.0
2.4065014321896983,0.0839736583053987
1.7680917413800448,0.1790845836501493
1.3014506477521688,0.3634813045229973
1.1009118938408187,0.8130508899306618
1.0,3.619744407871695
