alpha,s
34.47048064110927,0.0
3.6298880435644065,0.00401478563665482
2.274141733944719,0.054431759213727705
1.1124968789620893,0.17612130401952855
1.4736087646899458,0.6556386790013078
1.0,4.125182163700378
