alpha,s
0.007415983186771082,0.0
0.09872658207657146,2.23013698630137
0.12391102427589862,3.04109589041096
0.5822349870725213,3.810410958904108
0.3592755275462514,4.39452054794521
1.0,7.16986301369863
