alpha,s
0.6801099752681102,0.0
1.247514113460277,0.13172458260679598
0.9478423172705334,0.24861145724589462
0.9450117206260995,0.49839091607640557
1.139042584629375,0.9678062500391637
1.0,3.2396349227523924
