alpha,s
0.9960613956619266,0.0
0.8288136345007373,0.0992729900884712
1.0644431525698077,0.28421380699360244
1.0809871859947644,0.5045661327305333
1.6471694206821694,0.9547738192076209
1.0,3.1927211686799506
