alpha,s
2.921997934813419,0.0
1.5251913655896858,0.04601481790176104
0.9511682783948897,0.16652269253821164
1.1739801020115666,0.4687483163629132
1.382950525007638,0.9123787758548995
1.0,3.2369489007909635
