alpha,s
3.8858815282273826,0.0
2.1321310891320344,0.05315830509585467
1.4603139381211856,0.17218666050968606
1.1976422578689385,0.41192826548471645
1.3965520939792988,0.9070001712736118
1.0,3.359882287983908
