alpha,s
0.29773234284392536,0.0
0.4747695254011463,0.11753218323700822
0.4881096494973088,0.3041043569312043
0.8579388346365747,0.6415060159961644
0.976154614595216,1.0347092646239302
1.0,3.9556125082015945
