alpha,s
0.027568770707986547,0.0
0.05851418818205569,1.168219178082196
0.05569910286904838,2.190136986301368
0.15711532955906135,4.198356164383564
0.41763394968687223,6.128219178082195
1.0,8.22739726027397
