alpha,s
2.3336296949143307,0.0
1.7741921395312246,0.029938504697640023
1.1085934043952517,0.10078698128026103
1.4048993753409185,0.30806324027282966
1.3373413363534374,0.6570849622484527
1.0,4.235219505134836
