alpha,s
5.574246367148545,0.0
3.1863100241454085,0.038297013535808506
1.5284549162424077,0.12259576291462956
2.011849136037352,0.362850066798445
1.7675574359014086,0.6749804749604333
1.0,3.382350380038776
