alpha,s
7.395798359097671,0.0
2.311262395688428,0.02394245128332292
1.67693785171561,0.12299052373305201
1.2232441425356164,0.3122029888277015
1.3338432629203156,0.765711365046892
1.0,2.67016696223194
