alpha,s
0.006766364214849506,0.0
0.04054851992256212,2.04876712328767
0.05364012739171811,3.20547945205479
0.150343559411538,4.4953424657534224
0.34344869831756847,6.144657534246575
1.0,9.4986301369863
