alpha,s
0.29582362353976505,0.0
0.5033753850055197,0.11094930722766742
0.68474825486424,0.2644127450324497
0.7751381203327049,0.503246345121794
0.9999553893688864,0.9940499174908546
1.0,3.907601464720064
