alpha,s
0.253060353630421,0.0
0.5333756359260936,0.14814671198850815
0.8613235355860344,0.3021487506560018
0.6701618787576735,0.48006717449994935
0.9703154004069041,1.0022033788169795
1.0,3.6577304623375873
