alpha,s
3.4546375383730155,0.0
1.504944240175452,0.0336734260874784
1.4052853232263043,0.1447664888669593
1.3827626894129956,0.32867282555432453
1.2732003322874428,0.6984720104773955
1.0,3.804232756541087
