alpha,s
0.9785507818599889,0.0
0.9341551177615323,0.11194185564752455
0.9995995422372713,0.2781082996550901
1.075758878667835,0.5144707204263538
0.9803320839848112,0.918369687243023
1.0,5.454289119977178
