alpha,s
0.3272452787819551,0.0
0.4812992105517481,0.09533651742151561
0.6513537362242702,0.24958965267349015
1.0322458454729406,0.48336368336655
0.9461605473894689,0.8340263638096698
1.0,3.748190172557414
