alpha,s
0.8901328947325837,0.0
0.8952235888724718,0.07063049381889763
0.9124827906268983,0.20479534790293033
0.8837913065779145,0.4344317542776796
0.8514887225151199,0.8980426441447522
1.0,3.041688812201836
