alpha,s
1.51460931294543,0.0
1.1527119542425621,0.039012735577744116
0.9030846032625425,0.13406676169635853
0.8427572385272204,0.3454097056781131
0.8659820061090203,0.793779836987029
1.0,3.832225631423594
