alpha,s
0.9188209136189334,0.0
0.7827383076335216,0.21773099515857763
1.0443120102605676,0.5387464290427577
1.087396193979191,0.8860391654933388
1.5464694639771452,1.4401122555624606
1.0,3.935263872505359
