alpha,s
0.2542510688162291,0.0
0.4280304940832883,0.09982503830980412
0.5049131226298348,0.22807939178141434
0.5962918669485439,0.46431660643671263
0.9872477619968681,0.9495714029495199
1.0,3.8659266001694745
