alpha,s
0.023940478517168903,0.0
0.10485625050552552,1.974794520547942
0.13898479437546574,3.01095890410959
0.14790569425889222,3.7594520547945223
0.3723503832996777,6.066849315068491
1.0,9.4986301369863
