alpha,s
0.860590432278274,0.0
1.1493870951959424,0.22602263880443457
1.0341614372711159,0.449999065911436
0.8537205028935136,0.7778430901310326
1.2838217011980528,1.500760803934806
1.0,4.452988546842846
