alpha,s
0.7220467295877749,0.0
1.1961254646566812,0.07383272393644527
1.199995640452969,0.17887372318590655
1.2281360334923639,0.35613383089429834
1.3584079118881436,0.7419045834522912
1.0,2.1039556473594985
