alpha,s
0.9201921154491808,0.0
1.1886963333486997,0.1299344920218813
1.0819464054675272,0.2681179240874358
1.2418806443958688,0.5024234963780718
1.2330428233198514,0.8860256592410599
1.0,4.26312684293529
