alpha,s
1.1573602614447442,0.0
1.0538986659879734,0.09664729297592001
1.249436663578534,0.24033053339083596
0.9016952749144259,0.4264579736636532
0.9242494774436503,0.943463048560005
1.0,4.000835111493982
