alpha,s
1.0791755689806546,0.0
0.9591416826496681,0.11587555913246812
0.8915280170843779,0.29508592690621505
0.8024502001117784,0.589686963134972
1.1964058714292745,1.1984565013658173
1.0,4.46751307304908
