alpha,s
3.801450250952991,0.0
2.702783039640916,0.0458459636681344
1.8127877960346457,0.1266742617922271
1.011430655565754,0.3006611312310466
0.9543526029677513,0.8024105614199418
1.0,4.033797197950581
