alpha,s
1.1980308197922112,0.0
1.1704619313061524,0.11358942559850987
1.1444738202381999,0.269957186652723
1.2144511115539265,0.5081617771927535
1.1980372499780685,0.9116776096175893
1.0,3.691821208621694
