alpha,s
0.0025087483608993736,0.0
0.027051297603069426,2.140821917808216
0.05141697808238138,3.0969863013698617
0.07498544354357016,4.281643835616439
0.4443024470602281,6.277260273972606
1.0,9.4986301369863
