alpha,s
6.404482284519592,0.0
2.2386503216854785,0.0277229143108308
2.2136927681788934,0.127149703526711
1.3514983192215242,0.26831262160835473
0.8876011008599863,0.6617200367902412
1.0,3.242898068881197
