alpha,s
0.2617962764770307,0.0
0.5674715377408642,0.1187646885479542
0.5659664321991584,0.25309470273903384
0.8879174436519679,0.5239067787143987
1.020025698313533,0.9586206352691092
1.0,4.826991628370492
