alpha,s
0.0069500852057148435,0.0
0.07400558457589729,1.974794520547942
0.11368587254612748,3.01095890410959
0.10969403485069544,3.7594520547945223
0.2755875157257693,6.066849315068491
1.0,9.4986301369863
