alpha,s
1.4231295508151416,0.0
1.1905738693209336,0.09779964114006162
1.075305475086759,0.25535868709402687
0.8596005958815125,0.5143307546341739
0.9346073398080332,1.1221889023232725
1.0,3.2254069194262667
