alpha,s
1.2110524924052979,0.0
0.9742048408335695,0.039775760662727665
1.2701855689745578,0.13319664955966
0.724774018508036,0.27470226792105623
0.8149468203883202,0.7590852757275791
1.0,3.461809903397085
