alpha,s
1.452370088578009,0.0
1.2132214674083257,0.04403580410625446
0.9949785632208672,0.13745869046954692
0.948657889240534,0.3502846559138603
1.0788172315968243,0.7905112101179087
1.0,3.8531198453115
