alpha,s
0.00036369699249389544,0.0
0.0005956937184341608,1.3041095890411
0.010839472548711667,3.793424657534246
0.02240212483516295,4.810410958904111
0.13130389189727984,6.806575342465755
1.0,9.4986301369863
