alpha,s
1.2773283860042897,0.0
0.9692022072185917,0.05360889881880571
0.9147745328381828,0.18382855715050417
0.7707221937833859,0.4102339006404755
0.9122388379216728,0.9361081113040453
1.0,3.294117950676512
