alpha,s
1.130558485891181,0.0
1.1092181144345876,0.0741271851974898
1.4059234587471994,0.188107788812442
0.960515374221881,0.3363095445381798
0.9111457904431071,0.773635516030781
1.0,4.472349868987672
