alpha,s
0.3878046221921151,0.0
0.5114802460441716,0.09383780493186472
0.4857160504164032,0.25925306970020995
0.6665431134392484,0.5750773628365429
0.981659409663203,1.0680589903802284
1.0,3.7022238567374313
