alpha,s
1.031179629155844,0.0
1.0246684502345742,0.12684169093544492
1.0701134914547392,0.2994145630300278
0.9797288209628704,0.5495079418674932
1.2076393665442604,1.0591910465994763
1.0,3.781513554772273
