alpha,s
0.8056116496483459,0.0
0.7731418937224556,0.054500112064492304
0.7438727119810717,0.15621274440579963
0.719655236508229,0.33501757257816395
0.6930581228437077,0.7975628009114617
1.0,4.010132177800701
