alpha,s
0.38344993492141244,0.0
0.7408426537101258,0.12744333028324184
0.7252413094856182,0.25576562875364045
0.8346169392035918,0.5053384831260623
1.0406288788998925,0.9667526555651349
1.0,3.6481968958717057
