alpha,s
0.04436936962235499,0.0
0.22897870183237412,1.96712328767123
0.10083855114343337,2.36438356164384
0.3015897111003386,3.815342465753422
0.37477477146208804,5.119999999999996
1.0,9.4986301369863
