alpha,s
1.0154988256012718,0.0
1.0733435798931115,0.19926944426333384
1.0519030201339272,0.4447893517189665
1.3195539610601787,0.7801496030289127
1.0322112608368672,1.2700790575682166
1.0,4.479777174182629
