alpha,s
1.202882389357657,0.0
1.0812367945315913,0.1020561496282674
0.9679142485519963,0.2551989332818743
0.8265496847081412,0.5158412711036418
1.4745545434362415,1.0767952174611866
1.0,3.9183901170574114
