alpha,s
0.9341497232307721,0.0
1.6026871804287965,0.13574254611426376
0.8698952900155924,0.2414207229396302
1.0234022870863404,0.5292118283155404
1.2094649127800547,0.9798605267782682
1.0,3.6953952540070754
